run_id,image,criterion,n,seed,variant,donor,p_ls,objective,optimal_objective,relative_gap,success,runtime,generations,accepted,LS_calls,LS_sweeps,LS_moves,LS_probes,final_diversity_l2,final_diversity_coord
0,Cameraman,mcet,6,0,rand/1 p=0,rand,0.0,-172807181.57547748,-172807242.558218,3.5289458716341796e-07,0,0.0710450000478886,60,458,0,0,0,0,0.0,0.0
1,Cameraman,mcet,6,1,rand/1 p=0,rand,0.0,-172807231.94330633,-172807242.558218,6.142631245259914e-08,0,0.07011519983643666,60,392,0,0,0,0,0.8882043857617818,0.3106361906886322
2,Cameraman,mcet,6,2,rand/1 p=0,rand,0.0,-172807231.94330633,-172807242.558218,6.142631245259914e-08,0,0.07005560025572777,60,321,0,0,0,0,0.9617555174567975,0.40264622524500626
3,Cameraman,mcet,6,3,rand/1 p=0,rand,0.0,-172807181.57547748,-172807242.558218,3.5289458716341796e-07,0,0.06829499977175146,60,336,0,0,0,0,1.2091929276180697,0.4162628725293735
4,Cameraman,mcet,6,4,rand/1 p=0,rand,0.0,-172807231.94330633,-172807242.558218,6.142631245259914e-08,0,0.06876680004643276,60,506,0,0,0,0,0.0,0.0
5,Cameraman,mcet,6,5,rand/1 p=0,rand,0.0,-172807192.19038913,-172807242.558218,2.9146827488327875e-07,0,0.06925470056012273,60,435,0,0,0,0,0.0,0.0
6,Cameraman,mcet,6,6,rand/1 p=0,rand,0.0,-172807231.94330633,-172807242.558218,6.142631245259914e-08,0,0.06828459998359904,60,380,0,0,0,0,0.604401661355369,0.18333333333333335
7,Cameraman,mcet,6,7,rand/1 p=0,rand,0.0,-172806861.29418433,-172807242.558218,2.2062966113630778e-06,0,0.07151899969903752,60,585,0,0,0,0,0.0,0.0
8,Cameraman,mcet,6,8,rand/1 p=0,rand,0.0,-172807242.558218,-172807242.558218,0.0,1,0.06987670011585578,60,366,0,0,0,0,0.8397954655793931,0.32418418548648403
9,Cameraman,mcet,6,9,rand/1 p=0,rand,0.0,-172807194.78917617,-172807242.558218,2.764296283482943e-07,0,0.06921530014369637,60,339,0,0,0,0,1.5071236977662914,0.6158038930574814
10,Cameraman,mcet,6,0,rand/1 p=0.05,rand,0.05,-172807242.558218,-172807242.558218,0.0,1,0.13887610007077456,60,638,30,55,108,22701,0.0,0.0
11,Cameraman,mcet,6,1,rand/1 p=0.05,rand,0.05,-172807242.558218,-172807242.558218,0.0,1,0.12922460003755987,60,480,20,46,119,19492,0.0,0.0
12,Cameraman,mcet,6,2,rand/1 p=0.05,rand,0.05,-172807242.558218,-172807242.558218,0.0,1,0.1353216995485127,60,478,25,52,111,21516,0.0,0.0
13,Cameraman,mcet,6,3,rand/1 p=0.05,rand,0.05,-172807242.558218,-172807242.558218,0.0,1,0.1202902999939397,60,508,21,40,83,16419,0.0,0.0
14,Cameraman,mcet,6,4,rand/1 p=0.05,rand,0.05,-172807242.558218,-172807242.558218,0.0,1,0.13228519959375262,60,494,22,49,126,20675,0.0,0.0
15,Cameraman,mcet,6,5,rand/1 p=0.05,rand,0.05,-172807242.558218,-172807242.558218,0.0,1,0.1538832001388073,60,589,32,65,160,27259,0.0,0.0
16,Cameraman,mcet,6,6,rand/1 p=0.05,rand,0.05,-172807242.558218,-172807242.558218,0.0,1,0.15066739998292178,60,502,29,62,139,25945,0.0,0.0
17,Cameraman,mcet,6,7,rand/1 p=0.05,rand,0.05,-172807242.558218,-172807242.558218,0.0,1,0.15510110004106537,60,662,30,67,161,28567,0.0,0.0
18,Cameraman,mcet,6,8,rand/1 p=0.05,rand,0.05,-172807242.558218,-172807242.558218,0.0,1,0.13189479982247576,60,516,22,51,130,21013,0.0,0.0
19,Cameraman,mcet,6,9,rand/1 p=0.05,rand,0.05,-172807242.558218,-172807242.558218,0.0,1,0.14876879984512925,60,394,25,66,184,26953,0.0,0.0
20,Cameraman,mcet,6,0,rand/1 p=0.10,rand,0.1,-172807242.558218,-172807242.558218,0.0,1,0.22271110001020133,60,797,76,123,192,50566,0.0,0.0
21,Cameraman,mcet,6,1,rand/1 p=0.10,rand,0.1,-172807242.558218,-172807242.558218,0.0,1,0.23048350017052144,60,581,65,129,321,53909,0.0,0.0
22,Cameraman,mcet,6,2,rand/1 p=0.10,rand,0.1,-172807242.558218,-172807242.558218,0.0,1,0.22907979995943606,60,730,87,127,201,52562,0.0,0.0
23,Cameraman,mcet,6,3,rand/1 p=0.10,rand,0.1,-172807242.558218,-172807242.558218,0.0,1,0.2221987000084482,60,720,69,120,247,49530,0.0,0.0
24,Cameraman,mcet,6,4,rand/1 p=0.10,rand,0.1,-172807242.558218,-172807242.558218,0.0,1,0.21364540001377463,60,661,69,113,232,47344,0.0,0.0
25,Cameraman,mcet,6,5,rand/1 p=0.10,rand,0.1,-172807242.558218,-172807242.558218,0.0,1,0.23159419995499775,60,658,75,130,241,54009,0.0,0.0
26,Cameraman,mcet,6,6,rand/1 p=0.10,rand,0.1,-172807242.558218,-172807242.558218,0.0,1,0.1867013000883162,60,636,51,93,194,39392,0.0,0.0
27,Cameraman,mcet,6,7,rand/1 p=0.10,rand,0.1,-172807242.558218,-172807242.558218,0.0,1,0.2501845002407208,60,731,81,142,299,59733,0.0,0.0
28,Cameraman,mcet,6,8,rand/1 p=0.10,rand,0.1,-172807242.558218,-172807242.558218,0.0,1,0.22730640030931681,60,732,81,126,242,51931,0.0,0.0
29,Cameraman,mcet,6,9,rand/1 p=0.10,rand,0.1,-172807242.558218,-172807242.558218,0.0,1,0.19543009978951886,60,627,62,100,156,40933,0.0,0.0
30,Cameraman,mcet,6,0,rand/1 p=0.15,rand,0.15,-172807242.558218,-172807242.558218,0.0,1,0.276734399900306,60,739,116,163,208,67527,0.0,0.0
31,Cameraman,mcet,6,1,rand/1 p=0.15,rand,0.15,-172807242.558218,-172807242.558218,0.0,1,0.4329741001711227,60,833,144,216,326,90597,0.0,0.0
32,Cameraman,mcet,6,2,rand/1 p=0.15,rand,0.15,-172807242.558218,-172807242.558218,0.0,1,0.31643170036841184,60,767,129,183,249,75446,0.0,0.0
33,Cameraman,mcet,6,3,rand/1 p=0.15,rand,0.15,-172807242.558218,-172807242.558218,0.0,1,0.29997389967320487,60,715,117,177,247,72988,0.0,0.0
34,Cameraman,mcet,6,4,rand/1 p=0.15,rand,0.15,-172807242.558218,-172807242.558218,0.0,1,0.3590509000932798,60,875,134,187,276,77667,0.0,0.0
35,Cameraman,mcet,6,5,rand/1 p=0.15,rand,0.15,-172807242.558218,-172807242.558218,0.0,1,0.34680420020595193,60,772,104,171,302,71204,0.0,0.0
36,Cameraman,mcet,6,6,rand/1 p=0.15,rand,0.15,-172807242.558218,-172807242.558218,0.0,1,0.46421910013305023,60,848,132,205,339,86191,0.0,0.0
37,Cameraman,mcet,6,7,rand/1 p=0.15,rand,0.15,-172807242.558218,-172807242.558218,0.0,1,0.34098969970364124,60,804,133,195,296,81603,0.0,0.0
38,Cameraman,mcet,6,8,rand/1 p=0.15,rand,0.15,-172807242.558218,-172807242.558218,0.0,1,0.31546689983224496,60,754,128,185,271,76092,0.0,0.0
39,Cameraman,mcet,6,9,rand/1 p=0.15,rand,0.15,-172807242.558218,-172807242.558218,0.0,1,0.30636109987972304,60,806,130,186,290,76599,0.0,0.0
40,Cameraman,mcet,6,0,rand/1 p=0.25,rand,0.25,-172807242.558218,-172807242.558218,0.0,1,0.5379443996935152,60,819,233,307,357,126971,0.0,0.0
41,Cameraman,mcet,6,1,rand/1 p=0.25,rand,0.25,-172807242.558218,-172807242.558218,0.0,1,0.4471648999606259,60,838,189,262,336,109488,0.0,0.0
42,Cameraman,mcet,6,2,rand/1 p=0.25,rand,0.25,-172807242.558218,-172807242.558218,0.0,1,0.4157040996942669,60,855,210,273,298,112576,0.0,0.0
43,Cameraman,mcet,6,3,rand/1 p=0.25,rand,0.25,-172807242.558218,-172807242.558218,0.0,1,0.4567860999959521,60,893,223,296,370,122792,0.0,0.0
44,Cameraman,mcet,6,4,rand/1 p=0.25,rand,0.25,-172807242.558218,-172807242.558218,0.0,1,0.48622920032357797,60,807,207,272,332,112794,0.0,0.0
45,Cameraman,mcet,6,5,rand/1 p=0.25,rand,0.25,-172807242.558218,-172807242.558218,0.0,1,0.4741862000664696,60,889,228,313,437,130056,0.0,0.0
46,Cameraman,mcet,6,6,rand/1 p=0.25,rand,0.25,-172807242.558218,-172807242.558218,0.0,1,0.4192461002385244,60,861,205,269,311,111880,0.0,0.0
47,Cameraman,mcet,6,7,rand/1 p=0.25,rand,0.25,-172807242.558218,-172807242.558218,0.0,1,0.442808999621775,60,842,206,281,358,117227,0.0,0.0
48,Cameraman,mcet,6,8,rand/1 p=0.25,rand,0.25,-172807242.558218,-172807242.558218,0.0,1,0.49818980030249804,60,946,238,315,370,129868,0.0,0.0
49,Cameraman,mcet,6,9,rand/1 p=0.25,rand,0.25,-172807242.558218,-172807242.558218,0.0,1,0.462276799895335,60,842,240,312,346,128414,0.0,0.0
50,Cameraman,mcet,6,0,rand/1 p=0.50,rand,0.5,-172807242.558218,-172807242.558218,0.0,1,0.8255521998507902,60,998,513,606,443,250277,0.0,0.0
51,Cameraman,mcet,6,1,rand/1 p=0.50,rand,0.5,-172807242.558218,-172807242.558218,0.0,1,0.765297599893529,60,947,463,558,463,231843,0.0,0.0
52,Cameraman,mcet,6,2,rand/1 p=0.50,rand,0.5,-172807242.558218,-172807242.558218,0.0,1,0.7715171000454575,60,912,468,568,484,233828,0.0,0.0
53,Cameraman,mcet,6,3,rand/1 p=0.50,rand,0.5,-172807242.558218,-172807242.558218,0.0,1,0.7702933001564816,60,932,456,565,561,234778,0.0,0.0
54,Cameraman,mcet,6,4,rand/1 p=0.50,rand,0.5,-172807242.558218,-172807242.558218,0.0,1,0.6830326000927016,60,868,417,496,371,204732,0.0,0.0
55,Cameraman,mcet,6,5,rand/1 p=0.50,rand,0.5,-172807242.558218,-172807242.558218,0.0,1,0.8041510001639836,60,978,489,596,507,246656,0.0,0.0
56,Cameraman,mcet,6,6,rand/1 p=0.50,rand,0.5,-172807242.558218,-172807242.558218,0.0,1,0.7826307998620905,60,924,477,580,500,240616,0.0,0.0
57,Cameraman,mcet,6,7,rand/1 p=0.50,rand,0.5,-172807242.558218,-172807242.558218,0.0,1,0.6872731000185013,60,828,409,499,435,206845,0.0,0.0
58,Cameraman,mcet,6,8,rand/1 p=0.50,rand,0.5,-172807242.558218,-172807242.558218,0.0,1,0.7587339998572133,60,944,477,557,399,228992,0.0,0.0
59,Cameraman,mcet,6,9,rand/1 p=0.50,rand,0.5,-172807242.558218,-172807242.558218,0.0,1,0.7841775996494107,60,943,462,562,528,233143,0.0,0.0
60,Cameraman,mcet,6,0,rand/1 p=1.00,rand,1.0,-172807242.558218,-172807242.558218,0.0,1,1.4508079000515863,60,1006,1006,1122,593,462859,0.0,0.0
61,Cameraman,mcet,6,1,rand/1 p=1.00,rand,1.0,-172807242.558218,-172807242.558218,0.0,1,1.3991807001293637,60,966,966,1083,524,446900,0.0,0.0
62,Cameraman,mcet,6,2,rand/1 p=1.00,rand,1.0,-172807242.558218,-172807242.558218,0.0,1,1.4139442001469433,60,965,965,1088,600,448297,0.0,0.0
63,Cameraman,mcet,6,3,rand/1 p=1.00,rand,1.0,-172807242.558218,-172807242.558218,0.0,1,1.4939909999375232,60,1045,1045,1152,554,473921,0.0,0.0
64,Cameraman,mcet,6,4,rand/1 p=1.00,rand,1.0,-172807242.558218,-172807242.558218,0.0,1,1.437852400005795,60,996,996,1103,532,454595,0.0,0.0
65,Cameraman,mcet,6,5,rand/1 p=1.00,rand,1.0,-172807242.558218,-172807242.558218,0.0,1,1.4431528000277467,60,984,984,1090,527,449153,0.0,0.0
66,Cameraman,mcet,6,6,rand/1 p=1.00,rand,1.0,-172807215.7031176,-172807242.558218,1.5540494712915707e-07,0,1.4253254000796005,60,985,985,1097,554,454086,0.0,0.0
67,Cameraman,mcet,6,7,rand/1 p=1.00,rand,1.0,-172807242.558218,-172807242.558218,0.0,1,1.412330300139729,60,968,968,1092,583,450337,0.0,0.0
68,Cameraman,mcet,6,8,rand/1 p=1.00,rand,1.0,-172807242.558218,-172807242.558218,0.0,1,1.4304689001874067,60,1006,1006,1113,566,459205,0.0,0.0
69,Cameraman,mcet,6,9,rand/1 p=1.00,rand,1.0,-172807242.558218,-172807242.558218,0.0,1,1.3880028997082263,60,960,960,1080,569,444947,0.0,0.0
70,Cameraman,mcet,7,0,rand/1 p=0,rand,0.0,-172819793.0676353,-172823085.43381336,1.9050499936401304e-05,0,0.07128970039775595,60,391,0,0,0,0,1.5671787421154864,0.502758052289755
71,Cameraman,mcet,7,1,rand/1 p=0,rand,0.0,-172820177.46843958,-172823085.43381336,1.6826255395712033e-05,0,0.0704532001982443,60,363,0,0,0,0,1.8006988408804117,0.5935185157954709
72,Cameraman,mcet,7,2,rand/1 p=0,rand,0.0,-172820268.12749058,-172823085.43381336,1.6301678191379037e-05,0,0.07145899976603687,60,328,0,0,0,0,1.1383718519532782,0.3353281034369152
73,Cameraman,mcet,7,3,rand/1 p=0,rand,0.0,-172820353.6525737,-172823085.43381336,1.5806807480617477e-05,0,0.07076040003448725,60,240,0,0,0,0,17.121851030564756,5.549353220243582
74,Cameraman,mcet,7,4,rand/1 p=0,rand,0.0,-172820223.5086307,-172823085.43381336,1.65598546946808e-05,0,0.07278879988007247,60,382,0,0,0,0,0.7245135227007923,0.267879186209596
75,Cameraman,mcet,7,5,rand/1 p=0,rand,0.0,-172820218.9665669,-172823085.43381336,1.6586136275009486e-05,0,0.07133399992017075,60,324,0,0,0,0,1.3170468027706854,0.39874008034767927
76,Cameraman,mcet,7,6,rand/1 p=0,rand,0.0,-172819985.42897987,-172823085.43381336,1.79374464106352e-05,0,0.0724178000818938,60,415,0,0,0,0,1.6338676520780724,0.49228029582254107
77,Cameraman,mcet,7,7,rand/1 p=0,rand,0.0,-172822394.48378068,-172823085.43381336,3.998019309439087e-06,0,0.0709488996071741,60,365,0,0,0,0,1.1171713845181401,0.37012077514086866
78,Cameraman,mcet,7,8,rand/1 p=0,rand,0.0,-172821619.01869145,-172823085.43381336,8.485065049220836e-06,0,0.07125959993572906,60,276,0,0,0,0,3.5076568338935425,1.2181912580554108
79,Cameraman,mcet,7,9,rand/1 p=0,rand,0.0,-172822823.9575591,-172823085.43381336,1.5129706404571627e-06,0,0.07219029986299574,60,316,0,0,0,0,2.214592429753682,0.7172493062160344
80,Cameraman,mcet,7,0,rand/1 p=0.05,rand,0.05,-172820288.4459568,-172823085.43381336,1.618411018149585e-05,0,0.13751040014903992,60,505,26,51,123,22209,0.0,0.0
81,Cameraman,mcet,7,1,rand/1 p=0.05,rand,0.05,-172823085.43381336,-172823085.43381336,0.0,1,0.166695500316564,60,316,21,73,255,31122,1.1388471638616502,0.3531782880209789
82,Cameraman,mcet,7,2,rand/1 p=0.05,rand,0.05,-172822916.97408858,-172823085.43381336,9.74752443292149e-07,0,0.11771129991393536,60,295,9,36,128,15051,2.7062667850834847,0.9624380815511137
83,Cameraman,mcet,7,3,rand/1 p=0.05,rand,0.05,-172823085.43381336,-172823085.43381336,0.0,1,0.13779129972681403,60,305,15,52,200,22311,1.112953650622425,0.27809634069137684
84,Cameraman,mcet,7,4,rand/1 p=0.05,rand,0.05,-172823085.43381336,-172823085.43381336,0.0,1,0.13519440038362518,60,308,17,48,136,20158,0.7946910491252466,0.2543467377474159
85,Cameraman,mcet,7,5,rand/1 p=0.05,rand,0.05,-172823076.9673018,-172823085.43381336,4.8989471262565964e-08,0,0.13236350007355213,60,397,15,42,119,17657,0.0,0.0
86,Cameraman,mcet,7,6,rand/1 p=0.05,rand,0.05,-172821402.0349788,-172823085.43381336,9.74059009727053e-06,0,0.16843630000948906,60,366,18,67,202,28950,0.6399999999999906,0.22857142857142856
87,Cameraman,mcet,7,7,rand/1 p=0.05,rand,0.05,-172823076.9673018,-172823085.43381336,4.8989471262565964e-08,0,0.15981930022826418,60,332,20,65,211,27449,0.8206618108113635,0.23910650823732751
88,Cameraman,mcet,7,8,rand/1 p=0.05,rand,0.05,-172823076.69262776,-172823085.43381336,5.057880770722388e-08,0,0.1474796004476957,60,502,26,58,147,23817,0.0,0.0
89,Cameraman,mcet,7,9,rand/1 p=0.05,rand,0.05,-172822884.69912702,-172823085.43381336,1.1615038919192195e-06,0,0.15897169982781634,60,436,24,68,164,28398,0.0,0.0
90,Cameraman,mcet,7,0,rand/1 p=0.10,rand,0.1,-172823085.43381336,-172823085.43381336,0.0,1,0.19533339992631227,60,316,31,95,344,40388,0.23270152556440088,0.12453996981544782
91,Cameraman,mcet,7,1,rand/1 p=0.10,rand,0.1,-172823085.43381336,-172823085.43381336,0.0,1,0.1923858997761272,60,319,32,94,277,39443,0.343624832807894,0.14213064969792952
92,Cameraman,mcet,7,2,rand/1 p=0.10,rand,0.1,-172823085.43381336,-172823085.43381336,0.0,1,0.19351380033185706,60,390,42,95,254,39857,0.0,0.0
93,Cameraman,mcet,7,3,rand/1 p=0.10,rand,0.1,-172823085.43381336,-172823085.43381336,0.0,1,0.2183005998376757,60,400,43,113,421,48492,0.0,0.0
94,Cameraman,mcet,7,4,rand/1 p=0.10,rand,0.1,-172821402.0349788,-172823085.43381336,9.74059009727053e-06,0,0.18539750017225742,60,320,29,88,219,37346,0.17999999999999544,0.042857142857142864
95,Cameraman,mcet,7,5,rand/1 p=0.10,rand,0.1,-172823085.43381336,-172823085.43381336,0.0,1,0.18190189980668947,60,372,32,88,261,36595,0.0,0.0
96,Cameraman,mcet,7,6,rand/1 p=0.10,rand,0.1,-172820288.4459568,-172823085.43381336,1.618411018149585e-05,0,0.22415459988405928,60,624,62,117,274,51447,0.0,0.0
97,Cameraman,mcet,7,7,rand/1 p=0.10,rand,0.1,-172823076.9673018,-172823085.43381336,4.8989471262565964e-08,0,0.21921399974962696,60,361,35,118,362,49566,1.7795732820428019,0.6279325464188096
98,Cameraman,mcet,7,8,rand/1 p=0.10,rand,0.1,-172823076.9673018,-172823085.43381336,4.8989471262565964e-08,0,0.15573750011390075,60,436,34,66,159,27605,0.0,0.0
99,Cameraman,mcet,7,9,rand/1 p=0.10,rand,0.1,-172823076.69262776,-172823085.43381336,5.057880770722388e-08,0,0.23782590014161542,60,706,87,132,198,54748,0.0,0.0
100,Cameraman,mcet,7,0,rand/1 p=0.15,rand,0.15,-172823085.43381336,-172823085.43381336,0.0,1,0.21111999970162287,60,339,42,107,345,45387,0.13435028842544947,0.0622699849077239
101,Cameraman,mcet,7,1,rand/1 p=0.15,rand,0.15,-172823085.43381336,-172823085.43381336,0.0,1,0.23429779993603006,60,477,68,128,301,53236,0.0,0.0
102,Cameraman,mcet,7,2,rand/1 p=0.15,rand,0.15,-172823085.43381336,-172823085.43381336,0.0,1,0.27745859988499433,60,568,91,162,330,67259,0.0,0.0
103,Cameraman,mcet,7,3,rand/1 p=0.15,rand,0.15,-172823085.43381336,-172823085.43381336,0.0,1,0.24219000001903623,60,447,56,132,397,56243,0.0,0.0
104,Cameraman,mcet,7,4,rand/1 p=0.15,rand,0.15,-172823085.43381336,-172823085.43381336,0.0,1,0.2764893002458848,60,342,56,159,417,67115,0.7558685709436815,0.2171228921879342
105,Cameraman,mcet,7,5,rand/1 p=0.15,rand,0.15,-172823076.69262776,-172823085.43381336,5.057880770722388e-08,0,0.2338184003601782,60,405,56,127,339,53359,0.0,0.0
106,Cameraman,mcet,7,6,rand/1 p=0.15,rand,0.15,-172820288.4459568,-172823085.43381336,1.618411018149585e-05,0,0.3111540001700632,60,888,136,180,212,78429,0.0,0.0
107,Cameraman,mcet,7,7,rand/1 p=0.15,rand,0.15,-172823085.43381336,-172823085.43381336,0.0,1,0.22126710013253614,60,430,59,116,292,48977,0.0,0.0
108,Cameraman,mcet,7,8,rand/1 p=0.15,rand,0.15,-172823085.43381336,-172823085.43381336,0.0,1,0.2744430002057925,60,521,87,162,378,67657,0.0,0.0
109,Cameraman,mcet,7,9,rand/1 p=0.15,rand,0.15,-172823085.43381336,-172823085.43381336,0.0,1,0.24979780003195629,60,451,75,140,332,58443,0.0,0.0
110,Cameraman,mcet,7,0,rand/1 p=0.25,rand,0.25,-172823085.43381336,-172823085.43381336,0.0,1,0.3817012996878475,60,606,154,242,406,100957,0.0,0.0
111,Cameraman,mcet,7,1,rand/1 p=0.25,rand,0.25,-172823085.43381336,-172823085.43381336,0.0,1,0.30635319981956854,60,498,121,186,333,77690,0.0,0.0
112,Cameraman,mcet,7,2,rand/1 p=0.25,rand,0.25,-172823085.43381336,-172823085.43381336,0.0,1,0.3679042002186179,60,577,154,234,409,97884,0.0,0.0
113,Cameraman,mcet,7,3,rand/1 p=0.25,rand,0.25,-172823085.43381336,-172823085.43381336,0.0,1,0.3293709000572562,60,534,124,202,362,84881,0.0,0.0
114,Cameraman,mcet,7,4,rand/1 p=0.25,rand,0.25,-172823085.43381336,-172823085.43381336,0.0,1,0.4288494001957588,60,697,199,280,409,117341,0.0,0.0
115,Cameraman,mcet,7,5,rand/1 p=0.25,rand,0.25,-172823085.43381336,-172823085.43381336,0.0,1,0.3702405001386069,60,646,151,235,404,98163,0.0,0.0
116,Cameraman,mcet,7,6,rand/1 p=0.25,rand,0.25,-172820273.87645954,-172823085.43381336,1.626841313917595e-05,0,0.48138250020565465,60,862,225,308,417,134056,0.0,0.0
117,Cameraman,mcet,7,7,rand/1 p=0.25,rand,0.25,-172823085.43381336,-172823085.43381336,0.0,1,0.4413475996116176,60,614,165,279,504,116424,0.0,0.0
118,Cameraman,mcet,7,8,rand/1 p=0.25,rand,0.25,-172823085.43381336,-172823085.43381336,0.0,1,0.31018409988610074,60,525,110,184,343,77034,0.0,0.0
119,Cameraman,mcet,7,9,rand/1 p=0.25,rand,0.25,-172823076.9673018,-172823085.43381336,4.8989471262565964e-08,0,0.3642852000775747,60,644,151,229,417,95780,0.0,0.0
120,Cameraman,mcet,7,0,rand/1 p=0.50,rand,0.5,-172823085.43381336,-172823085.43381336,0.0,1,0.6535749000031501,60,637,339,459,628,191646,0.0,0.0
121,Cameraman,mcet,7,1,rand/1 p=0.50,rand,0.5,-172823085.43381336,-172823085.43381336,0.0,1,0.5884047001018189,60,587,289,408,581,169601,0.0,0.0
122,Cameraman,mcet,7,2,rand/1 p=0.50,rand,0.5,-172823085.43381336,-172823085.43381336,0.0,1,0.6769794000429101,60,659,341,485,680,201967,0.0,0.0
123,Cameraman,mcet,7,3,rand/1 p=0.50,rand,0.5,-172823085.43381336,-172823085.43381336,0.0,1,0.6004663999774493,60,659,317,427,510,177115,0.0,0.0
124,Cameraman,mcet,7,4,rand/1 p=0.50,rand,0.5,-172823085.43381336,-172823085.43381336,0.0,1,0.6786590003757738,60,628,314,483,714,202789,0.0,0.0
125,Cameraman,mcet,7,5,rand/1 p=0.50,rand,0.5,-172823085.43381336,-172823085.43381336,0.0,1,0.6977411000407301,60,798,385,495,547,205756,0.0,0.0
126,Cameraman,mcet,7,6,rand/1 p=0.50,rand,0.5,-172820288.4459568,-172823085.43381336,1.618411018149585e-05,0,0.8153911998961121,60,933,483,572,465,248445,0.0,0.0
127,Cameraman,mcet,7,7,rand/1 p=0.50,rand,0.5,-172823085.43381336,-172823085.43381336,0.0,1,0.7172889999346808,60,721,384,518,708,216424,0.0,0.0
128,Cameraman,mcet,7,8,rand/1 p=0.50,rand,0.5,-172823085.43381336,-172823085.43381336,0.0,1,0.6074757000315003,60,596,305,425,566,177812,0.0,0.0
129,Cameraman,mcet,7,9,rand/1 p=0.50,rand,0.5,-172823076.9673018,-172823085.43381336,4.8989471262565964e-08,0,0.6704176998464391,60,687,352,476,606,198148,0.0,0.0
130,Cameraman,mcet,7,0,rand/1 p=1.00,rand,1.0,-172823085.43381336,-172823085.43381336,0.0,1,1.3627005004091188,60,860,860,1014,757,422125,0.0,0.0
131,Cameraman,mcet,7,1,rand/1 p=1.00,rand,1.0,-172823076.9673018,-172823085.43381336,4.8989471262565964e-08,0,1.250412299996242,60,796,796,948,771,393904,0.0,0.0
132,Cameraman,mcet,7,2,rand/1 p=1.00,rand,1.0,-172823085.43381336,-172823085.43381336,0.0,1,1.2299371002009138,60,796,796,938,646,388645,0.0,0.0
133,Cameraman,mcet,7,3,rand/1 p=1.00,rand,1.0,-172823076.9673018,-172823085.43381336,4.8989471262565964e-08,0,1.178848700132221,60,719,719,891,781,370327,0.0,0.0
134,Cameraman,mcet,7,4,rand/1 p=1.00,rand,1.0,-172823085.43381336,-172823085.43381336,0.0,1,1.2196257002069615,60,689,689,910,894,379499,0.0,0.0
135,Cameraman,mcet,7,5,rand/1 p=1.00,rand,1.0,-172823085.43381336,-172823085.43381336,0.0,1,1.2277354999096133,60,810,810,926,579,384090,0.0,0.0
136,Cameraman,mcet,7,6,rand/1 p=1.00,rand,1.0,-172823085.43381336,-172823085.43381336,0.0,1,1.0455280999303795,60,541,541,768,919,320414,0.0,0.0
137,Cameraman,mcet,7,7,rand/1 p=1.00,rand,1.0,-172823076.69262776,-172823085.43381336,5.057880770722388e-08,0,1.327250000089407,60,875,875,1009,694,419619,0.0,0.0
138,Cameraman,mcet,7,8,rand/1 p=1.00,rand,1.0,-172823076.9673018,-172823085.43381336,4.8989471262565964e-08,0,1.3908908998710103,60,948,948,1058,572,437536,0.0,0.0
139,Cameraman,mcet,7,9,rand/1 p=1.00,rand,1.0,-172823085.43381336,-172823085.43381336,0.0,1,1.3938614999642596,60,901,901,1063,785,440789,0.0,0.0
140,Cameraman,mcet,8,0,rand/1 p=0,rand,0.0,-172835861.83985788,-172835982.27178964,6.967989545979185e-07,0,0.07450109993806109,60,346,0,0,0,0,3.578972776907998,1.1948860473178509
141,Cameraman,mcet,8,1,rand/1 p=0,rand,0.0,-172833428.28915566,-172835982.27178964,1.4776915086824431e-05,0,0.07381489995168522,60,361,0,0,0,0,2.4775436332723175,0.8409391695473387
142,Cameraman,mcet,8,2,rand/1 p=0,rand,0.0,-172835857.59204248,-172835982.27178964,7.213761019287458e-07,0,0.07368889963254333,60,352,0,0,0,0,1.5331017836867347,0.4758791477957864
143,Cameraman,mcet,8,3,rand/1 p=0,rand,0.0,-172835367.72833598,-172835982.27178964,3.555645332562753e-06,0,0.07550109963631257,60,304,0,0,0,0,2.4451025764353633,0.8056502758225903
144,Cameraman,mcet,8,4,rand/1 p=0,rand,0.0,-172835612.2429887,-172835982.27178964,2.140924569472299e-06,0,0.07496030000038445,60,245,0,0,0,0,9.578344750648785,3.6797212076684316
145,Cameraman,mcet,8,5,rand/1 p=0,rand,0.0,-172835947.46297115,-172835982.27178964,2.0139798456189083e-07,0,0.07492390018887818,60,339,0,0,0,0,3.4530480983259024,1.0754526087221619
146,Cameraman,mcet,8,6,rand/1 p=0,rand,0.0,-172835103.239027,-172835982.27178964,5.085936105968781e-06,0,0.0747316000633873,60,309,0,0,0,0,3.2477871509123104,1.0814944019587096
147,Cameraman,mcet,8,7,rand/1 p=0,rand,0.0,-172835487.02414298,-172835982.27178964,2.8654198052395205e-06,0,0.0754770003259182,60,291,0,0,0,0,5.315415520109265,1.754356947350216
148,Cameraman,mcet,8,8,rand/1 p=0,rand,0.0,-172835930.49422914,-172835982.27178964,2.995762793239951e-07,0,0.07358500006375834,60,323,0,0,0,0,1.7263753662247165,0.4847454057176939
149,Cameraman,mcet,8,9,rand/1 p=0,rand,0.0,-172835096.2995096,-172835982.27178964,5.126086989410948e-06,0,0.07573950028745458,60,341,0,0,0,0,2.165244934356815,0.646655966013316
150,Cameraman,mcet,8,0,rand/1 p=0.05,rand,0.05,-172835982.27178964,-172835982.27178964,0.0,1,0.15337819996057078,60,337,19,59,206,25925,1.2977410878551348,0.3719043496577291
151,Cameraman,mcet,8,1,rand/1 p=0.05,rand,0.05,-172835982.27178964,-172835982.27178964,0.0,1,0.15117959963390604,60,458,31,57,142,24785,0.0,0.0
152,Cameraman,mcet,8,2,rand/1 p=0.05,rand,0.05,-172835982.27178964,-172835982.27178964,0.0,1,0.13246430037543178,60,295,13,44,193,18826,1.0610706575737552,0.31578996636166334
153,Cameraman,mcet,8,3,rand/1 p=0.05,rand,0.05,-172835982.27178964,-172835982.27178964,0.0,1,0.13806430000113323,60,403,20,47,143,20563,0.0,0.0
154,Cameraman,mcet,8,4,rand/1 p=0.05,rand,0.05,-172835982.27178964,-172835982.27178964,0.0,1,0.12716010032454506,60,233,11,39,162,16854,1.9410608182254414,0.6352169623504265
155,Cameraman,mcet,8,5,rand/1 p=0.05,rand,0.05,-172835982.27178964,-172835982.27178964,0.0,1,0.12719350011320785,60,257,11,40,188,17633,1.811395470816946,0.5998507411101929
156,Cameraman,mcet,8,6,rand/1 p=0.05,rand,0.05,-172835982.27178964,-172835982.27178964,0.0,1,0.12427219998789951,60,328,11,37,157,16296,1.5998901576549924,0.5474359171493455
157,Cameraman,mcet,8,7,rand/1 p=0.05,rand,0.05,-172835980.72369114,-172835982.27178964,8.957038252074584e-09,1,0.12336690013762563,60,285,10,36,145,15764,2.1781688762100977,0.674366422781588
158,Cameraman,mcet,8,8,rand/1 p=0.05,rand,0.05,-172835982.27178964,-172835982.27178964,0.0,1,0.13951809972058982,60,284,15,49,202,21160,0.3647751819178392,0.10937704607552204
159,Cameraman,mcet,8,9,rand/1 p=0.05,rand,0.05,-172835982.27178964,-172835982.27178964,0.0,1,0.16069500026060268,60,545,31,64,167,27851,0.0,0.0
160,Cameraman,mcet,8,0,rand/1 p=0.10,rand,0.1,-172835982.27178964,-172835982.27178964,0.0,1,0.19824450014857575,60,438,43,93,281,40256,0.0,0.0
161,Cameraman,mcet,8,1,rand/1 p=0.10,rand,0.1,-172835982.27178964,-172835982.27178964,0.0,1,0.21847019996494055,60,701,68,105,230,45879,0.0,0.0
162,Cameraman,mcet,8,2,rand/1 p=0.10,rand,0.1,-172835982.27178964,-172835982.27178964,0.0,1,0.1805159001960419,60,233,24,81,303,34722,1.7141073490609877,0.5355157711765796
163,Cameraman,mcet,8,3,rand/1 p=0.10,rand,0.1,-172835982.27178964,-172835982.27178964,0.0,1,0.23451369971735403,60,535,61,118,352,51108,0.0,0.0
164,Cameraman,mcet,8,4,rand/1 p=0.10,rand,0.1,-172835982.27178964,-172835982.27178964,0.0,1,0.28307070006849244,60,579,72,156,421,68208,0.0,0.0
165,Cameraman,mcet,8,5,rand/1 p=0.10,rand,0.1,-172835982.27178964,-172835982.27178964,0.0,1,0.17534439999144524,60,486,35,77,249,33466,0.0,0.0
166,Cameraman,mcet,8,6,rand/1 p=0.10,rand,0.1,-172835982.27178964,-172835982.27178964,0.0,1,0.24167319998377934,60,500,49,123,399,53575,0.0,0.0
167,Cameraman,mcet,8,7,rand/1 p=0.10,rand,0.1,-172835982.27178964,-172835982.27178964,0.0,1,0.2508893996127881,60,719,72,124,326,54290,0.0,0.0
168,Cameraman,mcet,8,8,rand/1 p=0.10,rand,0.1,-172835982.27178964,-172835982.27178964,0.0,1,0.1986623999546282,60,366,36,96,381,40809,0.0,0.0
169,Cameraman,mcet,8,9,rand/1 p=0.10,rand,0.1,-172835982.27178964,-172835982.27178964,0.0,1,0.16728100006002933,60,534,39,69,154,30010,0.0,0.0
170,Cameraman,mcet,8,0,rand/1 p=0.15,rand,0.15,-172835982.27178964,-172835982.27178964,0.0,1,0.2798801998142153,60,588,96,154,344,66470,0.0,0.0
171,Cameraman,mcet,8,1,rand/1 p=0.15,rand,0.15,-172835982.27178964,-172835982.27178964,0.0,1,0.35040030017262325,60,784,136,209,426,91395,0.0,0.0
172,Cameraman,mcet,8,2,rand/1 p=0.15,rand,0.15,-172835982.27178964,-172835982.27178964,0.0,1,0.257753100246191,60,366,56,136,447,58320,0.0,0.0
173,Cameraman,mcet,8,3,rand/1 p=0.15,rand,0.15,-172835982.27178964,-172835982.27178964,0.0,1,0.3132495999452658,60,649,117,182,394,78359,0.0,0.0
174,Cameraman,mcet,8,4,rand/1 p=0.15,rand,0.15,-172835982.27178964,-172835982.27178964,0.0,1,0.30230459989979863,60,575,77,171,474,74762,0.0,0.0
175,Cameraman,mcet,8,5,rand/1 p=0.15,rand,0.15,-172835982.27178964,-172835982.27178964,0.0,1,0.20981780003057793,60,502,55,103,278,44648,0.0,0.0
176,Cameraman,mcet,8,6,rand/1 p=0.15,rand,0.15,-172835982.27178964,-172835982.27178964,0.0,1,0.2764194999472238,60,643,99,152,294,66332,0.0,0.0
177,Cameraman,mcet,8,7,rand/1 p=0.15,rand,0.15,-172835982.27178964,-172835982.27178964,0.0,1,0.24390329996822402,60,468,59,128,374,56433,0.0,0.0
178,Cameraman,mcet,8,8,rand/1 p=0.15,rand,0.15,-172835982.27178964,-172835982.27178964,0.0,1,0.2782213999889791,60,715,105,155,291,66505,0.0,0.0
179,Cameraman,mcet,8,9,rand/1 p=0.15,rand,0.15,-172835982.27178964,-172835982.27178964,0.0,1,0.2729250999982469,60,556,89,148,332,64663,0.0,0.0
180,Cameraman,mcet,8,0,rand/1 p=0.25,rand,0.25,-172835982.27178964,-172835982.27178964,0.0,1,0.44235829991521314,60,749,192,273,469,119530,0.0,0.0
181,Cameraman,mcet,8,1,rand/1 p=0.25,rand,0.25,-172835982.27178964,-172835982.27178964,0.0,1,0.3466368999797851,60,467,116,206,486,89482,0.0,0.0
182,Cameraman,mcet,8,2,rand/1 p=0.25,rand,0.25,-172835982.27178964,-172835982.27178964,0.0,1,0.40455080033279955,60,621,157,246,543,106975,0.0,0.0
183,Cameraman,mcet,8,3,rand/1 p=0.25,rand,0.25,-172835982.27178964,-172835982.27178964,0.0,1,0.33888229995500296,60,429,104,201,501,87530,0.0,0.0
184,Cameraman,mcet,8,4,rand/1 p=0.25,rand,0.25,-172835428.574446,-172835982.27178964,3.203599947010888e-06,0,0.34738680021837354,60,580,129,213,505,90142,0.0,0.0
185,Cameraman,mcet,8,5,rand/1 p=0.25,rand,0.25,-172835982.27178964,-172835982.27178964,0.0,1,0.4154165996587835,60,678,180,260,496,113199,0.0,0.0
186,Cameraman,mcet,8,6,rand/1 p=0.25,rand,0.25,-172835982.27178964,-172835982.27178964,0.0,1,0.39717709994874895,60,673,173,247,394,107161,0.0,0.0
187,Cameraman,mcet,8,7,rand/1 p=0.25,rand,0.25,-172835982.27178964,-172835982.27178964,0.0,1,0.4103341000736691,60,642,153,252,547,110809,0.0,0.0
188,Cameraman,mcet,8,8,rand/1 p=0.25,rand,0.25,-172835982.27178964,-172835982.27178964,0.0,1,0.33826129976660013,60,658,138,200,344,85622,0.0,0.0
189,Cameraman,mcet,8,9,rand/1 p=0.25,rand,0.25,-172835982.27178964,-172835982.27178964,0.0,1,0.4675770999165252,60,696,191,296,585,128719,0.0,0.0
190,Cameraman,mcet,8,0,rand/1 p=0.50,rand,0.5,-172835982.27178964,-172835982.27178964,0.0,1,0.8395768000045791,60,907,460,570,649,247925,0.0,0.0
191,Cameraman,mcet,8,1,rand/1 p=0.50,rand,0.5,-172835982.27178964,-172835982.27178964,0.0,1,0.703857499989681,60,757,369,478,614,207883,0.0,0.0
192,Cameraman,mcet,8,2,rand/1 p=0.50,rand,0.5,-172835982.27178964,-172835982.27178964,0.0,1,0.7101984000764787,60,704,372,487,631,211399,0.0,0.0
193,Cameraman,mcet,8,3,rand/1 p=0.50,rand,0.5,-172835982.27178964,-172835982.27178964,0.0,1,0.8131235999753699,60,861,421,553,703,241123,0.0,0.0
194,Cameraman,mcet,8,4,rand/1 p=0.50,rand,0.5,-172835982.27178964,-172835982.27178964,0.0,1,0.6072046000044793,60,588,270,402,680,174290,0.0,0.0
195,Cameraman,mcet,8,5,rand/1 p=0.50,rand,0.5,-172835982.27178964,-172835982.27178964,0.0,1,0.717132100078743,60,732,370,490,720,212652,0.0,0.0
196,Cameraman,mcet,8,6,rand/1 p=0.50,rand,0.5,-172835982.27178964,-172835982.27178964,0.0,1,0.80327840015525,60,904,438,552,620,240318,0.0,0.0
197,Cameraman,mcet,8,7,rand/1 p=0.50,rand,0.5,-172835982.27178964,-172835982.27178964,0.0,1,0.6740169001277536,60,701,345,453,640,197551,0.0,0.0
198,Cameraman,mcet,8,8,rand/1 p=0.50,rand,0.5,-172835982.27178964,-172835982.27178964,0.0,1,0.67733680002857,60,723,354,459,641,199030,0.0,0.0
199,Cameraman,mcet,8,9,rand/1 p=0.50,rand,0.5,-172835982.27178964,-172835982.27178964,0.0,1,0.6862712997826748,60,705,349,465,679,202374,0.0,0.0
200,Cameraman,mcet,8,0,rand/1 p=1.00,rand,1.0,-172835982.27178964,-172835982.27178964,0.0,1,1.4881152001325972,60,961,961,1077,708,467725,0.0,0.0
201,Cameraman,mcet,8,1,rand/1 p=1.00,rand,1.0,-172835982.27178964,-172835982.27178964,0.0,1,1.5557863001013175,60,977,977,1114,785,483316,0.0,0.0
202,Cameraman,mcet,8,2,rand/1 p=1.00,rand,1.0,-172835982.27178964,-172835982.27178964,0.0,1,1.517879399820231,60,954,954,1094,812,475231,0.0,0.0
203,Cameraman,mcet,8,3,rand/1 p=1.00,rand,1.0,-172835982.27178964,-172835982.27178964,0.0,1,1.3801923001883551,60,833,833,989,767,428779,0.0,0.0
204,Cameraman,mcet,8,4,rand/1 p=1.00,rand,1.0,-172835982.27178964,-172835982.27178964,0.0,1,1.5301043001236394,60,962,962,1110,890,482608,0.0,0.0
205,Cameraman,mcet,8,5,rand/1 p=1.00,rand,1.0,-172835982.27178964,-172835982.27178964,0.0,1,1.3954472000477836,60,871,871,1008,804,437361,0.0,0.0
206,Cameraman,mcet,8,6,rand/1 p=1.00,rand,1.0,-172835982.27178964,-172835982.27178964,0.0,1,1.3928120998316444,60,876,876,1016,784,440418,0.0,0.0
207,Cameraman,mcet,8,7,rand/1 p=1.00,rand,1.0,-172835982.27178964,-172835982.27178964,0.0,1,1.3922494996804744,60,863,863,1011,812,438827,0.0,0.0
208,Cameraman,mcet,8,8,rand/1 p=1.00,rand,1.0,-172835982.27178964,-172835982.27178964,0.0,1,1.2685795999132097,60,772,772,921,767,398431,0.0,0.0
209,Cameraman,mcet,8,9,rand/1 p=1.00,rand,1.0,-172835982.27178964,-172835982.27178964,0.0,1,1.3571891001192853,60,835,835,982,884,425869,0.0,0.0
210,Coins,mcet,6,0,rand/1 p=0,rand,0.0,-53810725.17645357,-53810725.17645357,0.0,1,0.06918739981483668,60,518,0,0,0,0,0.0,0.0
211,Coins,mcet,6,1,rand/1 p=0,rand,0.0,-53810725.17645357,-53810725.17645357,0.0,1,0.07039700011955574,60,466,0,0,0,0,0.0,0.0
212,Coins,mcet,6,2,rand/1 p=0,rand,0.0,-53810725.17645357,-53810725.17645357,0.0,1,0.06874780001817271,60,473,0,0,0,0,0.0,0.0
213,Coins,mcet,6,3,rand/1 p=0,rand,0.0,-53810725.17645357,-53810725.17645357,0.0,1,0.06977690011262894,60,554,0,0,0,0,0.0,0.0
214,Coins,mcet,6,4,rand/1 p=0,rand,0.0,-53810615.09941538,-53810725.17645357,2.0456337994015045e-06,0,0.07161609991453588,60,415,0,0,0,0,0.8400000000000034,0.3055050463303893
215,Coins,mcet,6,5,rand/1 p=0,rand,0.0,-53810659.37901192,-53810725.17645357,1.222757014158365e-06,0,0.0696467999368906,60,473,0,0,0,0,0.0,0.0
216,Coins,mcet,6,6,rand/1 p=0,rand,0.0,-53810546.0289895,-53810725.17645357,3.3292148262133994e-06,0,0.0676276998128742,60,382,0,0,0,0,2.0093646607769466,0.8372113085969014
217,Coins,mcet,6,7,rand/1 p=0,rand,0.0,-53810660.01960627,-53810725.17645357,1.2108524292227259e-06,0,0.06935369985876605,60,426,0,0,0,0,0.9146217012750256,0.3258955679967079
218,Coins,mcet,6,8,rand/1 p=0,rand,0.0,-53810725.17645357,-53810725.17645357,0.0,1,0.06907609972404316,60,653,0,0,0,0,0.0,0.0
219,Coins,mcet,6,9,rand/1 p=0,rand,0.0,-53810725.17645357,-53810725.17645357,0.0,1,0.06932570005301386,60,508,0,0,0,0,0.0,0.0
220,Coins,mcet,6,0,rand/1 p=0.05,rand,0.05,-53810725.17645357,-53810725.17645357,0.0,1,0.14432929980102926,60,822,42,65,125,24998,0.0,0.0
221,Coins,mcet,6,1,rand/1 p=0.05,rand,0.05,-53810725.17645357,-53810725.17645357,0.0,1,0.13705189956817776,60,802,38,58,120,22453,0.0,0.0
222,Coins,mcet,6,2,rand/1 p=0.05,rand,0.05,-53810725.17645357,-53810725.17645357,0.0,1,0.13067879976006225,60,668,32,53,132,20078,0.0,0.0
223,Coins,mcet,6,3,rand/1 p=0.05,rand,0.05,-53810725.17645357,-53810725.17645357,0.0,1,0.15830230002757162,60,848,51,76,126,28963,0.0,0.0
224,Coins,mcet,6,4,rand/1 p=0.05,rand,0.05,-53810725.17645357,-53810725.17645357,0.0,1,0.15374040004098788,60,723,42,72,155,27740,0.0,0.0
225,Coins,mcet,6,5,rand/1 p=0.05,rand,0.05,-53810725.17645357,-53810725.17645357,0.0,1,0.17365750024328008,60,888,54,88,199,33743,0.0,0.0
226,Coins,mcet,6,6,rand/1 p=0.05,rand,0.05,-53810725.17645357,-53810725.17645357,0.0,1,0.18048469995846972,60,902,55,93,220,35686,0.0,0.0
227,Coins,mcet,6,7,rand/1 p=0.05,rand,0.05,-53810725.17645357,-53810725.17645357,0.0,1,0.1420408002450131,60,745,31,61,144,23670,0.0,0.0
228,Coins,mcet,6,8,rand/1 p=0.05,rand,0.05,-53810725.17645357,-53810725.17645357,0.0,1,0.11362769996048883,60,733,22,36,69,13670,0.0,0.0
229,Coins,mcet,6,9,rand/1 p=0.05,rand,0.05,-53810725.17645357,-53810725.17645357,0.0,1,0.14886899979319423,60,862,45,69,143,26620,0.0,0.0
230,Coins,mcet,6,0,rand/1 p=0.10,rand,0.1,-53810725.17645357,-53810725.17645357,0.0,1,0.20736649981699884,60,937,89,119,189,45541,0.0,0.0
231,Coins,mcet,6,1,rand/1 p=0.10,rand,0.1,-53810725.17645357,-53810725.17645357,0.0,1,0.21801429986953735,60,897,89,128,221,48858,0.0,0.0
232,Coins,mcet,6,2,rand/1 p=0.10,rand,0.1,-53810725.17645357,-53810725.17645357,0.0,1,0.21037069981684908,60,892,82,121,206,46464,0.0,0.0
233,Coins,mcet,6,3,rand/1 p=0.10,rand,0.1,-53810725.17645357,-53810725.17645357,0.0,1,0.2313629999407567,60,929,91,137,270,52503,0.0,0.0
234,Coins,mcet,6,4,rand/1 p=0.10,rand,0.1,-53810725.17645357,-53810725.17645357,0.0,1,0.250458900234662,60,880,94,143,290,55370,0.0,0.0
235,Coins,mcet,6,5,rand/1 p=0.10,rand,0.1,-53810725.17645357,-53810725.17645357,0.0,1,0.21171860006870702,60,922,81,116,203,44035,0.0,0.0
236,Coins,mcet,6,6,rand/1 p=0.10,rand,0.1,-53810725.17645357,-53810725.17645357,0.0,1,0.22265469998819754,60,914,88,131,251,50643,0.0,0.0
237,Coins,mcet,6,7,rand/1 p=0.10,rand,0.1,-53810725.17645357,-53810725.17645357,0.0,1,0.20319080003537238,60,873,84,117,182,44932,0.0,0.0
238,Coins,mcet,6,8,rand/1 p=0.10,rand,0.1,-53810725.17645357,-53810725.17645357,0.0,1,0.19989390001865104,60,916,83,114,173,43519,0.0,0.0
239,Coins,mcet,6,9,rand/1 p=0.10,rand,0.1,-53810725.17645357,-53810725.17645357,0.0,1,0.25156689941650257,60,852,110,157,253,60290,0.0,0.0
240,Coins,mcet,6,0,rand/1 p=0.15,rand,0.15,-53810725.17645357,-53810725.17645357,0.0,1,0.29798930016113445,60,939,153,189,210,72159,0.0,0.0
241,Coins,mcet,6,1,rand/1 p=0.15,rand,0.15,-53810725.17645357,-53810725.17645357,0.0,1,0.2723372000036761,60,947,132,176,255,66911,0.0,0.0
242,Coins,mcet,6,2,rand/1 p=0.15,rand,0.15,-53810725.17645357,-53810725.17645357,0.0,1,0.2765405001118779,60,881,127,179,306,68628,0.0,0.0
243,Coins,mcet,6,3,rand/1 p=0.15,rand,0.15,-53810725.17645357,-53810725.17645357,0.0,1,0.31736580026336014,60,948,157,210,313,80356,0.0,0.0
244,Coins,mcet,6,4,rand/1 p=0.15,rand,0.15,-53810725.17645357,-53810725.17645357,0.0,1,0.28831199975684285,60,898,138,189,291,72880,0.0,0.0
245,Coins,mcet,6,5,rand/1 p=0.15,rand,0.15,-53810725.17645357,-53810725.17645357,0.0,1,0.28998100030003116,60,979,143,190,288,72353,0.0,0.0
246,Coins,mcet,6,6,rand/1 p=0.15,rand,0.15,-53810725.17645357,-53810725.17645357,0.0,1,0.2652096003293991,60,899,127,167,224,64417,0.0,0.0
247,Coins,mcet,6,7,rand/1 p=0.15,rand,0.15,-53810725.17645357,-53810725.17645357,0.0,1,0.29138900007819757,60,932,150,193,222,73772,0.0,0.0
248,Coins,mcet,6,8,rand/1 p=0.15,rand,0.15,-53810725.17645357,-53810725.17645357,0.0,1,0.26548609999008477,60,925,131,167,182,63739,0.0,0.0
249,Coins,mcet,6,9,rand/1 p=0.15,rand,0.15,-53810725.17645357,-53810725.17645357,0.0,1,0.3053133001085371,60,931,150,202,273,77609,0.0,0.0
250,Coins,mcet,6,0,rand/1 p=0.25,rand,0.25,-53810725.17645357,-53810725.17645357,0.0,1,0.4187937999959104,60,984,236,299,379,114448,0.0,0.0
251,Coins,mcet,6,1,rand/1 p=0.25,rand,0.25,-53810725.17645357,-53810725.17645357,0.0,1,0.4392168997437693,60,1009,265,323,325,123072,0.0,0.0
252,Coins,mcet,6,2,rand/1 p=0.25,rand,0.25,-53810725.17645357,-53810725.17645357,0.0,1,0.47189599968260154,60,1046,273,341,392,130213,0.0,0.0
253,Coins,mcet,6,3,rand/1 p=0.25,rand,0.25,-53810725.17645357,-53810725.17645357,0.0,1,0.47445420001167804,60,1015,278,348,404,133624,0.0,0.0
254,Coins,mcet,6,4,rand/1 p=0.25,rand,0.25,-53810725.17645357,-53810725.17645357,0.0,1,0.42609130032360554,60,1041,252,308,341,117939,0.0,0.0
255,Coins,mcet,6,5,rand/1 p=0.25,rand,0.25,-53810725.17645357,-53810725.17645357,0.0,1,0.4437022996135056,60,1026,259,319,320,121329,0.0,0.0
256,Coins,mcet,6,6,rand/1 p=0.25,rand,0.25,-53810725.17645357,-53810725.17645357,0.0,1,0.42332420020829886,60,991,243,304,395,116730,0.0,0.0
257,Coins,mcet,6,7,rand/1 p=0.25,rand,0.25,-53810725.17645357,-53810725.17645357,0.0,1,0.45185650000348687,60,1006,254,326,424,125168,0.0,0.0
258,Coins,mcet,6,8,rand/1 p=0.25,rand,0.25,-53810725.17645357,-53810725.17645357,0.0,1,0.40617510018637404,60,996,232,289,329,110100,0.0,0.0
259,Coins,mcet,6,9,rand/1 p=0.25,rand,0.25,-53810725.17645357,-53810725.17645357,0.0,1,0.469065599841997,60,1002,279,347,384,132845,0.0,0.0
260,Coins,mcet,6,0,rand/1 p=0.50,rand,0.5,-53810725.17645357,-53810725.17645357,0.0,1,0.7765556999365799,60,1034,521,608,525,232420,0.0,0.0
261,Coins,mcet,6,1,rand/1 p=0.50,rand,0.5,-53810725.17645357,-53810725.17645357,0.0,1,0.7850865997606888,60,1063,538,623,504,238202,0.0,0.0
262,Coins,mcet,6,2,rand/1 p=0.50,rand,0.5,-53810725.17645357,-53810725.17645357,0.0,1,0.7659005999448709,60,1036,515,601,506,229851,0.0,0.0
263,Coins,mcet,6,3,rand/1 p=0.50,rand,0.5,-53810725.17645357,-53810725.17645357,0.0,1,0.8138680002884939,60,1051,551,648,623,248118,0.0,0.0
264,Coins,mcet,6,4,rand/1 p=0.50,rand,0.5,-53810725.17645357,-53810725.17645357,0.0,1,0.8112588997464627,60,1070,554,642,560,245762,0.0,0.0
265,Coins,mcet,6,5,rand/1 p=0.50,rand,0.5,-53810725.17645357,-53810725.17645357,0.0,1,0.7676531000179239,60,1033,516,604,540,230722,0.0,0.0
266,Coins,mcet,6,6,rand/1 p=0.50,rand,0.5,-53810725.17645357,-53810725.17645357,0.0,1,0.805588599818293,60,1050,541,632,573,242066,0.0,0.0
267,Coins,mcet,6,7,rand/1 p=0.50,rand,0.5,-53810725.17645357,-53810725.17645357,0.0,1,0.7835123998229392,60,1026,514,613,592,235257,0.0,0.0
268,Coins,mcet,6,8,rand/1 p=0.50,rand,0.5,-53810725.17645357,-53810725.17645357,0.0,1,0.7287219999707304,60,1031,497,577,470,219060,0.0,0.0
269,Coins,mcet,6,9,rand/1 p=0.50,rand,0.5,-53810725.17645357,-53810725.17645357,0.0,1,0.7603029000456445,60,1054,511,600,584,229231,0.0,0.0
270,Coins,mcet,6,0,rand/1 p=1.00,rand,1.0,-53810725.17645357,-53810725.17645357,0.0,1,1.452614999783691,60,1092,1092,1203,689,459200,0.0,0.0
271,Coins,mcet,6,1,rand/1 p=1.00,rand,1.0,-53810725.17645357,-53810725.17645357,0.0,1,1.465430100215599,60,1096,1096,1212,741,462498,0.0,0.0
272,Coins,mcet,6,2,rand/1 p=1.00,rand,1.0,-53810725.17645357,-53810725.17645357,0.0,1,1.4593046001391485,60,1104,1104,1223,729,466112,0.0,0.0
273,Coins,mcet,6,3,rand/1 p=1.00,rand,1.0,-53810725.17645357,-53810725.17645357,0.0,1,1.4039907002006657,60,1080,1080,1177,576,448760,0.0,0.0
274,Coins,mcet,6,4,rand/1 p=1.00,rand,1.0,-53810725.17645357,-53810725.17645357,0.0,1,1.4116038998472504,60,1074,1074,1174,618,447707,0.0,0.0
275,Coins,mcet,6,5,rand/1 p=1.00,rand,1.0,-53810725.17645357,-53810725.17645357,0.0,1,1.40957270009676,60,1087,1087,1181,611,449986,0.0,0.0
276,Coins,mcet,6,6,rand/1 p=1.00,rand,1.0,-53810725.17645357,-53810725.17645357,0.0,1,1.3962070996058173,60,1065,1065,1168,660,445847,0.0,0.0
277,Coins,mcet,6,7,rand/1 p=1.00,rand,1.0,-53810725.17645357,-53810725.17645357,0.0,1,1.4468668999616057,60,1120,1120,1221,610,465747,0.0,0.0
278,Coins,mcet,6,8,rand/1 p=1.00,rand,1.0,-53810725.17645357,-53810725.17645357,0.0,1,1.452041500073392,60,1110,1110,1215,662,462049,0.0,0.0
279,Coins,mcet,6,9,rand/1 p=1.00,rand,1.0,-53810725.17645357,-53810725.17645357,0.0,1,1.4697598997154273,60,1111,1111,1217,674,464276,0.0,0.0
280,Coins,mcet,7,0,rand/1 p=0,rand,0.0,-53817746.25637231,-53818778.27210942,1.91757555678983e-05,0,0.07285590009996668,60,447,0,0,0,0,2.462574154132394,0.7769077977457829
281,Coins,mcet,7,1,rand/1 p=0,rand,0.0,-53818663.23769356,-53818778.27210942,2.1374401194019337e-06,0,0.07457770017208531,60,290,0,0,0,0,2.953825596730373,1.2254082181475572
282,Coins,mcet,7,2,rand/1 p=0,rand,0.0,-53818495.72720309,-53818778.27210942,5.249931629757228e-06,0,0.07393909996608272,60,433,0,0,0,0,0.561759271100185,0.11914871744794506
283,Coins,mcet,7,3,rand/1 p=0,rand,0.0,-53818672.692821056,-53818778.27210942,1.9617555759003773e-06,0,0.07308419997571036,60,313,0,0,0,0,4.336254539518938,1.6097055658200168
284,Coins,mcet,7,4,rand/1 p=0,rand,0.0,-53818460.822231084,-53818778.27210942,5.898496556907379e-06,0,0.07380450004711747,60,364,0,0,0,0,1.547998715081064,0.5822007444383509
285,Coins,mcet,7,5,rand/1 p=0,rand,0.0,-53818597.67727104,-53818778.27210942,3.355610145360797e-06,0,0.07375849958043545,60,343,0,0,0,0,1.6092274838602934,0.5428488492063901
286,Coins,mcet,7,6,rand/1 p=0,rand,0.0,-53816826.74172028,-53818778.27210942,3.626114251926284e-05,0,0.07178969989763573,60,380,0,0,0,0,2.5561444507398776,1.0479029868452292
287,Coins,mcet,7,7,rand/1 p=0,rand,0.0,-53818753.0923516,-53818778.27210942,4.678619364280258e-07,0,0.071760400373023,60,320,0,0,0,0,2.568575159821717,1.0320489698811108
288,Coins,mcet,7,8,rand/1 p=0,rand,0.0,-53818751.686497495,-53818778.27210942,4.939839360550214e-07,0,0.07156710023991764,60,306,0,0,0,0,3.4153396396468856,1.5930912868945322
289,Coins,mcet,7,9,rand/1 p=0,rand,0.0,-53818652.37910242,-53818778.27210942,2.339202245845343e-06,0,0.07465950021287426,60,317,0,0,0,0,2.4724687909943937,0.9609625119252764
290,Coins,mcet,7,0,rand/1 p=0.05,rand,0.05,-53818662.58953192,-53818778.27210942,2.1494835299560768e-06,0,0.13711820013122633,60,241,16,53,203,20757,1.6231539762671054,0.7050996133893522
291,Coins,mcet,7,1,rand/1 p=0.05,rand,0.05,-53818778.27210942,-53818778.27210942,0.0,1,0.13795230007963255,60,226,17,58,208,22449,2.174883320104574,0.8655333981159382
292,Coins,mcet,7,2,rand/1 p=0.05,rand,0.05,-53818662.58953192,-53818778.27210942,2.1494835299560768e-06,0,0.16189889999805018,60,667,38,77,218,30134,0.0,0.0
293,Coins,mcet,7,3,rand/1 p=0.05,rand,0.05,-53818656.80746953,-53818778.27210942,2.2569193093363195e-06,0,0.12195599998813123,60,465,21,42,130,16480,0.0,0.0
294,Coins,mcet,7,4,rand/1 p=0.05,rand,0.05,-53818778.27210942,-53818778.27210942,0.0,1,0.12120069988304749,60,281,13,41,162,16254,1.405918231526883,0.6541138592625062
295,Coins,mcet,7,5,rand/1 p=0.05,rand,0.05,-53818769.2866494,-53818778.27210942,1.6695771084157621e-07,0,0.11263399955350906,60,260,10,35,132,13739,1.9167044887608,0.7576765114048233
296,Coins,mcet,7,6,rand/1 p=0.05,rand,0.05,-53818773.75984565,-53818778.27210942,8.384180972312488e-08,0,0.12591799994697794,60,275,15,46,160,18007,1.224744871391589,0.42857142857142855
297,Coins,mcet,7,7,rand/1 p=0.05,rand,0.05,-53818778.27210942,-53818778.27210942,0.0,1,0.10564610006986186,60,357,10,29,106,11329,0.5,0.07142857142857142
298,Coins,mcet,7,8,rand/1 p=0.05,rand,0.05,-53818778.27210942,-53818778.27210942,0.0,1,0.12550050031859428,60,262,16,47,108,18088,1.7918152017172742,0.7183177056673881
299,Coins,mcet,7,9,rand/1 p=0.05,rand,0.05,-53818778.27210942,-53818778.27210942,0.0,1,0.10940720030339435,60,292,10,31,126,11978,1.1853137925540664,0.39432512593467844
300,Coins,mcet,7,0,rand/1 p=0.10,rand,0.1,-53818662.58953192,-53818778.27210942,2.1494835299560768e-06,0,0.18624250002903864,60,438,41,93,319,37042,0.0,0.0
301,Coins,mcet,7,1,rand/1 p=0.10,rand,0.1,-53818658.88473479,-53818778.27210942,2.21832190296915e-06,0,0.20221240032697096,60,514,57,106,345,42418,0.0,0.0
302,Coins,mcet,7,2,rand/1 p=0.10,rand,0.1,-53818778.27210942,-53818778.27210942,0.0,1,0.1771362999570556,60,400,42,87,247,33819,0.0,0.0
303,Coins,mcet,7,3,rand/1 p=0.10,rand,0.1,-53818662.58953192,-53818778.27210942,2.1494835299560768e-06,0,0.20227249985327944,60,420,51,107,321,42064,0.0,0.0
304,Coins,mcet,7,4,rand/1 p=0.10,rand,0.1,-53818769.2866494,-53818778.27210942,1.6695771084157621e-07,0,0.18147439981112257,60,334,36,93,316,36590,0.0,0.0
305,Coins,mcet,7,5,rand/1 p=0.10,rand,0.1,-53818778.27210942,-53818778.27210942,0.0,1,0.14225569978589192,60,256,18,56,199,21944,0.8280246018175509,0.2922748583887794
306,Coins,mcet,7,6,rand/1 p=0.10,rand,0.1,-53818662.58953192,-53818778.27210942,2.1494835299560768e-06,0,0.19154069991782308,60,376,47,97,314,38417,0.0,0.0
307,Coins,mcet,7,7,rand/1 p=0.10,rand,0.1,-53818778.27210942,-53818778.27210942,0.0,1,0.17670130002079532,60,292,35,84,258,32969,0.0,0.0
308,Coins,mcet,7,8,rand/1 p=0.10,rand,0.1,-53818778.27210942,-53818778.27210942,0.0,1,0.16751920012757182,60,292,31,79,243,30573,0.0,0.0
309,Coins,mcet,7,9,rand/1 p=0.10,rand,0.1,-53818662.282480925,-53818778.27210942,2.155188806169822e-06,0,0.19254649989306927,60,636,63,101,207,39246,0.0,0.0
310,Coins,mcet,7,0,rand/1 p=0.15,rand,0.15,-53818778.27210942,-53818778.27210942,0.0,1,0.17069070029538125,60,253,32,85,306,33488,0.47623523599161854,0.3
311,Coins,mcet,7,1,rand/1 p=0.15,rand,0.15,-53818778.27210942,-53818778.27210942,0.0,1,0.21978039987152442,60,425,62,121,375,48279,0.0,0.0
312,Coins,mcet,7,2,rand/1 p=0.15,rand,0.15,-53818778.27210942,-53818778.27210942,0.0,1,0.19647870009066537,60,328,54,107,287,41560,0.0,0.0
313,Coins,mcet,7,3,rand/1 p=0.15,rand,0.15,-53818778.27210942,-53818778.27210942,0.0,1,0.2476622003596276,60,522,90,149,308,57933,0.0,0.0
314,Coins,mcet,7,4,rand/1 p=0.15,rand,0.15,-53818778.27210942,-53818778.27210942,0.0,1,0.19171160005498677,60,289,40,100,337,39261,0.3124669995177823,0.2296670975803146
315,Coins,mcet,7,5,rand/1 p=0.15,rand,0.15,-53818778.27210942,-53818778.27210942,0.0,1,0.2217294001020491,60,450,62,124,338,48568,0.0,0.0
316,Coins,mcet,7,6,rand/1 p=0.15,rand,0.15,-53818662.58953192,-53818778.27210942,2.1494835299560768e-06,0,0.25104090000968426,60,556,85,151,382,59373,0.0,0.0
317,Coins,mcet,7,7,rand/1 p=0.15,rand,0.15,-53818778.27210942,-53818778.27210942,0.0,1,0.19233019975945354,60,337,49,103,301,40269,0.0,0.0
318,Coins,mcet,7,8,rand/1 p=0.15,rand,0.15,-53818778.27210942,-53818778.27210942,0.0,1,0.2208801000379026,60,396,62,129,289,50340,0.0,0.0
319,Coins,mcet,7,9,rand/1 p=0.15,rand,0.15,-53818778.27210942,-53818778.27210942,0.0,1,0.187277500575874,60,230,39,101,300,39003,1.3709800005863009,0.5428564610188269
320,Coins,mcet,7,0,rand/1 p=0.25,rand,0.25,-53818778.27210942,-53818778.27210942,0.0,1,0.2484666000236757,60,304,68,149,437,58873,0.0,0.0
321,Coins,mcet,7,1,rand/1 p=0.25,rand,0.25,-53818778.27210942,-53818778.27210942,0.0,1,0.2602487996337004,60,403,89,159,392,62254,0.0,0.0
322,Coins,mcet,7,2,rand/1 p=0.25,rand,0.25,-53818778.27210942,-53818778.27210942,0.0,1,0.3542080994229764,60,600,153,240,505,93322,0.0,0.0
323,Coins,mcet,7,3,rand/1 p=0.25,rand,0.25,-53818656.80746953,-53818778.27210942,2.2569193093363195e-06,0,0.3704160000779666,60,735,166,248,526,97401,0.0,0.0
324,Coins,mcet,7,4,rand/1 p=0.25,rand,0.25,-53818778.27210942,-53818778.27210942,0.0,1,0.28672800009371713,60,347,90,177,481,69409,0.0,0.0
325,Coins,mcet,7,5,rand/1 p=0.25,rand,0.25,-53818778.27210942,-53818778.27210942,0.0,1,0.30490299995290115,60,484,120,199,369,77150,0.0,0.0
326,Coins,mcet,7,6,rand/1 p=0.25,rand,0.25,-53818778.27210942,-53818778.27210942,0.0,1,0.30065419990569353,60,498,123,193,360,75223,0.0,0.0
327,Coins,mcet,7,7,rand/1 p=0.25,rand,0.25,-53818778.27210942,-53818778.27210942,0.0,1,0.2549566999077797,60,379,86,155,360,60296,0.0,0.0
328,Coins,mcet,7,8,rand/1 p=0.25,rand,0.25,-53818778.27210942,-53818778.27210942,0.0,1,0.22949650004738942,60,218,47,136,466,53752,0.8190795858496932,0.38460085185192766
329,Coins,mcet,7,9,rand/1 p=0.25,rand,0.25,-53818778.27210942,-53818778.27210942,0.0,1,0.27747760037891567,60,416,95,176,463,68587,0.0,0.0
330,Coins,mcet,7,0,rand/1 p=0.50,rand,0.5,-53818778.27210942,-53818778.27210942,0.0,1,0.46411499980604276,60,462,220,327,589,127480,0.0,0.0
331,Coins,mcet,7,1,rand/1 p=0.50,rand,0.5,-53818778.27210942,-53818778.27210942,0.0,1,0.5551320999511518,60,574,306,406,504,157103,0.0,0.0
332,Coins,mcet,7,2,rand/1 p=0.50,rand,0.5,-53818778.27210942,-53818778.27210942,0.0,1,0.47615769994445145,60,502,254,340,495,131542,0.0,0.0
333,Coins,mcet,7,3,rand/1 p=0.50,rand,0.5,-53818778.27210942,-53818778.27210942,0.0,1,0.4996686999220401,60,585,274,365,477,140869,0.0,0.0
334,Coins,mcet,7,4,rand/1 p=0.50,rand,0.5,-53818662.58953192,-53818778.27210942,2.1494835299560768e-06,0,0.605008700164035,60,710,362,456,571,177758,0.0,0.0
335,Coins,mcet,7,5,rand/1 p=0.50,rand,0.5,-53818778.27210942,-53818778.27210942,0.0,1,0.5670633998233825,60,654,309,424,641,164242,0.0,0.0
336,Coins,mcet,7,6,rand/1 p=0.50,rand,0.5,-53818778.27210942,-53818778.27210942,0.0,1,0.41869609971763566,60,328,170,295,672,115770,0.251346374551139,0.21794494717703364
337,Coins,mcet,7,7,rand/1 p=0.50,rand,0.5,-53818778.27210942,-53818778.27210942,0.0,1,0.4072798000415787,60,332,160,288,648,111833,0.0,0.0
338,Coins,mcet,7,8,rand/1 p=0.50,rand,0.5,-53818778.27210942,-53818778.27210942,0.0,1,0.6004011002951302,60,704,354,448,541,173012,0.0,0.0
339,Coins,mcet,7,9,rand/1 p=0.50,rand,0.5,-53818778.27210942,-53818778.27210942,0.0,1,0.4868111999821849,60,518,241,352,662,136787,0.0,0.0
340,Coins,mcet,7,0,rand/1 p=1.00,rand,1.0,-53818778.27210942,-53818778.27210942,0.0,1,1.0624633000115864,60,689,689,840,833,325373,0.0,0.0
341,Coins,mcet,7,1,rand/1 p=1.00,rand,1.0,-53818778.27210942,-53818778.27210942,0.0,1,1.117697500041686,60,767,767,887,641,341586,0.0,0.0
342,Coins,mcet,7,2,rand/1 p=1.00,rand,1.0,-53818778.27210942,-53818778.27210942,0.0,1,0.7548124001477845,60,444,444,587,729,227638,0.0,0.0
343,Coins,mcet,7,3,rand/1 p=1.00,rand,1.0,-53818778.27210942,-53818778.27210942,0.0,1,1.0186100001446903,60,673,673,819,741,315149,0.0,0.0
344,Coins,mcet,7,4,rand/1 p=1.00,rand,1.0,-53818778.27210942,-53818778.27210942,0.0,1,0.5171712002484128,60,210,210,381,891,149592,1.1426239014677448,0.417622641017231
345,Coins,mcet,7,5,rand/1 p=1.00,rand,1.0,-53818778.27210942,-53818778.27210942,0.0,1,0.8993464001105167,60,547,547,707,848,274084,0.0,0.0
346,Coins,mcet,7,6,rand/1 p=1.00,rand,1.0,-53818769.2866494,-53818778.27210942,1.6695771084157621e-07,0,1.116861199901905,60,726,726,894,991,346667,0.0,0.0
347,Coins,mcet,7,7,rand/1 p=1.00,rand,1.0,-53818778.27210942,-53818778.27210942,0.0,1,0.9782942999154329,60,635,635,778,799,300264,0.0,0.0
348,Coins,mcet,7,8,rand/1 p=1.00,rand,1.0,-53818778.27210942,-53818778.27210942,0.0,1,1.0893777998280711,60,761,761,877,611,337133,0.0,0.0
349,Coins,mcet,7,9,rand/1 p=1.00,rand,1.0,-53818778.27210942,-53818778.27210942,0.0,1,0.922029800072778,60,597,597,728,669,281406,0.0,0.0
350,Coins,mcet,8,0,rand/1 p=0,rand,0.0,-53825553.177091785,-53825612.242427446,1.0973462855405342e-06,0,0.07531439984450117,60,359,0,0,0,0,2.460054408387164,0.8103876799860299
351,Coins,mcet,8,1,rand/1 p=0,rand,0.0,-53825361.32780217,-53825612.242427446,4.66162138852226e-06,0,0.07393970008706674,60,328,0,0,0,0,1.7071416976954403,0.5202822449560041
352,Coins,mcet,8,2,rand/1 p=0,rand,0.0,-53825612.242427446,-53825612.242427446,0.0,1,0.0745857001747936,60,327,0,0,0,0,2.3303768350841256,0.8630807799926843
353,Coins,mcet,8,3,rand/1 p=0,rand,0.0,-53825607.97304858,-53825612.242427446,7.931872365977029e-08,0,0.07363309990614653,60,301,0,0,0,0,1.945548971928719,0.6384001647368657
354,Coins,mcet,8,4,rand/1 p=0,rand,0.0,-53825597.057596534,-53825612.242427446,2.8211162453788614e-07,0,0.07439560029888526,60,331,0,0,0,0,1.8820173613192335,0.6076073404002019
355,Coins,mcet,8,5,rand/1 p=0,rand,0.0,-53824809.498922415,-53825612.242427446,1.4913783078125709e-05,0,0.07470679981634021,60,335,0,0,0,0,5.066136307286527,1.8163421858211208
356,Coins,mcet,8,6,rand/1 p=0,rand,0.0,-53825543.83784059,-53825612.242427446,1.2708557136509124e-06,0,0.07648470002459362,60,341,0,0,0,0,2.6597035884112996,0.9232657071057923
357,Coins,mcet,8,7,rand/1 p=0,rand,0.0,-53824378.23138177,-53825612.242427446,2.2926093996321594e-05,0,0.07751519995508716,60,418,0,0,0,0,0.5344510969227814,0.10191612386534082
358,Coins,mcet,8,8,rand/1 p=0,rand,0.0,-53825601.70597042,-53825612.242427446,1.9575173575470134e-07,0,0.073895700101275,60,340,0,0,0,0,2.310632699428383,0.8737540803617956
359,Coins,mcet,8,9,rand/1 p=0,rand,0.0,-53825592.74106,-53825612.242427446,3.623064676807915e-07,0,0.07493250002153218,60,327,0,0,0,0,1.6003411833877137,0.4518807322134536
360,Coins,mcet,8,0,rand/1 p=0.05,rand,0.05,-53825612.242427446,-53825612.242427446,0.0,1,0.13222139998106286,60,296,15,47,226,18693,0.16454482671905368,0.08172935519138765
361,Coins,mcet,8,1,rand/1 p=0.05,rand,0.05,-53825612.242427446,-53825612.242427446,0.0,1,0.15800519986078143,60,426,27,66,245,25996,0.0,0.0
362,Coins,mcet,8,2,rand/1 p=0.05,rand,0.05,-53825612.242427446,-53825612.242427446,0.0,1,0.10684820031747222,60,298,8,27,112,10844,1.104567807156047,0.4201893696142626
363,Coins,mcet,8,3,rand/1 p=0.05,rand,0.05,-53825612.242427446,-53825612.242427446,0.0,1,0.1435933000757359,60,271,19,56,245,22634,0.8313843876330631,0.18371173070873836
364,Coins,mcet,8,4,rand/1 p=0.05,rand,0.05,-53825612.242427446,-53825612.242427446,0.0,1,0.14613570010988042,60,413,22,58,248,23028,0.0,0.0
365,Coins,mcet,8,5,rand/1 p=0.05,rand,0.05,-53825607.97304858,-53825612.242427446,7.931872365977029e-08,0,0.11915920005412772,60,288,10,35,159,14042,2.802865249716821,1.045191636991523
366,Coins,mcet,8,6,rand/1 p=0.05,rand,0.05,-53825601.74735048,-53825612.242427446,1.9498295573484083e-07,0,0.11664589983411133,60,312,9,34,137,13726,2.175103623672188,0.7186155835067198
367,Coins,mcet,8,7,rand/1 p=0.05,rand,0.05,-53825612.242427446,-53825612.242427446,0.0,1,0.11076179973315448,60,278,9,30,135,12019,3.016519680290036,1.0980946913366996
368,Coins,mcet,8,8,rand/1 p=0.05,rand,0.05,-53825612.242427446,-53825612.242427446,0.0,1,0.13180190045386553,60,285,16,45,168,17868,0.9806076278310704,0.3768856167068464
369,Coins,mcet,8,9,rand/1 p=0.05,rand,0.05,-53825597.12618058,-53825612.242427446,2.8083743471633796e-07,0,0.15034980018390343,60,308,21,60,228,23867,0.6802490640850338,0.26780356607035694
370,Coins,mcet,8,0,rand/1 p=0.10,rand,0.1,-53825612.242427446,-53825612.242427446,0.0,1,0.22399739985121414,60,512,67,124,393,49103,0.0,0.0
371,Coins,mcet,8,1,rand/1 p=0.10,rand,0.1,-53825612.242427446,-53825612.242427446,0.0,1,0.1665091001195833,60,342,29,78,328,30697,0.0,0.0
372,Coins,mcet,8,2,rand/1 p=0.10,rand,0.1,-53825597.12618058,-53825612.242427446,2.8083743471633796e-07,0,0.1712179002352059,60,407,33,75,245,29764,0.0,0.0
373,Coins,mcet,8,3,rand/1 p=0.10,rand,0.1,-53825612.242427446,-53825612.242427446,0.0,1,0.15113130025565624,60,276,20,64,276,25611,1.4852958619829548,0.4441365403534699
374,Coins,mcet,8,4,rand/1 p=0.10,rand,0.1,-53825612.242427446,-53825612.242427446,0.0,1,0.20976279996102676,60,585,56,112,391,44737,0.0,0.0
375,Coins,mcet,8,5,rand/1 p=0.10,rand,0.1,-53825612.242427446,-53825612.242427446,0.0,1,0.20109350001439452,60,351,42,106,425,42668,0.0,0.0
376,Coins,mcet,8,6,rand/1 p=0.10,rand,0.1,-53825612.242427446,-53825612.242427446,0.0,1,0.1729764998308383,60,291,29,82,340,32857,0.09500000000001023,0.027243118397129215
377,Coins,mcet,8,7,rand/1 p=0.10,rand,0.1,-53825612.242427446,-53825612.242427446,0.0,1,0.14488659997005016,60,223,16,60,306,23819,2.365224105479787,0.8574457065774654
378,Coins,mcet,8,8,rand/1 p=0.10,rand,0.1,-53825612.242427446,-53825612.242427446,0.0,1,0.16844099992886186,60,309,32,78,279,30855,0.0,0.0
379,Coins,mcet,8,9,rand/1 p=0.10,rand,0.1,-53825612.242427446,-53825612.242427446,0.0,1,0.1647405003895983,60,334,27,74,332,29911,0.0,0.0
380,Coins,mcet,8,0,rand/1 p=0.15,rand,0.15,-53825612.242427446,-53825612.242427446,0.0,1,0.2502681001788005,60,539,88,146,358,57682,0.0,0.0
381,Coins,mcet,8,1,rand/1 p=0.15,rand,0.15,-53825612.242427446,-53825612.242427446,0.0,1,0.23526590020628646,60,464,75,133,360,52263,0.0,0.0
382,Coins,mcet,8,2,rand/1 p=0.15,rand,0.15,-53825612.242427446,-53825612.242427446,0.0,1,0.16976009984500706,60,230,26,79,320,31097,2.5523703836133818,0.8839299573180588
383,Coins,mcet,8,3,rand/1 p=0.15,rand,0.15,-53825612.242427446,-53825612.242427446,0.0,1,0.25416690012207255,60,548,86,146,442,58396,0.0,0.0
384,Coins,mcet,8,4,rand/1 p=0.15,rand,0.15,-53825612.242427446,-53825612.242427446,0.0,1,0.19484040018869564,60,359,43,99,392,39547,0.0,0.0
385,Coins,mcet,8,5,rand/1 p=0.15,rand,0.15,-53825612.242427446,-53825612.242427446,0.0,1,0.3276982000679709,60,615,105,204,652,81570,0.0,0.0
386,Coins,mcet,8,6,rand/1 p=0.15,rand,0.15,-53825612.242427446,-53825612.242427446,0.0,1,0.21017780009424314,60,333,42,112,473,44581,0.0,0.0
387,Coins,mcet,8,7,rand/1 p=0.15,rand,0.15,-53825612.242427446,-53825612.242427446,0.0,1,0.23552210035268217,60,450,71,134,434,53109,0.0,0.0
388,Coins,mcet,8,8,rand/1 p=0.15,rand,0.15,-53825612.242427446,-53825612.242427446,0.0,1,0.20378119981614873,60,197,36,107,407,42288,1.3571677388222858,0.5299170870418332
389,Coins,mcet,8,9,rand/1 p=0.15,rand,0.15,-53825612.242427446,-53825612.242427446,0.0,1,0.2264512000256218,60,383,58,128,442,50237,0.0,0.0
390,Coins,mcet,8,0,rand/1 p=0.25,rand,0.25,-53825612.242427446,-53825612.242427446,0.0,1,0.3576115997857414,60,628,151,236,606,93140,0.0,0.0
391,Coins,mcet,8,1,rand/1 p=0.25,rand,0.25,-53825612.242427446,-53825612.242427446,0.0,1,0.30478089989628643,60,406,102,189,548,73905,0.0,0.0
392,Coins,mcet,8,2,rand/1 p=0.25,rand,0.25,-53825612.242427446,-53825612.242427446,0.0,1,0.3506671999930404,60,482,134,227,631,90035,0.0,0.0
393,Coins,mcet,8,3,rand/1 p=0.25,rand,0.25,-53825612.242427446,-53825612.242427446,0.0,1,0.3771841000416316,60,556,157,254,611,100191,0.0,0.0
394,Coins,mcet,8,4,rand/1 p=0.25,rand,0.25,-53825612.242427446,-53825612.242427446,0.0,1,0.3074206001474522,60,431,99,190,626,75699,0.0,0.0
395,Coins,mcet,8,5,rand/1 p=0.25,rand,0.25,-53825612.242427446,-53825612.242427446,0.0,1,0.41295840026577935,60,681,183,276,655,110207,0.0,0.0
396,Coins,mcet,8,6,rand/1 p=0.25,rand,0.25,-53825612.242427446,-53825612.242427446,0.0,1,0.4098409001599066,60,646,186,277,619,109239,0.0,0.0
397,Coins,mcet,8,7,rand/1 p=0.25,rand,0.25,-53825612.242427446,-53825612.242427446,0.0,1,0.3406503998558037,60,622,153,224,441,88538,0.0,0.0
398,Coins,mcet,8,8,rand/1 p=0.25,rand,0.25,-53825612.242427446,-53825612.242427446,0.0,1,0.32414880028227344,60,507,119,205,531,80992,0.0,0.0
399,Coins,mcet,8,9,rand/1 p=0.25,rand,0.25,-53825612.242427446,-53825612.242427446,0.0,1,0.33037400018656626,60,436,132,212,531,83326,0.0,0.0
400,Coins,mcet,8,0,rand/1 p=0.50,rand,0.5,-53825612.242427446,-53825612.242427446,0.0,1,0.6140998000628315,60,655,328,452,802,177682,0.0,0.0
401,Coins,mcet,8,1,rand/1 p=0.50,rand,0.5,-53825612.242427446,-53825612.242427446,0.0,1,0.5984339996357448,60,665,348,442,628,173704,0.0,0.0
402,Coins,mcet,8,2,rand/1 p=0.50,rand,0.5,-53825612.242427446,-53825612.242427446,0.0,1,0.6501292004832067,60,667,365,482,732,189316,0.0,0.0
403,Coins,mcet,8,3,rand/1 p=0.50,rand,0.5,-53825612.242427446,-53825612.242427446,0.0,1,0.41365719999885187,60,309,166,281,713,111495,0.0,0.0
404,Coins,mcet,8,4,rand/1 p=0.50,rand,0.5,-53825612.242427446,-53825612.242427446,0.0,1,0.5844989998149686,60,660,308,424,785,168130,0.0,0.0
405,Coins,mcet,8,5,rand/1 p=0.50,rand,0.5,-53825612.242427446,-53825612.242427446,0.0,1,0.6339789999765344,60,624,315,459,1010,182866,0.0,0.0
406,Coins,mcet,8,6,rand/1 p=0.50,rand,0.5,-53825612.242427446,-53825612.242427446,0.0,1,0.720469799998682,60,746,406,540,925,213183,0.0,0.0
407,Coins,mcet,8,7,rand/1 p=0.50,rand,0.5,-53825612.242427446,-53825612.242427446,0.0,1,0.4190935998922214,60,405,187,292,640,114951,0.0,0.0
408,Coins,mcet,8,8,rand/1 p=0.50,rand,0.5,-53825612.242427446,-53825612.242427446,0.0,1,0.555168500111904,60,619,312,408,606,159769,0.0,0.0
409,Coins,mcet,8,9,rand/1 p=0.50,rand,0.5,-53825612.242427446,-53825612.242427446,0.0,1,0.675373799924273,60,741,378,498,853,195735,0.0,0.0
410,Coins,mcet,8,0,rand/1 p=1.00,rand,1.0,-53825612.242427446,-53825612.242427446,0.0,1,0.9835554998717271,60,622,622,765,897,301252,0.0,0.0
411,Coins,mcet,8,1,rand/1 p=1.00,rand,1.0,-53825612.242427446,-53825612.242427446,0.0,1,1.2834239999065176,60,861,861,1005,1002,394264,0.0,0.0
412,Coins,mcet,8,2,rand/1 p=1.00,rand,1.0,-53825612.242427446,-53825612.242427446,0.0,1,0.9262521996861324,60,556,556,711,1082,280437,0.0,0.0
413,Coins,mcet,8,3,rand/1 p=1.00,rand,1.0,-53825597.12618058,-53825612.242427446,2.8083743471633796e-07,0,0.9987771000596695,60,645,645,770,774,302857,0.0,0.0
414,Coins,mcet,8,4,rand/1 p=1.00,rand,1.0,-53825612.242427446,-53825612.242427446,0.0,1,0.9663766005542129,60,587,587,746,1129,294245,0.0,0.0
415,Coins,mcet,8,5,rand/1 p=1.00,rand,1.0,-53825612.242427446,-53825612.242427446,0.0,1,1.1143589001731016,60,733,733,866,938,340708,0.0,0.0
416,Coins,mcet,8,6,rand/1 p=1.00,rand,1.0,-53825612.242427446,-53825612.242427446,0.0,1,0.9920574999414384,60,621,621,764,981,300472,0.0,0.0
417,Coins,mcet,8,7,rand/1 p=1.00,rand,1.0,-53825612.242427446,-53825612.242427446,0.0,1,0.77527480002027,60,452,452,585,863,229557,0.0,0.0
418,Coins,mcet,8,8,rand/1 p=1.00,rand,1.0,-53825612.242427446,-53825612.242427446,0.0,1,0.6605609001708217,60,359,359,494,955,194549,0.0,0.0
419,Coins,mcet,8,9,rand/1 p=1.00,rand,1.0,-53825612.242427446,-53825612.242427446,0.0,1,0.6036956000607461,60,296,296,446,1005,175715,0.0,0.0
420,Moon,mcet,6,0,rand/1 p=0,rand,0.0,-140515538.7201231,-140515568.22904932,2.1000467481785506e-07,0,0.06870060000801459,60,289,0,0,0,0,2.1761984747422054,0.8886086612863185
421,Moon,mcet,6,1,rand/1 p=0,rand,0.0,-140515528.18274155,-140515568.22904932,2.849955223973472e-07,0,0.06919770006788895,60,358,0,0,0,0,1.3587180742153029,0.5135877048246761
422,Moon,mcet,6,2,rand/1 p=0,rand,0.0,-140515516.69398236,-140515568.22904932,3.6675699078579455e-07,0,0.06915049970848486,60,300,0,0,0,0,2.0202934466671802,0.7404765706900612
423,Moon,mcet,6,3,rand/1 p=0,rand,0.0,-140515561.79151413,-140515568.22904932,4.5813679421266313e-08,0,0.0678311997326091,60,339,0,0,0,0,1.413317640727734,0.5299976595794531
424,Moon,mcet,6,4,rand/1 p=0,rand,0.0,-140515562.459036,-140515568.22904932,4.1063160510168195e-08,0,0.06945299974177033,60,283,0,0,0,0,1.7560722064702343,0.6428126959866917
425,Moon,mcet,6,5,rand/1 p=0,rand,0.0,-140515497.597697,-140515568.22904932,5.026585539623696e-07,0,0.06866740057012066,60,377,0,0,0,0,0.406327318567386,0.13931498239234455
426,Moon,mcet,6,6,rand/1 p=0,rand,0.0,-140515556.1899828,-140515568.22904932,8.567781260855792e-08,0,0.07021779997739941,60,343,0,0,0,0,1.425086301920389,0.534973652510259
427,Moon,mcet,6,7,rand/1 p=0,rand,0.0,-140515541.44404188,-140515568.22904932,1.906195006331473e-07,0,0.07003979955334216,60,374,0,0,0,0,1.0466438659985406,0.33819269959814163
428,Moon,mcet,6,8,rand/1 p=0,rand,0.0,-140515564.54615635,-140515568.22904932,2.620985720377991e-08,0,0.07033880002563819,60,388,0,0,0,0,0.490925260366347,0.11581909131425107
429,Moon,mcet,6,9,rand/1 p=0,rand,0.0,-140515549.80021548,-140515568.22904932,1.3115154480418393e-07,0,0.07108879968291149,60,381,0,0,0,0,0.6823723783195204,0.20782822833062972
430,Moon,mcet,6,0,rand/1 p=0.05,rand,0.05,-140515568.22904932,-140515568.22904932,0.0,1,0.12430880026658997,60,322,17,45,120,17214,1.2738273060976115,0.4026128921364193
431,Moon,mcet,6,1,rand/1 p=0.05,rand,0.05,-140515568.22904932,-140515568.22904932,0.0,1,0.1295310000423342,60,406,24,53,112,19816,0.41549909446637984,0.10849294151154217
432,Moon,mcet,6,2,rand/1 p=0.05,rand,0.05,-140515568.22904932,-140515568.22904932,0.0,1,0.09812249970855191,60,260,8,25,87,9556,1.8961587768215409,0.7947058578088724
433,Moon,mcet,6,3,rand/1 p=0.05,rand,0.05,-140515568.22904932,-140515568.22904932,0.0,1,0.1320920000434853,60,458,25,53,140,20310,0.09499999999999745,0.03632415786283894
434,Moon,mcet,6,4,rand/1 p=0.05,rand,0.05,-140515568.22904932,-140515568.22904932,0.0,1,0.10868359979940578,60,519,18,35,67,13284,0.0,0.0
435,Moon,mcet,6,5,rand/1 p=0.05,rand,0.05,-140515568.22904932,-140515568.22904932,0.0,1,0.14415419974830002,60,650,35,65,135,24505,0.0,0.0
436,Moon,mcet,6,6,rand/1 p=0.05,rand,0.05,-140515568.22904932,-140515568.22904932,0.0,1,0.12595090013928711,60,346,16,50,136,19437,1.2271258917377619,0.3895992862213193
437,Moon,mcet,6,7,rand/1 p=0.05,rand,0.05,-140515564.54615635,-140515568.22904932,2.620985720377991e-08,0,0.13838590012164786,60,370,22,61,155,23043,0.0,0.0
438,Moon,mcet,6,8,rand/1 p=0.05,rand,0.05,-140515564.54615635,-140515568.22904932,2.620985720377991e-08,0,0.10538520017871633,60,519,17,33,73,12073,0.31999999999999956,0.06666666666666667
439,Moon,mcet,6,9,rand/1 p=0.05,rand,0.05,-140515549.80021548,-140515568.22904932,1.3115154480418393e-07,0,0.15016210009343922,60,511,30,68,194,26432,0.0,0.0
440,Moon,mcet,6,0,rand/1 p=0.10,rand,0.1,-140515568.22904932,-140515568.22904932,0.0,1,0.17909350042464212,60,531,54,99,161,36986,0.0,0.0
441,Moon,mcet,6,1,rand/1 p=0.10,rand,0.1,-140515549.80021548,-140515568.22904932,1.3115154480418393e-07,0,0.17960689991014078,60,684,64,99,143,36982,0.0,0.0
442,Moon,mcet,6,2,rand/1 p=0.10,rand,0.1,-140515549.80021548,-140515568.22904932,1.3115154480418393e-07,0,0.19997409998904914,60,587,64,109,198,41416,0.0,0.0
443,Moon,mcet,6,3,rand/1 p=0.10,rand,0.1,-140515568.22904932,-140515568.22904932,0.0,1,0.17999649984994903,60,481,46,98,200,36574,0.254999999999999,0.05951190357119041
444,Moon,mcet,6,4,rand/1 p=0.10,rand,0.1,-140515568.22904932,-140515568.22904932,0.0,1,0.19403720018453896,60,641,69,110,177,41176,0.0,0.0
445,Moon,mcet,6,5,rand/1 p=0.10,rand,0.1,-140515568.22904932,-140515568.22904932,0.0,1,0.18411269958596677,60,529,54,103,222,38661,0.0,0.0
446,Moon,mcet,6,6,rand/1 p=0.10,rand,0.1,-140515564.54615635,-140515568.22904932,2.620985720377991e-08,0,0.20396290003554896,60,679,66,117,222,44236,0.0,0.0
447,Moon,mcet,6,7,rand/1 p=0.10,rand,0.1,-140515568.22904932,-140515568.22904932,0.0,1,0.1687875000643544,60,316,33,87,212,32512,0.0,0.0
448,Moon,mcet,6,8,rand/1 p=0.10,rand,0.1,-140515568.22904932,-140515568.22904932,0.0,1,0.1684508000034839,60,326,32,87,212,32778,0.375,0.07216878364870322
449,Moon,mcet,6,9,rand/1 p=0.10,rand,0.1,-140515568.22904932,-140515568.22904932,0.0,1,0.17593080026563257,60,537,50,93,195,35596,0.0,0.0
450,Moon,mcet,6,0,rand/1 p=0.15,rand,0.15,-140515568.22904932,-140515568.22904932,0.0,1,0.21360889950301498,60,471,66,124,211,46188,0.0,0.0
451,Moon,mcet,6,1,rand/1 p=0.15,rand,0.15,-140515568.22904932,-140515568.22904932,0.0,1,0.20704959973227233,60,531,74,121,185,45227,0.0,0.0
452,Moon,mcet,6,2,rand/1 p=0.15,rand,0.15,-140515568.22904932,-140515568.22904932,0.0,1,0.2609017999493517,60,552,90,170,338,63957,0.0,0.0
453,Moon,mcet,6,3,rand/1 p=0.15,rand,0.15,-140515568.22904932,-140515568.22904932,0.0,1,0.273219799855724,60,648,119,181,269,67648,0.0,0.0
454,Moon,mcet,6,4,rand/1 p=0.15,rand,0.15,-140515568.22904932,-140515568.22904932,0.0,1,0.24750399973709136,60,589,93,159,319,59716,0.0,0.0
455,Moon,mcet,6,5,rand/1 p=0.15,rand,0.15,-140515568.22904932,-140515568.22904932,0.0,1,0.22115199983818457,60,549,83,136,242,51317,0.0,0.0
456,Moon,mcet,6,6,rand/1 p=0.15,rand,0.15,-140515564.54615635,-140515568.22904932,2.620985720377991e-08,0,0.264594400068745,60,704,108,171,296,65074,0.0,0.0
457,Moon,mcet,6,7,rand/1 p=0.15,rand,0.15,-140515568.22904932,-140515568.22904932,0.0,1,0.23245700006373227,60,447,67,142,318,54076,0.0,0.0
458,Moon,mcet,6,8,rand/1 p=0.15,rand,0.15,-140515568.22904932,-140515568.22904932,0.0,1,0.22560120013076812,60,676,88,138,242,51716,0.0,0.0
459,Moon,mcet,6,9,rand/1 p=0.15,rand,0.15,-140515568.22904932,-140515568.22904932,0.0,1,0.2647553997230716,60,680,115,171,281,64894,0.0,0.0
460,Moon,mcet,6,0,rand/1 p=0.25,rand,0.25,-140515568.22904932,-140515568.22904932,0.0,1,0.38521750015206635,60,828,219,278,271,104048,0.0,0.0
461,Moon,mcet,6,1,rand/1 p=0.25,rand,0.25,-140515568.22904932,-140515568.22904932,0.0,1,0.37549569993279874,60,749,213,271,259,100805,0.0,0.0
462,Moon,mcet,6,2,rand/1 p=0.25,rand,0.25,-140515568.22904932,-140515568.22904932,0.0,1,0.3625379999866709,60,736,186,260,304,97218,0.0,0.0
463,Moon,mcet,6,3,rand/1 p=0.25,rand,0.25,-140515568.22904932,-140515568.22904932,0.0,1,0.33236599987139925,60,621,153,230,335,86416,0.0,0.0
464,Moon,mcet,6,4,rand/1 p=0.25,rand,0.25,-140515568.22904932,-140515568.22904932,0.0,1,0.35971699986839667,60,684,180,258,342,96391,0.0,0.0
465,Moon,mcet,6,5,rand/1 p=0.25,rand,0.25,-140515568.22904932,-140515568.22904932,0.0,1,0.33876769978087395,60,589,156,236,406,88711,0.0,0.0
466,Moon,mcet,6,6,rand/1 p=0.25,rand,0.25,-140515564.54615635,-140515568.22904932,2.620985720377991e-08,0,0.3348002004204318,60,629,148,233,392,88826,0.0,0.0
467,Moon,mcet,6,7,rand/1 p=0.25,rand,0.25,-140515568.22904932,-140515568.22904932,0.0,1,0.3571927000884898,60,635,168,252,389,95247,0.0,0.0
468,Moon,mcet,6,8,rand/1 p=0.25,rand,0.25,-140515568.22904932,-140515568.22904932,0.0,1,0.34866439981851727,60,702,182,248,322,92609,0.0,0.0
469,Moon,mcet,6,9,rand/1 p=0.25,rand,0.25,-140515568.22904932,-140515568.22904932,0.0,1,0.3762641999637708,60,776,203,271,324,101832,0.0,0.0
470,Moon,mcet,6,0,rand/1 p=0.50,rand,0.5,-140515568.22904932,-140515568.22904932,0.0,1,0.6459873999701813,60,840,418,510,444,190781,0.0,0.0
471,Moon,mcet,6,1,rand/1 p=0.50,rand,0.5,-140515568.22904932,-140515568.22904932,0.0,1,0.7035180001403205,60,890,452,560,470,209032,0.0,0.0
472,Moon,mcet,6,2,rand/1 p=0.50,rand,0.5,-140515568.22904932,-140515568.22904932,0.0,1,0.6645370000042021,60,836,424,528,461,197070,0.0,0.0
473,Moon,mcet,6,3,rand/1 p=0.50,rand,0.5,-140515564.54615635,-140515568.22904932,2.620985720377991e-08,0,0.7260344995884225,60,897,474,575,476,214116,0.0,0.0
474,Moon,mcet,6,4,rand/1 p=0.50,rand,0.5,-140515568.22904932,-140515568.22904932,0.0,1,0.5543043999932706,60,728,334,422,420,158135,0.0,0.0
475,Moon,mcet,6,5,rand/1 p=0.50,rand,0.5,-140515568.22904932,-140515568.22904932,0.0,1,0.6578034000704065,60,854,428,523,459,195078,0.0,0.0
476,Moon,mcet,6,6,rand/1 p=0.50,rand,0.5,-140515564.54615635,-140515568.22904932,2.620985720377991e-08,0,0.717760099680163,60,905,472,569,493,213395,0.0,0.0
477,Moon,mcet,6,7,rand/1 p=0.50,rand,0.5,-140515568.22904932,-140515568.22904932,0.0,1,0.6054247000720352,60,784,374,473,443,176495,0.0,0.0
478,Moon,mcet,6,8,rand/1 p=0.50,rand,0.5,-140515568.22904932,-140515568.22904932,0.0,1,0.6343975001364015,60,822,410,505,431,187154,0.0,0.0
479,Moon,mcet,6,9,rand/1 p=0.50,rand,0.5,-140515568.22904932,-140515568.22904932,0.0,1,0.569933500199113,60,708,342,442,468,165806,0.0,0.0
480,Moon,mcet,6,0,rand/1 p=1.00,rand,1.0,-140515568.22904932,-140515568.22904932,0.0,1,1.2750995001406409,60,948,948,1073,577,399603,0.0,0.0
481,Moon,mcet,6,1,rand/1 p=1.00,rand,1.0,-140515564.54615635,-140515568.22904932,2.620985720377991e-08,0,1.224032299942337,60,887,887,1031,653,384705,0.0,0.0
482,Moon,mcet,6,2,rand/1 p=1.00,rand,1.0,-140515568.22904932,-140515568.22904932,0.0,1,1.2728344001225196,60,951,951,1084,585,403195,0.0,0.0
483,Moon,mcet,6,3,rand/1 p=1.00,rand,1.0,-140515568.22904932,-140515568.22904932,0.0,1,1.09851289994549,60,808,808,922,505,342657,0.0,0.0
484,Moon,mcet,6,4,rand/1 p=1.00,rand,1.0,-140515568.22904932,-140515568.22904932,0.0,1,1.1497817997587845,60,850,850,969,537,360355,0.0,0.0
485,Moon,mcet,6,5,rand/1 p=1.00,rand,1.0,-140515568.22904932,-140515568.22904932,0.0,1,1.1602043999591842,60,855,855,982,549,364648,0.0,0.0
486,Moon,mcet,6,6,rand/1 p=1.00,rand,1.0,-140515568.22904932,-140515568.22904932,0.0,1,1.098797500191722,60,789,789,927,635,345007,0.0,0.0
487,Moon,mcet,6,7,rand/1 p=1.00,rand,1.0,-140515564.54615635,-140515568.22904932,2.620985720377991e-08,0,1.1851128996349871,60,859,859,997,618,371744,0.0,0.0
488,Moon,mcet,6,8,rand/1 p=1.00,rand,1.0,-140515568.22904932,-140515568.22904932,0.0,1,1.1366933999815956,60,824,824,956,585,354591,0.0,0.0
489,Moon,mcet,6,9,rand/1 p=1.00,rand,1.0,-140515568.22904932,-140515568.22904932,0.0,1,1.2114857996930368,60,881,881,1012,612,376997,0.0,0.0
490,Moon,mcet,7,0,rand/1 p=0,rand,0.0,-140520140.70903185,-140520584.76795024,3.1600987081002968e-06,0,0.07252429996151477,60,340,0,0,0,0,3.5672863362594667,1.1626256352253492
491,Moon,mcet,7,1,rand/1 p=0,rand,0.0,-140520057.6051722,-140520584.76795024,3.75149860726983e-06,0,0.07237669982714579,60,278,0,0,0,0,6.476682508038303,2.1245880468338503
492,Moon,mcet,7,2,rand/1 p=0,rand,0.0,-140520019.09019718,-140520584.76795024,4.02558638647279e-06,0,0.07377080037258565,60,373,0,0,0,0,3.5164214614186284,1.0975336707310765
493,Moon,mcet,7,3,rand/1 p=0,rand,0.0,-140520513.48676288,-140520584.76795024,5.07265091966626e-07,0,0.07306879974203184,60,295,0,0,0,0,2.4425163309164404,0.8672758411922871
494,Moon,mcet,7,4,rand/1 p=0,rand,0.0,-140520176.49332014,-140520584.76795024,2.9054435745036395e-06,0,0.07369419967290014,60,398,0,0,0,0,1.0429554554870226,0.3386956723073555
495,Moon,mcet,7,5,rand/1 p=0,rand,0.0,-140520146.74012315,-140520584.76795024,3.117179079544859e-06,0,0.07179629971506074,60,326,0,0,0,0,2.6777933350203815,0.7783150502320056
496,Moon,mcet,7,6,rand/1 p=0,rand,0.0,-140520064.01136923,-140520584.76795024,3.705909578076335e-06,0,0.07344060012837872,60,300,0,0,0,0,3.6012835997236805,1.175847544894254
497,Moon,mcet,7,7,rand/1 p=0,rand,0.0,-140520508.4902151,-140520584.76795024,5.428225001330712e-07,0,0.0736268003238365,60,282,0,0,0,0,4.232517014920813,1.5404677263413369
498,Moon,mcet,7,8,rand/1 p=0,rand,0.0,-140520381.9591496,-140520584.76795024,1.443267553808091e-06,0,0.07307279977248982,60,315,0,0,0,0,2.016846700191299,0.6819856875398785
499,Moon,mcet,7,9,rand/1 p=0,rand,0.0,-140519445.75383967,-140520584.76795024,8.105674428028501e-06,0,0.07217960007255897,60,370,0,0,0,0,2.3973003852130406,0.7759530618943321
500,Moon,mcet,7,0,rand/1 p=0.05,rand,0.05,-140520093.55621678,-140520584.76795024,3.495656769942942e-06,0,0.16556269978173077,60,640,41,73,149,29456,0.3199999999999932,0.057142857142857155
501,Moon,mcet,7,1,rand/1 p=0.05,rand,0.05,-140520584.76795024,-140520584.76795024,0.0,1,0.15414199978113174,60,476,30,68,153,26187,0.0,0.0
502,Moon,mcet,7,2,rand/1 p=0.05,rand,0.05,-140520584.76795024,-140520584.76795024,0.0,1,0.14048239961266518,60,270,15,56,142,21728,2.3427407520730417,0.8429841502551644
503,Moon,mcet,7,3,rand/1 p=0.05,rand,0.05,-140520177.42133823,-140520584.76795024,2.8988394310990157e-06,0,0.12376669986406341,60,297,15,42,139,16981,0.9191327160539512,0.27629609619516676
504,Moon,mcet,7,4,rand/1 p=0.05,rand,0.05,-140520584.76795024,-140520584.76795024,0.0,1,0.12041989958379418,60,276,12,42,146,16130,0.6779614734446342,0.19021924866984646
505,Moon,mcet,7,5,rand/1 p=0.05,rand,0.05,-140520584.76795024,-140520584.76795024,0.0,1,0.11453600029926747,60,285,11,36,109,14205,1.6559936125620585,0.4950877019714996
506,Moon,mcet,7,6,rand/1 p=0.05,rand,0.05,-140520177.42133823,-140520584.76795024,2.8988394310990157e-06,0,0.1207486999919638,60,511,18,37,109,15430,0.0,0.0
507,Moon,mcet,7,7,rand/1 p=0.05,rand,0.05,-140520117.8154098,-140520584.76795024,3.3230187676670437e-06,0,0.10991640010615811,60,264,10,29,102,11785,7.4308450069035645,2.6080575168785467
508,Moon,mcet,7,8,rand/1 p=0.05,rand,0.05,-140520584.76795024,-140520584.76795024,0.0,1,0.13067589985439554,60,269,16,49,131,18927,0.7601545750132683,0.2147516504321672
509,Moon,mcet,7,9,rand/1 p=0.05,rand,0.05,-140520177.42133823,-140520584.76795024,2.8988394310990157e-06,0,0.12733830010984093,60,465,22,45,123,17990,0.09499999999999745,0.03113499245386195
510,Moon,mcet,7,0,rand/1 p=0.10,rand,0.1,-140520584.76795024,-140520584.76795024,0.0,1,0.15413679991615936,60,294,21,66,196,25987,0.6814092970976109,0.19095784308964828
511,Moon,mcet,7,1,rand/1 p=0.10,rand,0.1,-140520584.76795024,-140520584.76795024,0.0,1,0.20226960035506636,60,262,42,111,280,43527,0.0,0.0
512,Moon,mcet,7,2,rand/1 p=0.10,rand,0.1,-140520584.76795024,-140520584.76795024,0.0,1,0.18563109991373494,60,375,39,97,232,37866,0.0,0.0
513,Moon,mcet,7,3,rand/1 p=0.10,rand,0.1,-140520584.76795024,-140520584.76795024,0.0,1,0.1883364001987502,60,359,36,97,280,38333,0.0,0.0
514,Moon,mcet,7,4,rand/1 p=0.10,rand,0.1,-140520578.34774607,-140520584.76795024,4.5688709402965485e-08,0,0.1522535000112839,60,239,22,67,169,26425,2.1011107865585403,0.7410062131488843
515,Moon,mcet,7,5,rand/1 p=0.10,rand,0.1,-140520584.76795024,-140520584.76795024,0.0,1,0.1257848004461266,60,221,12,44,172,17772,8.115923390007147,4.118654260200867
516,Moon,mcet,7,6,rand/1 p=0.10,rand,0.1,-140520177.42133823,-140520584.76795024,2.8988394310990157e-06,0,0.1966269001713954,60,585,61,101,202,41352,0.0,0.0
517,Moon,mcet,7,7,rand/1 p=0.10,rand,0.1,-140520584.76795024,-140520584.76795024,0.0,1,0.15024669986451045,60,414,30,67,142,26302,0.0,0.0
518,Moon,mcet,7,8,rand/1 p=0.10,rand,0.1,-140520584.76795024,-140520584.76795024,0.0,1,0.17793239979073405,60,515,42,89,200,34136,0.0,0.0
519,Moon,mcet,7,9,rand/1 p=0.10,rand,0.1,-140520584.76795024,-140520584.76795024,0.0,1,0.1800046000862494,60,506,49,94,187,36168,0.0,0.0
520,Moon,mcet,7,0,rand/1 p=0.15,rand,0.15,-140520584.76795024,-140520584.76795024,0.0,1,0.224419999984093,60,384,61,128,304,49984,0.0,0.0
521,Moon,mcet,7,1,rand/1 p=0.15,rand,0.15,-140520584.76795024,-140520584.76795024,0.0,1,0.22163919993909076,60,332,52,128,313,49947,0.0,0.0
522,Moon,mcet,7,2,rand/1 p=0.15,rand,0.15,-140520584.76795024,-140520584.76795024,0.0,1,0.20444069983204827,60,339,49,112,264,43668,0.0,0.0
523,Moon,mcet,7,3,rand/1 p=0.15,rand,0.15,-140520584.76795024,-140520584.76795024,0.0,1,0.20114000007743016,60,287,45,109,274,42948,0.0,0.0
524,Moon,mcet,7,4,rand/1 p=0.15,rand,0.15,-140520364.732936,-140520584.76795024,1.5658560957833356e-06,0,0.22824330016737804,60,483,68,128,286,50587,0.0,0.0
525,Moon,mcet,7,5,rand/1 p=0.15,rand,0.15,-140520584.76795024,-140520584.76795024,0.0,1,0.21417419938370585,60,417,56,122,261,47237,0.0,0.0
526,Moon,mcet,7,6,rand/1 p=0.15,rand,0.15,-140520177.42133823,-140520584.76795024,2.8988394310990157e-06,0,0.24198100034845993,60,546,88,138,276,56363,0.0,0.0
527,Moon,mcet,7,7,rand/1 p=0.15,rand,0.15,-140520584.76795024,-140520584.76795024,0.0,1,0.20832080021500587,60,309,47,111,269,43505,0.0,0.0
528,Moon,mcet,7,8,rand/1 p=0.15,rand,0.15,-140520584.76795024,-140520584.76795024,0.0,1,0.20796629990218207,60,457,56,112,211,43462,0.0,0.0
529,Moon,mcet,7,9,rand/1 p=0.15,rand,0.15,-140520584.76795024,-140520584.76795024,0.0,1,0.21716419991571456,60,416,53,125,318,47955,0.0,0.0
530,Moon,mcet,7,0,rand/1 p=0.25,rand,0.25,-140520584.76795024,-140520584.76795024,0.0,1,0.34081459982553497,60,633,153,230,330,88514,0.0,0.0
531,Moon,mcet,7,1,rand/1 p=0.25,rand,0.25,-140520584.76795024,-140520584.76795024,0.0,1,0.29888889990979806,60,463,113,191,356,74263,0.0,0.0
532,Moon,mcet,7,2,rand/1 p=0.25,rand,0.25,-140520584.76795024,-140520584.76795024,0.0,1,0.33169899991480634,60,513,131,223,425,85563,0.0,0.0
533,Moon,mcet,7,3,rand/1 p=0.25,rand,0.25,-140520177.42133823,-140520584.76795024,2.8988394310990157e-06,0,0.29254590009804815,60,464,116,182,369,73317,0.0,0.0
534,Moon,mcet,7,4,rand/1 p=0.25,rand,0.25,-140520584.76795024,-140520584.76795024,0.0,1,0.27273580012843013,60,348,79,172,396,67505,0.0,0.0
535,Moon,mcet,7,5,rand/1 p=0.25,rand,0.25,-140520177.42133823,-140520584.76795024,2.8988394310990157e-06,0,0.32370510016335174,60,526,128,202,375,81946,0.0,0.0
536,Moon,mcet,7,6,rand/1 p=0.25,rand,0.25,-140520177.42133823,-140520584.76795024,2.8988394310990157e-06,0,0.35387339995941147,60,701,161,225,317,91248,0.0,0.0
537,Moon,mcet,7,7,rand/1 p=0.25,rand,0.25,-140520177.42133823,-140520584.76795024,2.8988394310990157e-06,0,0.36673449992667884,60,675,179,238,345,96234,0.0,0.0
538,Moon,mcet,7,8,rand/1 p=0.25,rand,0.25,-140520584.76795024,-140520584.76795024,0.0,1,0.34430589992552996,60,690,160,236,321,90298,0.0,0.0
539,Moon,mcet,7,9,rand/1 p=0.25,rand,0.25,-140520584.76795024,-140520584.76795024,0.0,1,0.30855069996323436,60,473,115,204,435,78508,0.0,0.0
540,Moon,mcet,7,0,rand/1 p=0.50,rand,0.5,-140520177.42133823,-140520584.76795024,2.8988394310990157e-06,0,0.6422168001881801,60,822,389,467,444,188287,0.0,0.0
541,Moon,mcet,7,1,rand/1 p=0.50,rand,0.5,-140520584.76795024,-140520584.76795024,0.0,1,0.6341664998326451,60,754,362,482,522,184895,0.0,0.0
542,Moon,mcet,7,2,rand/1 p=0.50,rand,0.5,-140520584.76795024,-140520584.76795024,0.0,1,0.7118557001813315,60,861,454,553,457,210625,0.0,0.0
543,Moon,mcet,7,3,rand/1 p=0.50,rand,0.5,-140520584.76795024,-140520584.76795024,0.0,1,0.593620799772907,60,655,333,448,562,171175,0.0,0.0
544,Moon,mcet,7,4,rand/1 p=0.50,rand,0.5,-140520584.76795024,-140520584.76795024,0.0,1,0.42442519997712225,60,406,189,301,531,117568,0.0,0.0
545,Moon,mcet,7,5,rand/1 p=0.50,rand,0.5,-140520584.76795024,-140520584.76795024,0.0,1,0.6718293003505096,60,729,395,519,561,199303,0.0,0.0
546,Moon,mcet,7,6,rand/1 p=0.50,rand,0.5,-140520584.76795024,-140520584.76795024,0.0,1,0.5780298004392534,60,545,280,428,638,166465,0.0,0.0
547,Moon,mcet,7,7,rand/1 p=0.50,rand,0.5,-140520584.76795024,-140520584.76795024,0.0,1,0.5630264999344945,60,600,304,420,524,161891,0.0,0.0
548,Moon,mcet,7,8,rand/1 p=0.50,rand,0.5,-140520584.76795024,-140520584.76795024,0.0,1,0.6347005001734942,60,674,353,482,545,183935,0.0,0.0
549,Moon,mcet,7,9,rand/1 p=0.50,rand,0.5,-140520584.76795024,-140520584.76795024,0.0,1,0.5897122998139821,60,616,323,449,599,172293,0.0,0.0
550,Moon,mcet,7,0,rand/1 p=1.00,rand,1.0,-140520584.76795024,-140520584.76795024,0.0,1,1.3051436001551338,60,950,950,1077,608,410089,0.0,0.0
551,Moon,mcet,7,1,rand/1 p=1.00,rand,1.0,-140520584.76795024,-140520584.76795024,0.0,1,1.2066987999132834,60,862,862,990,580,375935,0.0,0.0
552,Moon,mcet,7,2,rand/1 p=1.00,rand,1.0,-140520584.76795024,-140520584.76795024,0.0,1,1.1494244998903014,60,800,800,938,606,357944,0.0,0.0
553,Moon,mcet,7,3,rand/1 p=1.00,rand,1.0,-140520584.76795024,-140520584.76795024,0.0,1,1.005118099390529,60,657,657,807,647,308616,0.0,0.0
554,Moon,mcet,7,4,rand/1 p=1.00,rand,1.0,-140520584.76795024,-140520584.76795024,0.0,1,0.9843261006171815,60,624,624,783,675,300797,0.0,0.0
555,Moon,mcet,7,5,rand/1 p=1.00,rand,1.0,-140520177.42133823,-140520584.76795024,2.8988394310990157e-06,0,1.2424016000586562,60,849,849,961,598,386398,0.0,0.0
556,Moon,mcet,7,6,rand/1 p=1.00,rand,1.0,-140520177.42133823,-140520584.76795024,2.8988394310990157e-06,0,1.3661585001973435,60,945,945,1062,655,427734,0.0,0.0
557,Moon,mcet,7,7,rand/1 p=1.00,rand,1.0,-140520584.76795024,-140520584.76795024,0.0,1,1.232217199925799,60,880,880,1009,651,383956,0.0,0.0
558,Moon,mcet,7,8,rand/1 p=1.00,rand,1.0,-140520584.76795024,-140520584.76795024,0.0,1,1.1094647999852896,60,772,772,902,597,343553,0.0,0.0
559,Moon,mcet,7,9,rand/1 p=1.00,rand,1.0,-140520584.76795024,-140520584.76795024,0.0,1,1.2462141002179123,60,872,872,1005,605,383478,0.0,0.0
560,Moon,mcet,8,0,rand/1 p=0,rand,0.0,-140525045.17663524,-140525050.37989533,3.70272779113823e-08,0,0.07433360000140965,60,326,0,0,0,0,3.483884130383611,0.8583551307237979
561,Moon,mcet,8,1,rand/1 p=0,rand,0.0,-140525045.5503241,-140525050.37989533,3.4368044731115543e-08,0,0.07400250009959564,60,344,0,0,0,0,2.3445065455580076,0.7270120488165094
562,Moon,mcet,8,2,rand/1 p=0,rand,0.0,-140524996.02408057,-140525050.37989533,3.8680516112975907e-07,0,0.07508490019245073,60,363,0,0,0,0,1.7932271067623797,0.44786451560706525
563,Moon,mcet,8,3,rand/1 p=0,rand,0.0,-140524999.60073534,-140525050.37989533,3.6135308157269417e-07,0,0.0745599995716475,60,394,0,0,0,0,0.9550941456139274,0.20383279828647594
564,Moon,mcet,8,4,rand/1 p=0,rand,0.0,-140524976.07865396,-140525050.37989533,5.287401866584599e-07,0,0.0764046001713723,60,351,0,0,0,0,3.5621907982970433,1.0821672588796845
565,Moon,mcet,8,5,rand/1 p=0,rand,0.0,-140524980.34632188,-140525050.37989533,4.983707407279291e-07,0,0.07612100016558543,60,322,0,0,0,0,3.719554069158358,0.9666877199582897
566,Moon,mcet,8,6,rand/1 p=0,rand,0.0,-140525000.77095526,-140525050.37989533,3.530255988579566e-07,0,0.07797519996529445,60,356,0,0,0,0,3.2146512948371915,0.9103276636391315
567,Moon,mcet,8,7,rand/1 p=0,rand,0.0,-140524949.30303016,-140525050.37989533,7.192800493091771e-07,0,0.07708350027678534,60,332,0,0,0,0,3.1393677876301993,0.9948018707229989
568,Moon,mcet,8,8,rand/1 p=0,rand,0.0,-140525006.1342978,-140525050.37989533,3.148591473315165e-07,0,0.07615849963622168,60,316,0,0,0,0,2.0054121112901813,0.6622150476928963
569,Moon,mcet,8,9,rand/1 p=0,rand,0.0,-140523795.9213457,-140525050.37989533,8.926938977978791e-06,0,0.07557909988099709,60,317,0,0,0,0,4.799754324311015,1.4486183561760346
570,Moon,mcet,8,0,rand/1 p=0.05,rand,0.05,-140525050.37989533,-140525050.37989533,0.0,1,0.16595019976375625,60,661,38,70,200,28669,0.0,0.0
571,Moon,mcet,8,1,rand/1 p=0.05,rand,0.05,-140525050.37989533,-140525050.37989533,0.0,1,0.18022730015218258,60,608,41,81,245,33502,0.0,0.0
572,Moon,mcet,8,2,rand/1 p=0.05,rand,0.05,-140525050.37989533,-140525050.37989533,0.0,1,0.15448509948328137,60,515,32,61,141,24750,0.17999999999999972,0.03749999999999999
573,Moon,mcet,8,3,rand/1 p=0.05,rand,0.05,-140525050.37989533,-140525050.37989533,0.0,1,0.15747169975657016,60,575,27,63,182,25768,0.0,0.0
574,Moon,mcet,8,4,rand/1 p=0.05,rand,0.05,-140525050.37989533,-140525050.37989533,0.0,1,0.18572629988193512,60,746,43,86,263,35197,0.0,0.0
575,Moon,mcet,8,5,rand/1 p=0.05,rand,0.05,-140525050.37989533,-140525050.37989533,0.0,1,0.18430419987998903,60,710,39,80,277,34013,0.0,0.0
576,Moon,mcet,8,6,rand/1 p=0.05,rand,0.05,-140525050.37989533,-140525050.37989533,0.0,1,0.16133089968934655,60,709,35,65,177,26530,0.0,0.0
577,Moon,mcet,8,7,rand/1 p=0.05,rand,0.05,-140525050.37989533,-140525050.37989533,0.0,1,0.14067070023156703,60,348,16,51,222,20777,0.23293410386669425,0.0647431183971292
578,Moon,mcet,8,8,rand/1 p=0.05,rand,0.05,-140525050.37989533,-140525050.37989533,0.0,1,0.14666190004209056,60,708,35,54,104,22243,0.0,0.0
579,Moon,mcet,8,9,rand/1 p=0.05,rand,0.05,-140525050.37989533,-140525050.37989533,0.0,1,0.11517919978359714,60,435,12,31,116,12700,0.0,0.0
580,Moon,mcet,8,0,rand/1 p=0.10,rand,0.1,-140525050.37989533,-140525050.37989533,0.0,1,0.2240788999479264,60,799,78,116,240,47510,0.0,0.0
581,Moon,mcet,8,1,rand/1 p=0.10,rand,0.1,-140525050.37989533,-140525050.37989533,0.0,1,0.23553880030522123,60,748,76,123,270,50642,0.0,0.0
582,Moon,mcet,8,2,rand/1 p=0.10,rand,0.1,-140525050.37989533,-140525050.37989533,0.0,1,0.21573120006360114,60,574,57,111,306,45365,0.375,0.05412658773652741
583,Moon,mcet,8,3,rand/1 p=0.10,rand,0.1,-140525050.37989533,-140525050.37989533,0.0,1,0.25067950010998175,60,756,90,141,274,56833,0.0,0.0
584,Moon,mcet,8,4,rand/1 p=0.10,rand,0.1,-140525050.37989533,-140525050.37989533,0.0,1,0.2576447000610642,60,624,74,143,421,58427,0.0,0.0
585,Moon,mcet,8,5,rand/1 p=0.10,rand,0.1,-140525050.37989533,-140525050.37989533,0.0,1,0.2557142999721691,60,783,85,143,388,59752,0.0,0.0
586,Moon,mcet,8,6,rand/1 p=0.10,rand,0.1,-140525050.37989533,-140525050.37989533,0.0,1,0.19647510017966852,60,674,61,95,198,39111,0.0,0.0
587,Moon,mcet,8,7,rand/1 p=0.10,rand,0.1,-140525050.37989533,-140525050.37989533,0.0,1,0.19332789978943765,60,485,38,91,326,37007,0.375,0.05412658773652741
588,Moon,mcet,8,8,rand/1 p=0.10,rand,0.1,-140525050.37989533,-140525050.37989533,0.0,1,0.19512030010810122,60,655,63,93,144,38246,0.0,0.0
589,Moon,mcet,8,9,rand/1 p=0.10,rand,0.1,-140525050.37989533,-140525050.37989533,0.0,1,0.23377530014840886,60,799,77,121,277,49520,0.0,0.0
590,Moon,mcet,8,0,rand/1 p=0.15,rand,0.15,-140525050.37989533,-140525050.37989533,0.0,1,0.31454080005642027,60,831,129,190,357,77850,0.0,0.0
591,Moon,mcet,8,1,rand/1 p=0.15,rand,0.15,-140525050.37989533,-140525050.37989533,0.0,1,0.33010019996436313,60,899,136,203,432,83770,0.0,0.0
592,Moon,mcet,8,2,rand/1 p=0.15,rand,0.15,-140525050.37989533,-140525050.37989533,0.0,1,0.2932598998886533,60,763,117,173,340,71171,0.0,0.0
593,Moon,mcet,8,3,rand/1 p=0.15,rand,0.15,-140525050.37989533,-140525050.37989533,0.0,1,0.3124905001022853,60,799,123,188,418,77424,0.0,0.0
594,Moon,mcet,8,4,rand/1 p=0.15,rand,0.15,-140525050.37989533,-140525050.37989533,0.0,1,0.33706880029058084,60,874,138,208,385,85551,0.0,0.0
595,Moon,mcet,8,5,rand/1 p=0.15,rand,0.15,-140525050.37989533,-140525050.37989533,0.0,1,0.2775478000403382,60,788,107,159,368,66092,0.0,0.0
596,Moon,mcet,8,6,rand/1 p=0.15,rand,0.15,-140525050.37989533,-140525050.37989533,0.0,1,0.28054549981607124,60,752,104,165,360,68295,0.17999999999999972,0.037500000000000006
597,Moon,mcet,8,7,rand/1 p=0.15,rand,0.15,-140525050.37989533,-140525050.37989533,0.0,1,0.28041260002646595,60,786,107,160,375,66013,0.0,0.0
598,Moon,mcet,8,8,rand/1 p=0.15,rand,0.15,-140525050.37989533,-140525050.37989533,0.0,1,0.29398709995439276,60,794,125,174,284,70944,0.0,0.0
599,Moon,mcet,8,9,rand/1 p=0.15,rand,0.15,-140525050.37989533,-140525050.37989533,0.0,1,0.2837095999857411,60,828,111,168,321,69097,0.0,0.0
600,Moon,mcet,8,0,rand/1 p=0.25,rand,0.25,-140525050.37989533,-140525050.37989533,0.0,1,0.39955259987618774,60,855,193,263,374,107317,0.0,0.0
601,Moon,mcet,8,1,rand/1 p=0.25,rand,0.25,-140525050.37989533,-140525050.37989533,0.0,1,0.4332180997589603,60,838,201,287,522,118174,0.0,0.0
602,Moon,mcet,8,2,rand/1 p=0.25,rand,0.25,-140525050.37989533,-140525050.37989533,0.0,1,0.43217289994936436,60,944,221,289,443,118572,0.0,0.0
603,Moon,mcet,8,3,rand/1 p=0.25,rand,0.25,-140525050.37989533,-140525050.37989533,0.0,1,0.41796379984589294,60,866,205,277,471,114063,0.0,0.0
604,Moon,mcet,8,4,rand/1 p=0.25,rand,0.25,-140525050.37989533,-140525050.37989533,0.0,1,0.4323225999251008,60,845,210,282,451,115934,0.0,0.0
605,Moon,mcet,8,5,rand/1 p=0.25,rand,0.25,-140525050.37989533,-140525050.37989533,0.0,1,0.4454689000849612,60,905,225,297,403,122388,0.0,0.0
606,Moon,mcet,8,6,rand/1 p=0.25,rand,0.25,-140525050.37989533,-140525050.37989533,0.0,1,0.4409030000679195,60,851,209,290,465,119570,0.0,0.0
607,Moon,mcet,8,7,rand/1 p=0.25,rand,0.25,-140525050.37989533,-140525050.37989533,0.0,1,0.41416289983317256,60,845,194,271,435,111287,0.0,0.0
608,Moon,mcet,8,8,rand/1 p=0.25,rand,0.25,-140525050.37989533,-140525050.37989533,0.0,1,0.40699229988968,60,832,206,270,346,109935,0.0,0.0
609,Moon,mcet,8,9,rand/1 p=0.25,rand,0.25,-140525050.37989533,-140525050.37989533,0.0,1,0.45318790012970567,60,831,218,306,489,124808,0.0,0.0
610,Moon,mcet,8,0,rand/1 p=0.50,rand,0.5,-140525050.37989533,-140525050.37989533,0.0,1,0.7633896999177523,60,893,459,552,517,225841,0.0,0.0
611,Moon,mcet,8,1,rand/1 p=0.50,rand,0.5,-140525050.37989533,-140525050.37989533,0.0,1,0.8579594999901019,60,955,515,627,613,256403,0.0,0.0
612,Moon,mcet,8,2,rand/1 p=0.50,rand,0.5,-140525050.37989533,-140525050.37989533,0.0,1,0.81560850009555,60,986,485,592,662,242955,0.0,0.0
613,Moon,mcet,8,3,rand/1 p=0.50,rand,0.5,-140525050.37989533,-140525050.37989533,0.0,1,0.8207616002764553,60,945,479,598,726,245796,0.0,0.0
614,Moon,mcet,8,4,rand/1 p=0.50,rand,0.5,-140525050.37989533,-140525050.37989533,0.0,1,0.8110838999855332,60,943,480,593,665,243949,0.0,0.0
615,Moon,mcet,8,5,rand/1 p=0.50,rand,0.5,-140525050.37989533,-140525050.37989533,0.0,1,0.8497578998212703,60,994,521,624,583,255919,0.0,0.0
616,Moon,mcet,8,6,rand/1 p=0.50,rand,0.5,-140525050.37989533,-140525050.37989533,0.0,1,0.8247066003386863,60,955,491,603,700,247471,0.0,0.0
617,Moon,mcet,8,7,rand/1 p=0.50,rand,0.5,-140525050.37989533,-140525050.37989533,0.0,1,0.7885677997837774,60,939,467,575,615,235962,0.0,0.0
618,Moon,mcet,8,8,rand/1 p=0.50,rand,0.5,-140525050.37989533,-140525050.37989533,0.0,1,0.7865781998261809,60,995,486,573,534,233886,0.0,0.0
619,Moon,mcet,8,9,rand/1 p=0.50,rand,0.5,-140525050.37989533,-140525050.37989533,0.0,1,0.8167739002383314,60,983,487,600,694,245736,0.0,0.0
620,Moon,mcet,8,0,rand/1 p=1.00,rand,1.0,-140525050.37989533,-140525050.37989533,0.0,1,1.5123036000295542,60,1033,1033,1160,788,475269,0.0,0.0
621,Moon,mcet,8,1,rand/1 p=1.00,rand,1.0,-140525050.37989533,-140525050.37989533,0.0,1,1.5462005999288522,60,1053,1053,1180,758,483555,0.0,0.0
622,Moon,mcet,8,2,rand/1 p=1.00,rand,1.0,-140525050.37989533,-140525050.37989533,0.0,1,1.5228862998774275,60,1029,1029,1160,823,475125,0.0,0.0
623,Moon,mcet,8,3,rand/1 p=1.00,rand,1.0,-140525050.37989533,-140525050.37989533,0.0,1,1.421952800010331,60,977,977,1074,645,439824,0.0,0.0
624,Moon,mcet,8,4,rand/1 p=1.00,rand,1.0,-140525050.37989533,-140525050.37989533,0.0,1,1.5066667000064626,60,1028,1028,1152,810,471518,0.0,0.0
625,Moon,mcet,8,5,rand/1 p=1.00,rand,1.0,-140525050.37989533,-140525050.37989533,0.0,1,1.516226000036113,60,1009,1009,1156,897,474116,0.0,0.0
626,Moon,mcet,8,6,rand/1 p=1.00,rand,1.0,-140525050.37989533,-140525050.37989533,0.0,1,1.4632401001872495,60,962,962,1116,937,456436,0.0,0.0
627,Moon,mcet,8,7,rand/1 p=1.00,rand,1.0,-140525050.37989533,-140525050.37989533,0.0,1,1.5051076999516226,60,1031,1031,1137,665,464476,0.0,0.0
628,Moon,mcet,8,8,rand/1 p=1.00,rand,1.0,-140525050.37989533,-140525050.37989533,0.0,1,1.5848523997119628,60,1066,1066,1207,788,492501,0.0,0.0
629,Moon,mcet,8,9,rand/1 p=1.00,rand,1.0,-140525050.37989533,-140525050.37989533,0.0,1,1.464607699715998,60,981,981,1120,859,458810,0.0,0.0
630,Astronaut,mcet,6,0,rand/1 p=0,rand,0.0,-149428837.09712836,-149428837.09712836,0.0,1,0.0701156000723131,60,424,0,0,0,0,0.09500000000000064,0.03632415786283894
631,Astronaut,mcet,6,1,rand/1 p=0,rand,0.0,-149428837.09712836,-149428837.09712836,0.0,1,0.06881070020608604,60,382,0,0,0,0,1.1884317700054394,0.3926568080814152
632,Astronaut,mcet,6,2,rand/1 p=0,rand,0.0,-149428816.99609798,-149428837.09712836,1.345190846025801e-07,0,0.06973029999062419,60,350,0,0,0,0,1.097581500635623,0.42066813520707624
633,Astronaut,mcet,6,3,rand/1 p=0,rand,0.0,-149428798.27894607,-149428837.09712836,2.5977704868551345e-07,0,0.07007310015615076,60,395,0,0,0,0,0.48000000000000115,0.0816496580927726
634,Astronaut,mcet,6,4,rand/1 p=0,rand,0.0,-149428837.09712836,-149428837.09712836,0.0,1,0.07066610018955544,60,364,0,0,0,0,1.1524640274390006,0.4330490360174044
635,Astronaut,mcet,6,5,rand/1 p=0,rand,0.0,-149428837.09712836,-149428837.09712836,0.0,1,0.06903009972302243,60,379,0,0,0,0,1.1419268210946114,0.428566177539267
636,Astronaut,mcet,6,6,rand/1 p=0,rand,0.0,-149428798.27894607,-149428837.09712836,2.5977704868551345e-07,0,0.07021229981910437,60,376,0,0,0,0,1.2668316500250987,0.4638295189664318
637,Astronaut,mcet,6,7,rand/1 p=0,rand,0.0,-149428771.99698535,-149428837.09712836,4.3565983835549594e-07,0,0.06929480010876432,60,494,0,0,0,0,0.0,0.0
638,Astronaut,mcet,6,8,rand/1 p=0,rand,0.0,-149428727.73516488,-149428837.09712836,7.318665232576627e-07,0,0.07035290019121021,60,413,0,0,0,0,0.8303336299543316,0.28116417078014827
639,Astronaut,mcet,6,9,rand/1 p=0,rand,0.0,-149428771.99698535,-149428837.09712836,4.3565983835549594e-07,0,0.06798170006368309,60,393,0,0,0,0,0.49498657239803734,0.1785357107135713
640,Astronaut,mcet,6,0,rand/1 p=0.05,rand,0.05,-149428837.09712836,-149428837.09712836,0.0,1,0.17554590018698946,60,698,45,82,194,35243,0.0,0.0
641,Astronaut,mcet,6,1,rand/1 p=0.05,rand,0.05,-149428837.09712836,-149428837.09712836,0.0,1,0.16786189988488331,60,654,41,77,162,32978,0.0,0.0
642,Astronaut,mcet,6,2,rand/1 p=0.05,rand,0.05,-149428837.09712836,-149428837.09712836,0.0,1,0.11455880012363195,60,397,17,34,77,14790,0.0,0.0
643,Astronaut,mcet,6,3,rand/1 p=0.05,rand,0.05,-149428837.09712836,-149428837.09712836,0.0,1,0.13621310010785237,60,607,25,51,132,22219,0.0,0.0
644,Astronaut,mcet,6,4,rand/1 p=0.05,rand,0.05,-149428837.09712836,-149428837.09712836,0.0,1,0.13164310005959123,60,518,23,47,108,20185,0.0,0.0
645,Astronaut,mcet,6,5,rand/1 p=0.05,rand,0.05,-149428837.09712836,-149428837.09712836,0.0,1,0.15986630000406876,60,719,32,67,170,29098,0.0,0.0
646,Astronaut,mcet,6,6,rand/1 p=0.05,rand,0.05,-149428837.09712836,-149428837.09712836,0.0,1,0.15842700010398403,60,664,33,68,155,29511,0.0,0.0
647,Astronaut,mcet,6,7,rand/1 p=0.05,rand,0.05,-149428837.09712836,-149428837.09712836,0.0,1,0.15596929984167218,60,585,27,68,233,29810,0.0,0.0
648,Astronaut,mcet,6,8,rand/1 p=0.05,rand,0.05,-149428837.09712836,-149428837.09712836,0.0,1,0.15008010010933504,60,505,28,59,155,25339,0.0,0.0
649,Astronaut,mcet,6,9,rand/1 p=0.05,rand,0.05,-149428837.09712836,-149428837.09712836,0.0,1,0.14432879962259904,60,616,31,57,133,24549,0.0,0.0
650,Astronaut,mcet,6,0,rand/1 p=0.10,rand,0.1,-149428837.09712836,-149428837.09712836,0.0,1,0.19991129997652024,60,762,64,100,168,43023,0.0,0.0
651,Astronaut,mcet,6,1,rand/1 p=0.10,rand,0.1,-149428837.09712836,-149428837.09712836,0.0,1,0.1839686994208023,60,686,51,90,210,38703,0.0,0.0
652,Astronaut,mcet,6,2,rand/1 p=0.10,rand,0.1,-149428837.09712836,-149428837.09712836,0.0,1,0.22947819984983653,60,660,77,125,252,53670,0.0,0.0
653,Astronaut,mcet,6,3,rand/1 p=0.10,rand,0.1,-149428837.09712836,-149428837.09712836,0.0,1,0.24043849972076714,60,716,75,131,255,56663,0.0,0.0
654,Astronaut,mcet,6,4,rand/1 p=0.10,rand,0.1,-149428837.09712836,-149428837.09712836,0.0,1,0.2314831995172426,60,729,74,126,223,54095,0.0,0.0
655,Astronaut,mcet,6,5,rand/1 p=0.10,rand,0.1,-149428837.09712836,-149428837.09712836,0.0,1,0.19546490017091855,60,755,59,95,191,40913,0.0,0.0
656,Astronaut,mcet,6,6,rand/1 p=0.10,rand,0.1,-149428837.09712836,-149428837.09712836,0.0,1,0.258271700120531,60,818,88,144,299,62769,0.0,0.0
657,Astronaut,mcet,6,7,rand/1 p=0.10,rand,0.1,-149428837.09712836,-149428837.09712836,0.0,1,0.23249649995705113,60,743,75,126,226,54770,0.0,0.0
658,Astronaut,mcet,6,8,rand/1 p=0.10,rand,0.1,-149428837.09712836,-149428837.09712836,0.0,1,0.17963199992664158,60,657,49,84,134,35999,0.0,0.0
659,Astronaut,mcet,6,9,rand/1 p=0.10,rand,0.1,-149428837.09712836,-149428837.09712836,0.0,1,0.20541109988698736,60,683,60,105,201,45161,0.0,0.0
660,Astronaut,mcet,6,0,rand/1 p=0.15,rand,0.15,-149428837.09712836,-149428837.09712836,0.0,1,0.2934369998401962,60,754,115,173,317,74522,0.0,0.0
661,Astronaut,mcet,6,1,rand/1 p=0.15,rand,0.15,-149428837.09712836,-149428837.09712836,0.0,1,0.2756438000360504,60,673,109,159,279,68114,0.0,0.0
662,Astronaut,mcet,6,2,rand/1 p=0.15,rand,0.15,-149428837.09712836,-149428837.09712836,0.0,1,0.32095669966656715,60,801,124,191,359,82357,0.0,0.0
663,Astronaut,mcet,6,3,rand/1 p=0.15,rand,0.15,-149428837.09712836,-149428837.09712836,0.0,1,0.2970028999261558,60,783,117,169,244,73074,0.0,0.0
664,Astronaut,mcet,6,4,rand/1 p=0.15,rand,0.15,-149428837.09712836,-149428837.09712836,0.0,1,0.32461050018901005,60,813,133,192,307,82962,0.0,0.0
665,Astronaut,mcet,6,5,rand/1 p=0.15,rand,0.15,-149428837.09712836,-149428837.09712836,0.0,1,0.24606969999149442,60,731,90,133,239,57314,0.0,0.0
666,Astronaut,mcet,6,6,rand/1 p=0.15,rand,0.15,-149428837.09712836,-149428837.09712836,0.0,1,0.28304989996831864,60,797,116,165,290,71689,0.0,0.0
667,Astronaut,mcet,6,7,rand/1 p=0.15,rand,0.15,-149428837.09712836,-149428837.09712836,0.0,1,0.3172507000272162,60,886,130,188,319,81419,0.0,0.0
668,Astronaut,mcet,6,8,rand/1 p=0.15,rand,0.15,-149428837.09712836,-149428837.09712836,0.0,1,0.31916449998971075,60,844,139,194,254,82934,0.0,0.0
669,Astronaut,mcet,6,9,rand/1 p=0.15,rand,0.15,-149428837.09712836,-149428837.09712836,0.0,1,0.30622460012091324,60,849,128,185,262,79806,0.0,0.0
670,Astronaut,mcet,6,0,rand/1 p=0.25,rand,0.25,-149428837.09712836,-149428837.09712836,0.0,1,0.42589699977543205,60,867,201,276,405,119241,0.0,0.0
671,Astronaut,mcet,6,1,rand/1 p=0.25,rand,0.25,-149428837.09712836,-149428837.09712836,0.0,1,0.42530850012553856,60,897,206,273,323,117337,0.0,0.0
672,Astronaut,mcet,6,2,rand/1 p=0.25,rand,0.25,-149428837.09712836,-149428837.09712836,0.0,1,0.38977400003932416,60,778,185,244,323,105265,0.0,0.0
673,Astronaut,mcet,6,3,rand/1 p=0.25,rand,0.25,-149428837.09712836,-149428837.09712836,0.0,1,0.4306287997751497,60,824,198,275,400,118458,0.0,0.0
674,Astronaut,mcet,6,4,rand/1 p=0.25,rand,0.25,-149428837.09712836,-149428837.09712836,0.0,1,0.46528979984577745,60,883,222,301,410,129908,0.0,0.0
675,Astronaut,mcet,6,5,rand/1 p=0.25,rand,0.25,-149428837.09712836,-149428837.09712836,0.0,1,0.46401709981728345,60,954,237,304,373,130929,0.0,0.0
676,Astronaut,mcet,6,6,rand/1 p=0.25,rand,0.25,-149428837.09712836,-149428837.09712836,0.0,1,0.47870609984965995,60,985,250,315,375,136328,0.0,0.0
677,Astronaut,mcet,6,7,rand/1 p=0.25,rand,0.25,-149428837.09712836,-149428837.09712836,0.0,1,0.4876516999793239,60,924,235,320,455,138555,0.0,0.0
678,Astronaut,mcet,6,8,rand/1 p=0.25,rand,0.25,-149428837.09712836,-149428837.09712836,0.0,1,0.4494308002758771,60,896,218,294,364,125904,0.0,0.0
679,Astronaut,mcet,6,9,rand/1 p=0.25,rand,0.25,-149428837.09712836,-149428837.09712836,0.0,1,0.4843032999197021,60,984,249,320,384,138156,0.0,0.0
680,Astronaut,mcet,6,0,rand/1 p=0.50,rand,0.5,-149428837.09712836,-149428837.09712836,0.0,1,0.835471699887421,60,994,496,592,483,255031,0.0,0.0
681,Astronaut,mcet,6,1,rand/1 p=0.50,rand,0.5,-149428837.09712836,-149428837.09712836,0.0,1,0.8671689001494087,60,979,521,618,523,265618,0.0,0.0
682,Astronaut,mcet,6,2,rand/1 p=0.50,rand,0.5,-149428837.09712836,-149428837.09712836,0.0,1,0.782393500150647,60,894,456,554,520,237630,0.0,0.0
683,Astronaut,mcet,6,3,rand/1 p=0.50,rand,0.5,-149428837.09712836,-149428837.09712836,0.0,1,0.8765172997955233,60,1008,518,614,518,264261,0.0,0.0
684,Astronaut,mcet,6,4,rand/1 p=0.50,rand,0.5,-149428837.09712836,-149428837.09712836,0.0,1,0.7699854995007627,60,929,437,537,533,231739,0.0,0.0
685,Astronaut,mcet,6,5,rand/1 p=0.50,rand,0.5,-149428837.09712836,-149428837.09712836,0.0,1,0.8851849000784568,60,1031,537,635,541,272698,0.0,0.0
686,Astronaut,mcet,6,6,rand/1 p=0.50,rand,0.5,-149428837.09712836,-149428837.09712836,0.0,1,0.8489598999149166,60,984,495,596,549,256879,0.0,0.0
687,Astronaut,mcet,6,7,rand/1 p=0.50,rand,0.5,-149428837.09712836,-149428837.09712836,0.0,1,0.8660705001093447,60,990,488,601,588,259341,0.0,0.0
688,Astronaut,mcet,6,8,rand/1 p=0.50,rand,0.5,-149428837.09712836,-149428837.09712836,0.0,1,0.8122679997468367,60,944,483,571,440,244413,0.0,0.0
689,Astronaut,mcet,6,9,rand/1 p=0.50,rand,0.5,-149428837.09712836,-149428837.09712836,0.0,1,0.7794655999168754,60,958,469,546,407,234794,0.0,0.0
690,Astronaut,mcet,6,0,rand/1 p=1.00,rand,1.0,-149428837.09712836,-149428837.09712836,0.0,1,1.5369771996047348,60,1006,1006,1131,694,486770,0.0,0.0
691,Astronaut,mcet,6,1,rand/1 p=1.00,rand,1.0,-149428837.09712836,-149428837.09712836,0.0,1,1.531345300085377,60,1023,1023,1136,614,488014,0.0,0.0
692,Astronaut,mcet,6,2,rand/1 p=1.00,rand,1.0,-149428837.09712836,-149428837.09712836,0.0,1,1.540520999697037,60,1027,1027,1149,687,493822,0.0,0.0
693,Astronaut,mcet,6,3,rand/1 p=1.00,rand,1.0,-149428837.09712836,-149428837.09712836,0.0,1,1.562887899868656,60,1029,1029,1148,685,493059,0.0,0.0
694,Astronaut,mcet,6,4,rand/1 p=1.00,rand,1.0,-149428837.09712836,-149428837.09712836,0.0,1,1.619573300005868,60,1055,1055,1184,741,509133,0.0,0.0
695,Astronaut,mcet,6,5,rand/1 p=1.00,rand,1.0,-149428837.09712836,-149428837.09712836,0.0,1,1.5607180999359116,60,1021,1021,1148,708,493731,0.0,0.0
696,Astronaut,mcet,6,6,rand/1 p=1.00,rand,1.0,-149428837.09712836,-149428837.09712836,0.0,1,1.5312622997444123,60,995,995,1128,756,486142,0.0,0.0
697,Astronaut,mcet,6,7,rand/1 p=1.00,rand,1.0,-149428837.09712836,-149428837.09712836,0.0,1,1.5905403998331167,60,1036,1036,1171,730,503170,0.0,0.0
698,Astronaut,mcet,6,8,rand/1 p=1.00,rand,1.0,-149428837.09712836,-149428837.09712836,0.0,1,1.5223519002320245,60,1010,1010,1134,677,487653,0.0,0.0
699,Astronaut,mcet,6,9,rand/1 p=1.00,rand,1.0,-149428837.09712836,-149428837.09712836,0.0,1,1.506566799886059,60,1024,1024,1118,524,480414,0.0,0.0
700,Astronaut,mcet,7,0,rand/1 p=0,rand,0.0,-149470917.57964268,-149470940.93687743,1.5626605813688992e-07,0,0.07183280010940507,60,387,0,0,0,0,1.216824149791777,0.39699751603645134
701,Astronaut,mcet,7,1,rand/1 p=0,rand,0.0,-149470149.48098814,-149470940.93687743,5.295048551402696e-06,0,0.07324590015923604,60,433,0,0,0,0,0.693534492449056,0.1410559524442779
702,Astronaut,mcet,7,2,rand/1 p=0,rand,0.0,-149470870.0614952,-149470940.93687743,4.7417499194519535e-07,0,0.07341819995781407,60,434,0,0,0,0,0.4525483399593807,0.1142857142857143
703,Astronaut,mcet,7,3,rand/1 p=0,rand,0.0,-149470836.9693387,-149470940.93687743,6.955702432362246e-07,0,0.07396910013630986,60,446,0,0,0,0,0.3200000000000017,0.05714285714285714
704,Astronaut,mcet,7,4,rand/1 p=0,rand,0.0,-149470917.57964268,-149470940.93687743,1.5626605813688992e-07,0,0.07476980012143031,60,394,0,0,0,0,1.043367955702029,0.3040425943989834
705,Astronaut,mcet,7,5,rand/1 p=0,rand,0.0,-149470940.93687743,-149470940.93687743,0.0,1,0.07409370003733784,60,357,0,0,0,0,1.0012691751884746,0.31546927768973
706,Astronaut,mcet,7,6,rand/1 p=0,rand,0.0,-149470940.93687743,-149470940.93687743,0.0,1,0.07266839971998706,60,384,0,0,0,0,0.9220709568626784,0.3083891757138571
707,Astronaut,mcet,7,7,rand/1 p=0,rand,0.0,-149468778.21258897,-149470940.93687743,1.4469195650390168e-05,0,0.07151369971688837,60,421,0,0,0,0,1.3812914012193211,0.41873189421908147
708,Astronaut,mcet,7,8,rand/1 p=0,rand,0.0,-149470917.57964268,-149470940.93687743,1.5626605813688992e-07,0,0.0723826999310404,60,429,0,0,0,0,0.7866790860087642,0.217855941602477
709,Astronaut,mcet,7,9,rand/1 p=0,rand,0.0,-149470940.93687743,-149470940.93687743,0.0,1,0.07143410027492791,60,440,0,0,0,0,0.0,0.0
710,Astronaut,mcet,7,0,rand/1 p=0.05,rand,0.05,-149470940.93687743,-149470940.93687743,0.0,1,0.1781238000257872,60,657,35,78,257,34689,0.0,0.0
711,Astronaut,mcet,7,1,rand/1 p=0.05,rand,0.05,-149470940.93687743,-149470940.93687743,0.0,1,0.15258589992299676,60,617,30,59,202,26067,0.0,0.0
712,Astronaut,mcet,7,2,rand/1 p=0.05,rand,0.05,-149470940.93687743,-149470940.93687743,0.0,1,0.13831520022358745,60,722,30,50,104,21654,0.0,0.0
713,Astronaut,mcet,7,3,rand/1 p=0.05,rand,0.05,-149470940.93687743,-149470940.93687743,0.0,1,0.17157790006604046,60,758,47,76,164,32981,0.0,0.0
714,Astronaut,mcet,7,4,rand/1 p=0.05,rand,0.05,-149470940.93687743,-149470940.93687743,0.0,1,0.139781900041271,60,688,36,51,73,22201,0.0,0.0
715,Astronaut,mcet,7,5,rand/1 p=0.05,rand,0.05,-149470940.93687743,-149470940.93687743,0.0,1,0.1647923001437448,60,705,37,65,191,29100,0.0,0.0
716,Astronaut,mcet,7,6,rand/1 p=0.05,rand,0.05,-149470940.93687743,-149470940.93687743,0.0,1,0.15471029985928908,60,656,30,60,167,26581,0.0,0.0
717,Astronaut,mcet,7,7,rand/1 p=0.05,rand,0.05,-149470940.93687743,-149470940.93687743,0.0,1,0.12077399989357218,60,672,22,34,81,14652,0.0,0.0
718,Astronaut,mcet,7,8,rand/1 p=0.05,rand,0.05,-149470940.93687743,-149470940.93687743,0.0,1,0.14320839993888512,60,607,30,53,91,23080,0.0,0.0
719,Astronaut,mcet,7,9,rand/1 p=0.05,rand,0.05,-149470940.93687743,-149470940.93687743,0.0,1,0.15890769968973473,60,690,36,64,153,27827,0.0,0.0
720,Astronaut,mcet,7,0,rand/1 p=0.10,rand,0.1,-149470940.93687743,-149470940.93687743,0.0,1,0.21630659996299073,60,723,58,109,339,48406,0.0,0.0
721,Astronaut,mcet,7,1,rand/1 p=0.10,rand,0.1,-149470940.93687743,-149470940.93687743,0.0,1,0.26206570013891906,60,791,95,143,294,62659,0.0,0.0
722,Astronaut,mcet,7,2,rand/1 p=0.10,rand,0.1,-149470940.93687743,-149470940.93687743,0.0,1,0.22812339972006157,60,790,75,116,264,51041,0.0,0.0
723,Astronaut,mcet,7,3,rand/1 p=0.10,rand,0.1,-149470940.93687743,-149470940.93687743,0.0,1,0.225895999930799,60,805,71,111,228,48681,0.0,0.0
724,Astronaut,mcet,7,4,rand/1 p=0.10,rand,0.1,-149470940.93687743,-149470940.93687743,0.0,1,0.22533030010527,60,716,70,116,320,51202,0.0,0.0
725,Astronaut,mcet,7,5,rand/1 p=0.10,rand,0.1,-149470940.93687743,-149470940.93687743,0.0,1,0.24295619991607964,60,855,84,129,277,56827,0.0,0.0
726,Astronaut,mcet,7,6,rand/1 p=0.10,rand,0.1,-149470940.93687743,-149470940.93687743,0.0,1,0.22515579994069412,60,715,72,116,232,50904,0.0,0.0
727,Astronaut,mcet,7,7,rand/1 p=0.10,rand,0.1,-149470940.93687743,-149470940.93687743,0.0,1,0.2622930998331867,60,835,96,145,332,63771,0.0,0.0
728,Astronaut,mcet,7,8,rand/1 p=0.10,rand,0.1,-149470940.93687743,-149470940.93687743,0.0,1,0.2462092998321168,60,885,97,133,224,58165,0.0,0.0
729,Astronaut,mcet,7,9,rand/1 p=0.10,rand,0.1,-149470940.93687743,-149470940.93687743,0.0,1,0.24792509974213317,60,836,88,133,273,58041,0.0,0.0
730,Astronaut,mcet,7,0,rand/1 p=0.15,rand,0.15,-149470940.93687743,-149470940.93687743,0.0,1,0.303947500186041,60,880,129,175,290,76889,0.0,0.0
731,Astronaut,mcet,7,1,rand/1 p=0.15,rand,0.15,-149470940.93687743,-149470940.93687743,0.0,1,0.29042039974592626,60,757,111,164,337,71876,0.0,0.0
732,Astronaut,mcet,7,2,rand/1 p=0.15,rand,0.15,-149470940.93687743,-149470940.93687743,0.0,1,0.3309749999316409,60,916,148,198,280,86500,0.0,0.0
733,Astronaut,mcet,7,3,rand/1 p=0.15,rand,0.15,-149470940.93687743,-149470940.93687743,0.0,1,0.3569881001021713,60,922,154,209,315,91477,0.0,0.0
734,Astronaut,mcet,7,4,rand/1 p=0.15,rand,0.15,-149470940.93687743,-149470940.93687743,0.0,1,0.3258502000826411,60,844,123,186,407,81722,0.0,0.0
735,Astronaut,mcet,7,5,rand/1 p=0.15,rand,0.15,-149470940.93687743,-149470940.93687743,0.0,1,0.2957351001095958,60,851,115,167,323,73292,0.0,0.0
736,Astronaut,mcet,7,6,rand/1 p=0.15,rand,0.15,-149470940.93687743,-149470940.93687743,0.0,1,0.25446000014198944,60,706,96,138,237,60563,0.0,0.0
737,Astronaut,mcet,7,7,rand/1 p=0.15,rand,0.15,-149470940.93687743,-149470940.93687743,0.0,1,0.3055655997013673,60,846,125,175,350,77181,0.0,0.0
738,Astronaut,mcet,7,8,rand/1 p=0.15,rand,0.15,-149470940.93687743,-149470940.93687743,0.0,1,0.29642560018692166,60,898,116,166,313,72601,0.0,0.0
739,Astronaut,mcet,7,9,rand/1 p=0.15,rand,0.15,-149470940.93687743,-149470940.93687743,0.0,1,0.3282628002925776,60,847,133,186,306,81877,0.0,0.0
740,Astronaut,mcet,7,0,rand/1 p=0.25,rand,0.25,-149470940.93687743,-149470940.93687743,0.0,1,0.43946690030861646,60,870,215,277,417,121747,0.0,0.0
741,Astronaut,mcet,7,1,rand/1 p=0.25,rand,0.25,-149470940.93687743,-149470940.93687743,0.0,1,0.47456089995102957,60,955,237,302,398,131794,0.0,0.0
742,Astronaut,mcet,7,2,rand/1 p=0.25,rand,0.25,-149470940.93687743,-149470940.93687743,0.0,1,0.46400550013640895,60,919,235,295,351,128867,0.0,0.0
743,Astronaut,mcet,7,3,rand/1 p=0.25,rand,0.25,-149470940.93687743,-149470940.93687743,0.0,1,0.4771541994996369,60,954,240,305,410,133298,0.0,0.0
744,Astronaut,mcet,7,4,rand/1 p=0.25,rand,0.25,-149470940.93687743,-149470940.93687743,0.0,1,0.46204440004657954,60,918,227,296,433,129226,0.0,0.0
745,Astronaut,mcet,7,5,rand/1 p=0.25,rand,0.25,-149470940.93687743,-149470940.93687743,0.0,1,0.4668342999648303,60,903,237,301,370,131482,0.0,0.0
746,Astronaut,mcet,7,6,rand/1 p=0.25,rand,0.25,-149470940.93687743,-149470940.93687743,0.0,1,0.5038527999422513,60,911,244,325,519,143244,0.0,0.0
747,Astronaut,mcet,7,7,rand/1 p=0.25,rand,0.25,-149470940.93687743,-149470940.93687743,0.0,1,0.5016720998100936,60,1003,261,324,390,141783,0.0,0.0
748,Astronaut,mcet,7,8,rand/1 p=0.25,rand,0.25,-149470940.93687743,-149470940.93687743,0.0,1,0.4337720001931302,60,957,219,274,347,119391,0.0,0.0
749,Astronaut,mcet,7,9,rand/1 p=0.25,rand,0.25,-149470940.93687743,-149470940.93687743,0.0,1,0.47118210000917315,60,901,241,302,358,131113,0.0,0.0
750,Astronaut,mcet,7,0,rand/1 p=0.50,rand,0.5,-149470940.93687743,-149470940.93687743,0.0,1,0.8435944998054765,60,1004,484,574,560,250827,0.0,0.0
751,Astronaut,mcet,7,1,rand/1 p=0.50,rand,0.5,-149470940.93687743,-149470940.93687743,0.0,1,0.9014057999593206,60,1009,540,625,543,272188,0.0,0.0
752,Astronaut,mcet,7,2,rand/1 p=0.50,rand,0.5,-149470940.93687743,-149470940.93687743,0.0,1,0.9024772001430392,60,1050,536,622,565,271222,0.0,0.0
753,Astronaut,mcet,7,3,rand/1 p=0.50,rand,0.5,-149470940.93687743,-149470940.93687743,0.0,1,0.8474706000997685,60,1009,506,578,489,251598,0.0,0.0
754,Astronaut,mcet,7,4,rand/1 p=0.50,rand,0.5,-149470940.93687743,-149470940.93687743,0.0,1,0.8808956001303159,60,1008,529,608,577,265009,0.0,0.0
755,Astronaut,mcet,7,5,rand/1 p=0.50,rand,0.5,-149470940.93687743,-149470940.93687743,0.0,1,0.8340405997005291,60,957,484,577,635,252250,0.0,0.0
756,Astronaut,mcet,7,6,rand/1 p=0.50,rand,0.5,-149470940.93687743,-149470940.93687743,0.0,1,0.8516013999469578,60,956,457,572,741,251257,0.0,0.0
757,Astronaut,mcet,7,7,rand/1 p=0.50,rand,0.5,-149470940.93687743,-149470940.93687743,0.0,1,0.8610954000614583,60,977,500,595,604,260572,0.0,0.0
758,Astronaut,mcet,7,8,rand/1 p=0.50,rand,0.5,-149470940.93687743,-149470940.93687743,0.0,1,0.8778560000355355,60,1011,517,610,558,265122,0.0,0.0
759,Astronaut,mcet,7,9,rand/1 p=0.50,rand,0.5,-149470940.93687743,-149470940.93687743,0.0,1,0.8447493998683058,60,982,495,578,559,251320,0.0,0.0
760,Astronaut,mcet,7,0,rand/1 p=1.00,rand,1.0,-149470940.93687743,-149470940.93687743,0.0,1,1.659673200454563,60,1069,1069,1188,816,518852,0.0,0.0
761,Astronaut,mcet,7,1,rand/1 p=1.00,rand,1.0,-149470940.93687743,-149470940.93687743,0.0,1,1.5810302000609227,60,1022,1022,1136,720,495648,0.0,0.0
762,Astronaut,mcet,7,2,rand/1 p=1.00,rand,1.0,-149470940.93687743,-149470940.93687743,0.0,1,1.5746673000394367,60,1042,1042,1145,588,498198,0.0,0.0
763,Astronaut,mcet,7,3,rand/1 p=1.00,rand,1.0,-149470940.93687743,-149470940.93687743,0.0,1,1.6218274997663684,60,1072,1072,1174,709,510720,0.0,0.0
764,Astronaut,mcet,7,4,rand/1 p=1.00,rand,1.0,-149470940.93687743,-149470940.93687743,0.0,1,1.60895090008853,60,1041,1041,1159,801,505757,0.0,0.0
765,Astronaut,mcet,7,5,rand/1 p=1.00,rand,1.0,-149470940.93687743,-149470940.93687743,0.0,1,1.60069290001411,60,1057,1057,1163,680,506784,0.0,0.0
766,Astronaut,mcet,7,6,rand/1 p=1.00,rand,1.0,-149470940.93687743,-149470940.93687743,0.0,1,1.6000348000670783,60,1050,1050,1161,703,506975,0.0,0.0
767,Astronaut,mcet,7,7,rand/1 p=1.00,rand,1.0,-149470940.93687743,-149470940.93687743,0.0,1,1.6245979000232182,60,1042,1042,1173,910,512446,0.0,0.0
768,Astronaut,mcet,7,8,rand/1 p=1.00,rand,1.0,-149470940.93687743,-149470940.93687743,0.0,1,1.616036299848929,60,1070,1070,1165,589,506632,0.0,0.0
769,Astronaut,mcet,7,9,rand/1 p=1.00,rand,1.0,-149470940.93687743,-149470940.93687743,0.0,1,1.571321600174997,60,1034,1034,1138,664,495534,0.0,0.0
770,Astronaut,mcet,8,0,rand/1 p=0,rand,0.0,-149493435.3809166,-149493500.56290442,4.3601887424281904e-07,0,0.0759405005373992,60,332,0,0,0,0,2.4888735615932633,0.8343075110823474
771,Astronaut,mcet,8,1,rand/1 p=0,rand,0.0,-149493497.1391281,-149493500.56290442,2.2902509578488473e-08,0,0.07719180005369708,60,349,0,0,0,0,1.5088189965491359,0.4391266130215209
772,Astronaut,mcet,8,2,rand/1 p=0,rand,0.0,-149493004.4333229,-149493500.56290442,3.318736798876801e-06,0,0.07859040005132556,60,288,0,0,0,0,10.978949405692406,3.508632557804058
773,Astronaut,mcet,8,3,rand/1 p=0,rand,0.0,-149492536.85292405,-149493500.56290442,6.446500862845878e-06,0,0.07795679999981076,60,338,0,0,0,0,2.837942183709227,0.9440614648230699
774,Astronaut,mcet,8,4,rand/1 p=0,rand,0.0,-149493282.1134581,-149493500.56290442,1.461263837544655e-06,0,0.07565360004082322,60,326,0,0,0,0,4.0093709296357325,1.3474437165892523
775,Astronaut,mcet,8,5,rand/1 p=0,rand,0.0,-149493494.27757818,-149493500.56290442,4.20441438509371e-08,0,0.07593609998002648,60,381,0,0,0,0,1.4326759369522086,0.40939492677050615
776,Astronaut,mcet,8,6,rand/1 p=0,rand,0.0,-149493462.63888246,-149493500.56290442,2.536834164462354e-07,0,0.07488129963167012,60,332,0,0,0,0,2.04821977498518,0.6932663100345389
777,Astronaut,mcet,8,7,rand/1 p=0,rand,0.0,-149492728.81694365,-149493500.56290442,5.162404772555978e-06,0,0.07446519983932376,60,374,0,0,0,0,0.09500000000001023,0.02724311839712922
778,Astronaut,mcet,8,8,rand/1 p=0,rand,0.0,-149493494.27757818,-149493500.56290442,4.20441438509371e-08,0,0.07462689961539581,60,335,0,0,0,0,1.9090135063947564,0.6460775670312096
779,Astronaut,mcet,8,9,rand/1 p=0,rand,0.0,-149493431.2730909,-149493500.56290442,4.6349716380725296e-07,0,0.07614010001998395,60,333,0,0,0,0,1.903591545043017,0.6424108531196223
780,Astronaut,mcet,8,0,rand/1 p=0.05,rand,0.05,-149493500.56290442,-149493500.56290442,0.0,1,0.14557229983620346,60,494,25,54,161,23439,0.0,0.0
781,Astronaut,mcet,8,1,rand/1 p=0.05,rand,0.05,-149493497.55096656,-149493500.56290442,2.014761742372084e-08,0,0.15615339984651655,60,311,20,60,248,27150,0.3932936358197091,0.2044862367942584
782,Astronaut,mcet,8,2,rand/1 p=0.05,rand,0.05,-149492754.4372301,-149493500.56290442,4.9910241682606724e-06,0,0.1377239998546429,60,522,20,45,134,20364,0.0,0.0
783,Astronaut,mcet,8,3,rand/1 p=0.05,rand,0.05,-149493493.383613,-149493500.56290442,4.802410405872153e-08,0,0.12609920027898625,60,284,11,39,164,17301,1.3766030702979521,0.5062775390920969
784,Astronaut,mcet,8,4,rand/1 p=0.05,rand,0.05,-149493500.56290442,-149493500.56290442,0.0,1,0.16226120007922873,60,414,28,65,228,29157,0.0,0.0
785,Astronaut,mcet,8,5,rand/1 p=0.05,rand,0.05,-149493500.56290442,-149493500.56290442,0.0,1,0.1586375996703282,60,239,19,62,241,27620,1.3835671025333602,0.4595122650393318
786,Astronaut,mcet,8,6,rand/1 p=0.05,rand,0.05,-149493500.56290442,-149493500.56290442,0.0,1,0.1497895999928005,60,264,16,55,203,24617,1.3954885512999502,0.48566270609194123
787,Astronaut,mcet,8,7,rand/1 p=0.05,rand,0.05,-149493493.383613,-149493500.56290442,4.802410405872153e-08,0,0.1397059999871999,60,317,15,48,176,21495,0.563335487058318,0.12598036196670867
788,Astronaut,mcet,8,8,rand/1 p=0.05,rand,0.05,-149493500.56290442,-149493500.56290442,0.0,1,0.1450011000270024,60,445,23,52,165,22790,0.0,0.0
789,Astronaut,mcet,8,9,rand/1 p=0.05,rand,0.05,-149493500.56290442,-149493500.56290442,0.0,1,0.12498549994779751,60,313,14,38,125,16540,0.867687671912843,0.34684017293250446
790,Astronaut,mcet,8,0,rand/1 p=0.10,rand,0.1,-149493500.56290442,-149493500.56290442,0.0,1,0.17459540022537112,60,378,37,74,180,32418,0.0,0.0
791,Astronaut,mcet,8,1,rand/1 p=0.10,rand,0.1,-149493500.56290442,-149493500.56290442,0.0,1,0.22331499977735803,60,460,50,106,310,47418,0.0,0.0
792,Astronaut,mcet,8,2,rand/1 p=0.10,rand,0.1,-149493442.98067987,-149493500.56290442,3.851821271897593e-07,0,0.22871160006616265,60,474,58,115,272,50985,0.0,0.0
793,Astronaut,mcet,8,3,rand/1 p=0.10,rand,0.1,-149493500.56290442,-149493500.56290442,0.0,1,0.1869465999188833,60,244,34,86,295,37809,1.0328689594170142,0.32487852856469257
794,Astronaut,mcet,8,4,rand/1 p=0.10,rand,0.1,-149493497.55096656,-149493500.56290442,2.014761742372084e-08,0,0.17833390011219308,60,394,40,79,217,34833,0.0,0.0
795,Astronaut,mcet,8,5,rand/1 p=0.10,rand,0.1,-149493493.383613,-149493500.56290442,4.802410405872153e-08,0,0.23567799996817484,60,620,61,119,304,52585,0.0,0.0
796,Astronaut,mcet,8,6,rand/1 p=0.10,rand,0.1,-149493500.56290442,-149493500.56290442,0.0,1,0.18020099977729842,60,283,27,79,302,35245,0.7650000000000086,0.3124374937487497
797,Astronaut,mcet,8,7,rand/1 p=0.10,rand,0.1,-149492754.4372301,-149493500.56290442,4.9910241682606724e-06,0,0.24448499997379258,60,848,91,124,210,56056,0.0,0.0
798,Astronaut,mcet,8,8,rand/1 p=0.10,rand,0.1,-149493500.56290442,-149493500.56290442,0.0,1,0.19163389969617128,60,290,32,87,280,38153,0.2111237115723025,0.06474311839712922
799,Astronaut,mcet,8,9,rand/1 p=0.10,rand,0.1,-149493500.56290442,-149493500.56290442,0.0,1,0.19369640020886436,60,413,48,90,211,39267,0.0,0.0
800,Astronaut,mcet,8,0,rand/1 p=0.15,rand,0.15,-149493500.56290442,-149493500.56290442,0.0,1,0.2213542999816127,60,494,58,110,301,48833,0.0,0.0
801,Astronaut,mcet,8,1,rand/1 p=0.15,rand,0.15,-149493500.56290442,-149493500.56290442,0.0,1,0.2418780995067209,60,420,71,125,293,55376,0.0,0.0
802,Astronaut,mcet,8,2,rand/1 p=0.15,rand,0.15,-149493500.56290442,-149493500.56290442,0.0,1,0.25305660004960373,60,433,67,134,368,59454,0.0,0.0
803,Astronaut,mcet,8,3,rand/1 p=0.15,rand,0.15,-149493500.56290442,-149493500.56290442,0.0,1,0.26591949979774654,60,376,68,142,382,62802,0.0,0.0
804,Astronaut,mcet,8,4,rand/1 p=0.15,rand,0.15,-149493500.56290442,-149493500.56290442,0.0,1,0.22129550034878775,60,335,48,110,328,48417,0.0,0.0
805,Astronaut,mcet,8,5,rand/1 p=0.15,rand,0.15,-149493500.56290442,-149493500.56290442,0.0,1,0.1826899002189748,60,236,28,81,300,35800,0.7853720134772291,0.26667295161342214
806,Astronaut,mcet,8,6,rand/1 p=0.15,rand,0.15,-149493500.56290442,-149493500.56290442,0.0,1,0.2676403999212198,60,411,71,147,383,65052,0.0,0.0
807,Astronaut,mcet,8,7,rand/1 p=0.15,rand,0.15,-149492754.4372301,-149493500.56290442,4.9910241682606724e-06,0,0.28608340001665056,60,709,103,150,289,67938,0.0,0.0
808,Astronaut,mcet,8,8,rand/1 p=0.15,rand,0.15,-149493500.56290442,-149493500.56290442,0.0,1,0.1944325999938883,60,236,34,89,292,39078,1.265552016175915,0.45142622734218335
809,Astronaut,mcet,8,9,rand/1 p=0.15,rand,0.15,-149493500.56290442,-149493500.56290442,0.0,1,0.2958552996860817,60,539,90,162,452,72601,0.0,0.0
810,Astronaut,mcet,8,0,rand/1 p=0.25,rand,0.25,-149493500.56290442,-149493500.56290442,0.0,1,0.2485012004035525,60,321,67,129,371,57529,0.0,0.0
811,Astronaut,mcet,8,1,rand/1 p=0.25,rand,0.25,-149493500.56290442,-149493500.56290442,0.0,1,0.3262613001279533,60,405,106,185,514,82280,0.0,0.0
812,Astronaut,mcet,8,2,rand/1 p=0.25,rand,0.25,-149493500.56290442,-149493500.56290442,0.0,1,0.3950796000426635,60,582,148,240,476,105712,0.0,0.0
813,Astronaut,mcet,8,3,rand/1 p=0.25,rand,0.25,-149493500.56290442,-149493500.56290442,0.0,1,0.41191090003121644,60,646,174,250,470,110318,0.0,0.0
814,Astronaut,mcet,8,4,rand/1 p=0.25,rand,0.25,-149493500.56290442,-149493500.56290442,0.0,1,0.376757699996233,60,624,160,227,428,99542,0.0,0.0
815,Astronaut,mcet,8,5,rand/1 p=0.25,rand,0.25,-149493500.56290442,-149493500.56290442,0.0,1,0.3690688998904079,60,489,133,217,511,96725,0.0,0.0
816,Astronaut,mcet,8,6,rand/1 p=0.25,rand,0.25,-149493500.56290442,-149493500.56290442,0.0,1,0.32271270017372444,60,457,111,185,460,82114,0.0,0.0
817,Astronaut,mcet,8,7,rand/1 p=0.25,rand,0.25,-149493500.56290442,-149493500.56290442,0.0,1,0.35031780001008883,60,554,125,203,459,90100,0.0,0.0
818,Astronaut,mcet,8,8,rand/1 p=0.25,rand,0.25,-149493500.56290442,-149493500.56290442,0.0,1,0.3811025999020785,60,624,162,230,387,100620,0.0,0.0
819,Astronaut,mcet,8,9,rand/1 p=0.25,rand,0.25,-149493497.55096656,-149493500.56290442,2.014761742372084e-08,0,0.3613990998128429,60,501,128,214,526,95093,0.0,0.0
820,Astronaut,mcet,8,0,rand/1 p=0.50,rand,0.5,-149493500.56290442,-149493500.56290442,0.0,1,0.602460699796211,60,588,291,396,538,174054,0.0,0.0
821,Astronaut,mcet,8,1,rand/1 p=0.50,rand,0.5,-149493500.56290442,-149493500.56290442,0.0,1,0.5803705001599155,60,519,273,378,672,167140,0.0,0.0
822,Astronaut,mcet,8,2,rand/1 p=0.50,rand,0.5,-149493500.56290442,-149493500.56290442,0.0,1,0.6490417999448255,60,620,314,433,681,190984,0.0,0.0
823,Astronaut,mcet,8,3,rand/1 p=0.50,rand,0.5,-149493497.55096656,-149493500.56290442,2.014761742372084e-08,0,0.6333236996433698,60,604,313,414,607,182967,0.0,0.0
824,Astronaut,mcet,8,4,rand/1 p=0.50,rand,0.5,-149493500.56290442,-149493500.56290442,0.0,1,0.7333815999445505,60,709,385,488,672,214063,0.0,0.0
825,Astronaut,mcet,8,5,rand/1 p=0.50,rand,0.5,-149493500.56290442,-149493500.56290442,0.0,1,0.5654179996927269,60,506,254,361,646,160269,0.0,0.0
826,Astronaut,mcet,8,6,rand/1 p=0.50,rand,0.5,-149493500.56290442,-149493500.56290442,0.0,1,0.7346723002265207,60,737,396,492,543,216080,0.0,0.0
827,Astronaut,mcet,8,7,rand/1 p=0.50,rand,0.5,-149493497.55096656,-149493500.56290442,2.014761742372084e-08,0,0.719623000069987,60,790,394,482,574,211479,0.0,0.0
828,Astronaut,mcet,8,8,rand/1 p=0.50,rand,0.5,-149493500.56290442,-149493500.56290442,0.0,1,0.4643813000875525,60,328,184,290,604,127821,0.0,0.0
829,Astronaut,mcet,8,9,rand/1 p=0.50,rand,0.5,-149493500.56290442,-149493500.56290442,0.0,1,0.7928821998648345,60,788,415,535,755,235347,0.0,0.0
830,Astronaut,mcet,8,0,rand/1 p=1.00,rand,1.0,-149493500.56290442,-149493500.56290442,0.0,1,1.0297134997090325,60,581,581,713,837,313779,0.0,0.0
831,Astronaut,mcet,8,1,rand/1 p=1.00,rand,1.0,-149493500.56290442,-149493500.56290442,0.0,1,0.8875794002087787,60,482,482,614,807,270198,0.0,0.0
832,Astronaut,mcet,8,2,rand/1 p=1.00,rand,1.0,-149493500.56290442,-149493500.56290442,0.0,1,1.0528841000050306,60,605,605,736,823,323755,0.0,0.0
833,Astronaut,mcet,8,3,rand/1 p=1.00,rand,1.0,-149493500.56290442,-149493500.56290442,0.0,1,1.392132199718617,60,861,861,986,793,431652,0.0,0.0
834,Astronaut,mcet,8,4,rand/1 p=1.00,rand,1.0,-149493500.56290442,-149493500.56290442,0.0,1,1.143404699920211,60,649,649,793,907,348615,0.0,0.0
835,Astronaut,mcet,8,5,rand/1 p=1.00,rand,1.0,-149493500.56290442,-149493500.56290442,0.0,1,1.2728951998869888,60,785,785,911,711,397980,0.0,0.0
836,Astronaut,mcet,8,6,rand/1 p=1.00,rand,1.0,-149493500.56290442,-149493500.56290442,0.0,1,1.2778730999561958,60,763,763,913,922,399937,0.0,0.0
837,Astronaut,mcet,8,7,rand/1 p=1.00,rand,1.0,-149493500.56290442,-149493500.56290442,0.0,1,1.067718199978117,60,630,630,755,709,331181,0.0,0.0
838,Astronaut,mcet,8,8,rand/1 p=1.00,rand,1.0,-149493500.56290442,-149493500.56290442,0.0,1,1.3003045998630114,60,800,800,927,766,404118,0.0,0.0
839,Astronaut,mcet,8,9,rand/1 p=1.00,rand,1.0,-149493500.56290442,-149493500.56290442,0.0,1,1.3442469001747668,60,822,822,955,829,417826,0.0,0.0
840,Coffee,mcet,6,0,rand/1 p=0,rand,0.0,-114675081.59276092,-114675081.59276092,0.0,1,0.06963660044129938,60,410,0,0,0,0,0.31176914536239003,0.15000000000000002
841,Coffee,mcet,6,1,rand/1 p=0,rand,0.0,-114675081.59276092,-114675081.59276092,0.0,1,0.06929830019362271,60,549,0,0,0,0,0.0,0.0
842,Coffee,mcet,6,2,rand/1 p=0,rand,0.0,-114674963.45384568,-114675081.59276092,1.030205634911206e-06,0,0.06928519962821156,60,388,0,0,0,0,0.3634698759768387,0.10299082452950564
843,Coffee,mcet,6,3,rand/1 p=0,rand,0.0,-114675081.59276092,-114675081.59276092,0.0,1,0.06826020003063604,60,526,0,0,0,0,0.0,0.0
844,Coffee,mcet,6,4,rand/1 p=0,rand,0.0,-114675081.59276092,-114675081.59276092,0.0,1,0.06898880039807409,60,531,0,0,0,0,0.0,0.0
845,Coffee,mcet,6,5,rand/1 p=0,rand,0.0,-114675081.59276092,-114675081.59276092,0.0,1,0.06974980025552213,60,435,0,0,0,0,0.5946742793873188,0.20550211698203658
846,Coffee,mcet,6,6,rand/1 p=0,rand,0.0,-114675036.52794172,-114675081.59276092,3.9297830510261307e-07,0,0.0709453996969387,60,436,0,0,0,0,0.0,0.0
847,Coffee,mcet,6,7,rand/1 p=0,rand,0.0,-114675081.59276092,-114675081.59276092,0.0,1,0.0706708999350667,60,435,0,0,0,0,0.0,0.0
848,Coffee,mcet,6,8,rand/1 p=0,rand,0.0,-114675081.59276092,-114675081.59276092,0.0,1,0.0706492998288013,60,538,0,0,0,0,0.0,0.0
849,Coffee,mcet,6,9,rand/1 p=0,rand,0.0,-114675081.59276092,-114675081.59276092,0.0,1,0.07049589994130656,60,394,0,0,0,0,0.49814648986401033,0.18333333333333335
850,Coffee,mcet,6,0,rand/1 p=0.05,rand,0.05,-114675081.59276092,-114675081.59276092,0.0,1,0.14944470016052946,60,630,37,63,139,26021,0.0,0.0
851,Coffee,mcet,6,1,rand/1 p=0.05,rand,0.05,-114675081.59276092,-114675081.59276092,0.0,1,0.11002769990591332,60,579,18,30,54,12434,0.0,0.0
852,Coffee,mcet,6,2,rand/1 p=0.05,rand,0.05,-114675081.59276092,-114675081.59276092,0.0,1,0.13778360042488202,60,703,33,55,106,22771,0.0,0.0
853,Coffee,mcet,6,3,rand/1 p=0.05,rand,0.05,-114675081.59276092,-114675081.59276092,0.0,1,0.15211470029316843,60,766,37,66,145,27503,0.0,0.0
854,Coffee,mcet,6,4,rand/1 p=0.05,rand,0.05,-114675081.59276092,-114675081.59276092,0.0,1,0.1329469004413113,60,718,33,50,88,20719,0.0,0.0
855,Coffee,mcet,6,5,rand/1 p=0.05,rand,0.05,-114675081.59276092,-114675081.59276092,0.0,1,0.12005850026616827,60,665,24,40,85,16534,0.0,0.0
856,Coffee,mcet,6,6,rand/1 p=0.05,rand,0.05,-114675081.59276092,-114675081.59276092,0.0,1,0.1264493002090603,60,638,25,47,92,19365,0.0,0.0
857,Coffee,mcet,6,7,rand/1 p=0.05,rand,0.05,-114675081.59276092,-114675081.59276092,0.0,1,0.14337649993831292,60,786,37,58,95,24111,0.0,0.0
858,Coffee,mcet,6,8,rand/1 p=0.05,rand,0.05,-114675081.59276092,-114675081.59276092,0.0,1,0.13366640004096553,60,690,31,51,103,21306,0.0,0.0
859,Coffee,mcet,6,9,rand/1 p=0.05,rand,0.05,-114675081.59276092,-114675081.59276092,0.0,1,0.13747320021502674,60,654,32,54,122,22746,0.0,0.0
860,Coffee,mcet,6,0,rand/1 p=0.10,rand,0.1,-114675081.59276092,-114675081.59276092,0.0,1,0.18944550002925098,60,693,61,96,152,39640,0.0,0.0
861,Coffee,mcet,6,1,rand/1 p=0.10,rand,0.1,-114675081.59276092,-114675081.59276092,0.0,1,0.20343880000291392,60,788,69,100,151,41311,0.0,0.0
862,Coffee,mcet,6,2,rand/1 p=0.10,rand,0.1,-114675081.59276092,-114675081.59276092,0.0,1,0.23094830027548596,60,871,87,126,194,52014,0.0,0.0
863,Coffee,mcet,6,3,rand/1 p=0.10,rand,0.1,-114675081.59276092,-114675081.59276092,0.0,1,0.22587320022284985,60,783,83,123,231,51362,0.0,0.0
864,Coffee,mcet,6,4,rand/1 p=0.10,rand,0.1,-114675081.59276092,-114675081.59276092,0.0,1,0.23947810020763427,60,843,87,132,252,55057,0.0,0.0
865,Coffee,mcet,6,5,rand/1 p=0.10,rand,0.1,-114675081.59276092,-114675081.59276092,0.0,1,0.22758089983835816,60,882,82,125,205,52396,0.0,0.0
866,Coffee,mcet,6,6,rand/1 p=0.10,rand,0.1,-114675081.59276092,-114675081.59276092,0.0,1,0.2007332996581681,60,658,58,104,231,43160,0.0,0.0
867,Coffee,mcet,6,7,rand/1 p=0.10,rand,0.1,-114675081.59276092,-114675081.59276092,0.0,1,0.24309279990848154,60,804,91,137,277,56885,0.0,0.0
868,Coffee,mcet,6,8,rand/1 p=0.10,rand,0.1,-114675081.59276092,-114675081.59276092,0.0,1,0.22237880004104227,60,812,84,123,181,51094,0.0,0.0
869,Coffee,mcet,6,9,rand/1 p=0.10,rand,0.1,-114675081.59276092,-114675081.59276092,0.0,1,0.23452240036567673,60,849,88,133,239,55345,0.0,0.0
870,Coffee,mcet,6,0,rand/1 p=0.15,rand,0.15,-114675065.87303956,-114675081.59276092,1.37080533483458e-07,0,0.2745345000294037,60,874,119,167,236,68716,0.0,0.0
871,Coffee,mcet,6,1,rand/1 p=0.15,rand,0.15,-114675081.59276092,-114675081.59276092,0.0,1,0.2947105001658201,60,864,134,181,228,75096,0.0,0.0
872,Coffee,mcet,6,2,rand/1 p=0.15,rand,0.15,-114675081.59276092,-114675081.59276092,0.0,1,0.28563279984518886,60,796,121,173,264,71665,0.0,0.0
873,Coffee,mcet,6,3,rand/1 p=0.15,rand,0.15,-114675081.59276092,-114675081.59276092,0.0,1,0.3415563001180999,60,876,152,217,382,90764,0.0,0.0
874,Coffee,mcet,6,4,rand/1 p=0.15,rand,0.15,-114675081.59276092,-114675081.59276092,0.0,1,0.31494840007508174,60,793,130,193,340,79912,0.0,0.0
875,Coffee,mcet,6,5,rand/1 p=0.15,rand,0.15,-114675081.59276092,-114675081.59276092,0.0,1,0.27868580003269017,60,804,119,166,241,69344,0.0,0.0
876,Coffee,mcet,6,6,rand/1 p=0.15,rand,0.15,-114675081.59276092,-114675081.59276092,0.0,1,0.26145770004950464,60,826,110,153,215,63527,0.0,0.0
877,Coffee,mcet,6,7,rand/1 p=0.15,rand,0.15,-114675081.59276092,-114675081.59276092,0.0,1,0.2850605998537503,60,854,129,172,228,71279,0.0,0.0
878,Coffee,mcet,6,8,rand/1 p=0.15,rand,0.15,-114675081.59276092,-114675081.59276092,0.0,1,0.29728639987297356,60,936,128,183,261,75946,0.0,0.0
879,Coffee,mcet,6,9,rand/1 p=0.15,rand,0.15,-114675081.59276092,-114675081.59276092,0.0,1,0.2888848001603037,60,785,118,173,310,72853,0.0,0.0
880,Coffee,mcet,6,0,rand/1 p=0.25,rand,0.25,-114675081.59276092,-114675081.59276092,0.0,1,0.43729179992806166,60,921,222,291,349,120718,0.0,0.0
881,Coffee,mcet,6,1,rand/1 p=0.25,rand,0.25,-114675081.59276092,-114675081.59276092,0.0,1,0.5253750002011657,60,1020,293,354,308,146402,0.0,0.0
882,Coffee,mcet,6,2,rand/1 p=0.25,rand,0.25,-114675081.59276092,-114675081.59276092,0.0,1,0.47416270000394434,60,952,241,315,400,131121,0.0,0.0
883,Coffee,mcet,6,3,rand/1 p=0.25,rand,0.25,-114675081.59276092,-114675081.59276092,0.0,1,0.49983280000742525,60,927,256,332,462,138354,0.0,0.0
884,Coffee,mcet,6,4,rand/1 p=0.25,rand,0.25,-114675081.59276092,-114675081.59276092,0.0,1,0.4465454999008216,60,913,225,294,403,122490,0.0,0.0
885,Coffee,mcet,6,5,rand/1 p=0.25,rand,0.25,-114675081.59276092,-114675081.59276092,0.0,1,0.4196100003318861,60,880,207,277,342,114685,0.0,0.0
886,Coffee,mcet,6,6,rand/1 p=0.25,rand,0.25,-114675081.59276092,-114675081.59276092,0.0,1,0.4556175002362579,60,870,227,303,395,126453,0.0,0.0
887,Coffee,mcet,6,7,rand/1 p=0.25,rand,0.25,-114675081.59276092,-114675081.59276092,0.0,1,0.4426609996589832,60,890,234,295,360,122048,0.0,0.0
888,Coffee,mcet,6,8,rand/1 p=0.25,rand,0.25,-114675081.59276092,-114675081.59276092,0.0,1,0.44310580007731915,60,959,241,292,275,120842,0.0,0.0
889,Coffee,mcet,6,9,rand/1 p=0.25,rand,0.25,-114675081.59276092,-114675081.59276092,0.0,1,0.4441510000033304,60,891,222,289,388,120536,0.0,0.0
890,Coffee,mcet,6,0,rand/1 p=0.50,rand,0.5,-114675081.59276092,-114675081.59276092,0.0,1,0.8060566000640392,60,923,482,577,551,238647,0.0,0.0
891,Coffee,mcet,6,1,rand/1 p=0.50,rand,0.5,-114675081.59276092,-114675081.59276092,0.0,1,0.7804590999148786,60,1004,473,564,507,233703,0.0,0.0
892,Coffee,mcet,6,2,rand/1 p=0.50,rand,0.5,-114675081.59276092,-114675081.59276092,0.0,1,0.8404689998715185,60,986,496,605,621,251218,0.0,0.0
893,Coffee,mcet,6,3,rand/1 p=0.50,rand,0.5,-114675081.59276092,-114675081.59276092,0.0,1,0.7895216000615619,60,942,466,565,605,234838,0.0,0.0
894,Coffee,mcet,6,4,rand/1 p=0.50,rand,0.5,-114675081.59276092,-114675081.59276092,0.0,1,0.8321770997717977,60,997,507,598,499,247795,0.0,0.0
895,Coffee,mcet,6,5,rand/1 p=0.50,rand,0.5,-114675081.59276092,-114675081.59276092,0.0,1,0.7815701999352314,60,979,477,560,477,232082,0.0,0.0
896,Coffee,mcet,6,6,rand/1 p=0.50,rand,0.5,-114675081.59276092,-114675081.59276092,0.0,1,0.7889328997698613,60,972,484,571,467,236960,0.0,0.0
897,Coffee,mcet,6,7,rand/1 p=0.50,rand,0.5,-114675081.59276092,-114675081.59276092,0.0,1,0.7977003000560217,60,948,493,582,542,241473,0.0,0.0
898,Coffee,mcet,6,8,rand/1 p=0.50,rand,0.5,-114675081.59276092,-114675081.59276092,0.0,1,0.7805675998097286,60,984,492,562,388,232259,0.0,0.0
899,Coffee,mcet,6,9,rand/1 p=0.50,rand,0.5,-114675081.59276092,-114675081.59276092,0.0,1,0.7903638001298532,60,965,485,577,525,239535,0.0,0.0
900,Coffee,mcet,6,0,rand/1 p=1.00,rand,1.0,-114675081.59276092,-114675081.59276092,0.0,1,1.4665818001958542,60,1008,1008,1118,650,462866,0.0,0.0
901,Coffee,mcet,6,1,rand/1 p=1.00,rand,1.0,-114675081.59276092,-114675081.59276092,0.0,1,1.4931623000884429,60,1041,1041,1151,605,475964,0.0,0.0
902,Coffee,mcet,6,2,rand/1 p=1.00,rand,1.0,-114675081.59276092,-114675081.59276092,0.0,1,1.5019600999657996,60,1034,1034,1144,591,472275,0.0,0.0
903,Coffee,mcet,6,3,rand/1 p=1.00,rand,1.0,-114675081.59276092,-114675081.59276092,0.0,1,1.4786029999959283,60,1036,1036,1139,551,470412,0.0,0.0
904,Coffee,mcet,6,4,rand/1 p=1.00,rand,1.0,-114675081.59276092,-114675081.59276092,0.0,1,1.497831299842801,60,1030,1030,1147,648,474480,0.0,0.0
905,Coffee,mcet,6,5,rand/1 p=1.00,rand,1.0,-114675081.59276092,-114675081.59276092,0.0,1,1.5038255995023064,60,1040,1040,1144,571,472878,0.0,0.0
906,Coffee,mcet,6,6,rand/1 p=1.00,rand,1.0,-114675081.59276092,-114675081.59276092,0.0,1,1.5109238001168706,60,1027,1027,1143,667,473455,0.0,0.0
907,Coffee,mcet,6,7,rand/1 p=1.00,rand,1.0,-114675081.59276092,-114675081.59276092,0.0,1,1.4999024003045633,60,1033,1033,1144,590,473396,0.0,0.0
908,Coffee,mcet,6,8,rand/1 p=1.00,rand,1.0,-114675081.59276092,-114675081.59276092,0.0,1,1.5006511999526992,60,1029,1029,1141,651,470980,0.0,0.0
909,Coffee,mcet,6,9,rand/1 p=1.00,rand,1.0,-114675081.59276092,-114675081.59276092,0.0,1,1.4022440000553615,60,968,968,1066,587,441370,0.0,0.0
910,Coffee,mcet,7,0,rand/1 p=0,rand,0.0,-114703872.81799155,-114707439.88383755,3.109707486810318e-05,0,0.07175199984339997,60,345,0,0,0,0,1.0899050120811586,0.3821957407550248
911,Coffee,mcet,7,1,rand/1 p=0,rand,0.0,-114707439.88383755,-114707439.88383755,0.0,1,0.07241950021125376,60,378,0,0,0,0,0.8657414585869849,0.2692970297525961
912,Coffee,mcet,7,2,rand/1 p=0,rand,0.0,-114706898.70687193,-114707439.88383755,4.7178889719109374e-06,0,0.07163910003146157,60,344,0,0,0,0,2.0609815070253497,0.7023064066219366
913,Coffee,mcet,7,3,rand/1 p=0,rand,0.0,-114707439.88383755,-114707439.88383755,0.0,1,0.07257079984992743,60,364,0,0,0,0,0.8052596015083313,0.21428571428571433
914,Coffee,mcet,7,4,rand/1 p=0,rand,0.0,-114707126.06109741,-114707439.88383755,2.7358534063298813e-06,0,0.07122240000171587,60,351,0,0,0,0,3.697510641531393,1.2977598426819699
915,Coffee,mcet,7,5,rand/1 p=0,rand,0.0,-114707439.88383755,-114707439.88383755,0.0,1,0.07223020028322935,60,370,0,0,0,0,0.8172944783144598,0.240240248581059
916,Coffee,mcet,7,6,rand/1 p=0,rand,0.0,-114701006.92858024,-114707439.88383755,5.608141253807092e-05,0,0.07111250021262094,60,347,0,0,0,0,3.655852528744615,1.3108625720382225
917,Coffee,mcet,7,7,rand/1 p=0,rand,0.0,-114701990.10290805,-114707439.88383755,4.7510265550558306e-05,0,0.07237169943982735,60,333,0,0,0,0,2.914582125306097,1.5086481184920817
918,Coffee,mcet,7,8,rand/1 p=0,rand,0.0,-114707402.7921181,-114707439.88383755,3.2335931728690527e-07,0,0.07176010013790801,60,353,0,0,0,0,1.3705658446283795,0.4916735666620055
919,Coffee,mcet,7,9,rand/1 p=0,rand,0.0,-114707119.42438087,-114707439.88383755,2.7937111752012733e-06,0,0.07327650039223954,60,369,0,0,0,0,1.3023711923208734,0.427394080047853
920,Coffee,mcet,7,0,rand/1 p=0.05,rand,0.05,-114707439.88383755,-114707439.88383755,0.0,1,0.14844479988096282,60,655,31,58,179,24624,0.0,0.0
921,Coffee,mcet,7,1,rand/1 p=0.05,rand,0.05,-114707439.88383755,-114707439.88383755,0.0,1,0.14732179988641292,60,706,31,58,144,24200,0.0,0.0
922,Coffee,mcet,7,2,rand/1 p=0.05,rand,0.05,-114707439.88383755,-114707439.88383755,0.0,1,0.11698989971773699,60,504,19,36,81,14781,0.0,0.0
923,Coffee,mcet,7,3,rand/1 p=0.05,rand,0.05,-114707439.88383755,-114707439.88383755,0.0,1,0.12471750000258908,60,545,19,40,121,16728,0.0,0.0
924,Coffee,mcet,7,4,rand/1 p=0.05,rand,0.05,-114707439.88383755,-114707439.88383755,0.0,1,0.16906639997614548,60,744,41,76,179,31723,0.0,0.0
925,Coffee,mcet,7,5,rand/1 p=0.05,rand,0.05,-114707439.88383755,-114707439.88383755,0.0,1,0.1421802002005279,60,591,25,52,166,22211,0.0,0.0
926,Coffee,mcet,7,6,rand/1 p=0.05,rand,0.05,-114707439.88383755,-114707439.88383755,0.0,1,0.14311629987787455,60,488,21,54,177,23044,0.0,0.0
927,Coffee,mcet,7,7,rand/1 p=0.05,rand,0.05,-114707439.88383755,-114707439.88383755,0.0,1,0.13828039984218776,60,666,28,50,131,21184,0.0,0.0
928,Coffee,mcet,7,8,rand/1 p=0.05,rand,0.05,-114707439.88383755,-114707439.88383755,0.0,1,0.13049300003331155,60,506,25,45,102,18893,0.0,0.0
929,Coffee,mcet,7,9,rand/1 p=0.05,rand,0.05,-114700862.2749308,-114707439.88383755,5.734247851235241e-05,0,0.14972599979955703,60,518,31,58,130,25122,0.0,0.0
930,Coffee,mcet,7,0,rand/1 p=0.10,rand,0.1,-114707439.88383755,-114707439.88383755,0.0,1,0.2196724001551047,60,671,67,115,270,48707,0.0,0.0
931,Coffee,mcet,7,1,rand/1 p=0.10,rand,0.1,-114707439.88383755,-114707439.88383755,0.0,1,0.2081190999597311,60,739,66,108,210,45076,0.0,0.0
932,Coffee,mcet,7,2,rand/1 p=0.10,rand,0.1,-114707439.88383755,-114707439.88383755,0.0,1,0.23539799987338483,60,653,76,126,227,52788,0.0,0.0
933,Coffee,mcet,7,3,rand/1 p=0.10,rand,0.1,-114707439.88383755,-114707439.88383755,0.0,1,0.27586690010502934,60,808,96,160,351,67091,0.0,0.0
934,Coffee,mcet,7,4,rand/1 p=0.10,rand,0.1,-114707439.88383755,-114707439.88383755,0.0,1,0.20458000019425526,60,615,58,104,222,43568,0.0,0.0
935,Coffee,mcet,7,5,rand/1 p=0.10,rand,0.1,-114707439.88383755,-114707439.88383755,0.0,1,0.22352560015860945,60,652,69,118,303,49775,0.0,0.0
936,Coffee,mcet,7,6,rand/1 p=0.10,rand,0.1,-114707439.88383755,-114707439.88383755,0.0,1,0.24422059982316568,60,666,71,135,357,56925,0.0,0.0
937,Coffee,mcet,7,7,rand/1 p=0.10,rand,0.1,-114707439.88383755,-114707439.88383755,0.0,1,0.23732580000068992,60,752,77,126,321,53020,0.0,0.0
938,Coffee,mcet,7,8,rand/1 p=0.10,rand,0.1,-114707439.88383755,-114707439.88383755,0.0,1,0.19062180031323805,60,729,60,93,203,38907,0.0,0.0
939,Coffee,mcet,7,9,rand/1 p=0.10,rand,0.1,-114707439.88383755,-114707439.88383755,0.0,1,0.2124314001412131,60,728,80,109,169,45445,0.0,0.0
940,Coffee,mcet,7,0,rand/1 p=0.15,rand,0.15,-114707439.88383755,-114707439.88383755,0.0,1,0.306790099828504,60,769,124,179,294,75081,0.0,0.0
941,Coffee,mcet,7,1,rand/1 p=0.15,rand,0.15,-114707439.88383755,-114707439.88383755,0.0,1,0.29251910001039505,60,806,116,173,324,72143,0.0,0.0
942,Coffee,mcet,7,2,rand/1 p=0.15,rand,0.15,-114707439.88383755,-114707439.88383755,0.0,1,0.2752237000968307,60,701,106,159,281,66964,0.0,0.0
943,Coffee,mcet,7,3,rand/1 p=0.15,rand,0.15,-114707439.88383755,-114707439.88383755,0.0,1,0.28764080035034567,60,789,122,171,255,71353,0.0,0.0
944,Coffee,mcet,7,4,rand/1 p=0.15,rand,0.15,-114707439.88383755,-114707439.88383755,0.0,1,0.2873356998898089,60,767,107,169,403,71108,0.0,0.0
945,Coffee,mcet,7,5,rand/1 p=0.15,rand,0.15,-114707439.88383755,-114707439.88383755,0.0,1,0.2881959000369534,60,770,100,168,392,71183,0.0,0.0
946,Coffee,mcet,7,6,rand/1 p=0.15,rand,0.15,-114707439.88383755,-114707439.88383755,0.0,1,0.2908260998665355,60,735,112,170,341,71749,0.0,0.0
947,Coffee,mcet,7,7,rand/1 p=0.15,rand,0.15,-114707439.88383755,-114707439.88383755,0.0,1,0.2628923002630472,60,717,102,149,275,62655,0.0,0.0
948,Coffee,mcet,7,8,rand/1 p=0.15,rand,0.15,-114707439.88383755,-114707439.88383755,0.0,1,0.28588190022855997,60,762,115,168,305,70268,0.0,0.0
949,Coffee,mcet,7,9,rand/1 p=0.15,rand,0.15,-114707439.88383755,-114707439.88383755,0.0,1,0.3010135000804439,60,731,124,178,304,74408,0.0,0.0
950,Coffee,mcet,7,0,rand/1 p=0.25,rand,0.25,-114707439.88383755,-114707439.88383755,0.0,1,0.3511636001057923,60,785,164,220,335,91745,0.0,0.0
951,Coffee,mcet,7,1,rand/1 p=0.25,rand,0.25,-114707439.88383755,-114707439.88383755,0.0,1,0.3944895001477562,60,788,188,255,403,106309,0.0,0.0
952,Coffee,mcet,7,2,rand/1 p=0.25,rand,0.25,-114707439.88383755,-114707439.88383755,0.0,1,0.4421572998398915,60,819,203,290,474,122033,0.0,0.0
953,Coffee,mcet,7,3,rand/1 p=0.25,rand,0.25,-114707439.88383755,-114707439.88383755,0.0,1,0.36973989981925115,60,781,181,231,311,96436,0.0,0.0
954,Coffee,mcet,7,4,rand/1 p=0.25,rand,0.25,-114707439.88383755,-114707439.88383755,0.0,1,0.4442540998570621,60,681,169,282,582,119265,0.0,0.0
955,Coffee,mcet,7,5,rand/1 p=0.25,rand,0.25,-114707439.88383755,-114707439.88383755,0.0,1,0.47837349970359355,60,772,210,306,556,128914,0.0,0.0
956,Coffee,mcet,7,6,rand/1 p=0.25,rand,0.25,-114707439.88383755,-114707439.88383755,0.0,1,0.4363332997309044,60,681,167,279,601,118220,0.0,0.0
957,Coffee,mcet,7,7,rand/1 p=0.25,rand,0.25,-114707439.88383755,-114707439.88383755,0.0,1,0.42510690027847886,60,783,196,270,450,113232,0.0,0.0
958,Coffee,mcet,7,8,rand/1 p=0.25,rand,0.25,-114707439.88383755,-114707439.88383755,0.0,1,0.4222584001836367,60,859,215,272,311,113263,0.0,0.0
959,Coffee,mcet,7,9,rand/1 p=0.25,rand,0.25,-114707439.88383755,-114707439.88383755,0.0,1,0.45737750007538125,60,879,227,300,454,125051,0.0,0.0
960,Coffee,mcet,7,0,rand/1 p=0.50,rand,0.5,-114707439.88383755,-114707439.88383755,0.0,1,0.7738063998986036,60,871,448,548,643,229695,0.0,0.0
961,Coffee,mcet,7,1,rand/1 p=0.50,rand,0.5,-114707439.88383755,-114707439.88383755,0.0,1,0.7516318999114446,60,867,430,535,594,222494,0.0,0.0
962,Coffee,mcet,7,2,rand/1 p=0.50,rand,0.5,-114707439.88383755,-114707439.88383755,0.0,1,0.8023020001128316,60,926,458,574,676,240082,0.0,0.0
963,Coffee,mcet,7,3,rand/1 p=0.50,rand,0.5,-114707439.88383755,-114707439.88383755,0.0,1,0.7079968998441473,60,856,420,503,484,209375,0.0,0.0
964,Coffee,mcet,7,4,rand/1 p=0.50,rand,0.5,-114707439.88383755,-114707439.88383755,0.0,1,0.7152291999664158,60,886,417,503,513,210474,0.0,0.0
965,Coffee,mcet,7,5,rand/1 p=0.50,rand,0.5,-114707439.88383755,-114707439.88383755,0.0,1,0.8114035000908189,60,967,489,582,575,242909,0.0,0.0
966,Coffee,mcet,7,6,rand/1 p=0.50,rand,0.5,-114707439.88383755,-114707439.88383755,0.0,1,0.8071002001524903,60,891,441,567,762,237548,0.0,0.0
967,Coffee,mcet,7,7,rand/1 p=0.50,rand,0.5,-114707439.88383755,-114707439.88383755,0.0,1,0.7401525002787821,60,871,417,528,664,221266,0.0,0.0
968,Coffee,mcet,7,8,rand/1 p=0.50,rand,0.5,-114707439.88383755,-114707439.88383755,0.0,1,0.7984382001450285,60,949,502,578,456,240179,0.0,0.0
969,Coffee,mcet,7,9,rand/1 p=0.50,rand,0.5,-114707439.88383755,-114707439.88383755,0.0,1,0.7506176002207212,60,864,436,521,518,216597,0.0,0.0
970,Coffee,mcet,7,0,rand/1 p=1.00,rand,1.0,-114707439.88383755,-114707439.88383755,0.0,1,1.4459913001628593,60,960,960,1088,745,453590,0.0,0.0
971,Coffee,mcet,7,1,rand/1 p=1.00,rand,1.0,-114707439.88383755,-114707439.88383755,0.0,1,1.5218750999774784,60,1020,1020,1143,731,475369,0.0,0.0
972,Coffee,mcet,7,2,rand/1 p=1.00,rand,1.0,-114707439.88383755,-114707439.88383755,0.0,1,1.463501300138887,60,965,965,1110,843,462312,0.0,0.0
973,Coffee,mcet,7,3,rand/1 p=1.00,rand,1.0,-114707439.88383755,-114707439.88383755,0.0,1,1.4552115997648798,60,953,953,1101,882,458935,0.0,0.0
974,Coffee,mcet,7,4,rand/1 p=1.00,rand,1.0,-114707439.88383755,-114707439.88383755,0.0,1,1.384842899744399,60,899,899,1036,812,432360,0.0,0.0
975,Coffee,mcet,7,5,rand/1 p=1.00,rand,1.0,-114707439.88383755,-114707439.88383755,0.0,1,1.4594573999056593,60,938,938,1100,928,458967,0.0,0.0
976,Coffee,mcet,7,6,rand/1 p=1.00,rand,1.0,-114707439.88383755,-114707439.88383755,0.0,1,1.4333741999580525,60,929,929,1076,933,449617,0.0,0.0
977,Coffee,mcet,7,7,rand/1 p=1.00,rand,1.0,-114707439.88383755,-114707439.88383755,0.0,1,1.484069399884902,60,981,981,1125,896,468674,0.0,0.0
978,Coffee,mcet,7,8,rand/1 p=1.00,rand,1.0,-114707439.88383755,-114707439.88383755,0.0,1,1.5201114000519738,60,1034,1034,1156,743,480304,0.0,0.0
979,Coffee,mcet,7,9,rand/1 p=1.00,rand,1.0,-114707439.88383755,-114707439.88383755,0.0,1,1.5072666998021305,60,992,992,1134,867,472642,0.0,0.0
980,Coffee,mcet,8,0,rand/1 p=0,rand,0.0,-114731279.43117721,-114731361.98594882,7.1954843186002e-07,0,0.07639990007737651,60,395,0,0,0,0,0.65,0.09078649403958718
981,Coffee,mcet,8,1,rand/1 p=0,rand,0.0,-114730062.53636009,-114731361.98594882,1.132601902599287e-05,0,0.07496230013202876,60,423,0,0,0,0,2.8080434108628136,0.9260225522740768
982,Coffee,mcet,8,2,rand/1 p=0,rand,0.0,-114731307.82540265,-114731361.98594882,4.720640043941779e-07,0,0.07528409996302798,60,354,0,0,0,0,1.960290090864462,0.661620233790609
983,Coffee,mcet,8,3,rand/1 p=0,rand,0.0,-114731352.95527154,-114731361.98594882,7.871149716653328e-08,0,0.07668170012766495,60,385,0,0,0,0,0.5429950561103499,0.09873724356957946
984,Coffee,mcet,8,4,rand/1 p=0,rand,0.0,-114731184.84883162,-114731361.98594882,1.5439293504930516e-06,0,0.07630449981661513,60,327,0,0,0,0,3.5552910836898746,1.1551319468385675
985,Coffee,mcet,8,5,rand/1 p=0,rand,0.0,-114731352.95527154,-114731361.98594882,7.871149716653328e-08,0,0.07699679996585473,60,381,0,0,0,0,1.224156240731591,0.35008381303813374
986,Coffee,mcet,8,6,rand/1 p=0,rand,0.0,-114731345.13282391,-114731361.98594882,1.4689204947916808e-07,0,0.07717390003381297,60,384,0,0,0,0,0.83624986275387,0.22819249206267544
987,Coffee,mcet,8,7,rand/1 p=0,rand,0.0,-114731348.6500561,-114731361.98594882,1.1623580938265043e-07,0,0.07571999973151833,60,364,0,0,0,0,1.6849560108119728,0.5008862965566545
988,Coffee,mcet,8,8,rand/1 p=0,rand,0.0,-114731208.48105845,-114731361.98594882,1.3379505630394985e-06,0,0.07659049978246912,60,394,0,0,0,0,1.0219620491991315,0.24536072413459542
989,Coffee,mcet,8,9,rand/1 p=0,rand,0.0,-114731361.98594882,-114731361.98594882,0.0,1,0.07460550003452227,60,370,0,0,0,0,1.1939741819524543,0.3385160990119084
990,Coffee,mcet,8,0,rand/1 p=0.05,rand,0.05,-114731361.98594882,-114731361.98594882,0.0,1,0.1317488998756744,60,518,23,42,89,18083,0.0,0.0
991,Coffee,mcet,8,1,rand/1 p=0.05,rand,0.05,-114731361.98594882,-114731361.98594882,0.0,1,0.13961089978693053,60,539,24,48,113,20818,0.0,0.0
992,Coffee,mcet,8,2,rand/1 p=0.05,rand,0.05,-114731361.98594882,-114731361.98594882,0.0,1,0.15628349978942424,60,605,33,60,192,26130,0.0,0.0
993,Coffee,mcet,8,3,rand/1 p=0.05,rand,0.05,-114731361.98594882,-114731361.98594882,0.0,1,0.1533065001713112,60,586,24,58,205,25185,0.0,0.0
994,Coffee,mcet,8,4,rand/1 p=0.05,rand,0.05,-114731361.98594882,-114731361.98594882,0.0,1,0.19506260001799092,60,669,39,90,371,39200,0.0,0.0
995,Coffee,mcet,8,5,rand/1 p=0.05,rand,0.05,-114731361.98594882,-114731361.98594882,0.0,1,0.1616582999122329,60,530,27,58,202,25403,0.0,0.0
996,Coffee,mcet,8,6,rand/1 p=0.05,rand,0.05,-114731361.98594882,-114731361.98594882,0.0,1,0.16905919939745218,60,629,37,68,167,29441,0.0,0.0
997,Coffee,mcet,8,7,rand/1 p=0.05,rand,0.05,-114731361.98594882,-114731361.98594882,0.0,1,0.16817710013128817,60,628,37,70,148,30270,0.0,0.0
998,Coffee,mcet,8,8,rand/1 p=0.05,rand,0.05,-114731361.98594882,-114731361.98594882,0.0,1,0.16442390013253316,60,734,41,66,162,28524,0.0,0.0
999,Coffee,mcet,8,9,rand/1 p=0.05,rand,0.05,-114731361.98594882,-114731361.98594882,0.0,1,0.1800840999931097,60,632,40,77,261,33568,0.0,0.0
1000,Coffee,mcet,8,0,rand/1 p=0.10,rand,0.1,-114731361.98594882,-114731361.98594882,0.0,1,0.25566009985050187,60,828,89,133,309,57777,0.0,0.0
1001,Coffee,mcet,8,1,rand/1 p=0.10,rand,0.1,-114731361.98594882,-114731361.98594882,0.0,1,0.227888900146354,60,788,76,111,228,48247,0.0,0.0
1002,Coffee,mcet,8,2,rand/1 p=0.10,rand,0.1,-114731361.98594882,-114731361.98594882,0.0,1,0.2349646000075154,60,727,78,121,278,52952,0.0,0.0
1003,Coffee,mcet,8,3,rand/1 p=0.10,rand,0.1,-114731361.98594882,-114731361.98594882,0.0,1,0.2356235998449847,60,732,76,121,293,52414,0.0,0.0
1004,Coffee,mcet,8,4,rand/1 p=0.10,rand,0.1,-114731361.98594882,-114731361.98594882,0.0,1,0.22901119949528947,60,668,62,117,424,50888,0.0,0.0
1005,Coffee,mcet,8,5,rand/1 p=0.10,rand,0.1,-114731361.98594882,-114731361.98594882,0.0,1,0.21214459993643686,60,648,56,102,309,44734,0.0,0.0
1006,Coffee,mcet,8,6,rand/1 p=0.10,rand,0.1,-114731361.98594882,-114731361.98594882,0.0,1,0.22254370024893433,60,655,72,111,244,48505,0.0,0.0
1007,Coffee,mcet,8,7,rand/1 p=0.10,rand,0.1,-114731361.98594882,-114731361.98594882,0.0,1,0.20630559988785535,60,624,57,101,287,43721,0.0,0.0
1008,Coffee,mcet,8,8,rand/1 p=0.10,rand,0.1,-114731361.98594882,-114731361.98594882,0.0,1,0.22466390044428408,60,780,78,114,210,49117,0.0,0.0
1009,Coffee,mcet,8,9,rand/1 p=0.10,rand,0.1,-114731361.98594882,-114731361.98594882,0.0,1,0.22896099969511852,60,716,72,112,280,49155,0.0,0.0
1010,Coffee,mcet,8,0,rand/1 p=0.15,rand,0.15,-114731361.98594882,-114731361.98594882,0.0,1,0.3285787003696896,60,769,121,187,483,81001,0.0,0.0
1011,Coffee,mcet,8,1,rand/1 p=0.15,rand,0.15,-114731361.98594882,-114731361.98594882,0.0,1,0.2951112998998724,60,681,107,161,321,69651,0.0,0.0
1012,Coffee,mcet,8,2,rand/1 p=0.15,rand,0.15,-114731361.98594882,-114731361.98594882,0.0,1,0.32096930005354807,60,790,134,183,334,79068,0.0,0.0
1013,Coffee,mcet,8,3,rand/1 p=0.15,rand,0.15,-114731361.98594882,-114731361.98594882,0.0,1,0.3389243998681195,60,742,126,193,463,83887,0.0,0.0
1014,Coffee,mcet,8,4,rand/1 p=0.15,rand,0.15,-114731361.98594882,-114731361.98594882,0.0,1,0.29248510021716356,60,713,100,160,402,69327,0.0,0.0
1015,Coffee,mcet,8,5,rand/1 p=0.15,rand,0.15,-114731361.98594882,-114731361.98594882,0.0,1,0.31920570018701255,60,824,118,181,421,78571,0.0,0.0
1016,Coffee,mcet,8,6,rand/1 p=0.15,rand,0.15,-114731361.98594882,-114731361.98594882,0.0,1,0.3132552999886684,60,795,122,175,331,76207,0.0,0.0
1017,Coffee,mcet,8,7,rand/1 p=0.15,rand,0.15,-114731338.79526402,-114731361.98594882,2.0213030154928179e-07,0,0.26525420014513656,60,775,104,140,251,60830,0.0,0.0
1018,Coffee,mcet,8,8,rand/1 p=0.15,rand,0.15,-114731361.98594882,-114731361.98594882,0.0,1,0.3027783997822553,60,790,121,170,251,73224,0.0,0.0
1019,Coffee,mcet,8,9,rand/1 p=0.15,rand,0.15,-114731361.98594882,-114731361.98594882,0.0,1,0.33995859988499433,60,792,130,196,419,85081,0.0,0.0
1020,Coffee,mcet,8,0,rand/1 p=0.25,rand,0.25,-114731361.98594882,-114731361.98594882,0.0,1,0.44756389962276444,60,876,204,280,544,121717,0.0,0.0
1021,Coffee,mcet,8,1,rand/1 p=0.25,rand,0.25,-114731361.98594882,-114731361.98594882,0.0,1,0.4494964996702038,60,869,220,285,448,123161,0.0,0.0
1022,Coffee,mcet,8,2,rand/1 p=0.25,rand,0.25,-114731361.98594882,-114731361.98594882,0.0,1,0.480591899715364,60,871,220,305,558,132052,0.0,0.0
1023,Coffee,mcet,8,3,rand/1 p=0.25,rand,0.25,-114731361.98594882,-114731361.98594882,0.0,1,0.43059149995679036,60,831,199,268,464,116750,0.0,0.0
1024,Coffee,mcet,8,4,rand/1 p=0.25,rand,0.25,-114731361.98594882,-114731361.98594882,0.0,1,0.4458123000804335,60,761,193,283,641,122207,0.0,0.0
1025,Coffee,mcet,8,5,rand/1 p=0.25,rand,0.25,-114731361.98594882,-114731361.98594882,0.0,1,0.4137176001095213,60,802,193,255,437,110134,0.0,0.0
1026,Coffee,mcet,8,6,rand/1 p=0.25,rand,0.25,-114731361.98594882,-114731361.98594882,0.0,1,0.440838499867823,60,924,227,276,297,119704,0.0,0.0
1027,Coffee,mcet,8,7,rand/1 p=0.25,rand,0.25,-114731361.98594882,-114731361.98594882,0.0,1,0.42439610027940944,60,809,189,262,505,113223,0.0,0.0
1028,Coffee,mcet,8,8,rand/1 p=0.25,rand,0.25,-114731361.98594882,-114731361.98594882,0.0,1,0.4304003999568522,60,848,211,270,375,116165,0.0,0.0
1029,Coffee,mcet,8,9,rand/1 p=0.25,rand,0.25,-114731361.98594882,-114731361.98594882,0.0,1,0.43688990001101047,60,825,204,271,471,117376,0.0,0.0
1030,Coffee,mcet,8,0,rand/1 p=0.50,rand,0.5,-114731361.98594882,-114731361.98594882,0.0,1,0.8028583997511305,60,925,457,553,659,239841,0.0,0.0
1031,Coffee,mcet,8,1,rand/1 p=0.50,rand,0.5,-114731361.98594882,-114731361.98594882,0.0,1,0.838534600159619,60,994,485,580,616,250963,0.0,0.0
1032,Coffee,mcet,8,2,rand/1 p=0.50,rand,0.5,-114731361.98594882,-114731361.98594882,0.0,1,0.8411914001917467,60,948,460,566,738,245243,0.0,0.0
1033,Coffee,mcet,8,3,rand/1 p=0.50,rand,0.5,-114731361.98594882,-114731361.98594882,0.0,1,0.8283117999671958,60,944,476,573,638,248431,0.0,0.0
1034,Coffee,mcet,8,4,rand/1 p=0.50,rand,0.5,-114731361.98594882,-114731361.98594882,0.0,1,0.7850243000430055,60,857,430,535,777,231179,0.0,0.0
1035,Coffee,mcet,8,5,rand/1 p=0.50,rand,0.5,-114731361.98594882,-114731361.98594882,0.0,1,0.823397499974817,60,922,467,565,700,244354,0.0,0.0
1036,Coffee,mcet,8,6,rand/1 p=0.50,rand,0.5,-114731361.98594882,-114731361.98594882,0.0,1,0.8169029999990016,60,957,474,559,555,242198,0.0,0.0
1037,Coffee,mcet,8,7,rand/1 p=0.50,rand,0.5,-114731361.98594882,-114731361.98594882,0.0,1,0.8212054999894463,60,970,465,556,600,240606,0.0,0.0
1038,Coffee,mcet,8,8,rand/1 p=0.50,rand,0.5,-114731361.98594882,-114731361.98594882,0.0,1,0.8497609000769444,60,981,494,587,635,253169,0.0,0.0
1039,Coffee,mcet,8,9,rand/1 p=0.50,rand,0.5,-114731361.98594882,-114731361.98594882,0.0,1,0.8516182996681891,60,953,496,592,682,256601,0.0,0.0
1040,Coffee,mcet,8,0,rand/1 p=1.00,rand,1.0,-114731361.98594882,-114731361.98594882,0.0,1,1.5523018002859317,60,1002,1002,1120,832,484538,0.0,0.0
1041,Coffee,mcet,8,1,rand/1 p=1.00,rand,1.0,-114731361.98594882,-114731361.98594882,0.0,1,1.5507450996665284,60,999,999,1121,863,484882,0.0,0.0
1042,Coffee,mcet,8,2,rand/1 p=1.00,rand,1.0,-114731361.98594882,-114731361.98594882,0.0,1,1.6170788998133503,60,1040,1040,1174,989,507405,0.0,0.0
1043,Coffee,mcet,8,3,rand/1 p=1.00,rand,1.0,-114731361.98594882,-114731361.98594882,0.0,1,1.5574388999375515,60,1011,1011,1122,711,484327,0.0,0.0
1044,Coffee,mcet,8,4,rand/1 p=1.00,rand,1.0,-114731361.98594882,-114731361.98594882,0.0,1,1.581481300177984,60,1026,1026,1142,855,494297,0.0,0.0
1045,Coffee,mcet,8,5,rand/1 p=1.00,rand,1.0,-114731361.98594882,-114731361.98594882,0.0,1,1.648385899956338,60,1074,1074,1189,826,514442,0.0,0.0
1046,Coffee,mcet,8,6,rand/1 p=1.00,rand,1.0,-114731361.98594882,-114731361.98594882,0.0,1,1.547939500072971,60,1016,1016,1120,729,483600,0.0,0.0
1047,Coffee,mcet,8,7,rand/1 p=1.00,rand,1.0,-114731361.98594882,-114731361.98594882,0.0,1,1.5221947999671102,60,969,969,1106,960,477897,0.0,0.0
1048,Coffee,mcet,8,8,rand/1 p=1.00,rand,1.0,-114731361.98594882,-114731361.98594882,0.0,1,1.610860200074967,60,1036,1036,1169,940,503516,0.0,0.0
1049,Coffee,mcet,8,9,rand/1 p=1.00,rand,1.0,-114731361.98594882,-114731361.98594882,0.0,1,1.5525769001687877,60,969,969,1104,1043,477778,0.0,0.0
1050,Cat,mcet,6,0,rand/1 p=0,rand,0.0,-77069237.36816211,-77069237.36816211,0.0,1,0.06928250001510605,60,329,0,0,0,0,1.3828962841755286,0.5583051265839635
1051,Cat,mcet,6,1,rand/1 p=0,rand,0.0,-77069187.63303804,-77069237.36816211,6.453304296873452e-07,0,0.06995980010833591,60,479,0,0,0,0,0.0,0.0
1052,Cat,mcet,6,2,rand/1 p=0,rand,0.0,-77069217.78329164,-77069237.36816211,2.5412046545877787e-07,0,0.06980210042092949,60,342,0,0,0,0,0.9316815730195911,0.3324618561687361
1053,Cat,mcet,6,3,rand/1 p=0,rand,0.0,-77069237.36816211,-77069237.36816211,0.0,1,0.07040780008537695,60,360,0,0,0,0,0.6399422914290736,0.23333333333333336
1054,Cat,mcet,6,4,rand/1 p=0,rand,0.0,-77069205.84174275,-77069237.36816211,4.090661907793724e-07,0,0.06970859976718202,60,336,0,0,0,0,2.0607508115126163,0.8765140034695328
1055,Cat,mcet,6,5,rand/1 p=0,rand,0.0,-77069237.36816211,-77069237.36816211,0.0,1,0.07028010016074404,60,351,0,0,0,0,0.5617592711001851,0.13900683702260255
1056,Cat,mcet,6,6,rand/1 p=0,rand,0.0,-77059221.78529252,-77069237.36816211,0.000129955650420473,0,0.06926240009488538,60,571,0,0,0,0,5.725,1.2789698545661226
1057,Cat,mcet,6,7,rand/1 p=0,rand,0.0,-77069195.18751359,-77069237.36816211,5.473084976706156e-07,0,0.06935099995462224,60,380,0,0,0,0,0.5100000000000054,0.2380476142847617
1058,Cat,mcet,6,8,rand/1 p=0,rand,0.0,-77069227.50122626,-77069237.36816211,1.2802690393905292e-07,0,0.06924219976644963,60,380,0,0,0,0,0.8548465359893272,0.32946967360181145
1059,Cat,mcet,6,9,rand/1 p=0,rand,0.0,-77069095.44226086,-77069237.36816211,1.8415376367494946e-06,0,0.06898020021617413,60,385,0,0,0,0,0.6788225099390871,0.1632993161855452
1060,Cat,mcet,6,0,rand/1 p=0.05,rand,0.05,-77069237.36816211,-77069237.36816211,0.0,1,0.1409428000333719,60,667,35,67,205,24392,0.0,0.0
1061,Cat,mcet,6,1,rand/1 p=0.05,rand,0.05,-77069237.36816211,-77069237.36816211,0.0,1,0.1559933998505585,60,597,38,81,245,29622,0.0,0.0
1062,Cat,mcet,6,2,rand/1 p=0.05,rand,0.05,-77069237.36816211,-77069237.36816211,0.0,1,0.1273647997295484,60,443,24,56,156,20175,0.0,0.0
1063,Cat,mcet,6,3,rand/1 p=0.05,rand,0.05,-77069237.36816211,-77069237.36816211,0.0,1,0.1423726000939496,60,574,35,71,164,25537,0.0,0.0
1064,Cat,mcet,6,4,rand/1 p=0.05,rand,0.05,-77069171.24010472,-77069237.36816211,8.580344070949564e-07,0,0.12886770005570725,60,716,33,57,130,20615,0.0,0.0
1065,Cat,mcet,6,5,rand/1 p=0.05,rand,0.05,-77069237.36816211,-77069237.36816211,0.0,1,0.14218669990077615,60,597,37,72,154,25755,0.0,0.0
1066,Cat,mcet,6,6,rand/1 p=0.05,rand,0.05,-77069237.36816211,-77069237.36816211,0.0,1,0.11856989981606603,60,328,16,47,139,16965,0.37734013086486895,0.23632415786283897
1067,Cat,mcet,6,7,rand/1 p=0.05,rand,0.05,-77069237.36816211,-77069237.36816211,0.0,1,0.11119719996349886,60,319,12,38,106,13797,0.6153080609374688,0.17875168119291432
1068,Cat,mcet,6,8,rand/1 p=0.05,rand,0.05,-77069237.36816211,-77069237.36816211,0.0,1,0.12203340017003939,60,464,21,49,132,17672,0.0,0.0
1069,Cat,mcet,6,9,rand/1 p=0.05,rand,0.05,-77069237.36816211,-77069237.36816211,0.0,1,0.13628940004855394,60,486,33,65,150,23323,0.0,0.0
1070,Cat,mcet,6,0,rand/1 p=0.10,rand,0.1,-77069237.36816211,-77069237.36816211,0.0,1,0.20424710010411218,60,634,77,132,235,47896,0.0,0.0
1071,Cat,mcet,6,1,rand/1 p=0.10,rand,0.1,-77069237.36816211,-77069237.36816211,0.0,1,0.21879919996717945,60,658,76,146,375,53026,0.0,0.0
1072,Cat,mcet,6,2,rand/1 p=0.10,rand,0.1,-77069237.36816211,-77069237.36816211,0.0,1,0.18527779990108684,60,752,72,113,181,40578,0.0,0.0
1073,Cat,mcet,6,3,rand/1 p=0.10,rand,0.1,-77069237.36816211,-77069237.36816211,0.0,1,0.17555169999832287,60,591,61,104,222,37427,0.0,0.0
1074,Cat,mcet,6,4,rand/1 p=0.10,rand,0.1,-77069237.36816211,-77069237.36816211,0.0,1,0.16917789983563125,60,503,47,96,296,35093,0.0,0.0
1075,Cat,mcet,6,5,rand/1 p=0.10,rand,0.1,-77069237.36816211,-77069237.36816211,0.0,1,0.1896195999579504,60,675,60,117,250,42145,0.0,0.0
1076,Cat,mcet,6,6,rand/1 p=0.10,rand,0.1,-77069237.36816211,-77069237.36816211,0.0,1,0.1980900003691204,60,689,69,127,335,45856,0.0,0.0
1077,Cat,mcet,6,7,rand/1 p=0.10,rand,0.1,-77069237.36816211,-77069237.36816211,0.0,1,0.18800320039736107,60,647,70,119,250,42921,0.0,0.0
1078,Cat,mcet,6,8,rand/1 p=0.10,rand,0.1,-77069237.36816211,-77069237.36816211,0.0,1,0.18492269999114797,60,646,64,113,217,40418,0.0,0.0
1079,Cat,mcet,6,9,rand/1 p=0.10,rand,0.1,-77069237.36816211,-77069237.36816211,0.0,1,0.1780464995536022,60,628,56,107,282,38663,0.0,0.0
1080,Cat,mcet,6,0,rand/1 p=0.15,rand,0.15,-77069237.36816211,-77069237.36816211,0.0,1,0.23960059985984117,60,740,110,166,261,60023,0.0,0.0
1081,Cat,mcet,6,1,rand/1 p=0.15,rand,0.15,-77069237.36816211,-77069237.36816211,0.0,1,0.23124649986857548,60,655,95,158,340,57410,0.0,0.0
1082,Cat,mcet,6,2,rand/1 p=0.15,rand,0.15,-77069237.36816211,-77069237.36816211,0.0,1,0.285665399977006,60,765,129,211,379,75905,0.0,0.0
1083,Cat,mcet,6,3,rand/1 p=0.15,rand,0.15,-77069237.36816211,-77069237.36816211,0.0,1,0.3017691999557428,60,873,140,225,448,80985,0.0,0.0
1084,Cat,mcet,6,4,rand/1 p=0.15,rand,0.15,-77069237.36816211,-77069237.36816211,0.0,1,0.2584225002210587,60,762,114,185,359,66934,0.0,0.0
1085,Cat,mcet,6,5,rand/1 p=0.15,rand,0.15,-77069237.36816211,-77069237.36816211,0.0,1,0.22497970011318102,60,684,97,153,264,55319,0.0,0.0
1086,Cat,mcet,6,6,rand/1 p=0.15,rand,0.15,-77069237.36816211,-77069237.36816211,0.0,1,0.22063929989235476,60,719,92,146,260,52453,0.0,0.0
1087,Cat,mcet,6,7,rand/1 p=0.15,rand,0.15,-77069237.36816211,-77069237.36816211,0.0,1,0.21616539981914684,60,614,88,142,279,51075,0.0,0.0
1088,Cat,mcet,6,8,rand/1 p=0.15,rand,0.15,-77069237.36816211,-77069237.36816211,0.0,1,0.22566720022587106,60,707,102,153,220,54786,0.0,0.0
1089,Cat,mcet,6,9,rand/1 p=0.15,rand,0.15,-77069237.36816211,-77069237.36816211,0.0,1,0.2190399001701735,60,678,92,147,195,52807,0.0,0.0
1090,Cat,mcet,6,0,rand/1 p=0.25,rand,0.25,-77069237.36816211,-77069237.36816211,0.0,1,0.36171560041839257,60,754,186,287,506,103679,0.0,0.0
1091,Cat,mcet,6,1,rand/1 p=0.25,rand,0.25,-77069237.36816211,-77069237.36816211,0.0,1,0.3472891998826526,60,816,190,269,380,97008,0.0,0.0
1092,Cat,mcet,6,2,rand/1 p=0.25,rand,0.25,-77069237.36816211,-77069237.36816211,0.0,1,0.3505120996851474,60,776,192,280,359,100710,0.0,0.0
1093,Cat,mcet,6,3,rand/1 p=0.25,rand,0.25,-77069237.36816211,-77069237.36816211,0.0,1,0.3925497001619078,60,908,243,318,354,114099,0.0,0.0
1094,Cat,mcet,6,4,rand/1 p=0.25,rand,0.25,-77069237.36816211,-77069237.36816211,0.0,1,0.3366821998497471,60,856,193,262,382,94467,0.0,0.0
1095,Cat,mcet,6,5,rand/1 p=0.25,rand,0.25,-77069237.36816211,-77069237.36816211,0.0,1,0.3619070000713691,60,834,212,289,411,103707,0.0,0.0
1096,Cat,mcet,6,6,rand/1 p=0.25,rand,0.25,-77069237.36816211,-77069237.36816211,0.0,1,0.3444036999135278,60,737,186,266,444,95976,0.0,0.0
1097,Cat,mcet,6,7,rand/1 p=0.25,rand,0.25,-77069237.36816211,-77069237.36816211,0.0,1,0.30269490007776767,60,645,159,230,354,82803,0.0,0.0
1098,Cat,mcet,6,8,rand/1 p=0.25,rand,0.25,-77069237.36816211,-77069237.36816211,0.0,1,0.3559240003232844,60,837,210,284,330,101593,0.0,0.0
1099,Cat,mcet,6,9,rand/1 p=0.25,rand,0.25,-77069237.36816211,-77069237.36816211,0.0,1,0.34790099976817146,60,780,201,273,315,98098,0.0,0.0
1100,Cat,mcet,6,0,rand/1 p=0.50,rand,0.5,-77069237.36816211,-77069237.36816211,0.0,1,0.6680098000797443,60,942,481,585,503,210397,0.0,0.0
1101,Cat,mcet,6,1,rand/1 p=0.50,rand,0.5,-77069237.36816211,-77069237.36816211,0.0,1,0.7059467000653967,60,970,505,622,650,223537,0.0,0.0
1102,Cat,mcet,6,2,rand/1 p=0.50,rand,0.5,-77069237.36816211,-77069237.36816211,0.0,1,0.6286131999222562,60,854,435,541,499,194396,0.0,0.0
1103,Cat,mcet,6,3,rand/1 p=0.50,rand,0.5,-77069237.36816211,-77069237.36816211,0.0,1,0.5350011000991799,60,722,353,453,499,162643,0.0,0.0
1104,Cat,mcet,6,4,rand/1 p=0.50,rand,0.5,-77069237.36816211,-77069237.36816211,0.0,1,0.6333559000631794,60,875,449,558,534,200583,0.0,0.0
1105,Cat,mcet,6,5,rand/1 p=0.50,rand,0.5,-77069237.36816211,-77069237.36816211,0.0,1,0.5989357000216842,60,875,432,522,392,186988,0.0,0.0
1106,Cat,mcet,6,6,rand/1 p=0.50,rand,0.5,-77069237.36816211,-77069237.36816211,0.0,1,0.6785444995621219,60,950,484,594,602,213761,0.0,0.0
1107,Cat,mcet,6,7,rand/1 p=0.50,rand,0.5,-77069237.36816211,-77069237.36816211,0.0,1,0.6457001999369822,60,944,466,563,510,202223,0.0,0.0
1108,Cat,mcet,6,8,rand/1 p=0.50,rand,0.5,-77069237.36816211,-77069237.36816211,0.0,1,0.6628136001527309,60,964,493,583,475,208498,0.0,0.0
1109,Cat,mcet,6,9,rand/1 p=0.50,rand,0.5,-77069237.36816211,-77069237.36816211,0.0,1,0.6047858998645097,60,817,419,532,562,191040,0.0,0.0
1110,Cat,mcet,6,0,rand/1 p=1.00,rand,1.0,-77069237.36816211,-77069237.36816211,0.0,1,1.2435174998827279,60,1011,1011,1155,701,414463,0.0,0.0
1111,Cat,mcet,6,1,rand/1 p=1.00,rand,1.0,-77069237.36816211,-77069237.36816211,0.0,1,1.234097400214523,60,986,986,1144,779,410645,0.0,0.0
1112,Cat,mcet,6,2,rand/1 p=1.00,rand,1.0,-77069237.36816211,-77069237.36816211,0.0,1,1.142385400191415,60,925,925,1069,746,382523,0.0,0.0
1113,Cat,mcet,6,3,rand/1 p=1.00,rand,1.0,-77069237.36816211,-77069237.36816211,0.0,1,1.1591972999158315,60,945,945,1083,656,388402,0.0,0.0
1114,Cat,mcet,6,4,rand/1 p=1.00,rand,1.0,-77069237.36816211,-77069237.36816211,0.0,1,1.1930120004690252,60,970,970,1110,713,397847,0.0,0.0
1115,Cat,mcet,6,5,rand/1 p=1.00,rand,1.0,-77069237.36816211,-77069237.36816211,0.0,1,1.1787200002581812,60,973,973,1088,539,389308,0.0,0.0
1116,Cat,mcet,6,6,rand/1 p=1.00,rand,1.0,-77069237.36816211,-77069237.36816211,0.0,1,1.2345689999638125,60,997,997,1142,732,409704,0.0,0.0
1117,Cat,mcet,6,7,rand/1 p=1.00,rand,1.0,-77069237.36816211,-77069237.36816211,0.0,1,1.2007176001789048,60,981,981,1113,626,399119,0.0,0.0
1118,Cat,mcet,6,8,rand/1 p=1.00,rand,1.0,-77069237.36816211,-77069237.36816211,0.0,1,1.1788483001291752,60,977,977,1105,668,395289,0.0,0.0
1119,Cat,mcet,6,9,rand/1 p=1.00,rand,1.0,-77069237.36816211,-77069237.36816211,0.0,1,1.2316946000792086,60,1009,1009,1144,692,410203,0.0,0.0
1120,Cat,mcet,7,0,rand/1 p=0,rand,0.0,-77069221.34328619,-77075910.25274462,8.678339881416366e-05,0,0.07134800008498132,60,383,0,0,0,0,3.075,0.506840956417337
1121,Cat,mcet,7,1,rand/1 p=0,rand,0.0,-77075908.97277586,-77075910.25274462,1.6606599250788488e-08,0,0.07284880004590377,60,342,0,0,0,0,0.7458177554884637,0.2658731732625805
1122,Cat,mcet,7,2,rand/1 p=0,rand,0.0,-77075885.57135664,-77075910.25274462,3.2022181632208583e-07,0,0.07231299998238683,60,302,0,0,0,0,3.055038403711221,1.2216856802254836
1123,Cat,mcet,7,3,rand/1 p=0,rand,0.0,-77075903.11354753,-77075910.25274462,9.262553057001642e-08,0,0.0729462998569943,60,326,0,0,0,0,0.9033413892220621,0.3433857699052352
1124,Cat,mcet,7,4,rand/1 p=0,rand,0.0,-77075887.52295373,-77075910.25274462,2.9490136161534e-07,0,0.0715877998736687,60,338,0,0,0,0,1.2605260649065297,0.47472933869506745
1125,Cat,mcet,7,5,rand/1 p=0,rand,0.0,-77075878.43215956,-77075910.25274462,4.1284734689210225e-07,0,0.0730557000497356,60,355,0,0,0,0,2.356118640481692,0.920951449100162
1126,Cat,mcet,7,6,rand/1 p=0,rand,0.0,-77075451.65086229,-77075910.25274462,5.95000280658109e-06,0,0.07098240003688261,60,380,0,0,0,0,1.1208944446518643,0.3693855449374599
1127,Cat,mcet,7,7,rand/1 p=0,rand,0.0,-77075884.16071932,-77075910.25274462,3.385237386018522e-07,0,0.07286110008135438,60,395,0,0,0,0,0.7307131222943202,0.17363409510433478
1128,Cat,mcet,7,8,rand/1 p=0,rand,0.0,-77075907.85895029,-77075910.25274462,3.1057619950574354e-08,0,0.07162369991419837,60,339,0,0,0,0,0.9568531699957885,0.35349475989454043
1129,Cat,mcet,7,9,rand/1 p=0,rand,0.0,-77069209.7604172,-77075910.25274462,8.693367753231697e-05,0,0.07187160017201677,60,376,0,0,0,0,7.881394112348628,1.7715954364311546
1130,Cat,mcet,7,0,rand/1 p=0.05,rand,0.05,-77075908.97277586,-77075910.25274462,1.6606599250788488e-08,0,0.1053301997599192,60,358,11,31,84,11411,0.4492918722651404,0.1448775489791836
1131,Cat,mcet,7,1,rand/1 p=0.05,rand,0.05,-77075910.25274462,-77075910.25274462,0.0,1,0.12676880008075386,60,310,17,51,230,18741,0.9652050911789376,0.3584618278078505
1132,Cat,mcet,7,2,rand/1 p=0.05,rand,0.05,-77075910.12250154,-77075910.25274462,1.6898026562008173e-09,1,0.11606460006441921,60,302,12,41,148,15022,0.8962507403982171,0.3538528001012104
1133,Cat,mcet,7,3,rand/1 p=0.05,rand,0.05,-77075910.25274462,-77075910.25274462,0.0,1,0.1367572001181543,60,311,19,60,247,21980,0.0,0.0
1134,Cat,mcet,7,4,rand/1 p=0.05,rand,0.05,-77075910.25274462,-77075910.25274462,0.0,1,0.132805900182575,60,339,20,56,185,20454,0.0,0.0
1135,Cat,mcet,7,5,rand/1 p=0.05,rand,0.05,-77075907.85895029,-77075910.25274462,3.1057619950574354e-08,0,0.13125350029440597,60,403,19,54,191,20120,0.0,0.0
1136,Cat,mcet,7,6,rand/1 p=0.05,rand,0.05,-77075910.25274462,-77075910.25274462,0.0,1,0.13727489992743358,60,339,22,58,199,21281,0.0,0.0
1137,Cat,mcet,7,7,rand/1 p=0.05,rand,0.05,-77075910.25274462,-77075910.25274462,0.0,1,0.13119529973482713,60,298,18,55,170,20109,1.0912474433340513,0.38909043529812176
1138,Cat,mcet,7,8,rand/1 p=0.05,rand,0.05,-77075910.25274462,-77075910.25274462,0.0,1,0.10613919963361695,60,292,9,29,85,10436,0.9396310950692074,0.42466812141804505
1139,Cat,mcet,7,9,rand/1 p=0.05,rand,0.05,-77075910.25274462,-77075910.25274462,0.0,1,0.13803009979892522,60,480,27,60,189,22178,0.0,0.0
1140,Cat,mcet,7,0,rand/1 p=0.10,rand,0.1,-77075910.25274462,-77075910.25274462,0.0,1,0.17307000025175512,60,426,44,94,310,34525,0.0,0.0
1141,Cat,mcet,7,1,rand/1 p=0.10,rand,0.1,-77075910.25274462,-77075910.25274462,0.0,1,0.16794160002609715,60,264,35,92,303,33478,0.31176914536239003,0.1285714285714286
1142,Cat,mcet,7,2,rand/1 p=0.10,rand,0.1,-77075910.25274462,-77075910.25274462,0.0,1,0.17062329995678738,60,313,34,92,316,33964,0.0,0.0
1143,Cat,mcet,7,3,rand/1 p=0.10,rand,0.1,-77075910.25274462,-77075910.25274462,0.0,1,0.18791949999285862,60,491,51,110,333,40350,0.0,0.0
1144,Cat,mcet,7,4,rand/1 p=0.10,rand,0.1,-77075910.25274462,-77075910.25274462,0.0,1,0.17658390023279935,60,392,44,99,280,36222,0.0,0.0
1145,Cat,mcet,7,5,rand/1 p=0.10,rand,0.1,-77075910.25274462,-77075910.25274462,0.0,1,0.17876049980986863,60,513,49,101,302,37123,0.0,0.0
1146,Cat,mcet,7,6,rand/1 p=0.10,rand,0.1,-77075908.97277586,-77075910.25274462,1.6606599250788488e-08,0,0.17947920004371554,60,592,58,101,213,36897,0.0,0.0
1147,Cat,mcet,7,7,rand/1 p=0.10,rand,0.1,-77075908.97277586,-77075910.25274462,1.6606599250788488e-08,0,0.1884302999242209,60,534,61,111,278,40806,0.0,0.0
1148,Cat,mcet,7,8,rand/1 p=0.10,rand,0.1,-77075910.25274462,-77075910.25274462,0.0,1,0.12806609965628013,60,285,19,55,178,19848,0.8513253697021238,0.24109125612099147
1149,Cat,mcet,7,9,rand/1 p=0.10,rand,0.1,-77075910.25274462,-77075910.25274462,0.0,1,0.14957670035073534,60,553,40,74,205,27362,0.0,0.0
1150,Cat,mcet,7,0,rand/1 p=0.15,rand,0.15,-77075910.25274462,-77075910.25274462,0.0,1,0.17269189993385226,60,355,40,95,322,34903,0.0,0.0
1151,Cat,mcet,7,1,rand/1 p=0.15,rand,0.15,-77075910.25274462,-77075910.25274462,0.0,1,0.19995960022788495,60,413,62,125,316,45657,0.0,0.0
1152,Cat,mcet,7,2,rand/1 p=0.15,rand,0.15,-77075910.25274462,-77075910.25274462,0.0,1,0.22732170030940324,60,578,91,148,325,54297,0.0,0.0
1153,Cat,mcet,7,3,rand/1 p=0.15,rand,0.15,-77075908.97277586,-77075910.25274462,1.6606599250788488e-08,0,0.25066690013045445,60,638,105,170,374,61876,0.0,0.0
1154,Cat,mcet,7,4,rand/1 p=0.15,rand,0.15,-77075910.25274462,-77075910.25274462,0.0,1,0.22372470010304824,60,526,83,144,365,52777,0.0,0.0
1155,Cat,mcet,7,5,rand/1 p=0.15,rand,0.15,-77075910.25274462,-77075910.25274462,0.0,1,0.2462694997084327,60,593,98,168,404,61403,0.0,0.0
1156,Cat,mcet,7,6,rand/1 p=0.15,rand,0.15,-77075910.25274462,-77075910.25274462,0.0,1,0.20069899992085993,60,436,62,125,315,45623,0.0,0.0
1157,Cat,mcet,7,7,rand/1 p=0.15,rand,0.15,-77075908.97277586,-77075910.25274462,1.6606599250788488e-08,0,0.21710269997129217,60,505,75,139,356,51253,0.0,0.0
1158,Cat,mcet,7,8,rand/1 p=0.15,rand,0.15,-77075907.85895029,-77075910.25274462,3.1057619950574354e-08,0,0.1938401001971215,60,519,70,119,297,42930,0.0,0.0
1159,Cat,mcet,7,9,rand/1 p=0.15,rand,0.15,-77075910.25274462,-77075910.25274462,0.0,1,0.2302938998909667,60,439,79,154,425,56423,0.0,0.0
1160,Cat,mcet,7,0,rand/1 p=0.25,rand,0.25,-77075910.25274462,-77075910.25274462,0.0,1,0.2662566998624243,60,471,112,187,436,68487,0.0,0.0
1161,Cat,mcet,7,1,rand/1 p=0.25,rand,0.25,-77075910.25274462,-77075910.25274462,0.0,1,0.33575859980192035,60,621,166,254,496,92570,0.0,0.0
1162,Cat,mcet,7,2,rand/1 p=0.25,rand,0.25,-77075908.97277586,-77075910.25274462,1.6606599250788488e-08,0,0.33429039985639974,60,579,160,251,484,91903,0.0,0.0
1163,Cat,mcet,7,3,rand/1 p=0.25,rand,0.25,-77075910.25274462,-77075910.25274462,0.0,1,0.2985094999312423,60,473,136,219,457,79596,0.0,0.0
1164,Cat,mcet,7,4,rand/1 p=0.25,rand,0.25,-77075910.25274462,-77075910.25274462,0.0,1,0.31943820003652945,60,612,154,236,487,86344,0.0,0.0
1165,Cat,mcet,7,5,rand/1 p=0.25,rand,0.25,-77075910.25274462,-77075910.25274462,0.0,1,0.33241969981463626,60,552,155,252,472,92342,0.0,0.0
1166,Cat,mcet,7,6,rand/1 p=0.25,rand,0.25,-77075910.25274462,-77075910.25274462,0.0,1,0.3038967999164015,60,529,147,222,454,81267,0.0,0.0
1167,Cat,mcet,7,7,rand/1 p=0.25,rand,0.25,-77075908.97277586,-77075910.25274462,1.6606599250788488e-08,0,0.3241676999605261,60,614,155,243,504,88693,0.0,0.0
1168,Cat,mcet,7,8,rand/1 p=0.25,rand,0.25,-77075910.25274462,-77075910.25274462,0.0,1,0.23393360001500696,60,409,97,159,324,57436,0.0,0.0
1169,Cat,mcet,7,9,rand/1 p=0.25,rand,0.25,-77075910.25274462,-77075910.25274462,0.0,1,0.34688640013337135,60,599,164,261,561,95623,0.0,0.0
1170,Cat,mcet,7,0,rand/1 p=0.50,rand,0.5,-77075910.25274462,-77075910.25274462,0.0,1,0.6291794998687692,60,852,429,529,601,192855,0.0,0.0
1171,Cat,mcet,7,1,rand/1 p=0.50,rand,0.5,-77075910.25274462,-77075910.25274462,0.0,1,0.41597920015919954,60,425,206,324,693,118455,0.0,0.0
1172,Cat,mcet,7,2,rand/1 p=0.50,rand,0.5,-77075910.25274462,-77075910.25274462,0.0,1,0.5571572998887859,60,726,341,461,719,168421,0.0,0.0
1173,Cat,mcet,7,3,rand/1 p=0.50,rand,0.5,-77075908.97277586,-77075910.25274462,1.6606599250788488e-08,0,0.5799967999919318,60,766,370,493,622,179774,0.0,0.0
1174,Cat,mcet,7,4,rand/1 p=0.50,rand,0.5,-77075910.25274462,-77075910.25274462,0.0,1,0.5667019999818876,60,674,350,478,765,174192,0.0,0.0
1175,Cat,mcet,7,5,rand/1 p=0.50,rand,0.5,-77075910.25274462,-77075910.25274462,0.0,1,0.575479099759832,60,674,362,483,672,176675,0.0,0.0
1176,Cat,mcet,7,6,rand/1 p=0.50,rand,0.5,-77075910.25274462,-77075910.25274462,0.0,1,0.6154795998590998,60,751,407,521,650,189907,0.0,0.0
1177,Cat,mcet,7,7,rand/1 p=0.50,rand,0.5,-77075910.25274462,-77075910.25274462,0.0,1,0.5315271001891233,60,637,315,440,774,161266,0.0,0.0
1178,Cat,mcet,7,8,rand/1 p=0.50,rand,0.5,-77075910.25274462,-77075910.25274462,0.0,1,0.4939211002201773,60,613,297,410,629,148184,0.0,0.0
1179,Cat,mcet,7,9,rand/1 p=0.50,rand,0.5,-77075910.25274462,-77075910.25274462,0.0,1,0.6164418996777385,60,761,413,527,648,191946,0.0,0.0
1180,Cat,mcet,7,0,rand/1 p=1.00,rand,1.0,-77075910.25274462,-77075910.25274462,0.0,1,1.1166977997636423,60,851,851,1001,924,364185,0.0,0.0
1181,Cat,mcet,7,1,rand/1 p=1.00,rand,1.0,-77075908.97277586,-77075910.25274462,1.6606599250788488e-08,0,1.176010500115808,60,939,939,1070,703,389025,0.0,0.0
1182,Cat,mcet,7,2,rand/1 p=1.00,rand,1.0,-77075910.25274462,-77075910.25274462,0.0,1,1.0710265001398511,60,825,825,964,813,350176,0.0,0.0
1183,Cat,mcet,7,3,rand/1 p=1.00,rand,1.0,-77075908.97277586,-77075910.25274462,1.6606599250788488e-08,0,1.2082405999535695,60,949,949,1095,774,398274,0.0,0.0
1184,Cat,mcet,7,4,rand/1 p=1.00,rand,1.0,-77075910.25274462,-77075910.25274462,0.0,1,1.0248886001645587,60,748,748,918,1098,334730,0.0,0.0
1185,Cat,mcet,7,5,rand/1 p=1.00,rand,1.0,-77075910.25274462,-77075910.25274462,0.0,1,1.1222121000755578,60,867,867,1019,842,370781,0.0,0.0
1186,Cat,mcet,7,6,rand/1 p=1.00,rand,1.0,-77075910.25274462,-77075910.25274462,0.0,1,1.1440750000765547,60,856,856,1039,1062,378462,0.0,0.0
1187,Cat,mcet,7,7,rand/1 p=1.00,rand,1.0,-77075910.25274462,-77075910.25274462,0.0,1,0.9668261000188068,60,739,739,862,731,313133,0.0,0.0
1188,Cat,mcet,7,8,rand/1 p=1.00,rand,1.0,-77075910.25274462,-77075910.25274462,0.0,1,0.9616167002241127,60,710,710,864,869,313714,0.0,0.0
1189,Cat,mcet,7,9,rand/1 p=1.00,rand,1.0,-77075910.25274462,-77075910.25274462,0.0,1,1.0297988001257181,60,765,765,919,928,334637,0.0,0.0
1190,Cat,mcet,8,0,rand/1 p=0,rand,0.0,-77080173.49405214,-77080271.37209173,1.2698196028796323e-06,0,0.07508690014947206,60,321,0,0,0,0,4.7150709888246345,1.7524311422577816
1191,Cat,mcet,8,1,rand/1 p=0,rand,0.0,-77080188.81207764,-77080271.37209173,1.071091378044549e-06,0,0.07478229992557317,60,328,0,0,0,0,4.320395769208082,1.6033505660744067
1192,Cat,mcet,8,2,rand/1 p=0,rand,0.0,-77080211.25933895,-77080271.37209173,7.798720958069064e-07,0,0.07575360016198829,60,325,0,0,0,0,2.095663298039921,0.7517413620406291
1193,Cat,mcet,8,3,rand/1 p=0,rand,0.0,-77080230.78116183,-77080271.37209173,5.266059547156198e-07,0,0.07555670000147074,60,339,0,0,0,0,1.0183208516578788,0.3366952486544066
1194,Cat,mcet,8,4,rand/1 p=0,rand,0.0,-77080172.12419121,-77080271.37209173,1.2875914776777656e-06,0,0.07585079985437915,60,299,0,0,0,0,4.370207699993253,1.5165379329793012
1195,Cat,mcet,8,5,rand/1 p=0,rand,0.0,-77079906.41662318,-77080271.37209173,4.734745506908828e-06,0,0.07607849995838478,60,309,0,0,0,0,5.237206391283468,1.8087710980198843
1196,Cat,mcet,8,6,rand/1 p=0,rand,0.0,-77080157.10890669,-77080271.37209173,1.482392095995314e-06,0,0.07369979994837195,60,347,0,0,0,0,2.7057642037331924,1.0347266723519166
1197,Cat,mcet,8,7,rand/1 p=0,rand,0.0,-77075887.52295373,-77080271.37209173,5.687381556856995e-05,0,0.07351129973540083,60,368,0,0,0,0,2.66062023469157,0.6041075493113439
1198,Cat,mcet,8,8,rand/1 p=0,rand,0.0,-77075884.16071932,-77080271.37209173,5.691743547744901e-05,0,0.07495229999767616,60,375,0,0,0,0,4.2717620674793135,0.9460372619761066
1199,Cat,mcet,8,9,rand/1 p=0,rand,0.0,-77080199.86655761,-77080271.37209173,9.276762113002018e-07,0,0.0742751996149309,60,325,0,0,0,0,2.4884379835896357,0.902993598502656
1200,Cat,mcet,8,0,rand/1 p=0.05,rand,0.05,-77080271.37209173,-77080271.37209173,0.0,1,0.14077640045434237,60,420,22,62,243,23072,0.0,0.0
1201,Cat,mcet,8,1,rand/1 p=0.05,rand,0.05,-77080271.37209173,-77080271.37209173,0.0,1,0.13575340004172176,60,275,16,54,215,20293,1.8702188501990782,0.7739912264646804
1202,Cat,mcet,8,2,rand/1 p=0.05,rand,0.05,-77080257.45372172,-77080271.37209173,1.8056981067542037e-07,0,0.11628849984845147,60,245,11,39,152,14525,2.8572501220117585,1.1488388602561552
1203,Cat,mcet,8,3,rand/1 p=0.05,rand,0.05,-77080263.36514841,-77080271.37209173,1.0387798554334901e-07,0,0.12307959969621152,60,255,15,46,166,16978,1.6663286361488105,0.6590500671707258
1204,Cat,mcet,8,4,rand/1 p=0.05,rand,0.05,-77080252.6413613,-77080271.37209173,2.43002912364856e-07,0,0.13837989966850728,60,242,16,58,298,22090,1.40366557858251,0.46107767008497436
1205,Cat,mcet,8,5,rand/1 p=0.05,rand,0.05,-77080271.37209173,-77080271.37209173,0.0,1,0.13916359998984262,60,294,17,58,281,22307,0.8304946443114989,0.18209568722771802
1206,Cat,mcet,8,6,rand/1 p=0.05,rand,0.05,-77080270.377294,-77080271.37209173,1.2905996616215199e-08,0,0.12077539967140183,60,278,15,43,148,15977,1.7387294089466614,0.5759114327857734
1207,Cat,mcet,8,7,rand/1 p=0.05,rand,0.05,-77080271.37209173,-77080271.37209173,0.0,1,0.11266549973515794,60,246,10,36,193,13607,1.7825741980315428,0.7266705298404099
1208,Cat,mcet,8,8,rand/1 p=0.05,rand,0.05,-77080263.36514841,-77080271.37209173,1.0387798554334901e-07,0,0.12559600034728646,60,420,18,47,159,17359,0.0,0.0
1209,Cat,mcet,8,9,rand/1 p=0.05,rand,0.05,-77080271.37209173,-77080271.37209173,0.0,1,0.1333978995680809,60,247,17,53,181,19741,2.034183637716591,0.7638838129813444
1210,Cat,mcet,8,0,rand/1 p=0.10,rand,0.1,-77080257.45372172,-77080271.37209173,1.8056981067542037e-07,0,0.19837650004774332,60,276,41,113,454,42314,0.0,0.0
1211,Cat,mcet,8,1,rand/1 p=0.10,rand,0.1,-77080271.37209173,-77080271.37209173,0.0,1,0.14975149993551895,60,244,25,69,217,25451,0.3606244584051378,0.08926785535678561
1212,Cat,mcet,8,2,rand/1 p=0.10,rand,0.1,-77080271.37209173,-77080271.37209173,0.0,1,0.17002880002837628,60,248,29,90,369,33490,0.6438768209958029,0.3327011105598936
1213,Cat,mcet,8,3,rand/1 p=0.10,rand,0.1,-77080252.6413613,-77080271.37209173,2.43002912364856e-07,0,0.16823310032486916,60,414,40,87,304,32393,0.0,0.0
1214,Cat,mcet,8,4,rand/1 p=0.10,rand,0.1,-77080271.37209173,-77080271.37209173,0.0,1,0.187770799966529,60,227,30,102,495,38867,1.5925460951388093,0.6476052754629398
1215,Cat,mcet,8,5,rand/1 p=0.10,rand,0.1,-77080271.37209173,-77080271.37209173,0.0,1,0.15757400024449453,60,214,23,74,353,28110,1.7975642300251675,0.638732048349121
1216,Cat,mcet,8,6,rand/1 p=0.10,rand,0.1,-77080270.377294,-77080271.37209173,1.2905996616215199e-08,0,0.1491490998887457,60,301,25,69,291,25649,0.0,0.0
1217,Cat,mcet,8,7,rand/1 p=0.10,rand,0.1,-77080270.377294,-77080271.37209173,1.2905996616215199e-08,0,0.1819153999676928,60,428,48,97,321,36455,0.0,0.0
1218,Cat,mcet,8,8,rand/1 p=0.10,rand,0.1,-77080271.37209173,-77080271.37209173,0.0,1,0.15352210006676614,60,226,24,76,327,28471,1.53351738500705,0.57710082959384
1219,Cat,mcet,8,9,rand/1 p=0.10,rand,0.1,-77080271.37209173,-77080271.37209173,0.0,1,0.15987310011405498,60,223,27,78,290,29005,1.5421772016968383,0.582535050794484
1220,Cat,mcet,8,0,rand/1 p=0.15,rand,0.15,-77080271.37209173,-77080271.37209173,0.0,1,0.18343610019655898,60,200,34,103,430,38866,1.8942349567937373,0.6500476259375008
1221,Cat,mcet,8,1,rand/1 p=0.15,rand,0.15,-77080271.37209173,-77080271.37209173,0.0,1,0.177909400081262,60,329,48,99,333,36874,0.0,0.0
1222,Cat,mcet,8,2,rand/1 p=0.15,rand,0.15,-77080271.37209173,-77080271.37209173,0.0,1,0.16455119993770495,60,195,25,88,398,32612,2.0118464336744344,0.8351482493539408
1223,Cat,mcet,8,3,rand/1 p=0.15,rand,0.15,-77080271.37209173,-77080271.37209173,0.0,1,0.22607410018099472,60,419,70,139,411,51578,0.0,0.0
1224,Cat,mcet,8,4,rand/1 p=0.15,rand,0.15,-77080271.37209173,-77080271.37209173,0.0,1,0.1776641002506949,60,185,28,94,444,35890,1.772472179703732,0.6580320505452202
1225,Cat,mcet,8,5,rand/1 p=0.15,rand,0.15,-77080270.377294,-77080271.37209173,1.2905996616215199e-08,0,0.186976199853234,60,197,31,102,470,38506,1.852289672824865,0.6375645963065527
1226,Cat,mcet,8,6,rand/1 p=0.15,rand,0.15,-77080253.881063,-77080271.37209173,2.2691965680382722e-07,0,0.19411309983115643,60,364,54,113,387,41995,0.0,0.0
1227,Cat,mcet,8,7,rand/1 p=0.15,rand,0.15,-77080271.37209173,-77080271.37209173,0.0,1,0.20046170003479347,60,330,48,114,362,42659,0.6746665843214773,0.31243749374874974
1228,Cat,mcet,8,8,rand/1 p=0.15,rand,0.15,-77080270.377294,-77080271.37209173,1.2905996616215199e-08,0,0.1727062002173625,60,202,29,88,381,32896,2.179499334256783,0.7903070376616816
1229,Cat,mcet,8,9,rand/1 p=0.15,rand,0.15,-77080270.377294,-77080271.37209173,1.2905996616215199e-08,0,0.21958139998605475,60,402,64,132,477,49466,0.0,0.0
1230,Cat,mcet,8,0,rand/1 p=0.25,rand,0.25,-77080270.377294,-77080271.37209173,1.2905996616215199e-08,0,0.2109684000024572,60,172,42,128,496,47808,1.5392250336730444,0.5759827200878369
1231,Cat,mcet,8,1,rand/1 p=0.25,rand,0.25,-77080271.37209173,-77080271.37209173,0.0,1,0.20446430024458095,60,183,45,122,470,45224,1.0308092727388822,0.39618655416022586
1232,Cat,mcet,8,2,rand/1 p=0.25,rand,0.25,-77080271.37209173,-77080271.37209173,0.0,1,0.21248070005094633,60,184,45,127,495,47970,1.3859208408744055,0.5056624982319217
1233,Cat,mcet,8,3,rand/1 p=0.25,rand,0.25,-77080271.37209173,-77080271.37209173,0.0,1,0.26559539983281866,60,433,101,179,464,66247,0.0,0.0
1234,Cat,mcet,8,4,rand/1 p=0.25,rand,0.25,-77080270.377294,-77080271.37209173,1.2905996616215199e-08,0,0.305216999433469,60,492,126,214,567,79218,0.0,0.0
1235,Cat,mcet,8,5,rand/1 p=0.25,rand,0.25,-77080271.37209173,-77080271.37209173,0.0,1,0.2360238001565449,60,221,60,150,562,56374,0.6434671708797589,0.11924240017711822
1236,Cat,mcet,8,6,rand/1 p=0.25,rand,0.25,-77080271.37209173,-77080271.37209173,0.0,1,0.29844899993622676,60,529,127,209,558,77770,0.0,0.0
1237,Cat,mcet,8,7,rand/1 p=0.25,rand,0.25,-77080271.37209173,-77080271.37209173,0.0,1,0.24331060016993433,60,323,74,159,545,59478,0.0,0.0
1238,Cat,mcet,8,8,rand/1 p=0.25,rand,0.25,-77080271.37209173,-77080271.37209173,0.0,1,0.15558690018951893,60,174,26,75,277,27952,1.8701924516398603,0.720740785893649
1239,Cat,mcet,8,9,rand/1 p=0.25,rand,0.25,-77080270.377294,-77080271.37209173,1.2905996616215199e-08,0,0.27205520001007244,60,386,102,185,519,69245,0.0,0.0
1240,Cat,mcet,8,0,rand/1 p=0.50,rand,0.5,-77080270.377294,-77080271.37209173,1.2905996616215199e-08,0,0.438730200054124,60,464,225,340,712,125794,0.0,0.0
1241,Cat,mcet,8,1,rand/1 p=0.50,rand,0.5,-77080271.37209173,-77080271.37209173,0.0,1,0.2974526001489721,60,181,91,209,729,78185,0.452548339959393,0.09999999999999998
1242,Cat,mcet,8,2,rand/1 p=0.50,rand,0.5,-77080271.37209173,-77080271.37209173,0.0,1,0.564517900114879,60,645,348,459,716,170063,0.0,0.0
1243,Cat,mcet,8,3,rand/1 p=0.50,rand,0.5,-77080271.37209173,-77080271.37209173,0.0,1,0.29116949992021546,60,178,86,205,759,77053,0.4525483399593928,0.09999999999999999
1244,Cat,mcet,8,4,rand/1 p=0.50,rand,0.5,-77080271.37209173,-77080271.37209173,0.0,1,0.3837623000727035,60,348,162,287,816,107652,0.0,0.0
1245,Cat,mcet,8,5,rand/1 p=0.50,rand,0.5,-77080270.377294,-77080271.37209173,1.2905996616215199e-08,0,0.6075973000843078,60,733,379,502,820,185650,0.0,0.0
1246,Cat,mcet,8,6,rand/1 p=0.50,rand,0.5,-77080271.37209173,-77080271.37209173,0.0,1,0.5136411998537369,60,542,290,415,732,153762,0.0,0.0
1247,Cat,mcet,8,7,rand/1 p=0.50,rand,0.5,-77080271.37209173,-77080271.37209173,0.0,1,0.31954300007782876,60,240,118,228,677,85221,0.0,0.0
1248,Cat,mcet,8,8,rand/1 p=0.50,rand,0.5,-77080270.377294,-77080271.37209173,1.2905996616215199e-08,0,0.41511509980773553,60,407,214,319,648,117620,0.0,0.0
1249,Cat,mcet,8,9,rand/1 p=0.50,rand,0.5,-77080270.377294,-77080271.37209173,1.2905996616215199e-08,0,0.5423826000187546,60,614,324,444,759,163700,0.0,0.0
1250,Cat,mcet,8,0,rand/1 p=1.00,rand,1.0,-77080271.37209173,-77080271.37209173,0.0,1,0.8835557001293637,60,625,625,775,935,286039,0.0,0.0
1251,Cat,mcet,8,1,rand/1 p=1.00,rand,1.0,-77080270.377294,-77080271.37209173,1.2905996616215199e-08,0,0.5055367999011651,60,248,248,407,956,151327,0.0,0.0
1252,Cat,mcet,8,2,rand/1 p=1.00,rand,1.0,-77080271.37209173,-77080271.37209173,0.0,1,0.7533947001793422,60,491,491,644,935,238129,0.0,0.0
1253,Cat,mcet,8,3,rand/1 p=1.00,rand,1.0,-77080271.37209173,-77080271.37209173,0.0,1,0.8459610000136308,60,587,587,736,847,271103,0.0,0.0
1254,Cat,mcet,8,4,rand/1 p=1.00,rand,1.0,-77080271.37209173,-77080271.37209173,0.0,1,1.0454098998452537,60,765,765,920,1057,339328,0.0,0.0
1255,Cat,mcet,8,5,rand/1 p=1.00,rand,1.0,-77080271.37209173,-77080271.37209173,0.0,1,0.6101926002302207,60,339,339,502,1007,186626,0.0,0.0
1256,Cat,mcet,8,6,rand/1 p=1.00,rand,1.0,-77080253.881063,-77080271.37209173,2.2691965680382722e-07,0,0.8364610998542048,60,552,552,724,1079,268980,0.0,0.0
1257,Cat,mcet,8,7,rand/1 p=1.00,rand,1.0,-77080271.37209173,-77080271.37209173,0.0,1,0.8785895999753848,60,640,640,767,759,282707,0.0,0.0
1258,Cat,mcet,8,8,rand/1 p=1.00,rand,1.0,-77080271.37209173,-77080271.37209173,0.0,1,0.6953135000076145,60,445,445,593,865,218728,0.0,0.0
1259,Cat,mcet,8,9,rand/1 p=1.00,rand,1.0,-77080271.37209173,-77080271.37209173,0.0,1,0.8226465997868218,60,570,570,712,919,262560,0.0,0.0
1260,Clock,mcet,6,0,rand/1 p=0,rand,0.0,-88431002.64013867,-88431004.5215968,2.1276000918881314e-08,0,0.06888220022665337,60,309,0,0,0,0,1.5316571629964733,0.549856227747194
1261,Clock,mcet,6,1,rand/1 p=0,rand,0.0,-88431002.39013681,-88431004.5215968,2.4103084745392558e-08,0,0.06841789983445778,60,379,0,0,0,0,1.8928934375150228,0.6372717286946187
1262,Clock,mcet,6,2,rand/1 p=0,rand,0.0,-88429009.52138731,-88431004.5215968,2.2559963219780028e-05,0,0.06764389999443665,60,317,0,0,0,0,6.167719248144323,1.6481773934399726
1263,Clock,mcet,6,3,rand/1 p=0,rand,0.0,-88431002.64013867,-88431004.5215968,2.1276000918881314e-08,0,0.0679543997393921,60,510,0,0,0,0,0.0,0.0
1264,Clock,mcet,6,4,rand/1 p=0,rand,0.0,-88429016.93492621,-88431004.5215968,2.2476129060673677e-05,0,0.06831390014849603,60,488,0,0,0,0,10.05,2.0748995959644247
1265,Clock,mcet,6,5,rand/1 p=0,rand,0.0,-88431002.64013867,-88431004.5215968,2.1276000918881314e-08,0,0.069301399984397,60,378,0,0,0,0,0.6652612311573433,0.15898986690282427
1266,Clock,mcet,6,6,rand/1 p=0,rand,0.0,-88430962.19389491,-88431004.5215968,4.786522795417494e-07,0,0.06949470000108704,60,375,0,0,0,0,0.6434671708797559,0.15898986690282427
1267,Clock,mcet,6,7,rand/1 p=0,rand,0.0,-88431002.64013867,-88431004.5215968,2.1276000918881314e-08,0,0.06829029985237867,60,399,0,0,0,0,0.5821293560607064,0.1461616001180788
1268,Clock,mcet,6,8,rand/1 p=0,rand,0.0,-88431002.64013867,-88431004.5215968,2.1276000918881314e-08,0,0.0697294000419788,60,585,0,0,0,0,0.0,0.0
1269,Clock,mcet,6,9,rand/1 p=0,rand,0.0,-88431002.39013681,-88431004.5215968,2.4103084745392558e-08,0,0.06813310028519481,60,304,0,0,0,0,1.758384305618239,0.7501656304380742
1270,Clock,mcet,6,0,rand/1 p=0.05,rand,0.05,-88431002.64013867,-88431004.5215968,2.1276000918881314e-08,0,0.1364998002536595,60,734,43,77,183,24960,0.0,0.0
1271,Clock,mcet,6,1,rand/1 p=0.05,rand,0.05,-88431002.64013867,-88431004.5215968,2.1276000918881314e-08,0,0.10961820022203028,60,692,30,45,62,14631,0.0,0.0
1272,Clock,mcet,6,2,rand/1 p=0.05,rand,0.05,-88431002.64013867,-88431004.5215968,2.1276000918881314e-08,0,0.11201960017206147,60,673,31,46,68,14967,0.0,0.0
1273,Clock,mcet,6,3,rand/1 p=0.05,rand,0.05,-88431004.27159494,-88431004.5215968,2.8270838265112463e-09,1,0.126795899879653,60,668,44,68,122,21887,0.0,0.0
1274,Clock,mcet,6,4,rand/1 p=0.05,rand,0.05,-88431002.64013867,-88431004.5215968,2.1276000918881314e-08,0,0.12874599965289235,60,595,33,68,194,22552,0.0,0.0
1275,Clock,mcet,6,5,rand/1 p=0.05,rand,0.05,-88431004.5215968,-88431004.5215968,0.0,1,0.14492010028334334,60,634,44,88,232,28555,0.0,0.0
1276,Clock,mcet,6,6,rand/1 p=0.05,rand,0.05,-88431004.5215968,-88431004.5215968,0.0,1,0.10036959982244298,60,479,17,37,92,12002,0.0,0.0
1277,Clock,mcet,6,7,rand/1 p=0.05,rand,0.05,-88431004.27159494,-88431004.5215968,2.8270838265112463e-09,1,0.12497339968103915,60,677,36,61,107,19879,0.0,0.0
1278,Clock,mcet,6,8,rand/1 p=0.05,rand,0.05,-88431004.5215968,-88431004.5215968,0.0,1,0.11508050007978454,60,462,27,54,94,17710,0.0,0.0
1279,Clock,mcet,6,9,rand/1 p=0.05,rand,0.05,-88431002.64013867,-88431004.5215968,2.1276000918881314e-08,0,0.127852899604477,60,670,38,68,130,21685,0.0,0.0
1280,Clock,mcet,6,0,rand/1 p=0.10,rand,0.1,-88431004.5215968,-88431004.5215968,0.0,1,0.16681860003154725,60,713,71,110,194,35911,0.0,0.0
1281,Clock,mcet,6,1,rand/1 p=0.10,rand,0.1,-88431004.5215968,-88431004.5215968,0.0,1,0.1749303000397049,60,651,75,119,195,38997,0.0,0.0
1282,Clock,mcet,6,2,rand/1 p=0.10,rand,0.1,-88431002.64013867,-88431004.5215968,2.1276000918881314e-08,0,0.14992249995702878,60,632,56,88,163,28675,0.0,0.0
1283,Clock,mcet,6,3,rand/1 p=0.10,rand,0.1,-88431002.64013867,-88431004.5215968,2.1276000918881314e-08,0,0.18565629987278953,60,938,99,131,164,42531,0.0,0.0
1284,Clock,mcet,6,4,rand/1 p=0.10,rand,0.1,-88431002.64013867,-88431004.5215968,2.1276000918881314e-08,0,0.16468689998146147,60,704,61,108,214,35447,0.0,0.0
1285,Clock,mcet,6,5,rand/1 p=0.10,rand,0.1,-88431004.5215968,-88431004.5215968,0.0,1,0.15484040026785806,60,632,61,100,219,32719,0.0,0.0
1286,Clock,mcet,6,6,rand/1 p=0.10,rand,0.1,-88431004.5215968,-88431004.5215968,0.0,1,0.16860309994081035,60,801,81,112,158,36717,0.0,0.0
1287,Clock,mcet,6,7,rand/1 p=0.10,rand,0.1,-88431004.5215968,-88431004.5215968,0.0,1,0.16453070007264614,60,756,75,107,144,34898,0.0,0.0
1288,Clock,mcet,6,8,rand/1 p=0.10,rand,0.1,-88431004.5215968,-88431004.5215968,0.0,1,0.13524390035308897,60,454,39,72,167,23469,0.0,0.0
1289,Clock,mcet,6,9,rand/1 p=0.10,rand,0.1,-88431004.5215968,-88431004.5215968,0.0,1,0.15177770023001358,60,562,60,98,150,31584,0.0,0.0
1290,Clock,mcet,6,0,rand/1 p=0.15,rand,0.15,-88431004.5215968,-88431004.5215968,0.0,1,0.2313320996472612,60,847,124,179,279,58459,0.0,0.0
1291,Clock,mcet,6,1,rand/1 p=0.15,rand,0.15,-88431004.5215968,-88431004.5215968,0.0,1,0.23007249971851707,60,827,128,182,269,59396,0.0,0.0
1292,Clock,mcet,6,2,rand/1 p=0.15,rand,0.15,-88431004.27159494,-88431004.5215968,2.8270838265112463e-09,1,0.17404189991066232,60,578,79,122,181,39665,0.0,0.0
1293,Clock,mcet,6,3,rand/1 p=0.15,rand,0.15,-88431004.5215968,-88431004.5215968,0.0,1,0.20332549989689142,60,712,109,151,184,48915,0.0,0.0
1294,Clock,mcet,6,4,rand/1 p=0.15,rand,0.15,-88431002.64013867,-88431004.5215968,2.1276000918881314e-08,0,0.2199018998653628,60,891,130,173,212,56724,0.0,0.0
1295,Clock,mcet,6,5,rand/1 p=0.15,rand,0.15,-88431004.5215968,-88431004.5215968,0.0,1,0.20219750032993034,60,670,91,152,307,49618,0.0,0.0
1296,Clock,mcet,6,6,rand/1 p=0.15,rand,0.15,-88431004.5215968,-88431004.5215968,0.0,1,0.18047709990059957,60,665,94,127,158,41645,0.0,0.0
1297,Clock,mcet,6,7,rand/1 p=0.15,rand,0.15,-88431004.5215968,-88431004.5215968,0.0,1,0.21203809994040057,60,813,119,165,209,53761,0.0,0.0
1298,Clock,mcet,6,8,rand/1 p=0.15,rand,0.15,-88431004.27159494,-88431004.5215968,2.8270838265112463e-09,1,0.1986272999783978,60,713,93,146,251,47854,0.0,0.0
1299,Clock,mcet,6,9,rand/1 p=0.15,rand,0.15,-88431004.5215968,-88431004.5215968,0.0,1,0.23566379986004904,60,732,132,188,245,61085,0.0,0.0
1300,Clock,mcet,6,0,rand/1 p=0.25,rand,0.25,-88431004.27159494,-88431004.5215968,2.8270838265112463e-09,1,0.32019350019982085,60,849,223,285,313,92672,0.0,0.0
1301,Clock,mcet,6,1,rand/1 p=0.25,rand,0.25,-88431004.5215968,-88431004.5215968,0.0,1,0.34923220035852864,60,931,240,311,347,101198,0.0,0.0
1302,Clock,mcet,6,2,rand/1 p=0.25,rand,0.25,-88431004.5215968,-88431004.5215968,0.0,1,0.2589749999460764,60,702,159,216,274,70387,0.0,0.0
1303,Clock,mcet,6,3,rand/1 p=0.25,rand,0.25,-88431004.5215968,-88431004.5215968,0.0,1,0.2947605001972988,60,884,205,259,250,84180,0.0,0.0
1304,Clock,mcet,6,4,rand/1 p=0.25,rand,0.25,-88431004.5215968,-88431004.5215968,0.0,1,0.29957319976529106,60,827,214,266,244,86906,0.0,0.0
1305,Clock,mcet,6,5,rand/1 p=0.25,rand,0.25,-88431004.5215968,-88431004.5215968,0.0,1,0.3073663000832312,60,810,207,278,369,90381,0.0,0.0
1306,Clock,mcet,6,6,rand/1 p=0.25,rand,0.25,-88431004.5215968,-88431004.5215968,0.0,1,0.3043746000039391,60,804,205,268,327,88071,0.0,0.0
1307,Clock,mcet,6,7,rand/1 p=0.25,rand,0.25,-88431004.5215968,-88431004.5215968,0.0,1,0.34993110003415495,60,931,253,314,285,102695,0.0,0.0
1308,Clock,mcet,6,8,rand/1 p=0.25,rand,0.25,-88431004.5215968,-88431004.5215968,0.0,1,0.2892163000651635,60,856,200,249,256,81416,0.0,0.0
1309,Clock,mcet,6,9,rand/1 p=0.25,rand,0.25,-88431004.5215968,-88431004.5215968,0.0,1,0.28387410001596436,60,752,191,244,241,79497,0.0,0.0
1310,Clock,mcet,6,0,rand/1 p=0.50,rand,0.5,-88431004.5215968,-88431004.5215968,0.0,1,0.48331110004801303,60,830,399,475,397,154915,0.0,0.0
1311,Clock,mcet,6,1,rand/1 p=0.50,rand,0.5,-88431004.5215968,-88431004.5215968,0.0,1,0.4781194999231957,60,812,388,463,344,150452,0.0,0.0
1312,Clock,mcet,6,2,rand/1 p=0.50,rand,0.5,-88431004.5215968,-88431004.5215968,0.0,1,0.547954200184904,60,934,474,549,354,178422,0.0,0.0
1313,Clock,mcet,6,3,rand/1 p=0.50,rand,0.5,-88431004.5215968,-88431004.5215968,0.0,1,0.5289968997822143,60,868,446,524,373,170066,0.0,0.0
1314,Clock,mcet,6,4,rand/1 p=0.50,rand,0.5,-88431004.5215968,-88431004.5215968,0.0,1,0.5119878001860343,60,858,421,503,388,163761,0.0,0.0
1315,Clock,mcet,6,5,rand/1 p=0.50,rand,0.5,-88431004.5215968,-88431004.5215968,0.0,1,0.5811936998507008,60,947,496,586,459,191393,0.0,0.0
1316,Clock,mcet,6,6,rand/1 p=0.50,rand,0.5,-88431004.5215968,-88431004.5215968,0.0,1,0.6016463000560179,60,1037,524,606,401,197861,0.0,0.0
1317,Clock,mcet,6,7,rand/1 p=0.50,rand,0.5,-88431004.5215968,-88431004.5215968,0.0,1,0.5436908998526633,60,963,470,540,362,176389,0.0,0.0
1318,Clock,mcet,6,8,rand/1 p=0.50,rand,0.5,-88431004.5215968,-88431004.5215968,0.0,1,0.5130962001858279,60,887,436,517,379,167894,0.0,0.0
1319,Clock,mcet,6,9,rand/1 p=0.50,rand,0.5,-88431004.5215968,-88431004.5215968,0.0,1,0.558263799874112,60,938,461,554,429,180571,0.0,0.0
1320,Clock,mcet,6,0,rand/1 p=1.00,rand,1.0,-88431004.5215968,-88431004.5215968,0.0,1,0.9794355001649819,60,937,937,1030,486,335818,0.0,0.0
1321,Clock,mcet,6,1,rand/1 p=1.00,rand,1.0,-88431004.5215968,-88431004.5215968,0.0,1,1.044614399666898,60,1017,1017,1100,407,357891,0.0,0.0
1322,Clock,mcet,6,2,rand/1 p=1.00,rand,1.0,-88431004.5215968,-88431004.5215968,0.0,1,1.007442600093782,60,963,963,1068,521,347927,0.0,0.0
1323,Clock,mcet,6,3,rand/1 p=1.00,rand,1.0,-88431004.5215968,-88431004.5215968,0.0,1,0.9622434002812952,60,924,924,1024,489,333384,0.0,0.0
1324,Clock,mcet,6,4,rand/1 p=1.00,rand,1.0,-88431004.5215968,-88431004.5215968,0.0,1,0.9636263998108916,60,929,929,1029,477,335025,0.0,0.0
1325,Clock,mcet,6,5,rand/1 p=1.00,rand,1.0,-88431004.5215968,-88431004.5215968,0.0,1,0.9635838998947293,60,935,935,1025,450,333620,0.0,0.0
1326,Clock,mcet,6,6,rand/1 p=1.00,rand,1.0,-88431004.5215968,-88431004.5215968,0.0,1,1.026500599924475,60,1018,1018,1102,422,359015,0.0,0.0
1327,Clock,mcet,6,7,rand/1 p=1.00,rand,1.0,-88431004.5215968,-88431004.5215968,0.0,1,1.0087697999551892,60,957,957,1072,563,349598,0.0,0.0
1328,Clock,mcet,6,8,rand/1 p=1.00,rand,1.0,-88431004.5215968,-88431004.5215968,0.0,1,0.9876361996284686,60,958,958,1053,504,343352,0.0,0.0
1329,Clock,mcet,6,9,rand/1 p=1.00,rand,1.0,-88431004.5215968,-88431004.5215968,0.0,1,1.0083786999457516,60,997,997,1080,408,351981,0.0,0.0
1330,Clock,mcet,7,0,rand/1 p=0,rand,0.0,-88431578.68596382,-88432150.48043002,6.465911584090997e-06,0,0.07134279992897063,60,380,0,0,0,0,2.127414540553798,0.5379406731125073
1331,Clock,mcet,7,1,rand/1 p=0,rand,0.0,-88432149.68382755,-88432150.48043002,9.008064016708644e-09,1,0.07347690023016185,60,301,0,0,0,0,1.7337418233805362,0.6915745992125182
1332,Clock,mcet,7,2,rand/1 p=0,rand,0.0,-88432051.52038117,-88432150.48043002,1.1190505751214412e-06,0,0.07308770006056875,60,221,0,0,0,0,6.365773196389616,2.8281364080263063
1333,Clock,mcet,7,3,rand/1 p=0,rand,0.0,-88432142.43264905,-88432150.48043002,9.100514837621633e-08,0,0.07283819984877482,60,310,0,0,0,0,2.741814000691671,1.057292183037721
1334,Clock,mcet,7,4,rand/1 p=0,rand,0.0,-88432150.48043002,-88432150.48043002,0.0,1,0.07198879995848984,60,480,0,0,0,0,0.0,0.0
1335,Clock,mcet,7,5,rand/1 p=0,rand,0.0,-88431002.64013867,-88432150.48043002,1.297989797958262e-05,0,0.07198170031188056,60,406,0,0,0,0,2.4400000000000004,0.4297008926484295
1336,Clock,mcet,7,6,rand/1 p=0,rand,0.0,-88431848.78307939,-88432150.48043002,3.411625172486222e-06,0,0.07073720026528463,60,275,0,0,0,0,10.956521276064041,3.876479144512081
1337,Clock,mcet,7,7,rand/1 p=0,rand,0.0,-88432150.48043002,-88432150.48043002,0.0,1,0.07297509961063042,60,370,0,0,0,0,0.869980799632534,0.30235930557016694
1338,Clock,mcet,7,8,rand/1 p=0,rand,0.0,-88432099.50428931,-88432150.48043002,5.76443526825826e-07,0,0.07192749989917502,60,362,0,0,0,0,2.899287905191171,1.0907299538878978
1339,Clock,mcet,7,9,rand/1 p=0,rand,0.0,-88431770.1568969,-88432150.48043002,4.300738261498419e-06,0,0.07356620009522885,60,328,0,0,0,0,0.6735451664437891,0.17249089332923054
1340,Clock,mcet,7,0,rand/1 p=0.05,rand,0.05,-88432150.48043002,-88432150.48043002,0.0,1,0.12415689998306334,60,564,34,54,115,17854,0.0,0.0
1341,Clock,mcet,7,1,rand/1 p=0.05,rand,0.05,-88432150.48043002,-88432150.48043002,0.0,1,0.1277507995837368,60,680,38,63,130,20676,0.0,0.0
1342,Clock,mcet,7,2,rand/1 p=0.05,rand,0.05,-88432128.08778688,-88432150.48043002,2.532183489501566e-07,0,0.09992710029473528,60,359,12,33,75,10896,0.1900000000000091,0.054865326770490074
1343,Clock,mcet,7,3,rand/1 p=0.05,rand,0.05,-88432150.48043002,-88432150.48043002,0.0,1,0.1538644999382086,60,780,58,91,143,29791,0.0,0.0
1344,Clock,mcet,7,4,rand/1 p=0.05,rand,0.05,-88432150.48043002,-88432150.48043002,0.0,1,0.1359962999704294,60,552,35,70,182,23246,0.0,0.0
1345,Clock,mcet,7,5,rand/1 p=0.05,rand,0.05,-88432150.48043002,-88432150.48043002,0.0,1,0.12044649990275502,60,531,24,53,148,17457,0.0,0.0
1346,Clock,mcet,7,6,rand/1 p=0.05,rand,0.05,-88432150.48043002,-88432150.48043002,0.0,1,0.1458275998593308,60,590,34,83,228,27416,0.0,0.0
1347,Clock,mcet,7,7,rand/1 p=0.05,rand,0.05,-88432150.48043002,-88432150.48043002,0.0,1,0.10916589997941628,60,418,17,40,103,13106,0.0,0.0
1348,Clock,mcet,7,8,rand/1 p=0.05,rand,0.05,-88432150.48043002,-88432150.48043002,0.0,1,0.12279729987494648,60,465,27,57,133,18472,0.0,0.0
1349,Clock,mcet,7,9,rand/1 p=0.05,rand,0.05,-88432150.48043002,-88432150.48043002,0.0,1,0.12086280004587024,60,567,29,54,135,17539,0.0,0.0
1350,Clock,mcet,7,0,rand/1 p=0.10,rand,0.1,-88432150.48043002,-88432150.48043002,0.0,1,0.16253630013670772,60,611,59,101,234,33566,0.0,0.0
1351,Clock,mcet,7,1,rand/1 p=0.10,rand,0.1,-88432150.48043002,-88432150.48043002,0.0,1,0.16892759990878403,60,713,71,107,205,35186,0.0,0.0
1352,Clock,mcet,7,2,rand/1 p=0.10,rand,0.1,-88432150.48043002,-88432150.48043002,0.0,1,0.15383129980182275,60,588,60,91,155,29700,0.0,0.0
1353,Clock,mcet,7,3,rand/1 p=0.10,rand,0.1,-88432150.48043002,-88432150.48043002,0.0,1,0.17844610020983964,60,777,77,120,212,39372,0.0,0.0
1354,Clock,mcet,7,4,rand/1 p=0.10,rand,0.1,-88432150.48043002,-88432150.48043002,0.0,1,0.16115609998814762,60,621,59,98,195,32288,0.0,0.0
1355,Clock,mcet,7,5,rand/1 p=0.10,rand,0.1,-88432150.48043002,-88432150.48043002,0.0,1,0.15604110021376982,60,504,43,94,256,31050,0.0,0.0
1356,Clock,mcet,7,6,rand/1 p=0.10,rand,0.1,-88431772.03835502,-88432150.48043002,4.2794625364557e-06,0,0.19035240000812337,60,850,85,130,264,43835,0.0,0.0
1357,Clock,mcet,7,7,rand/1 p=0.10,rand,0.1,-88432150.48043002,-88432150.48043002,0.0,1,0.16657739994116127,60,435,54,106,266,35200,0.0,0.0
1358,Clock,mcet,7,8,rand/1 p=0.10,rand,0.1,-88432150.48043002,-88432150.48043002,0.0,1,0.15264829975785688,60,491,43,89,228,29139,0.0,0.0
1359,Clock,mcet,7,9,rand/1 p=0.10,rand,0.1,-88432150.48043002,-88432150.48043002,0.0,1,0.16489180008647963,60,510,59,108,259,35173,0.0,0.0
1360,Clock,mcet,7,0,rand/1 p=0.15,rand,0.15,-88432150.48043002,-88432150.48043002,0.0,1,0.21555070020258427,60,800,98,158,382,52112,0.0,0.0
1361,Clock,mcet,7,1,rand/1 p=0.15,rand,0.15,-88432150.48043002,-88432150.48043002,0.0,1,0.20597860019188374,60,621,96,149,292,48967,0.0,0.0
1362,Clock,mcet,7,2,rand/1 p=0.15,rand,0.15,-88432150.48043002,-88432150.48043002,0.0,1,0.23337349999928847,60,629,111,182,368,59885,0.0,0.0
1363,Clock,mcet,7,3,rand/1 p=0.15,rand,0.15,-88432150.48043002,-88432150.48043002,0.0,1,0.2300129000796005,60,808,125,182,281,59425,0.0,0.0
1364,Clock,mcet,7,4,rand/1 p=0.15,rand,0.15,-88432150.48043002,-88432150.48043002,0.0,1,0.2395978002459742,60,825,130,191,288,62593,0.0,0.0
1365,Clock,mcet,7,5,rand/1 p=0.15,rand,0.15,-88432150.48043002,-88432150.48043002,0.0,1,0.2178369002067484,60,737,103,165,300,53703,0.0,0.0
1366,Clock,mcet,7,6,rand/1 p=0.15,rand,0.15,-88432150.48043002,-88432150.48043002,0.0,1,0.23504319955827668,60,798,119,181,367,60265,0.0,0.0
1367,Clock,mcet,7,7,rand/1 p=0.15,rand,0.15,-88432150.48043002,-88432150.48043002,0.0,1,0.2040079000289552,60,781,106,146,210,47842,0.0,0.0
1368,Clock,mcet,7,8,rand/1 p=0.15,rand,0.15,-88432150.48043002,-88432150.48043002,0.0,1,0.23129169980529696,60,764,122,180,311,59065,0.0,0.0
1369,Clock,mcet,7,9,rand/1 p=0.15,rand,0.15,-88432150.48043002,-88432150.48043002,0.0,1,0.19230379967484623,60,705,84,135,273,43803,0.0,0.0
1370,Clock,mcet,7,0,rand/1 p=0.25,rand,0.25,-88432150.48043002,-88432150.48043002,0.0,1,0.2998992999782786,60,822,184,255,375,83695,0.0,0.0
1371,Clock,mcet,7,1,rand/1 p=0.25,rand,0.25,-88432150.48043002,-88432150.48043002,0.0,1,0.31706389994360507,60,811,213,283,373,92185,0.0,0.0
1372,Clock,mcet,7,2,rand/1 p=0.25,rand,0.25,-88432150.48043002,-88432150.48043002,0.0,1,0.33618709997972474,60,878,228,302,402,98751,0.0,0.0
1373,Clock,mcet,7,3,rand/1 p=0.25,rand,0.25,-88432150.48043002,-88432150.48043002,0.0,1,0.3075751003343612,60,868,210,263,288,85729,0.0,0.0
1374,Clock,mcet,7,4,rand/1 p=0.25,rand,0.25,-88432150.48043002,-88432150.48043002,0.0,1,0.3313512002932839,60,803,215,292,411,95950,0.0,0.0
1375,Clock,mcet,7,5,rand/1 p=0.25,rand,0.25,-88432150.48043002,-88432150.48043002,0.0,1,0.34043909976026043,60,870,231,299,405,97870,0.0,0.0
1376,Clock,mcet,7,6,rand/1 p=0.25,rand,0.25,-88432150.48043002,-88432150.48043002,0.0,1,0.3526712001184933,60,819,231,315,448,103761,0.0,0.0
1377,Clock,mcet,7,7,rand/1 p=0.25,rand,0.25,-88432150.48043002,-88432150.48043002,0.0,1,0.2926933001726866,60,739,185,250,345,82210,0.0,0.0
1378,Clock,mcet,7,8,rand/1 p=0.25,rand,0.25,-88432150.48043002,-88432150.48043002,0.0,1,0.3252560000983067,60,804,215,287,401,93676,0.0,0.0
1379,Clock,mcet,7,9,rand/1 p=0.25,rand,0.25,-88432150.48043002,-88432150.48043002,0.0,1,0.26806200010469183,60,639,144,220,413,71953,0.0,0.0
1380,Clock,mcet,7,0,rand/1 p=0.50,rand,0.5,-88432150.48043002,-88432150.48043002,0.0,1,0.5150916001293808,60,914,420,508,475,166025,0.0,0.0
1381,Clock,mcet,7,1,rand/1 p=0.50,rand,0.5,-88432150.48043002,-88432150.48043002,0.0,1,0.49547300004633144,60,892,401,488,451,159450,0.0,0.0
1382,Clock,mcet,7,2,rand/1 p=0.50,rand,0.5,-88432150.48043002,-88432150.48043002,0.0,1,0.5611708000651561,60,925,459,561,567,183212,0.0,0.0
1383,Clock,mcet,7,3,rand/1 p=0.50,rand,0.5,-88432150.48043002,-88432150.48043002,0.0,1,0.5187413999228738,60,890,421,507,419,165308,0.0,0.0
1384,Clock,mcet,7,4,rand/1 p=0.50,rand,0.5,-88432150.48043002,-88432150.48043002,0.0,1,0.5694362999638543,60,969,480,563,486,183880,0.0,0.0
1385,Clock,mcet,7,5,rand/1 p=0.50,rand,0.5,-88432150.48043002,-88432150.48043002,0.0,1,0.548469900037162,60,848,456,541,525,176968,0.0,0.0
1386,Clock,mcet,7,6,rand/1 p=0.50,rand,0.5,-88432150.48043002,-88432150.48043002,0.0,1,0.5732706999988295,60,968,473,562,529,184357,0.0,0.0
1387,Clock,mcet,7,7,rand/1 p=0.50,rand,0.5,-88432150.48043002,-88432150.48043002,0.0,1,0.5121140998671763,60,812,398,500,565,164224,0.0,0.0
1388,Clock,mcet,7,8,rand/1 p=0.50,rand,0.5,-88432150.48043002,-88432150.48043002,0.0,1,0.48152939981082454,60,771,369,468,547,152960,0.0,0.0
1389,Clock,mcet,7,9,rand/1 p=0.50,rand,0.5,-88432150.48043002,-88432150.48043002,0.0,1,0.5314962001284584,60,870,421,515,513,168080,0.0,0.0
1390,Clock,mcet,7,0,rand/1 p=1.00,rand,1.0,-88432150.48043002,-88432150.48043002,0.0,1,1.027311499870848,60,976,976,1088,617,355379,0.0,0.0
1391,Clock,mcet,7,1,rand/1 p=1.00,rand,1.0,-88432150.48043002,-88432150.48043002,0.0,1,1.0196405999013223,60,988,988,1086,539,354579,0.0,0.0
1392,Clock,mcet,7,2,rand/1 p=1.00,rand,1.0,-88432150.48043002,-88432150.48043002,0.0,1,1.0556950003374368,60,1008,1008,1119,595,364576,0.0,0.0
1393,Clock,mcet,7,3,rand/1 p=1.00,rand,1.0,-88432150.48043002,-88432150.48043002,0.0,1,1.043179599859286,60,1014,1014,1106,502,360627,0.0,0.0
1394,Clock,mcet,7,4,rand/1 p=1.00,rand,1.0,-88432150.48043002,-88432150.48043002,0.0,1,0.9493511998443864,60,891,891,1002,608,327788,0.0,0.0
1395,Clock,mcet,7,5,rand/1 p=1.00,rand,1.0,-88432150.48043002,-88432150.48043002,0.0,1,0.948916700144764,60,868,868,978,583,319042,0.0,0.0
1396,Clock,mcet,7,6,rand/1 p=1.00,rand,1.0,-88432150.48043002,-88432150.48043002,0.0,1,1.0573107997188345,60,974,974,1102,673,360098,0.0,0.0
1397,Clock,mcet,7,7,rand/1 p=1.00,rand,1.0,-88432150.48043002,-88432150.48043002,0.0,1,1.0556908000726253,60,1003,1003,1104,534,360176,0.0,0.0
1398,Clock,mcet,7,8,rand/1 p=1.00,rand,1.0,-88432150.48043002,-88432150.48043002,0.0,1,1.1108355000033043,60,1042,1042,1163,629,379193,0.0,0.0
1399,Clock,mcet,7,9,rand/1 p=1.00,rand,1.0,-88432150.48043002,-88432150.48043002,0.0,1,0.9899391997023486,60,918,918,1041,695,338770,0.0,0.0
1400,Clock,mcet,8,0,rand/1 p=0,rand,0.0,-88432462.51870075,-88432899.97376898,4.9467457061838654e-06,0,0.07205310004064813,60,226,0,0,0,0,12.490205284401508,4.708961114977665
1401,Clock,mcet,8,1,rand/1 p=0,rand,0.0,-88432100.82456428,-88432899.97376898,9.036786138849108e-06,0,0.0735788001329638,60,269,0,0,0,0,11.18530874658276,2.8410960149159106
1402,Clock,mcet,8,2,rand/1 p=0,rand,0.0,-88432507.5460647,-88432899.97376898,4.437575883987255e-06,0,0.0728711998090148,60,237,0,0,0,0,37.18038691051511,9.12943316863442
1403,Clock,mcet,8,3,rand/1 p=0,rand,0.0,-88432150.48043002,-88432899.97376898,8.475277178287087e-06,0,0.07433149981079623,60,325,0,0,0,0,2.618076610409138,0.5927594868168606
1404,Clock,mcet,8,4,rand/1 p=0,rand,0.0,-88432874.74890363,-88432899.97376898,2.8524299615447646e-07,0,0.07399050053209066,60,277,0,0,0,0,4.0024810778187225,1.2217914250867987
1405,Clock,mcet,8,5,rand/1 p=0,rand,0.0,-88432872.71968234,-88432899.97376898,3.081894481753006e-07,0,0.07546359987463802,60,295,0,0,0,0,1.8229553975028838,0.6884089020742516
1406,Clock,mcet,8,6,rand/1 p=0,rand,0.0,-88432114.89667751,-88432899.97376898,8.877658560368719e-06,0,0.07300530007341877,60,268,0,0,0,0,11.815391396173702,2.738465007713726
1407,Clock,mcet,8,7,rand/1 p=0,rand,0.0,-88432870.48437154,-88432899.97376898,3.334663620115087e-07,0,0.07554719998734072,60,315,0,0,0,0,2.3180598718152488,0.6230581019848777
1408,Clock,mcet,8,8,rand/1 p=0,rand,0.0,-88432470.61909394,-88432899.97376898,4.855146389714738e-06,0,0.07207809999817982,60,353,0,0,0,0,12.62882299704937,3.121020587686676
1409,Clock,mcet,8,9,rand/1 p=0,rand,0.0,-88432879.77479625,-88432899.97376898,2.2841015886417974e-07,0,0.07470950006972998,60,281,0,0,0,0,3.346191980209433,1.174623014502164
1410,Clock,mcet,8,0,rand/1 p=0.05,rand,0.05,-88432893.50852865,-88432899.97376898,7.310899372769339e-08,0,0.1313104999717325,60,524,31,61,188,20540,0.0,0.0
1411,Clock,mcet,8,1,rand/1 p=0.05,rand,0.05,-88432871.8936352,-88432899.97376898,3.1753039637019937e-07,0,0.10438609943958,60,257,10,32,110,10793,11.61864016658123,3.10031686708252
1412,Clock,mcet,8,2,rand/1 p=0.05,rand,0.05,-88432899.97376898,-88432899.97376898,0.0,1,0.11494079988915473,60,219,13,45,170,14834,10.622392034988971,3.2488214230967123
1413,Clock,mcet,8,3,rand/1 p=0.05,rand,0.05,-88432899.97376898,-88432899.97376898,0.0,1,0.11413559998618439,60,317,15,44,166,14473,0.26174163242116516,0.09198623679425844
1414,Clock,mcet,8,4,rand/1 p=0.05,rand,0.05,-88432893.50852865,-88432899.97376898,7.310899372769339e-08,0,0.14236999989952892,60,461,31,72,276,24099,0.0,0.0
1415,Clock,mcet,8,5,rand/1 p=0.05,rand,0.05,-88432893.50852865,-88432899.97376898,7.310899372769339e-08,0,0.12995929992757738,60,412,22,58,201,19603,0.0,0.0
1416,Clock,mcet,8,6,rand/1 p=0.05,rand,0.05,-88432893.50852865,-88432899.97376898,7.310899372769339e-08,0,0.10239340009866282,60,248,9,30,130,10084,6.86018517419173,2.746195937814684
1417,Clock,mcet,8,7,rand/1 p=0.05,rand,0.05,-88432893.50852865,-88432899.97376898,7.310899372769339e-08,0,0.11686650023330003,60,309,17,47,185,15888,0.13435028842545846,0.05448623679425843
1418,Clock,mcet,8,8,rand/1 p=0.05,rand,0.05,-88432893.50852865,-88432899.97376898,7.310899372769339e-08,0,0.12932779983384535,60,388,25,60,213,20260,0.0,0.0
1419,Clock,mcet,8,9,rand/1 p=0.05,rand,0.05,-88432899.97376898,-88432899.97376898,0.0,1,0.10733710008207709,60,191,10,36,184,12121,8.353172903374329,3.021038152921718
1420,Clock,mcet,8,0,rand/1 p=0.10,rand,0.1,-88432893.50852865,-88432899.97376898,7.310899372769339e-08,0,0.1500313999131322,60,235,33,83,311,27695,0.0,0.0
1421,Clock,mcet,8,1,rand/1 p=0.10,rand,0.1,-88432893.50852865,-88432899.97376898,7.310899372769339e-08,0,0.1715006002341397,60,511,56,107,280,35726,0.0,0.0
1422,Clock,mcet,8,2,rand/1 p=0.10,rand,0.1,-88432899.97376898,-88432899.97376898,0.0,1,0.1748757999157533,60,532,61,109,278,35606,0.0,0.0
1423,Clock,mcet,8,3,rand/1 p=0.10,rand,0.1,-88432891.24388933,-88432899.97376898,9.871755477975759e-08,0,0.1656793002039194,60,584,57,98,276,32489,0.0,0.0
1424,Clock,mcet,8,4,rand/1 p=0.10,rand,0.1,-88432893.50852865,-88432899.97376898,7.310899372769339e-08,0,0.13405690039508045,60,198,19,68,281,22615,1.4173206567111691,0.489911252943185
1425,Clock,mcet,8,5,rand/1 p=0.10,rand,0.1,-88432899.97376898,-88432899.97376898,0.0,1,0.13620810024440289,60,191,20,66,310,22471,12.283694303353995,3.721896923771823
1426,Clock,mcet,8,6,rand/1 p=0.10,rand,0.1,-88432893.50852865,-88432899.97376898,7.310899372769339e-08,0,0.16522439994150773,60,399,45,101,344,33967,0.0,0.0
1427,Clock,mcet,8,7,rand/1 p=0.10,rand,0.1,-88432893.50852865,-88432899.97376898,7.310899372769339e-08,0,0.16132909996667877,60,532,51,86,223,28797,0.0,0.0
1428,Clock,mcet,8,8,rand/1 p=0.10,rand,0.1,-88432893.50852865,-88432899.97376898,7.310899372769339e-08,0,0.12931350019061938,60,244,19,62,260,20851,0.1975051255684328,0.09401470754636318
1429,Clock,mcet,8,9,rand/1 p=0.10,rand,0.1,-88432899.97376898,-88432899.97376898,0.0,1,0.15080329996999353,60,314,36,83,309,27423,0.0,0.0
1430,Clock,mcet,8,0,rand/1 p=0.15,rand,0.15,-88432893.50852865,-88432899.97376898,7.310899372769339e-08,0,0.22561949968803674,60,640,103,163,411,54640,0.0,0.0
1431,Clock,mcet,8,1,rand/1 p=0.15,rand,0.15,-88432899.97376898,-88432899.97376898,0.0,1,0.15089139965130016,60,264,30,88,341,29446,8.195999023914052,3.0
1432,Clock,mcet,8,2,rand/1 p=0.15,rand,0.15,-88432893.50852865,-88432899.97376898,7.310899372769339e-08,0,0.14550010015955195,60,221,27,78,365,26088,0.09500000000001023,0.027243118397129215
1433,Clock,mcet,8,3,rand/1 p=0.15,rand,0.15,-88432893.50852865,-88432899.97376898,7.310899372769339e-08,0,0.2227911000372842,60,633,103,162,355,54898,0.0,0.0
1434,Clock,mcet,8,4,rand/1 p=0.15,rand,0.15,-88432899.97376898,-88432899.97376898,0.0,1,0.1679142999346368,60,337,59,106,267,34942,0.0,0.0
1435,Clock,mcet,8,5,rand/1 p=0.15,rand,0.15,-88432899.97376898,-88432899.97376898,0.0,1,0.15938990033464506,60,161,26,93,454,31422,13.36834886558104,3.886184461852365
1436,Clock,mcet,8,6,rand/1 p=0.15,rand,0.15,-88432899.97376898,-88432899.97376898,0.0,1,0.16435290011577308,60,243,39,101,360,33650,10.75724871888718,3.4369317712168796
1437,Clock,mcet,8,7,rand/1 p=0.15,rand,0.15,-88432899.97376898,-88432899.97376898,0.0,1,0.16136290022404864,60,246,35,96,333,32438,12.67818599011704,3.731202889149825
1438,Clock,mcet,8,8,rand/1 p=0.15,rand,0.15,-88432893.50852865,-88432899.97376898,7.310899372769339e-08,0,0.1397592998109758,60,252,28,72,274,23858,2.4772969139769936,1.6890733406220109
1439,Clock,mcet,8,9,rand/1 p=0.15,rand,0.15,-88432899.97376898,-88432899.97376898,0.0,1,0.2032538999337703,60,507,76,143,394,47352,0.0,0.0
1440,Clock,mcet,8,0,rand/1 p=0.25,rand,0.25,-88432899.97376898,-88432899.97376898,0.0,1,0.2411443999153562,60,496,122,188,383,62018,0.0,0.0
1441,Clock,mcet,8,1,rand/1 p=0.25,rand,0.25,-88432893.50852865,-88432899.97376898,7.310899372769339e-08,0,0.3241737998323515,60,808,213,274,358,91329,0.0,0.0
1442,Clock,mcet,8,2,rand/1 p=0.25,rand,0.25,-88432893.50852865,-88432899.97376898,7.310899372769339e-08,0,0.32808600016869605,60,816,212,274,441,91526,0.0,0.0
1443,Clock,mcet,8,3,rand/1 p=0.25,rand,0.25,-88432899.97376898,-88432899.97376898,0.0,1,0.1744790993980132,60,222,47,114,437,38482,8.195999023914052,3.0
1444,Clock,mcet,8,4,rand/1 p=0.25,rand,0.25,-88432899.97376898,-88432899.97376898,0.0,1,0.2726350001175888,60,550,153,224,409,74040,0.0,0.0
1445,Clock,mcet,8,5,rand/1 p=0.25,rand,0.25,-88432893.50852865,-88432899.97376898,7.310899372769339e-08,0,0.24748309992719442,60,464,124,191,421,64292,0.0,0.0
1446,Clock,mcet,8,6,rand/1 p=0.25,rand,0.25,-88432899.97376898,-88432899.97376898,0.0,1,0.21428700012620538,60,376,93,156,382,51958,0.0,0.0
1447,Clock,mcet,8,7,rand/1 p=0.25,rand,0.25,-88432893.50852865,-88432899.97376898,7.310899372769339e-08,0,0.3273386997752823,60,780,204,278,459,93091,0.0,0.0
1448,Clock,mcet,8,8,rand/1 p=0.25,rand,0.25,-88432899.97376898,-88432899.97376898,0.0,1,0.2766122000757605,60,584,155,227,473,74482,0.0,0.0
1449,Clock,mcet,8,9,rand/1 p=0.25,rand,0.25,-88432899.97376898,-88432899.97376898,0.0,1,0.17169689980801195,60,169,41,109,403,36353,9.536301142998326,3.1734882048075477
1450,Clock,mcet,8,0,rand/1 p=0.50,rand,0.5,-88432893.50852865,-88432899.97376898,7.310899372769339e-08,0,0.45478430012008175,60,685,336,420,525,139908,0.0,0.0
1451,Clock,mcet,8,1,rand/1 p=0.50,rand,0.5,-88432899.97376898,-88432899.97376898,0.0,1,0.2743417998426594,60,251,125,221,593,73711,0.0,0.0
1452,Clock,mcet,8,2,rand/1 p=0.50,rand,0.5,-88432893.50852865,-88432899.97376898,7.310899372769339e-08,0,0.5515884996275418,60,909,450,529,471,176137,0.0,0.0
1453,Clock,mcet,8,3,rand/1 p=0.50,rand,0.5,-88432899.97376898,-88432899.97376898,0.0,1,0.3606525000068359,60,477,231,324,566,106347,0.0,0.0
1454,Clock,mcet,8,4,rand/1 p=0.50,rand,0.5,-88432899.97376898,-88432899.97376898,0.0,1,0.4462637001997791,60,675,336,420,536,138159,0.0,0.0
1455,Clock,mcet,8,5,rand/1 p=0.50,rand,0.5,-88432893.50852865,-88432899.97376898,7.310899372769339e-08,0,0.5251955998828635,60,788,393,493,636,164743,0.0,0.0
1456,Clock,mcet,8,6,rand/1 p=0.50,rand,0.5,-88432899.97376898,-88432899.97376898,0.0,1,0.4312057001516223,60,652,321,400,479,132104,0.0,0.0
1457,Clock,mcet,8,7,rand/1 p=0.50,rand,0.5,-88432893.50852865,-88432899.97376898,7.310899372769339e-08,0,0.5459105002228171,60,903,430,520,516,173596,0.0,0.0
1458,Clock,mcet,8,8,rand/1 p=0.50,rand,0.5,-88432893.50852865,-88432899.97376898,7.310899372769339e-08,0,0.4169428001041524,60,564,290,384,602,127529,0.0,0.0
1459,Clock,mcet,8,9,rand/1 p=0.50,rand,0.5,-88432899.97376898,-88432899.97376898,0.0,1,0.48837400006596,60,742,374,463,569,151555,0.0,0.0
1460,Clock,mcet,8,0,rand/1 p=1.00,rand,1.0,-88432893.50852865,-88432899.97376898,7.310899372769339e-08,0,0.9981555002159439,60,915,915,1027,751,342288,0.0,0.0
1461,Clock,mcet,8,1,rand/1 p=1.00,rand,1.0,-88432899.97376898,-88432899.97376898,0.0,1,0.8227182999253273,60,717,717,843,743,275486,0.0,0.0
1462,Clock,mcet,8,2,rand/1 p=1.00,rand,1.0,-88432893.50852865,-88432899.97376898,7.310899372769339e-08,0,0.9097401998587884,60,817,817,933,737,311363,0.0,0.0
1463,Clock,mcet,8,3,rand/1 p=1.00,rand,1.0,-88432899.97376898,-88432899.97376898,0.0,1,0.6968441998469643,60,584,584,700,717,229087,0.0,0.0
1464,Clock,mcet,8,4,rand/1 p=1.00,rand,1.0,-88432893.50852865,-88432899.97376898,7.310899372769339e-08,0,0.8658786999294534,60,742,742,856,700,283704,0.0,0.0
1465,Clock,mcet,8,5,rand/1 p=1.00,rand,1.0,-88432899.97376898,-88432899.97376898,0.0,1,0.723690000071656,60,615,615,731,766,240412,0.0,0.0
1466,Clock,mcet,8,6,rand/1 p=1.00,rand,1.0,-88432893.50852865,-88432899.97376898,7.310899372769339e-08,0,1.0310499002225697,60,924,924,1037,766,345897,0.0,0.0
1467,Clock,mcet,8,7,rand/1 p=1.00,rand,1.0,-88432893.50852865,-88432899.97376898,7.310899372769339e-08,0,0.840780800092034,60,706,706,831,812,276706,0.0,0.0
1468,Clock,mcet,8,8,rand/1 p=1.00,rand,1.0,-88432893.50852865,-88432899.97376898,7.310899372769339e-08,0,0.9304233997245319,60,819,819,940,732,313163,0.0,0.0
1469,Clock,mcet,8,9,rand/1 p=1.00,rand,1.0,-88432893.50852865,-88432899.97376898,7.310899372769339e-08,0,1.0640056998236105,60,891,891,1003,673,333856,0.0,0.0
1470,Histology,mcet,6,0,rand/1 p=0,rand,0.0,-220062353.11503524,-220062386.1926902,1.503103530323804e-07,0,0.12623950012493879,60,331,0,0,0,0,2.180389537875296,0.9448291448463987
1471,Histology,mcet,6,1,rand/1 p=0,rand,0.0,-220062353.11503524,-220062386.1926902,1.503103530323804e-07,0,0.08975059993099421,60,321,0,0,0,0,1.1348602030747064,0.48996014599026
1472,Histology,mcet,6,2,rand/1 p=0,rand,0.0,-220062377.86320406,-220062386.1926902,3.7850567176776216e-08,0,0.09673149982700124,60,491,0,0,0,0,0.0,0.0
1473,Histology,mcet,6,3,rand/1 p=0,rand,0.0,-220062329.9454199,-220062386.1926902,2.5559692984893926e-07,0,0.13292080018436536,60,396,0,0,0,0,0.9980195495107287,0.3596203583505823
1474,Histology,mcet,6,4,rand/1 p=0,rand,0.0,-220062384.78685242,-220062386.1926902,6.388360130957405e-09,1,0.11505829991074279,60,457,0,0,0,0,0.0,0.0
1475,Histology,mcet,6,5,rand/1 p=0,rand,0.0,-220062386.1926902,-220062386.1926902,0.0,1,0.12135220016352832,60,408,0,0,0,0,0.0,0.0
1476,Histology,mcet,6,6,rand/1 p=0,rand,0.0,-220062384.78685242,-220062386.1926902,6.388360130957405e-09,1,0.1226721002603881,60,379,0,0,0,0,0.8029089420319284,0.2473909637984
1477,Histology,mcet,6,7,rand/1 p=0,rand,0.0,-220062384.78685242,-220062386.1926902,6.388360130957405e-09,1,0.13183579995529726,60,339,0,0,0,0,1.0541116033372495,0.35546559656720245
1478,Histology,mcet,6,8,rand/1 p=0,rand,0.0,-220062377.86320406,-220062386.1926902,3.7850567176776216e-08,0,0.09014699986437336,60,381,0,0,0,0,0.9007003103961233,0.30374916331657276
1479,Histology,mcet,6,9,rand/1 p=0,rand,0.0,-220062377.86320406,-220062386.1926902,3.7850567176776216e-08,0,0.07149870018474758,60,336,0,0,0,0,0.9763831766832277,0.33237527086003843
1480,Histology,mcet,6,0,rand/1 p=0.05,rand,0.05,-220062386.1926902,-220062386.1926902,0.0,1,0.20487809972837567,60,622,40,76,163,28320,0.0,0.0
1481,Histology,mcet,6,1,rand/1 p=0.05,rand,0.05,-220062386.1926902,-220062386.1926902,0.0,1,0.1442226999788545,60,591,32,64,144,23841,0.0,0.0
1482,Histology,mcet,6,2,rand/1 p=0.05,rand,0.05,-220062386.1926902,-220062386.1926902,0.0,1,0.15557849989272654,60,594,34,66,183,24505,0.0,0.0
1483,Histology,mcet,6,3,rand/1 p=0.05,rand,0.05,-220062386.1926902,-220062386.1926902,0.0,1,0.14627600013045594,60,655,37,64,160,23644,0.0,0.0
1484,Histology,mcet,6,4,rand/1 p=0.05,rand,0.05,-220062386.1926902,-220062386.1926902,0.0,1,0.12015730020357296,60,389,16,45,175,16543,0.0,0.0
1485,Histology,mcet,6,5,rand/1 p=0.05,rand,0.05,-220062386.1926902,-220062386.1926902,0.0,1,0.15802910004276782,60,723,43,76,188,28276,0.0,0.0
1486,Histology,mcet,6,6,rand/1 p=0.05,rand,0.05,-220062386.1926902,-220062386.1926902,0.0,1,0.12893399968743324,60,550,27,48,136,17830,0.0,0.0
1487,Histology,mcet,6,7,rand/1 p=0.05,rand,0.05,-220062386.1926902,-220062386.1926902,0.0,1,0.11301059980178252,60,362,15,37,101,13767,0.0,0.0
1488,Histology,mcet,6,8,rand/1 p=0.05,rand,0.05,-220062386.1926902,-220062386.1926902,0.0,1,0.15381100017111748,60,449,28,51,129,18770,0.0,0.0
1489,Histology,mcet,6,9,rand/1 p=0.05,rand,0.05,-220062386.1926902,-220062386.1926902,0.0,1,0.14161409996449947,60,542,34,65,144,24051,0.0,0.0
1490,Histology,mcet,6,0,rand/1 p=0.10,rand,0.1,-220062386.1926902,-220062386.1926902,0.0,1,0.2174850997980684,60,534,59,101,227,37594,0.0,0.0
1491,Histology,mcet,6,1,rand/1 p=0.10,rand,0.1,-220062386.1926902,-220062386.1926902,0.0,1,0.2188571001170203,60,495,51,92,233,33943,0.0,0.0
1492,Histology,mcet,6,2,rand/1 p=0.10,rand,0.1,-220062386.1926902,-220062386.1926902,0.0,1,0.22656719997758046,60,636,65,99,168,36715,0.0,0.0
1493,Histology,mcet,6,3,rand/1 p=0.10,rand,0.1,-220062386.1926902,-220062386.1926902,0.0,1,0.24380779993953183,60,567,59,102,237,37632,0.0,0.0
1494,Histology,mcet,6,4,rand/1 p=0.10,rand,0.1,-220062386.1926902,-220062386.1926902,0.0,1,0.32513959996867925,60,771,79,123,222,45462,0.0,0.0
1495,Histology,mcet,6,5,rand/1 p=0.10,rand,0.1,-220062386.1926902,-220062386.1926902,0.0,1,0.29980590008199215,60,681,65,121,329,44924,0.0,0.0
1496,Histology,mcet,6,6,rand/1 p=0.10,rand,0.1,-220062386.1926902,-220062386.1926902,0.0,1,0.24450039985822514,60,604,55,100,250,37233,0.0,0.0
1497,Histology,mcet,6,7,rand/1 p=0.10,rand,0.1,-220062386.1926902,-220062386.1926902,0.0,1,0.2507307000341825,60,608,53,85,163,31535,0.0,0.0
1498,Histology,mcet,6,8,rand/1 p=0.10,rand,0.1,-220062386.1926902,-220062386.1926902,0.0,1,0.2601248998544179,60,720,64,98,200,36198,0.0,0.0
1499,Histology,mcet,6,9,rand/1 p=0.10,rand,0.1,-220062386.1926902,-220062386.1926902,0.0,1,0.21706990007078275,60,495,46,80,182,29694,0.0,0.0
1500,Histology,mcet,6,0,rand/1 p=0.15,rand,0.15,-220062384.78685242,-220062386.1926902,6.388360130957405e-09,1,0.3984205999295227,60,774,116,164,271,60768,0.0,0.0
1501,Histology,mcet,6,1,rand/1 p=0.15,rand,0.15,-220062386.1926902,-220062386.1926902,0.0,1,0.32278039964148775,60,775,114,165,232,61232,0.0,0.0
1502,Histology,mcet,6,2,rand/1 p=0.15,rand,0.15,-220062386.1926902,-220062386.1926902,0.0,1,0.28143399965483695,60,701,97,137,212,50915,0.0,0.0
1503,Histology,mcet,6,3,rand/1 p=0.15,rand,0.15,-220062386.1926902,-220062386.1926902,0.0,1,0.33611410041339695,60,739,112,167,300,61808,0.0,0.0
1504,Histology,mcet,6,4,rand/1 p=0.15,rand,0.15,-220062386.1926902,-220062386.1926902,0.0,1,0.22191390010993928,60,609,92,131,208,48830,0.0,0.0
1505,Histology,mcet,6,5,rand/1 p=0.15,rand,0.15,-220062386.1926902,-220062386.1926902,0.0,1,0.254816000116989,60,766,107,167,332,62022,0.0,0.0
1506,Histology,mcet,6,6,rand/1 p=0.15,rand,0.15,-220062386.1926902,-220062386.1926902,0.0,1,0.2606150998035446,60,796,111,164,244,61250,0.0,0.0
1507,Histology,mcet,6,7,rand/1 p=0.15,rand,0.15,-220062386.1926902,-220062386.1926902,0.0,1,0.23988809977890924,60,572,90,152,320,56433,0.0,0.0
1508,Histology,mcet,6,8,rand/1 p=0.15,rand,0.15,-220062386.1926902,-220062386.1926902,0.0,1,0.2743678998667747,60,664,109,166,330,61323,0.0,0.0
1509,Histology,mcet,6,9,rand/1 p=0.15,rand,0.15,-220062386.1926902,-220062386.1926902,0.0,1,0.23607039998751134,60,741,104,139,184,51540,0.0,0.0
1510,Histology,mcet,6,0,rand/1 p=0.25,rand,0.25,-220062386.1926902,-220062386.1926902,0.0,1,0.39542080025421456,60,683,178,252,420,93845,0.0,0.0
1511,Histology,mcet,6,1,rand/1 p=0.25,rand,0.25,-220062386.1926902,-220062386.1926902,0.0,1,0.40696839994052425,60,773,195,263,336,97724,0.0,0.0
1512,Histology,mcet,6,2,rand/1 p=0.25,rand,0.25,-220062386.1926902,-220062386.1926902,0.0,1,0.4000933001516387,60,826,207,283,408,105146,0.0,0.0
1513,Histology,mcet,6,3,rand/1 p=0.25,rand,0.25,-220062386.1926902,-220062386.1926902,0.0,1,0.3725901997531764,60,781,192,266,434,98673,0.0,0.0
1514,Histology,mcet,6,4,rand/1 p=0.25,rand,0.25,-220062384.78685242,-220062386.1926902,6.388360130957405e-09,1,0.42842469963943586,60,858,215,288,387,107090,0.0,0.0
1515,Histology,mcet,6,5,rand/1 p=0.25,rand,0.25,-220062386.1926902,-220062386.1926902,0.0,1,0.4714830002048984,60,843,232,307,400,113953,0.0,0.0
1516,Histology,mcet,6,6,rand/1 p=0.25,rand,0.25,-220062386.1926902,-220062386.1926902,0.0,1,0.3760279000271112,60,777,195,252,271,94160,0.0,0.0
1517,Histology,mcet,6,7,rand/1 p=0.25,rand,0.25,-220062386.1926902,-220062386.1926902,0.0,1,0.3912430998752825,60,849,211,277,334,102927,0.0,0.0
1518,Histology,mcet,6,8,rand/1 p=0.25,rand,0.25,-220062386.1926902,-220062386.1926902,0.0,1,0.4889610998216085,60,872,240,340,514,125749,0.0,0.0
1519,Histology,mcet,6,9,rand/1 p=0.25,rand,0.25,-220062386.1926902,-220062386.1926902,0.0,1,0.3722756002098322,60,782,210,275,289,102032,0.0,0.0
1520,Histology,mcet,6,0,rand/1 p=0.50,rand,0.5,-220062386.1926902,-220062386.1926902,0.0,1,0.7098920998978429,60,863,458,573,682,213714,0.0,0.0
1521,Histology,mcet,6,1,rand/1 p=0.50,rand,0.5,-220062386.1926902,-220062386.1926902,0.0,1,0.7491346001625061,60,948,431,513,434,190544,0.0,0.0
1522,Histology,mcet,6,2,rand/1 p=0.50,rand,0.5,-220062384.78685242,-220062386.1926902,6.388360130957405e-09,1,0.7206312997732311,60,865,437,522,479,193737,0.0,0.0
1523,Histology,mcet,6,3,rand/1 p=0.50,rand,0.5,-220062386.1926902,-220062386.1926902,0.0,1,0.692159800149966,60,856,450,552,568,205145,0.0,0.0
1524,Histology,mcet,6,4,rand/1 p=0.50,rand,0.5,-220062386.1926902,-220062386.1926902,0.0,1,0.6246360999648459,60,837,419,503,456,186981,0.0,0.0
1525,Histology,mcet,6,5,rand/1 p=0.50,rand,0.5,-220062386.1926902,-220062386.1926902,0.0,1,0.6463004999677651,60,766,378,483,644,179172,0.0,0.0
1526,Histology,mcet,6,6,rand/1 p=0.50,rand,0.5,-220062386.1926902,-220062386.1926902,0.0,1,0.6914199001039378,60,888,460,551,466,205443,0.0,0.0
1527,Histology,mcet,6,7,rand/1 p=0.50,rand,0.5,-220062386.1926902,-220062386.1926902,0.0,1,0.6780551000265405,60,944,470,553,453,205748,0.0,0.0
1528,Histology,mcet,6,8,rand/1 p=0.50,rand,0.5,-220062386.1926902,-220062386.1926902,0.0,1,0.7472241996438242,60,946,488,588,558,218084,0.0,0.0
1529,Histology,mcet,6,9,rand/1 p=0.50,rand,0.5,-220062386.1926902,-220062386.1926902,0.0,1,0.7898175000445917,60,908,449,556,554,206618,0.0,0.0
1530,Histology,mcet,6,0,rand/1 p=1.00,rand,1.0,-220062386.1926902,-220062386.1926902,0.0,1,1.2611998005304486,60,933,933,1059,744,393977,0.0,0.0
1531,Histology,mcet,6,1,rand/1 p=1.00,rand,1.0,-220062386.1926902,-220062386.1926902,0.0,1,1.293368199840188,60,927,927,1032,574,383631,0.0,0.0
1532,Histology,mcet,6,2,rand/1 p=1.00,rand,1.0,-220062386.1926902,-220062386.1926902,0.0,1,1.153342999634333,60,855,855,981,672,364680,0.0,0.0
1533,Histology,mcet,6,3,rand/1 p=1.00,rand,1.0,-220062386.1926902,-220062386.1926902,0.0,1,1.3250490997452289,60,937,937,1058,732,392978,0.0,0.0
1534,Histology,mcet,6,4,rand/1 p=1.00,rand,1.0,-220062386.1926902,-220062386.1926902,0.0,1,1.1905304004903883,60,861,861,971,617,360910,0.0,0.0
1535,Histology,mcet,6,5,rand/1 p=1.00,rand,1.0,-220062386.1926902,-220062386.1926902,0.0,1,1.2600084997247905,60,925,925,1033,601,383805,0.0,0.0
1536,Histology,mcet,6,6,rand/1 p=1.00,rand,1.0,-220062386.1926902,-220062386.1926902,0.0,1,1.29777499998454,60,941,941,1050,583,391027,0.0,0.0
1537,Histology,mcet,6,7,rand/1 p=1.00,rand,1.0,-220062386.1926902,-220062386.1926902,0.0,1,1.4384481998858973,60,953,953,1089,775,404520,0.0,0.0
1538,Histology,mcet,6,8,rand/1 p=1.00,rand,1.0,-220062386.1926902,-220062386.1926902,0.0,1,1.4837062998558395,60,1042,1042,1138,542,423799,0.0,0.0
1539,Histology,mcet,6,9,rand/1 p=1.00,rand,1.0,-220062386.1926902,-220062386.1926902,0.0,1,1.2566176999243908,60,920,920,1031,587,383702,0.0,0.0
1540,Histology,mcet,7,0,rand/1 p=0,rand,0.0,-220073369.90253395,-220073370.7810644,3.991988851702915e-09,1,0.07440580037655309,60,337,0,0,0,0,1.7055750462296484,0.7183439941591621
1541,Histology,mcet,7,1,rand/1 p=0,rand,0.0,-220073369.90253395,-220073370.7810644,3.991988851702915e-09,1,0.07488109997939318,60,306,0,0,0,0,1.7288439481440077,0.6696747206131739
1542,Histology,mcet,7,2,rand/1 p=0,rand,0.0,-220073370.7810644,-220073370.7810644,0.0,1,0.07415170047897846,60,344,0,0,0,0,0.9762584382646035,0.31104137366665446
1543,Histology,mcet,7,3,rand/1 p=0,rand,0.0,-220073369.90253395,-220073370.7810644,3.991988851702915e-09,1,0.07161680026911199,60,325,0,0,0,0,1.5737440322997276,0.6306088779369903
1544,Histology,mcet,7,4,rand/1 p=0,rand,0.0,-220073346.51096278,-220073370.7810644,1.1028186427421281e-07,0,0.07307150022825226,60,314,0,0,0,0,1.7417392091781678,0.6435900301276735
1545,Histology,mcet,7,5,rand/1 p=0,rand,0.0,-220073285.95326787,-220073370.7810644,3.8545234354224474e-07,0,0.07264669972937554,60,313,0,0,0,0,2.0886808118521287,0.7930918090218414
1546,Histology,mcet,7,6,rand/1 p=0,rand,0.0,-220073370.7810644,-220073370.7810644,0.0,1,0.07362090045353398,60,364,0,0,0,0,0.8313843876330631,0.20995626366712955
1547,Histology,mcet,7,7,rand/1 p=0,rand,0.0,-220073293.4455896,-220073370.7810644,3.514076896930809e-07,0,0.07581439998466522,60,356,0,0,0,0,1.9622571196368483,0.8208558985653351
1548,Histology,mcet,7,8,rand/1 p=0,rand,0.0,-220073323.0959297,-220073370.7810644,2.1667834917890934e-07,0,0.07415070006391034,60,319,0,0,0,0,1.9621676042741556,0.7943996335269716
1549,Histology,mcet,7,9,rand/1 p=0,rand,0.0,-220073356.3223787,-220073370.7810644,6.569938763972024e-08,0,0.0769179998897016,60,357,0,0,0,0,1.327036291758547,0.42694910755880044
1550,Histology,mcet,7,0,rand/1 p=0.05,rand,0.05,-220073370.7810644,-220073370.7810644,0.0,1,0.1400993003626354,60,401,26,55,170,20702,0.0,0.0
1551,Histology,mcet,7,1,rand/1 p=0.05,rand,0.05,-220073370.7810644,-220073370.7810644,0.0,1,0.11750959989149123,60,295,13,39,134,14602,0.8562735749892221,0.2929964607370528
1552,Histology,mcet,7,2,rand/1 p=0.05,rand,0.05,-220073369.90253395,-220073370.7810644,3.991988851702915e-09,1,0.1611707999254577,60,497,28,51,154,19211,0.0,0.0
1553,Histology,mcet,7,3,rand/1 p=0.05,rand,0.05,-220073370.7810644,-220073370.7810644,0.0,1,0.20432149985572323,60,300,22,58,191,21810,1.0733126291999016,0.34992710611188255
1554,Histology,mcet,7,4,rand/1 p=0.05,rand,0.05,-220073369.63925344,-220073370.7810644,5.188319466206586e-09,1,0.20389670028816909,60,417,19,46,163,17544,0.0,0.0
1555,Histology,mcet,7,5,rand/1 p=0.05,rand,0.05,-220073369.63925344,-220073370.7810644,5.188319466206586e-09,1,0.12147949979407713,60,288,7,19,71,7222,1.0364574826347392,0.4225584555387475
1556,Histology,mcet,7,6,rand/1 p=0.05,rand,0.05,-220073370.7810644,-220073370.7810644,0.0,1,0.15370370011078194,60,328,12,38,156,14451,0.2580416589655275,0.1362621202187287
1557,Histology,mcet,7,7,rand/1 p=0.05,rand,0.05,-220073370.7810644,-220073370.7810644,0.0,1,0.18615250021684915,60,400,22,49,150,18444,0.0,0.0
1558,Histology,mcet,7,8,rand/1 p=0.05,rand,0.05,-220073370.7810644,-220073370.7810644,0.0,1,0.1648331000469625,60,414,25,52,133,19512,0.0,0.0
1559,Histology,mcet,7,9,rand/1 p=0.05,rand,0.05,-220073370.7810644,-220073370.7810644,0.0,1,0.2052738003549166,60,370,21,53,158,19997,0.0,0.0
1560,Histology,mcet,7,0,rand/1 p=0.10,rand,0.1,-220073370.7810644,-220073370.7810644,0.0,1,0.3039521000464447,60,649,67,122,339,46173,0.0,0.0
1561,Histology,mcet,7,1,rand/1 p=0.10,rand,0.1,-220073370.7810644,-220073370.7810644,0.0,1,0.2653612000285648,60,481,57,105,298,39531,0.0,0.0
1562,Histology,mcet,7,2,rand/1 p=0.10,rand,0.1,-220073370.7810644,-220073370.7810644,0.0,1,0.25006540020694956,60,425,53,104,276,39403,0.0,0.0
1563,Histology,mcet,7,3,rand/1 p=0.10,rand,0.1,-220073370.7810644,-220073370.7810644,0.0,1,0.23686249944148585,60,524,48,106,361,39597,0.0,0.0
1564,Histology,mcet,7,4,rand/1 p=0.10,rand,0.1,-220073370.7810644,-220073370.7810644,0.0,1,0.21126819995697588,60,221,30,89,375,33556,0.7627273282347699,0.4600606696078201
1565,Histology,mcet,7,5,rand/1 p=0.10,rand,0.1,-220073370.7810644,-220073370.7810644,0.0,1,0.17289999988861382,60,285,20,48,138,18181,0.6301984320589467,0.179751081356512
1566,Histology,mcet,7,6,rand/1 p=0.10,rand,0.1,-220073370.7810644,-220073370.7810644,0.0,1,0.23261110001476482,60,525,59,100,231,37881,0.0,0.0
1567,Histology,mcet,7,7,rand/1 p=0.10,rand,0.1,-220073370.7810644,-220073370.7810644,0.0,1,0.2047895000432618,60,477,49,90,234,33902,0.0,0.0
1568,Histology,mcet,7,8,rand/1 p=0.10,rand,0.1,-220073370.7810644,-220073370.7810644,0.0,1,0.15918959997361526,60,384,32,76,290,28380,0.0,0.0
1569,Histology,mcet,7,9,rand/1 p=0.10,rand,0.1,-220073370.7810644,-220073370.7810644,0.0,1,0.16505809995578602,60,395,36,81,259,30584,0.0,0.0
1570,Histology,mcet,7,0,rand/1 p=0.15,rand,0.15,-220073370.7810644,-220073370.7810644,0.0,1,0.2808368998230435,60,539,81,150,415,56641,0.0,0.0
1571,Histology,mcet,7,1,rand/1 p=0.15,rand,0.15,-220073370.7810644,-220073370.7810644,0.0,1,0.18698240007506683,60,306,46,103,352,38704,0.0,0.0
1572,Histology,mcet,7,2,rand/1 p=0.15,rand,0.15,-220073370.7810644,-220073370.7810644,0.0,1,0.2271605998976156,60,585,88,132,232,49659,0.0,0.0
1573,Histology,mcet,7,3,rand/1 p=0.15,rand,0.15,-220073370.7810644,-220073370.7810644,0.0,1,0.30041890032589436,60,643,113,181,388,68052,0.0,0.0
1574,Histology,mcet,7,4,rand/1 p=0.15,rand,0.15,-220073370.7810644,-220073370.7810644,0.0,1,0.27130269998451695,60,570,93,163,387,61573,0.0,0.0
1575,Histology,mcet,7,5,rand/1 p=0.15,rand,0.15,-220073370.7810644,-220073370.7810644,0.0,1,0.27220620022853836,60,809,123,174,280,65439,0.0,0.0
1576,Histology,mcet,7,6,rand/1 p=0.15,rand,0.15,-220073370.7810644,-220073370.7810644,0.0,1,0.21539710002252832,60,549,81,124,225,46821,0.0,0.0
1577,Histology,mcet,7,7,rand/1 p=0.15,rand,0.15,-220073370.7810644,-220073370.7810644,0.0,1,0.2221432999940589,60,549,78,131,326,49542,0.0,0.0
1578,Histology,mcet,7,8,rand/1 p=0.15,rand,0.15,-220073370.7810644,-220073370.7810644,0.0,1,0.24688210018211976,60,696,100,149,298,55893,0.0,0.0
1579,Histology,mcet,7,9,rand/1 p=0.15,rand,0.15,-220073370.7810644,-220073370.7810644,0.0,1,0.22123850032221526,60,529,69,133,358,50199,0.0,0.0
1580,Histology,mcet,7,0,rand/1 p=0.25,rand,0.25,-220073370.7810644,-220073370.7810644,0.0,1,0.4977284998749383,60,606,146,235,482,88871,0.0,0.0
1581,Histology,mcet,7,1,rand/1 p=0.25,rand,0.25,-220073370.7810644,-220073370.7810644,0.0,1,0.37565269944025204,60,678,160,235,447,88482,0.0,0.0
1582,Histology,mcet,7,2,rand/1 p=0.25,rand,0.25,-220073370.7810644,-220073370.7810644,0.0,1,0.30718429980333894,60,511,129,202,452,76293,0.0,0.0
1583,Histology,mcet,7,3,rand/1 p=0.25,rand,0.25,-220073370.7810644,-220073370.7810644,0.0,1,0.3659851999836974,60,644,171,261,549,97966,0.0,0.0
1584,Histology,mcet,7,4,rand/1 p=0.25,rand,0.25,-220073370.7810644,-220073370.7810644,0.0,1,0.3013731998507865,60,529,134,203,411,76875,0.0,0.0
1585,Histology,mcet,7,5,rand/1 p=0.25,rand,0.25,-220073370.7810644,-220073370.7810644,0.0,1,0.3452189000090584,60,698,173,244,390,91907,0.0,0.0
1586,Histology,mcet,7,6,rand/1 p=0.25,rand,0.25,-220073370.7810644,-220073370.7810644,0.0,1,0.3812918998883106,60,817,200,275,389,103745,0.0,0.0
1587,Histology,mcet,7,7,rand/1 p=0.25,rand,0.25,-220073370.7810644,-220073370.7810644,0.0,1,0.3907730997307226,60,791,203,273,420,103213,0.0,0.0
1588,Histology,mcet,7,8,rand/1 p=0.25,rand,0.25,-220073370.7810644,-220073370.7810644,0.0,1,0.402182899764739,60,878,208,266,365,99970,0.0,0.0
1589,Histology,mcet,7,9,rand/1 p=0.25,rand,0.25,-220073370.7810644,-220073370.7810644,0.0,1,0.3318665999104269,60,611,142,224,469,84606,0.0,0.0
1590,Histology,mcet,7,0,rand/1 p=0.50,rand,0.5,-220073370.7810644,-220073370.7810644,0.0,1,0.7128600998548791,60,908,467,573,610,216142,0.0,0.0
1591,Histology,mcet,7,1,rand/1 p=0.50,rand,0.5,-220073370.7810644,-220073370.7810644,0.0,1,0.6141061997041106,60,809,388,482,485,181630,0.0,0.0
1592,Histology,mcet,7,2,rand/1 p=0.50,rand,0.5,-220073369.90253395,-220073370.7810644,3.991988851702915e-09,1,0.5512021998292767,60,679,329,423,562,159726,0.0,0.0
1593,Histology,mcet,7,3,rand/1 p=0.50,rand,0.5,-220073370.7810644,-220073370.7810644,0.0,1,0.7754395001684316,60,820,431,530,589,199497,0.0,0.0
1594,Histology,mcet,7,4,rand/1 p=0.50,rand,0.5,-220073370.7810644,-220073370.7810644,0.0,1,0.6282673001405783,60,783,384,469,503,177182,0.0,0.0
1595,Histology,mcet,7,5,rand/1 p=0.50,rand,0.5,-220073370.7810644,-220073370.7810644,0.0,1,0.6402595998952165,60,840,404,502,575,189794,0.0,0.0
1596,Histology,mcet,7,6,rand/1 p=0.50,rand,0.5,-220073370.7810644,-220073370.7810644,0.0,1,0.4993166000931524,60,519,268,381,622,144023,0.0,0.0
1597,Histology,mcet,7,7,rand/1 p=0.50,rand,0.5,-220073370.7810644,-220073370.7810644,0.0,1,0.708623000071384,60,887,419,521,578,196995,0.0,0.0
1598,Histology,mcet,7,8,rand/1 p=0.50,rand,0.5,-220073370.7810644,-220073370.7810644,0.0,1,0.543359600182157,60,623,304,416,651,156466,0.0,0.0
1599,Histology,mcet,7,9,rand/1 p=0.50,rand,0.5,-220073370.7810644,-220073370.7810644,0.0,1,0.6118573995772749,60,763,383,478,552,180052,0.0,0.0
1600,Histology,mcet,7,0,rand/1 p=1.00,rand,1.0,-220073370.7810644,-220073370.7810644,0.0,1,1.3881583996699192,60,964,964,1087,678,410380,0.0,0.0
1601,Histology,mcet,7,1,rand/1 p=1.00,rand,1.0,-220073370.7810644,-220073370.7810644,0.0,1,0.9203765995334834,60,633,633,752,627,283615,0.0,0.0
1602,Histology,mcet,7,2,rand/1 p=1.00,rand,1.0,-220073370.7810644,-220073370.7810644,0.0,1,1.2937659997260198,60,943,943,1072,746,404365,0.0,0.0
1603,Histology,mcet,7,3,rand/1 p=1.00,rand,1.0,-220073370.7810644,-220073370.7810644,0.0,1,1.3778791000368074,60,1010,1010,1119,613,421892,0.0,0.0
1604,Histology,mcet,7,4,rand/1 p=1.00,rand,1.0,-220073370.7810644,-220073370.7810644,0.0,1,1.2770239002420567,60,935,935,1078,779,406981,0.0,0.0
1605,Histology,mcet,7,5,rand/1 p=1.00,rand,1.0,-220073370.7810644,-220073370.7810644,0.0,1,1.0336883999989368,60,631,631,753,693,284114,0.0,0.0
1606,Histology,mcet,7,6,rand/1 p=1.00,rand,1.0,-220073370.7810644,-220073370.7810644,0.0,1,1.1978473997442052,60,882,882,995,576,375430,0.0,0.0
1607,Histology,mcet,7,7,rand/1 p=1.00,rand,1.0,-220073370.7810644,-220073370.7810644,0.0,1,1.6340662001166493,60,894,894,1026,772,387067,0.0,0.0
1608,Histology,mcet,7,8,rand/1 p=1.00,rand,1.0,-220073370.7810644,-220073370.7810644,0.0,1,1.403088899969589,60,975,975,1092,678,411351,0.0,0.0
1609,Histology,mcet,7,9,rand/1 p=1.00,rand,1.0,-220073370.7810644,-220073370.7810644,0.0,1,1.3584049996570684,60,916,916,1061,885,399908,0.0,0.0
1610,Histology,mcet,8,0,rand/1 p=0,rand,0.0,-220073369.63925344,-220081234.15263566,3.5734593240111766e-05,0,0.07465270016109571,60,342,0,0,0,0,2.474403097597767,0.7794719113706473
1611,Histology,mcet,8,1,rand/1 p=0,rand,0.0,-220077226.14064848,-220081234.15263566,1.8211511774783087e-05,0,0.07401039981050417,60,356,0,0,0,0,11.078525384782866,2.3350462633825715
1612,Histology,mcet,8,2,rand/1 p=0,rand,0.0,-220081162.90484875,-220081234.15263566,3.2373403931354025e-07,0,0.0774346002144739,60,285,0,0,0,0,4.694809384248096,1.780142585789584
1613,Histology,mcet,8,3,rand/1 p=0,rand,0.0,-220081207.05777174,-220081234.15263566,1.2311301336402198e-07,0,0.07557159982388839,60,328,0,0,0,0,1.3758191909649766,0.5158331453643021
1614,Histology,mcet,8,4,rand/1 p=0,rand,0.0,-220081031.62426746,-220081234.15263566,9.202436954000815e-07,0,0.07513119955547154,60,350,0,0,0,0,2.93677810163879,1.0443821682494994
1615,Histology,mcet,8,5,rand/1 p=0,rand,0.0,-220081183.4479863,-220081234.15263566,2.3039060805984933e-07,0,0.07602049969136715,60,314,0,0,0,0,1.5893949101821188,0.5372046983122927
1616,Histology,mcet,8,6,rand/1 p=0,rand,0.0,-220081071.4261015,-220081234.15263566,7.393930463200404e-07,0,0.07594719994813204,60,318,0,0,0,0,3.7329286993669606,1.384722754443393
1617,Histology,mcet,8,7,rand/1 p=0,rand,0.0,-220081150.82282412,-220081234.15263566,3.7863206222041397e-07,0,0.07652960025006905,60,353,0,0,0,0,0.8988349153247212,0.19757361350473002
1618,Histology,mcet,8,8,rand/1 p=0,rand,0.0,-220080976.54802752,-220081234.15263566,1.1704978352205927e-06,0,0.07523279986344278,60,343,0,0,0,0,2.2139101495786937,0.8083228426959279
1619,Histology,mcet,8,9,rand/1 p=0,rand,0.0,-220081037.45219105,-220081234.15263566,8.937629115279619e-07,0,0.07685779989697039,60,326,0,0,0,0,1.7035306673552668,0.5584812982421912
1620,Histology,mcet,8,0,rand/1 p=0.05,rand,0.05,-220081234.15263566,-220081234.15263566,0.0,1,0.12549840012798086,60,294,12,42,164,16052,1.019060011890999,0.36648051623923683
1621,Histology,mcet,8,1,rand/1 p=0.05,rand,0.05,-220081219.0117161,-220081234.15263566,6.87969586523384e-08,0,0.1429414001177065,60,328,7,24,86,9138,0.7564199733726971,0.16981507583190164
1622,Histology,mcet,8,2,rand/1 p=0.05,rand,0.05,-220081234.15263566,-220081234.15263566,0.0,1,0.14150240021990612,60,295,9,33,131,12685,0.6823244585923998,0.18962288160671145
1623,Histology,mcet,8,3,rand/1 p=0.05,rand,0.05,-220081234.15263566,-220081234.15263566,0.0,1,0.16188730008434504,60,274,12,43,207,16368,1.0659734058913588,0.40039169168917554
1624,Histology,mcet,8,4,rand/1 p=0.05,rand,0.05,-220081234.15263566,-220081234.15263566,0.0,1,0.21057560027111322,60,275,16,55,191,21056,1.0972190119106746,0.38003512498199365
1625,Histology,mcet,8,5,rand/1 p=0.05,rand,0.05,-220081219.0117161,-220081234.15263566,6.87969586523384e-08,0,0.2228070999844931,60,262,18,56,231,21661,0.9655355132740426,0.2569882889152684
1626,Histology,mcet,8,6,rand/1 p=0.05,rand,0.05,-220081234.15263566,-220081234.15263566,0.0,1,0.179591300082393,60,328,20,57,225,21616,0.23270152556441132,0.1634587103827753
1627,Histology,mcet,8,7,rand/1 p=0.05,rand,0.05,-220081234.15263566,-220081234.15263566,0.0,1,0.1601552998763509,60,266,11,36,162,13767,1.8537814665092747,0.7168032624928206
1628,Histology,mcet,8,8,rand/1 p=0.05,rand,0.05,-220081219.0117161,-220081234.15263566,6.87969586523384e-08,0,0.1767960998113267,60,254,9,31,123,11822,1.0688549840432624,0.39400504462734864
1629,Histology,mcet,8,9,rand/1 p=0.05,rand,0.05,-220081234.15263566,-220081234.15263566,0.0,1,0.19999699969775975,60,302,13,46,219,17524,1.6353406960064665,0.579966196631604
1630,Histology,mcet,8,0,rand/1 p=0.10,rand,0.1,-220081219.0117161,-220081234.15263566,6.87969586523384e-08,0,0.2919695000164211,60,366,41,106,380,40095,0.0,0.0
1631,Histology,mcet,8,1,rand/1 p=0.10,rand,0.1,-220081234.15263566,-220081234.15263566,0.0,1,0.24457160028396174,60,279,23,74,279,28153,0.5073411622036454,0.10191612386534082
1632,Histology,mcet,8,2,rand/1 p=0.10,rand,0.1,-220081234.15263566,-220081234.15263566,0.0,1,0.31162959971698,60,505,52,105,299,40248,0.0,0.0
1633,Histology,mcet,8,3,rand/1 p=0.10,rand,0.1,-220081234.15263566,-220081234.15263566,0.0,1,0.2750089998007752,60,253,31,98,423,37301,0.25455844122715066,0.07500000000000001
1634,Histology,mcet,8,4,rand/1 p=0.10,rand,0.1,-220081234.15263566,-220081234.15263566,0.0,1,0.24638349970337003,60,337,31,77,252,29288,0.0,0.0
1635,Histology,mcet,8,5,rand/1 p=0.10,rand,0.1,-220081234.15263566,-220081234.15263566,0.0,1,0.2608027000678703,60,360,37,85,313,32664,0.0,0.0
1636,Histology,mcet,8,6,rand/1 p=0.10,rand,0.1,-220081234.15263566,-220081234.15263566,0.0,1,0.148808499914594,60,257,20,64,279,24241,0.9733205335950117,0.4249471662552412
1637,Histology,mcet,8,7,rand/1 p=0.10,rand,0.1,-220081234.15263566,-220081234.15263566,0.0,1,0.15277650015195832,60,239,20,61,243,23336,0.8911017975556781,0.35425512776695195
1638,Histology,mcet,8,8,rand/1 p=0.10,rand,0.1,-220081234.15263566,-220081234.15263566,0.0,1,0.15530710015445948,60,225,22,69,275,26449,1.3141818880560503,0.4424234614174767
1639,Histology,mcet,8,9,rand/1 p=0.10,rand,0.1,-220081234.15263566,-220081234.15263566,0.0,1,0.19668890006141737,60,352,41,96,298,36774,0.0,0.0
1640,Histology,mcet,8,0,rand/1 p=0.15,rand,0.15,-220081234.15263566,-220081234.15263566,0.0,1,0.21046810020925477,60,477,61,116,336,43951,0.0,0.0
1641,Histology,mcet,8,1,rand/1 p=0.15,rand,0.15,-220081234.15263566,-220081234.15263566,0.0,1,0.17512909992365167,60,224,28,87,385,32956,1.0871101047994438,0.4526378030956821
1642,Histology,mcet,8,2,rand/1 p=0.15,rand,0.15,-220081234.15263566,-220081234.15263566,0.0,1,0.231581800035201,60,395,65,134,413,51426,0.0,0.0
1643,Histology,mcet,8,3,rand/1 p=0.15,rand,0.15,-220081234.15263566,-220081234.15263566,0.0,1,0.20000819995766506,60,274,46,110,353,41908,0.0,0.0
1644,Histology,mcet,8,4,rand/1 p=0.15,rand,0.15,-220081234.15263566,-220081234.15263566,0.0,1,0.28339149995008484,60,589,105,173,381,66095,0.0,0.0
1645,Histology,mcet,8,5,rand/1 p=0.15,rand,0.15,-220081234.15263566,-220081234.15263566,0.0,1,0.22055830038152635,60,357,59,124,399,47656,0.0,0.0
1646,Histology,mcet,8,6,rand/1 p=0.15,rand,0.15,-220081219.0117161,-220081234.15263566,6.87969586523384e-08,0,0.2123747001751326,60,490,68,120,349,45832,0.0,0.0
1647,Histology,mcet,8,7,rand/1 p=0.15,rand,0.15,-220081234.15263566,-220081234.15263566,0.0,1,0.20388020016252995,60,240,41,114,454,43513,0.28332953727266197,0.19070182877990446
1648,Histology,mcet,8,8,rand/1 p=0.15,rand,0.15,-220081234.15263566,-220081234.15263566,0.0,1,0.23647870036074892,60,295,39,108,399,41534,0.0,0.0
1649,Histology,mcet,8,9,rand/1 p=0.15,rand,0.15,-220081234.15263566,-220081234.15263566,0.0,1,0.2746458999463357,60,483,85,170,521,65256,0.0,0.0
1650,Histology,mcet,8,0,rand/1 p=0.25,rand,0.25,-220081234.15263566,-220081234.15263566,0.0,1,0.2906294002896175,60,447,94,175,475,66629,0.0,0.0
1651,Histology,mcet,8,1,rand/1 p=0.25,rand,0.25,-220081234.15263566,-220081234.15263566,0.0,1,0.3666960002738051,60,516,148,226,485,85795,0.0,0.0
1652,Histology,mcet,8,2,rand/1 p=0.25,rand,0.25,-220081234.15263566,-220081234.15263566,0.0,1,0.2156800995580852,60,228,44,116,465,44242,0.4409081537009608,0.22500000000000003
1653,Histology,mcet,8,3,rand/1 p=0.25,rand,0.25,-220081234.15263566,-220081234.15263566,0.0,1,0.28956769983051345,60,367,94,190,558,72589,0.0,0.0
1654,Histology,mcet,8,4,rand/1 p=0.25,rand,0.25,-220081234.15263566,-220081234.15263566,0.0,1,0.3017494000378065,60,460,111,196,478,74186,0.0,0.0
1655,Histology,mcet,8,5,rand/1 p=0.25,rand,0.25,-220081234.15263566,-220081234.15263566,0.0,1,0.35477150010410696,60,554,149,237,570,91210,0.0,0.0
1656,Histology,mcet,8,6,rand/1 p=0.25,rand,0.25,-220081234.15263566,-220081234.15263566,0.0,1,0.31652530014980584,60,387,101,176,428,67220,0.0,0.0
1657,Histology,mcet,8,7,rand/1 p=0.25,rand,0.25,-220081234.15263566,-220081234.15263566,0.0,1,0.42266570002539083,60,714,174,256,515,97772,0.0,0.0
1658,Histology,mcet,8,8,rand/1 p=0.25,rand,0.25,-220081234.15263566,-220081234.15263566,0.0,1,0.24424659996293485,60,225,51,147,544,56096,1.1869103177112286,0.40316099132735433
1659,Histology,mcet,8,9,rand/1 p=0.25,rand,0.25,-220081234.15263566,-220081234.15263566,0.0,1,0.27052660001209006,60,291,77,165,544,63288,0.0,0.0
1660,Histology,mcet,8,0,rand/1 p=0.50,rand,0.5,-220081234.15263566,-220081234.15263566,0.0,1,0.5578926998423412,60,663,320,422,644,160644,0.0,0.0
1661,Histology,mcet,8,1,rand/1 p=0.50,rand,0.5,-220081234.15263566,-220081234.15263566,0.0,1,0.48459660017397255,60,529,239,358,679,136402,0.0,0.0
1662,Histology,mcet,8,2,rand/1 p=0.50,rand,0.5,-220081234.15263566,-220081234.15263566,0.0,1,0.5982410002034158,60,628,314,438,726,167195,0.0,0.0
1663,Histology,mcet,8,3,rand/1 p=0.50,rand,0.5,-220081234.15263566,-220081234.15263566,0.0,1,0.6481646000756882,60,618,331,448,663,170543,0.0,0.0
1664,Histology,mcet,8,4,rand/1 p=0.50,rand,0.5,-220081234.15263566,-220081234.15263566,0.0,1,0.5525954000186175,60,560,291,418,765,159371,0.0,0.0
1665,Histology,mcet,8,5,rand/1 p=0.50,rand,0.5,-220081234.15263566,-220081234.15263566,0.0,1,0.6042265001451597,60,683,338,457,719,175075,0.0,0.0
1666,Histology,mcet,8,6,rand/1 p=0.50,rand,0.5,-220081234.15263566,-220081234.15263566,0.0,1,0.6486252002650872,60,763,394,502,616,191558,0.0,0.0
1667,Histology,mcet,8,7,rand/1 p=0.50,rand,0.5,-220081234.15263566,-220081234.15263566,0.0,1,0.7964834998128936,60,839,422,540,714,206396,0.0,0.0
1668,Histology,mcet,8,8,rand/1 p=0.50,rand,0.5,-220081234.15263566,-220081234.15263566,0.0,1,0.6037016997579485,60,702,343,463,769,176047,0.0,0.0
1669,Histology,mcet,8,9,rand/1 p=0.50,rand,0.5,-220081234.15263566,-220081234.15263566,0.0,1,0.5972364997141995,60,672,322,446,762,170464,0.0,0.0
1670,Histology,mcet,8,0,rand/1 p=1.00,rand,1.0,-220081234.15263566,-220081234.15263566,0.0,1,1.2120812000939623,60,793,793,946,897,360669,0.0,0.0
1671,Histology,mcet,8,1,rand/1 p=1.00,rand,1.0,-220081234.15263566,-220081234.15263566,0.0,1,1.4203032999648713,60,840,840,1012,1124,385236,0.0,0.0
1672,Histology,mcet,8,2,rand/1 p=1.00,rand,1.0,-220081234.15263566,-220081234.15263566,0.0,1,1.2708617001771927,60,826,826,977,932,372135,0.0,0.0
1673,Histology,mcet,8,3,rand/1 p=1.00,rand,1.0,-220081234.15263566,-220081234.15263566,0.0,1,1.1423903995892033,60,768,768,931,860,354961,0.0,0.0
1674,Histology,mcet,8,4,rand/1 p=1.00,rand,1.0,-220081234.15263566,-220081234.15263566,0.0,1,0.9868321999092586,60,663,663,803,869,306124,0.0,0.0
1675,Histology,mcet,8,5,rand/1 p=1.00,rand,1.0,-220081234.15263566,-220081234.15263566,0.0,1,1.2754572998383082,60,828,828,1003,1070,382770,0.0,0.0
1676,Histology,mcet,8,6,rand/1 p=1.00,rand,1.0,-220081234.15263566,-220081234.15263566,0.0,1,1.127076799981296,60,771,771,912,891,348088,0.0,0.0
1677,Histology,mcet,8,7,rand/1 p=1.00,rand,1.0,-220081234.15263566,-220081234.15263566,0.0,1,1.1456272001960315,60,712,712,856,928,326379,0.0,0.0
1678,Histology,mcet,8,8,rand/1 p=1.00,rand,1.0,-220081234.15263566,-220081234.15263566,0.0,1,1.432959599827882,60,856,856,1013,1000,385883,0.0,0.0
1679,Histology,mcet,8,9,rand/1 p=1.00,rand,1.0,-220081234.15263566,-220081234.15263566,0.0,1,1.3472190001630224,60,848,848,1002,946,381950,0.0,0.0
