run_id,image,criterion,n,seed,variant,donor,p_ls,objective,optimal_objective,relative_gap,success,runtime,generations,accepted,LS_calls,LS_sweeps,LS_moves,LS_probes,final_diversity_l2,final_diversity_coord
0,Cameraman,mcet,6,0,rand/1,rand,0.0,-172807181.57547748,-172807242.558218,3.5289458716341796e-07,0,0.07109769980888814,60,458,0,0,0,0,0.0,0.0
1,Cameraman,mcet,6,1,rand/1,rand,0.0,-172807231.94330633,-172807242.558218,6.142631245259914e-08,0,0.07204690005164593,60,392,0,0,0,0,0.8882043857617818,0.3106361906886322
2,Cameraman,mcet,6,2,rand/1,rand,0.0,-172807231.94330633,-172807242.558218,6.142631245259914e-08,0,0.06990349967963994,60,321,0,0,0,0,0.9617555174567975,0.40264622524500626
3,Cameraman,mcet,6,3,rand/1,rand,0.0,-172807181.57547748,-172807242.558218,3.5289458716341796e-07,0,0.07184599951142445,60,336,0,0,0,0,1.2091929276180697,0.4162628725293735
4,Cameraman,mcet,6,4,rand/1,rand,0.0,-172807231.94330633,-172807242.558218,6.142631245259914e-08,0,0.06991709995782003,60,506,0,0,0,0,0.0,0.0
5,Cameraman,mcet,6,5,rand/1,rand,0.0,-172807192.19038913,-172807242.558218,2.9146827488327875e-07,0,0.07145769998896867,60,435,0,0,0,0,0.0,0.0
6,Cameraman,mcet,6,6,rand/1,rand,0.0,-172807231.94330633,-172807242.558218,6.142631245259914e-08,0,0.0701837002998218,60,380,0,0,0,0,0.604401661355369,0.18333333333333335
7,Cameraman,mcet,6,7,rand/1,rand,0.0,-172806861.29418433,-172807242.558218,2.2062966113630778e-06,0,0.07094530010363087,60,585,0,0,0,0,0.0,0.0
8,Cameraman,mcet,6,8,rand/1,rand,0.0,-172807242.558218,-172807242.558218,0.0,1,0.07081129966536537,60,366,0,0,0,0,0.8397954655793931,0.32418418548648403
9,Cameraman,mcet,6,9,rand/1,rand,0.0,-172807194.78917617,-172807242.558218,2.764296283482943e-07,0,0.07793880009558052,60,339,0,0,0,0,1.5071236977662914,0.6158038930574814
10,Cameraman,mcet,6,0,rand/1+LS,rand,0.15,-172807242.558218,-172807242.558218,0.0,1,0.28197129984619096,60,739,116,163,208,67527,0.0,0.0
11,Cameraman,mcet,6,1,rand/1+LS,rand,0.15,-172807242.558218,-172807242.558218,0.0,1,0.35316949989646673,60,833,144,216,326,90597,0.0,0.0
12,Cameraman,mcet,6,2,rand/1+LS,rand,0.15,-172807242.558218,-172807242.558218,0.0,1,0.30666160018881783,60,767,129,183,249,75446,0.0,0.0
13,Cameraman,mcet,6,3,rand/1+LS,rand,0.15,-172807242.558218,-172807242.558218,0.0,1,0.30374949966790155,60,715,117,177,247,72988,0.0,0.0
14,Cameraman,mcet,6,4,rand/1+LS,rand,0.15,-172807242.558218,-172807242.558218,0.0,1,0.3145740001928061,60,875,134,187,276,77667,0.0,0.0
15,Cameraman,mcet,6,5,rand/1+LS,rand,0.15,-172807242.558218,-172807242.558218,0.0,1,0.2951630001771264,60,772,104,171,302,71204,0.0,0.0
16,Cameraman,mcet,6,6,rand/1+LS,rand,0.15,-172807242.558218,-172807242.558218,0.0,1,0.35903320013312623,60,848,132,205,339,86191,0.0,0.0
17,Cameraman,mcet,6,7,rand/1+LS,rand,0.15,-172807242.558218,-172807242.558218,0.0,1,0.34681389975594357,60,804,133,195,296,81603,0.0,0.0
18,Cameraman,mcet,6,8,rand/1+LS,rand,0.15,-172807242.558218,-172807242.558218,0.0,1,0.3124340000213124,60,754,128,185,271,76092,0.0,0.0
19,Cameraman,mcet,6,9,rand/1+LS,rand,0.15,-172807242.558218,-172807242.558218,0.0,1,0.31204649998107925,60,806,130,186,290,76599,0.0,0.0
20,Cameraman,mcet,6,0,best/1,best,0.0,-172807111.70702812,-172807242.558218,7.572089453223004e-07,0,0.07435719989007339,60,1048,0,0,0,0,0.0,0.0
21,Cameraman,mcet,6,1,best/1,best,0.0,-172788513.9206506,-172807242.558218,0.00010837877678125288,0,0.07344879989977926,60,1079,0,0,0,0,0.0,0.0
22,Cameraman,mcet,6,2,best/1,best,0.0,-172807192.19038913,-172807242.558218,2.9146827488327875e-07,0,0.0734339997288771,60,999,0,0,0,0,0.0,0.0
23,Cameraman,mcet,6,3,best/1,best,0.0,-172792643.0370386,-172807242.558218,8.448442879637594e-05,0,0.07552480039885268,60,1049,0,0,0,0,0.0,0.0
24,Cameraman,mcet,6,4,best/1,best,0.0,-172796793.44084683,-172807242.558218,6.046689488521554e-05,0,0.07423339993692935,60,1052,0,0,0,0,0.0,0.0
25,Cameraman,mcet,6,5,best/1,best,0.0,-172806925.0621764,-172807242.558218,1.8372843458165406e-06,0,0.07340439991094172,60,1068,0,0,0,0,0.0,0.0
26,Cameraman,mcet,6,6,best/1,best,0.0,-172788687.33701834,-172807242.558218,0.00010737525189900718,0,0.07413660013116896,60,998,0,0,0,0,0.0,0.0
27,Cameraman,mcet,6,7,best/1,best,0.0,-172797194.66998392,-172807242.558218,5.8145064323295334e-05,0,0.07432920002611354,60,1071,0,0,0,0,0.0,0.0
28,Cameraman,mcet,6,8,best/1,best,0.0,-172806673.38358897,-172807242.558218,3.2936966102034722e-06,0,0.07549110002582893,60,1088,0,0,0,0,0.0,0.0
29,Cameraman,mcet,6,9,best/1,best,0.0,-172807181.57547748,-172807242.558218,3.5289458716341796e-07,0,0.07246509980177507,60,1068,0,0,0,0,0.0,0.0
30,Cameraman,mcet,6,0,best/1+LS,best,0.15,-172807242.558218,-172807242.558218,0.0,1,0.34409190010046586,60,1046,172,210,167,86264,0.0,0.0
31,Cameraman,mcet,6,1,best/1+LS,best,0.15,-172807242.558218,-172807242.558218,0.0,1,0.35735810006735846,60,1040,166,217,232,90414,0.0,0.0
32,Cameraman,mcet,6,2,best/1+LS,best,0.15,-172797240.21036643,-172807242.558218,5.78815314885004e-05,0,0.34177080006338656,60,1096,171,194,92,83954,0.0,0.0
33,Cameraman,mcet,6,3,best/1+LS,best,0.15,-172807242.558218,-172807242.558218,0.0,1,0.331867600150872,60,1037,149,195,208,80771,0.0,0.0
34,Cameraman,mcet,6,4,best/1+LS,best,0.15,-172807242.558218,-172807242.558218,0.0,1,0.319650600082241,60,1054,150,187,181,77392,0.0,0.0
35,Cameraman,mcet,6,5,best/1+LS,best,0.15,-172807242.558218,-172807242.558218,0.0,1,0.32081480021588504,60,1072,152,186,164,76432,0.0,0.0
36,Cameraman,mcet,6,6,best/1+LS,best,0.15,-172797240.21036643,-172807242.558218,5.78815314885004e-05,0,0.3296130000380799,60,1090,161,186,126,80999,0.0,0.0
37,Cameraman,mcet,6,7,best/1+LS,best,0.15,-172807242.558218,-172807242.558218,0.0,1,0.32544599985703826,60,1034,147,191,222,78774,0.0,0.0
38,Cameraman,mcet,6,8,best/1+LS,best,0.15,-172807242.558218,-172807242.558218,0.0,1,0.30542309978045523,60,1084,150,178,125,73000,0.0,0.0
39,Cameraman,mcet,6,9,best/1+LS,best,0.15,-172807242.558218,-172807242.558218,0.0,1,0.3298806996899657,60,1067,163,198,177,81432,0.0,0.0
40,Cameraman,mcet,6,0,SDE-donor,sde,0.0,-172806870.0997286,-172807242.558218,2.1553407361543183e-06,0,0.08249090006574988,60,1006,0,0,0,0,0.0,0.0
41,Cameraman,mcet,6,1,SDE-donor,sde,0.0,-172797153.35611704,-172807242.558218,5.8384139180760276e-05,0,0.07777130010072142,60,1014,0,0,0,0,0.0,0.0
42,Cameraman,mcet,6,2,SDE-donor,sde,0.0,-172807213.81582296,-172807242.558218,1.663263334214127e-07,0,0.07785860012518242,60,972,0,0,0,0,0.0,0.0
43,Cameraman,mcet,6,3,SDE-donor,sde,0.0,-172806998.43475622,-172807242.558218,1.4126923048418422e-06,0,0.08228780014906079,60,1025,0,0,0,0,0.0,0.0
44,Cameraman,mcet,6,4,SDE-donor,sde,0.0,-172807016.88447413,-172807242.558218,1.3059275788039157e-06,0,0.0800162001978606,60,998,0,0,0,0,0.0,0.0
45,Cameraman,mcet,6,5,SDE-donor,sde,0.0,-172807171.4911089,-172807242.558218,4.112507557895266e-07,0,0.07792179973330349,60,1019,0,0,0,0,0.0,0.0
46,Cameraman,mcet,6,6,SDE-donor,sde,0.0,-172803968.08288258,-172807242.558218,1.8948715846305005e-05,0,0.07966309954645112,60,1052,0,0,0,0,0.0,0.0
47,Cameraman,mcet,6,7,SDE-donor,sde,0.0,-172796116.2832067,-172807242.558218,6.438546698962949e-05,0,0.08017609996022657,60,922,0,0,0,0,0.0,0.0
48,Cameraman,mcet,6,8,SDE-donor,sde,0.0,-172806574.1930814,-172807242.558218,3.867691693352557e-06,0,0.07900200004223734,60,972,0,0,0,0,0.0,0.0
49,Cameraman,mcet,6,9,SDE-donor,sde,0.0,-172807003.21097565,-172807242.558218,1.3850533045494992e-06,0,0.07938980031758547,60,986,0,0,0,0,0.0,0.0
50,Cameraman,mcet,6,0,SDE-donor+LS,sde,0.15,-172807242.558218,-172807242.558218,0.0,1,0.34970039973268285,60,1077,162,207,220,86231,0.0,0.0
51,Cameraman,mcet,6,1,SDE-donor+LS,sde,0.15,-172807242.558218,-172807242.558218,0.0,1,0.35865080007351935,60,1051,176,214,199,88576,0.0,0.0
52,Cameraman,mcet,6,2,SDE-donor+LS,sde,0.15,-172807242.558218,-172807242.558218,0.0,1,0.3254630000446923,60,1046,159,186,127,76677,0.0,0.0
53,Cameraman,mcet,6,3,SDE-donor+LS,sde,0.15,-172807242.558218,-172807242.558218,0.0,1,0.3681371000711806,60,1093,172,215,192,88233,0.0,0.0
54,Cameraman,mcet,6,4,SDE-donor+LS,sde,0.15,-172807242.558218,-172807242.558218,0.0,1,0.40341730002546683,60,1103,194,249,256,103308,0.0,0.0
55,Cameraman,mcet,6,5,SDE-donor+LS,sde,0.15,-172807242.558218,-172807242.558218,0.0,1,0.3513827997376211,60,1085,157,209,234,86642,0.0,0.0
56,Cameraman,mcet,6,6,SDE-donor+LS,sde,0.15,-172807242.558218,-172807242.558218,0.0,1,0.3625860000611283,60,1095,178,220,179,90848,0.0,0.0
57,Cameraman,mcet,6,7,SDE-donor+LS,sde,0.15,-172807242.558218,-172807242.558218,0.0,1,0.3346590998698957,60,1037,151,188,186,77686,0.0,0.0
58,Cameraman,mcet,6,8,SDE-donor+LS,sde,0.15,-172807242.558218,-172807242.558218,0.0,1,0.3605509003973566,60,1090,157,197,184,81401,0.0,0.0
59,Cameraman,mcet,6,9,SDE-donor+LS,sde,0.15,-172807242.558218,-172807242.558218,0.0,1,0.35381100029917434,60,1097,163,207,202,85806,0.0,0.0
60,Cameraman,mcet,7,0,rand/1,rand,0.0,-172819793.0676353,-172823085.43381336,1.9050499936401304e-05,0,0.07368099997984245,60,391,0,0,0,0,1.5671787421154864,0.502758052289755
61,Cameraman,mcet,7,1,rand/1,rand,0.0,-172820177.46843958,-172823085.43381336,1.6826255395712033e-05,0,0.07506920018931851,60,363,0,0,0,0,1.8006988408804117,0.5935185157954709
62,Cameraman,mcet,7,2,rand/1,rand,0.0,-172820268.12749058,-172823085.43381336,1.6301678191379037e-05,0,0.07415739930002019,60,328,0,0,0,0,1.1383718519532782,0.3353281034369152
63,Cameraman,mcet,7,3,rand/1,rand,0.0,-172820353.6525737,-172823085.43381336,1.5806807480617477e-05,0,0.07267389999469742,60,240,0,0,0,0,17.121851030564756,5.549353220243582
64,Cameraman,mcet,7,4,rand/1,rand,0.0,-172820223.5086307,-172823085.43381336,1.65598546946808e-05,0,0.07374640024499968,60,382,0,0,0,0,0.7245135227007923,0.267879186209596
65,Cameraman,mcet,7,5,rand/1,rand,0.0,-172820218.9665669,-172823085.43381336,1.6586136275009486e-05,0,0.0716905997833237,60,324,0,0,0,0,1.3170468027706854,0.39874008034767927
66,Cameraman,mcet,7,6,rand/1,rand,0.0,-172819985.42897987,-172823085.43381336,1.79374464106352e-05,0,0.07287309982348233,60,415,0,0,0,0,1.6338676520780724,0.49228029582254107
67,Cameraman,mcet,7,7,rand/1,rand,0.0,-172822394.48378068,-172823085.43381336,3.998019309439087e-06,0,0.07374510006047785,60,365,0,0,0,0,1.1171713845181401,0.37012077514086866
68,Cameraman,mcet,7,8,rand/1,rand,0.0,-172821619.01869145,-172823085.43381336,8.485065049220836e-06,0,0.07261439994908869,60,276,0,0,0,0,3.5076568338935425,1.2181912580554108
69,Cameraman,mcet,7,9,rand/1,rand,0.0,-172822823.9575591,-172823085.43381336,1.5129706404571627e-06,0,0.0722554003004916,60,316,0,0,0,0,2.214592429753682,0.7172493062160344
70,Cameraman,mcet,7,0,rand/1+LS,rand,0.15,-172823085.43381336,-172823085.43381336,0.0,1,0.2152011002181098,60,339,42,107,345,45387,0.13435028842544947,0.0622699849077239
71,Cameraman,mcet,7,1,rand/1+LS,rand,0.15,-172823085.43381336,-172823085.43381336,0.0,1,0.23922820016741753,60,477,68,128,301,53236,0.0,0.0
72,Cameraman,mcet,7,2,rand/1+LS,rand,0.15,-172823085.43381336,-172823085.43381336,0.0,1,0.28344460006337613,60,568,91,162,330,67259,0.0,0.0
73,Cameraman,mcet,7,3,rand/1+LS,rand,0.15,-172823085.43381336,-172823085.43381336,0.0,1,0.2505634998669848,60,447,56,132,397,56243,0.0,0.0
74,Cameraman,mcet,7,4,rand/1+LS,rand,0.15,-172823085.43381336,-172823085.43381336,0.0,1,0.284219799854327,60,342,56,159,417,67115,0.7558685709436815,0.2171228921879342
75,Cameraman,mcet,7,5,rand/1+LS,rand,0.15,-172823076.69262776,-172823085.43381336,5.057880770722388e-08,0,0.2409715998219326,60,405,56,127,339,53359,0.0,0.0
76,Cameraman,mcet,7,6,rand/1+LS,rand,0.15,-172820288.4459568,-172823085.43381336,1.618411018149585e-05,0,0.3272628998965956,60,888,136,180,212,78429,0.0,0.0
77,Cameraman,mcet,7,7,rand/1+LS,rand,0.15,-172823085.43381336,-172823085.43381336,0.0,1,0.22622209985274822,60,430,59,116,292,48977,0.0,0.0
78,Cameraman,mcet,7,8,rand/1+LS,rand,0.15,-172823085.43381336,-172823085.43381336,0.0,1,0.2873658998287283,60,521,87,162,378,67657,0.0,0.0
79,Cameraman,mcet,7,9,rand/1+LS,rand,0.15,-172823085.43381336,-172823085.43381336,0.0,1,0.2573459001723677,60,451,75,140,332,58443,0.0,0.0
80,Cameraman,mcet,7,0,best/1,best,0.0,-172820015.40860638,-172823085.43381336,1.7763976376633013e-05,0,0.08563470043009147,60,1050,0,0,0,0,0.0,0.0
81,Cameraman,mcet,7,1,best/1,best,0.0,-172821033.13184768,-172823085.43381336,1.1875161009491846e-05,0,0.1002254998893477,60,1047,0,0,0,0,0.0,0.0
82,Cameraman,mcet,7,2,best/1,best,0.0,-172820310.1193723,-172823085.43381336,1.6058702077263464e-05,0,0.08217409998178482,60,1084,0,0,0,0,0.0,0.0
83,Cameraman,mcet,7,3,best/1,best,0.0,-172822775.39312446,-172823085.43381336,1.793977281009006e-06,0,0.07677999988663942,60,1048,0,0,0,0,0.0,0.0
84,Cameraman,mcet,7,4,best/1,best,0.0,-172809097.33017868,-172823085.43381336,8.093886068272025e-05,0,0.0781657004263252,60,1097,0,0,0,0,0.0,0.0
85,Cameraman,mcet,7,5,best/1,best,0.0,-172823065.2126412,-172823085.43381336,1.170050407513058e-07,0,0.07788900000741705,60,1003,0,0,0,0,0.0,0.0
86,Cameraman,mcet,7,6,best/1,best,0.0,-172803379.37914225,-172823085.43381336,0.00011402443499746228,0,0.07736500032478943,60,1076,0,0,0,0,0.0,0.0
87,Cameraman,mcet,7,7,best/1,best,0.0,-172820221.7923211,-172823085.43381336,1.6569785715196495e-05,0,0.07911690010223538,60,1027,0,0,0,0,0.0,0.0
88,Cameraman,mcet,7,8,best/1,best,0.0,-172817228.29123208,-172823085.43381336,3.389097334179452e-05,0,0.07695989997591823,60,1018,0,0,0,0,0.0,0.0
89,Cameraman,mcet,7,9,best/1,best,0.0,-172817562.85050932,-172823085.43381336,3.195512503543739e-05,0,0.0780155998072587,60,1081,0,0,0,0,0.0,0.0
90,Cameraman,mcet,7,0,best/1+LS,best,0.15,-172820288.4459568,-172823085.43381336,1.618411018149585e-05,0,0.363041500269901,60,1065,168,210,200,90686,0.0,0.0
91,Cameraman,mcet,7,1,best/1+LS,best,0.15,-172823076.9673018,-172823085.43381336,4.8989471262565964e-08,0,0.3233592002070509,60,967,141,186,247,76915,0.0,0.0
92,Cameraman,mcet,7,2,best/1+LS,best,0.15,-172823085.43381336,-172823085.43381336,0.0,1,0.3331883998471312,60,1042,152,190,168,78323,0.0,0.0
93,Cameraman,mcet,7,3,best/1+LS,best,0.15,-172823085.43381336,-172823085.43381336,0.0,1,0.3502714999485761,60,995,165,202,173,83122,0.0,0.0
94,Cameraman,mcet,7,4,best/1+LS,best,0.15,-172820288.4459568,-172823085.43381336,1.618411018149585e-05,0,0.37756650004303083,60,1040,178,219,206,95290,0.0,0.0
95,Cameraman,mcet,7,5,best/1+LS,best,0.15,-172823085.43381336,-172823085.43381336,0.0,1,0.33343590021831915,60,1004,152,192,206,79252,0.0,0.0
96,Cameraman,mcet,7,6,best/1+LS,best,0.15,-172823085.43381336,-172823085.43381336,0.0,1,0.3262538001872599,60,1035,149,186,194,77614,0.0,0.0
97,Cameraman,mcet,7,7,best/1+LS,best,0.15,-172823085.43381336,-172823085.43381336,0.0,1,0.3214387001353316,60,934,139,189,246,78738,0.0,0.0
98,Cameraman,mcet,7,8,best/1+LS,best,0.15,-172823085.43381336,-172823085.43381336,0.0,1,0.3209063999238424,60,1008,146,189,186,77868,0.0,0.0
99,Cameraman,mcet,7,9,best/1+LS,best,0.15,-172823085.43381336,-172823085.43381336,0.0,1,0.36806470004376024,60,992,174,225,242,93549,0.0,0.0
100,Cameraman,mcet,7,0,SDE-donor,sde,0.0,-172819985.42897987,-172823085.43381336,1.79374464106352e-05,0,0.08273260021815076,60,972,0,0,0,0,0.0,0.0
101,Cameraman,mcet,7,1,SDE-donor,sde,0.0,-172817161.76294923,-172823085.43381336,3.427592355075523e-05,0,0.08171639975626022,60,967,0,0,0,0,0.0,0.0
102,Cameraman,mcet,7,2,SDE-donor,sde,0.0,-172820238.07812792,-172823085.43381336,1.647555173717314e-05,0,0.08075549983186647,60,908,0,0,0,0,0.0,0.0
103,Cameraman,mcet,7,3,SDE-donor,sde,0.0,-172819952.72115055,-172823085.43381336,1.8126702546436095e-05,0,0.08137829962652177,60,955,0,0,0,0,0.0,0.0
104,Cameraman,mcet,7,4,SDE-donor,sde,0.0,-172822582.53835276,-172823085.43381336,2.9098859064069707e-06,0,0.08063279971247539,60,957,0,0,0,0,0.0,0.0
105,Cameraman,mcet,7,5,SDE-donor,sde,0.0,-172818507.85048473,-172823085.43381336,2.6487105684660356e-05,0,0.08038389985449612,60,958,0,0,0,0,0.0,0.0
106,Cameraman,mcet,7,6,SDE-donor,sde,0.0,-172820159.0194881,-172823085.43381336,1.693300589976919e-05,0,0.0811351997544989,60,981,0,0,0,0,0.0,0.0
107,Cameraman,mcet,7,7,SDE-donor,sde,0.0,-172819708.4641239,-172823085.43381336,1.954003818981636e-05,0,0.0814247002126649,60,956,0,0,0,0,0.0,0.0
108,Cameraman,mcet,7,8,SDE-donor,sde,0.0,-172820221.7923211,-172823085.43381336,1.6569785715196495e-05,0,0.08226459968136624,60,847,0,0,0,0,0.0,0.0
109,Cameraman,mcet,7,9,SDE-donor,sde,0.0,-172820260.22502923,-172823085.43381336,1.63474039191088e-05,0,0.08364789979532361,60,945,0,0,0,0,0.0,0.0
110,Cameraman,mcet,7,0,SDE-donor+LS,sde,0.15,-172821582.1668646,-172823085.43381336,8.698299448746197e-06,0,0.3706676002475433,60,952,151,215,309,89856,0.0,0.0
111,Cameraman,mcet,7,1,SDE-donor+LS,sde,0.15,-172823085.43381336,-172823085.43381336,0.0,1,0.3529896999243647,60,983,154,194,197,80482,0.0,0.0
112,Cameraman,mcet,7,2,SDE-donor+LS,sde,0.15,-172823076.9673018,-172823085.43381336,4.8989471262565964e-08,0,0.34889739990467206,60,1027,155,201,213,82953,0.0,0.0
113,Cameraman,mcet,7,3,SDE-donor+LS,sde,0.15,-172823085.43381336,-172823085.43381336,0.0,1,0.3900934001430869,60,1032,178,237,229,97852,0.0,0.0
114,Cameraman,mcet,7,4,SDE-donor+LS,sde,0.15,-172823085.43381336,-172823085.43381336,0.0,1,0.3203678001300432,60,979,140,181,202,75042,0.0,0.0
115,Cameraman,mcet,7,5,SDE-donor+LS,sde,0.15,-172823085.43381336,-172823085.43381336,0.0,1,0.3518948002019897,60,900,122,206,381,86350,0.0,0.0
116,Cameraman,mcet,7,6,SDE-donor+LS,sde,0.15,-172820288.4459568,-172823085.43381336,1.618411018149585e-05,0,0.37659090029774234,60,1083,169,218,262,95064,0.0,0.0
117,Cameraman,mcet,7,7,SDE-donor+LS,sde,0.15,-172823085.43381336,-172823085.43381336,0.0,1,0.36048240010859445,60,1016,166,216,253,90033,0.0,0.0
118,Cameraman,mcet,7,8,SDE-donor+LS,sde,0.15,-172820288.4459568,-172823085.43381336,1.618411018149585e-05,0,0.3173718001926318,60,1058,136,170,164,73819,0.0,0.0
119,Cameraman,mcet,7,9,SDE-donor+LS,sde,0.15,-172823085.43381336,-172823085.43381336,0.0,1,0.3434588998788968,60,1039,162,203,198,84117,0.0,0.0
120,Cameraman,mcet,8,0,rand/1,rand,0.0,-172835861.83985788,-172835982.27178964,6.967989545979185e-07,0,0.0753648002864793,60,346,0,0,0,0,3.578972776907998,1.1948860473178509
121,Cameraman,mcet,8,1,rand/1,rand,0.0,-172833428.28915566,-172835982.27178964,1.4776915086824431e-05,0,0.07662330020684749,60,361,0,0,0,0,2.4775436332723175,0.8409391695473387
122,Cameraman,mcet,8,2,rand/1,rand,0.0,-172835857.59204248,-172835982.27178964,7.213761019287458e-07,0,0.07755889999680221,60,352,0,0,0,0,1.5331017836867347,0.4758791477957864
123,Cameraman,mcet,8,3,rand/1,rand,0.0,-172835367.72833598,-172835982.27178964,3.555645332562753e-06,0,0.0767071001464501,60,304,0,0,0,0,2.4451025764353633,0.8056502758225903
124,Cameraman,mcet,8,4,rand/1,rand,0.0,-172835612.2429887,-172835982.27178964,2.140924569472299e-06,0,0.07753370009595528,60,245,0,0,0,0,9.578344750648785,3.6797212076684316
125,Cameraman,mcet,8,5,rand/1,rand,0.0,-172835947.46297115,-172835982.27178964,2.0139798456189083e-07,0,0.0779082000372,60,339,0,0,0,0,3.4530480983259024,1.0754526087221619
126,Cameraman,mcet,8,6,rand/1,rand,0.0,-172835103.239027,-172835982.27178964,5.085936105968781e-06,0,0.07764520013006404,60,309,0,0,0,0,3.2477871509123104,1.0814944019587096
127,Cameraman,mcet,8,7,rand/1,rand,0.0,-172835487.02414298,-172835982.27178964,2.8654198052395205e-06,0,0.07611869997344911,60,291,0,0,0,0,5.315415520109265,1.754356947350216
128,Cameraman,mcet,8,8,rand/1,rand,0.0,-172835930.49422914,-172835982.27178964,2.995762793239951e-07,0,0.07684280019020662,60,323,0,0,0,0,1.7263753662247165,0.4847454057176939
129,Cameraman,mcet,8,9,rand/1,rand,0.0,-172835096.2995096,-172835982.27178964,5.126086989410948e-06,0,0.07930779980961233,60,341,0,0,0,0,2.165244934356815,0.646655966013316
130,Cameraman,mcet,8,0,rand/1+LS,rand,0.15,-172835982.27178964,-172835982.27178964,0.0,1,0.28479529987089336,60,588,96,154,344,66470,0.0,0.0
131,Cameraman,mcet,8,1,rand/1+LS,rand,0.15,-172835982.27178964,-172835982.27178964,0.0,1,0.3595725002232939,60,784,136,209,426,91395,0.0,0.0
132,Cameraman,mcet,8,2,rand/1+LS,rand,0.15,-172835982.27178964,-172835982.27178964,0.0,1,0.25876739993691444,60,366,56,136,447,58320,0.0,0.0
133,Cameraman,mcet,8,3,rand/1+LS,rand,0.15,-172835982.27178964,-172835982.27178964,0.0,1,0.3251970001729205,60,649,117,182,394,78359,0.0,0.0
134,Cameraman,mcet,8,4,rand/1+LS,rand,0.15,-172835982.27178964,-172835982.27178964,0.0,1,0.3103297999477945,60,575,77,171,474,74762,0.0,0.0
135,Cameraman,mcet,8,5,rand/1+LS,rand,0.15,-172835982.27178964,-172835982.27178964,0.0,1,0.21659839997300878,60,502,55,103,278,44648,0.0,0.0
136,Cameraman,mcet,8,6,rand/1+LS,rand,0.15,-172835982.27178964,-172835982.27178964,0.0,1,0.28668090008432046,60,643,99,152,294,66332,0.0,0.0
137,Cameraman,mcet,8,7,rand/1+LS,rand,0.15,-172835982.27178964,-172835982.27178964,0.0,1,0.2616666003013961,60,468,59,128,374,56433,0.0,0.0
138,Cameraman,mcet,8,8,rand/1+LS,rand,0.15,-172835982.27178964,-172835982.27178964,0.0,1,0.29400659998646006,60,715,105,155,291,66505,0.0,0.0
139,Cameraman,mcet,8,9,rand/1+LS,rand,0.15,-172835982.27178964,-172835982.27178964,0.0,1,0.28842439997242764,60,556,89,148,332,64663,0.0,0.0
140,Cameraman,mcet,8,0,best/1,best,0.0,-172834085.43808228,-172835982.27178964,1.0974761634875236e-05,0,0.08173879981040955,60,1072,0,0,0,0,0.0,0.0
141,Cameraman,mcet,8,1,best/1,best,0.0,-172833332.9214078,-172835982.27178964,1.5328696877974258e-05,0,0.08231860015075654,60,1000,0,0,0,0,0.0,0.0
142,Cameraman,mcet,8,2,best/1,best,0.0,-172835194.11226982,-172835982.27178964,4.560158767067389e-06,0,0.08168540010228753,60,1007,0,0,0,0,0.0,0.0
143,Cameraman,mcet,8,3,best/1,best,0.0,-172833260.9092384,-172835982.27178964,1.5745347209950128e-05,0,0.08399890002328902,60,1094,0,0,0,0,0.0,0.0
144,Cameraman,mcet,8,4,best/1,best,0.0,-172835457.48396707,-172835982.27178964,3.036334307685612e-06,0,0.08212549984455109,60,971,0,0,0,0,0.0,0.0
145,Cameraman,mcet,8,5,best/1,best,0.0,-172834286.31655,-172835982.27178964,9.812512518294067e-06,0,0.08179289987310767,60,1050,0,0,0,0,0.0,0.0
146,Cameraman,mcet,8,6,best/1,best,0.0,-172835521.66696227,-172835982.27178964,2.664982264224965e-06,0,0.08729179995134473,60,1012,0,0,0,0,0.0,0.0
147,Cameraman,mcet,8,7,best/1,best,0.0,-172827357.24462518,-172835982.27178964,4.990296031584512e-05,0,0.0823755000019446,60,1064,0,0,0,0,0.0,0.0
148,Cameraman,mcet,8,8,best/1,best,0.0,-172834628.1288842,-172835982.27178964,7.834843691948807e-06,0,0.08202589972643182,60,1014,0,0,0,0,0.0,0.0
149,Cameraman,mcet,8,9,best/1,best,0.0,-172835418.85978797,-172835982.27178964,3.2598073286812754e-06,0,0.0811635996797122,60,964,0,0,0,0,0.0,0.0
150,Cameraman,mcet,8,0,best/1+LS,best,0.15,-172835982.27178964,-172835982.27178964,0.0,1,0.34945780015550554,60,1033,137,195,346,84639,0.0,0.0
151,Cameraman,mcet,8,1,best/1+LS,best,0.15,-172835982.27178964,-172835982.27178964,0.0,1,0.370503599755466,60,1087,163,209,242,90822,0.0,0.0
152,Cameraman,mcet,8,2,best/1+LS,best,0.15,-172835982.27178964,-172835982.27178964,0.0,1,0.3588150002178736,60,1038,156,200,211,86596,0.0,0.0
153,Cameraman,mcet,8,3,best/1+LS,best,0.15,-172835982.27178964,-172835982.27178964,0.0,1,0.36057500005699694,60,1056,158,201,237,86970,0.0,0.0
154,Cameraman,mcet,8,4,best/1+LS,best,0.15,-172835982.27178964,-172835982.27178964,0.0,1,0.375257300096564,60,1049,170,215,298,92757,0.0,0.0
155,Cameraman,mcet,8,5,best/1+LS,best,0.15,-172835982.27178964,-172835982.27178964,0.0,1,0.36219819978578016,60,962,152,207,285,89517,0.0,0.0
156,Cameraman,mcet,8,6,best/1+LS,best,0.15,-172835982.27178964,-172835982.27178964,0.0,1,0.34870749950641766,60,1008,151,196,258,85024,0.0,0.0
157,Cameraman,mcet,8,7,best/1+LS,best,0.15,-172835982.27178964,-172835982.27178964,0.0,1,0.32577109994599596,60,1013,147,173,153,75237,0.0,0.0
158,Cameraman,mcet,8,8,best/1+LS,best,0.15,-172835982.27178964,-172835982.27178964,0.0,1,0.35436009988188744,60,1039,156,203,309,87805,0.0,0.0
159,Cameraman,mcet,8,9,best/1+LS,best,0.15,-172835982.27178964,-172835982.27178964,0.0,1,0.35011260013561696,60,1012,157,194,199,83597,0.0,0.0
160,Cameraman,mcet,8,0,SDE-donor,sde,0.0,-172833024.94560784,-172835982.27178964,1.711059319319684e-05,0,0.08771240012720227,60,990,0,0,0,0,0.0,0.0
161,Cameraman,mcet,8,1,SDE-donor,sde,0.0,-172835009.94840875,-172835982.27178964,5.625699973507261e-06,0,0.08429989992873743,60,687,0,0,0,0,0.0,0.0
162,Cameraman,mcet,8,2,SDE-donor,sde,0.0,-172835158.1561168,-172835982.27178964,4.768195036672519e-06,0,0.08549350005341694,60,831,0,0,0,0,0.0,0.0
163,Cameraman,mcet,8,3,SDE-donor,sde,0.0,-172832980.5169205,-172835982.27178964,1.7367650125150947e-05,0,0.08719899976858869,60,910,0,0,0,0,0.0,0.0
164,Cameraman,mcet,8,4,SDE-donor,sde,0.0,-172834961.72224826,-172835982.27178964,5.904728448148821e-06,0,0.08691820007516071,60,927,0,0,0,0,0.0,0.0
165,Cameraman,mcet,8,5,SDE-donor,sde,0.0,-172830908.8771199,-172835982.27178964,2.935381049163322e-05,0,0.08735759987030178,60,968,0,0,0,0,0.0,0.0
166,Cameraman,mcet,8,6,SDE-donor,sde,0.0,-172832379.21994713,-172835982.27178964,2.0846653544889718e-05,0,0.08574190002400428,60,913,0,0,0,0,0.0,0.0
167,Cameraman,mcet,8,7,SDE-donor,sde,0.0,-172825823.57610637,-172835982.27178964,5.877650909112112e-05,0,0.08831479999935254,60,782,0,0,0,0,0.0,0.0
168,Cameraman,mcet,8,8,SDE-donor,sde,0.0,-172832513.95178312,-172835982.27178964,2.0067117743257428e-05,0,0.08745020005153492,60,939,0,0,0,0,0.0,0.0
169,Cameraman,mcet,8,9,SDE-donor,sde,0.0,-172833065.28936696,-172835982.27178964,1.6877170970640953e-05,0,0.08509770018281415,60,863,0,0,0,0,0.0,0.0
170,Cameraman,mcet,8,0,SDE-donor+LS,sde,0.15,-172835982.27178964,-172835982.27178964,0.0,1,0.3770747999078594,60,1056,164,214,325,93318,0.0,0.0
171,Cameraman,mcet,8,1,SDE-donor+LS,sde,0.15,-172835982.27178964,-172835982.27178964,0.0,1,0.3965942998765968,60,1068,161,229,334,99434,0.0,0.0
172,Cameraman,mcet,8,2,SDE-donor+LS,sde,0.15,-172835982.27178964,-172835982.27178964,0.0,1,0.37380160012980923,60,1005,157,214,313,93002,0.0,0.0
173,Cameraman,mcet,8,3,SDE-donor+LS,sde,0.15,-172835704.2272461,-172835982.27178964,1.6087190866152171e-06,0,0.31923909985926,60,869,127,176,311,75720,0.0,0.0
174,Cameraman,mcet,8,4,SDE-donor+LS,sde,0.15,-172835428.574446,-172835982.27178964,3.203599947010888e-06,0,0.3066308001289144,60,934,134,169,184,70231,0.0,0.0
175,Cameraman,mcet,8,5,SDE-donor+LS,sde,0.15,-172835982.27178964,-172835982.27178964,0.0,1,0.3611282000783831,60,1034,157,198,217,86151,0.0,0.0
176,Cameraman,mcet,8,6,SDE-donor+LS,sde,0.15,-172835982.27178964,-172835982.27178964,0.0,1,0.3653152997721918,60,1055,151,198,241,86215,0.0,0.0
177,Cameraman,mcet,8,7,SDE-donor+LS,sde,0.15,-172835982.27178964,-172835982.27178964,0.0,1,0.3369119999697432,60,1063,155,188,179,81310,0.0,0.0
178,Cameraman,mcet,8,8,SDE-donor+LS,sde,0.15,-172835982.27178964,-172835982.27178964,0.0,1,0.354734200052917,60,1018,142,199,348,86840,0.0,0.0
179,Cameraman,mcet,8,9,SDE-donor+LS,sde,0.15,-172835982.27178964,-172835982.27178964,0.0,1,0.32064780016662553,60,978,146,172,159,74203,0.0,0.0
180,Coins,mcet,6,0,rand/1,rand,0.0,-53810725.17645357,-53810725.17645357,0.0,1,0.06963710015406832,60,518,0,0,0,0,0.0,0.0
181,Coins,mcet,6,1,rand/1,rand,0.0,-53810725.17645357,-53810725.17645357,0.0,1,0.06982880015857518,60,466,0,0,0,0,0.0,0.0
182,Coins,mcet,6,2,rand/1,rand,0.0,-53810725.17645357,-53810725.17645357,0.0,1,0.07064729963894933,60,473,0,0,0,0,0.0,0.0
183,Coins,mcet,6,3,rand/1,rand,0.0,-53810725.17645357,-53810725.17645357,0.0,1,0.07288590003736317,60,554,0,0,0,0,0.0,0.0
184,Coins,mcet,6,4,rand/1,rand,0.0,-53810615.09941538,-53810725.17645357,2.0456337994015045e-06,0,0.07130200020037591,60,415,0,0,0,0,0.8400000000000034,0.3055050463303893
185,Coins,mcet,6,5,rand/1,rand,0.0,-53810659.37901192,-53810725.17645357,1.222757014158365e-06,0,0.07281359989428893,60,473,0,0,0,0,0.0,0.0
186,Coins,mcet,6,6,rand/1,rand,0.0,-53810546.0289895,-53810725.17645357,3.3292148262133994e-06,0,0.07217699999455363,60,382,0,0,0,0,2.0093646607769466,0.8372113085969014
187,Coins,mcet,6,7,rand/1,rand,0.0,-53810660.01960627,-53810725.17645357,1.2108524292227259e-06,0,0.07313279988011345,60,426,0,0,0,0,0.9146217012750256,0.3258955679967079
188,Coins,mcet,6,8,rand/1,rand,0.0,-53810725.17645357,-53810725.17645357,0.0,1,0.06978390016593039,60,653,0,0,0,0,0.0,0.0
189,Coins,mcet,6,9,rand/1,rand,0.0,-53810725.17645357,-53810725.17645357,0.0,1,0.07056489982642233,60,508,0,0,0,0,0.0,0.0
190,Coins,mcet,6,0,rand/1+LS,rand,0.15,-53810725.17645357,-53810725.17645357,0.0,1,0.2965216999873519,60,939,153,189,210,72159,0.0,0.0
191,Coins,mcet,6,1,rand/1+LS,rand,0.15,-53810725.17645357,-53810725.17645357,0.0,1,0.28734369977610186,60,947,132,176,255,66911,0.0,0.0
192,Coins,mcet,6,2,rand/1+LS,rand,0.15,-53810725.17645357,-53810725.17645357,0.0,1,0.2929265000275336,60,881,127,179,306,68628,0.0,0.0
193,Coins,mcet,6,3,rand/1+LS,rand,0.15,-53810725.17645357,-53810725.17645357,0.0,1,0.3216424003476277,60,948,157,210,313,80356,0.0,0.0
194,Coins,mcet,6,4,rand/1+LS,rand,0.15,-53810725.17645357,-53810725.17645357,0.0,1,0.29793879989301786,60,898,138,189,291,72880,0.0,0.0
195,Coins,mcet,6,5,rand/1+LS,rand,0.15,-53810725.17645357,-53810725.17645357,0.0,1,0.29918200010433793,60,979,143,190,288,72353,0.0,0.0
196,Coins,mcet,6,6,rand/1+LS,rand,0.15,-53810725.17645357,-53810725.17645357,0.0,1,0.27855459973216057,60,899,127,167,224,64417,0.0,0.0
197,Coins,mcet,6,7,rand/1+LS,rand,0.15,-53810725.17645357,-53810725.17645357,0.0,1,0.2980117999250069,60,932,150,193,222,73772,0.0,0.0
198,Coins,mcet,6,8,rand/1+LS,rand,0.15,-53810725.17645357,-53810725.17645357,0.0,1,0.26668000005884096,60,925,131,167,182,63739,0.0,0.0
199,Coins,mcet,6,9,rand/1+LS,rand,0.15,-53810725.17645357,-53810725.17645357,0.0,1,0.3163809996913187,60,931,150,202,273,77609,0.0,0.0
200,Coins,mcet,6,0,best/1,best,0.0,-53810725.17645357,-53810725.17645357,0.0,1,0.07340860005933791,60,1013,0,0,0,0,0.0,0.0
201,Coins,mcet,6,1,best/1,best,0.0,-53807873.0834656,-53810725.17645357,5.3002314661567376e-05,0,0.07566599984420463,60,1038,0,0,0,0,0.0,0.0
202,Coins,mcet,6,2,best/1,best,0.0,-53810644.6036166,-53810725.17645357,1.4973378764384215e-06,0,0.07547880004858598,60,1045,0,0,0,0,0.0,0.0
203,Coins,mcet,6,3,best/1,best,0.0,-53805576.09284999,-53810725.17645357,9.568879785007906e-05,0,0.07325809967005625,60,1092,0,0,0,0,0.0,0.0
204,Coins,mcet,6,4,best/1,best,0.0,-53810615.46433722,-53810725.17645357,2.038852217397191e-06,0,0.07480020017828792,60,1083,0,0,0,0,0.0,0.0
205,Coins,mcet,6,5,best/1,best,0.0,-53810725.17645357,-53810725.17645357,0.0,1,0.07406389969401062,60,1048,0,0,0,0,0.0,0.0
206,Coins,mcet,6,6,best/1,best,0.0,-53806492.69130476,-53810725.17645357,7.865504757519782e-05,0,0.0734597000409849,60,1104,0,0,0,0,0.0,0.0
207,Coins,mcet,6,7,best/1,best,0.0,-53810221.515332885,-53810725.17645357,9.359864953155216e-06,0,0.0743220005533658,60,1041,0,0,0,0,0.0,0.0
208,Coins,mcet,6,8,best/1,best,0.0,-53810725.17645357,-53810725.17645357,0.0,1,0.07366369990631938,60,1071,0,0,0,0,0.0,0.0
209,Coins,mcet,6,9,best/1,best,0.0,-53810664.62138669,-53810725.17645357,1.125334525367278e-06,0,0.0741741998353973,60,1046,0,0,0,0,0.0,0.0
210,Coins,mcet,6,0,best/1+LS,best,0.15,-53810725.17645357,-53810725.17645357,0.0,1,0.37403079989599064,60,1118,192,243,281,92441,0.0,0.0
211,Coins,mcet,6,1,best/1+LS,best,0.15,-53810725.17645357,-53810725.17645357,0.0,1,0.32402900006854907,60,1114,177,209,204,80074,0.0,0.0
212,Coins,mcet,6,2,best/1+LS,best,0.15,-53810725.17645357,-53810725.17645357,0.0,1,0.3266230001463555,60,1124,180,212,190,80629,0.0,0.0
213,Coins,mcet,6,3,best/1+LS,best,0.15,-53810725.17645357,-53810725.17645357,0.0,1,0.3459902000031434,60,1118,178,225,259,85661,0.0,0.0
214,Coins,mcet,6,4,best/1+LS,best,0.15,-53810725.17645357,-53810725.17645357,0.0,1,0.3635592999635264,60,1143,189,232,272,88328,0.0,0.0
215,Coins,mcet,6,5,best/1+LS,best,0.15,-53810725.17645357,-53810725.17645357,0.0,1,0.32782090024556965,60,1116,173,202,168,76629,0.0,0.0
216,Coins,mcet,6,6,best/1+LS,best,0.15,-53810725.17645357,-53810725.17645357,0.0,1,0.29859449970535934,60,1114,151,183,190,69674,0.0,0.0
217,Coins,mcet,6,7,best/1+LS,best,0.15,-53810725.17645357,-53810725.17645357,0.0,1,0.3234638998983428,60,1131,165,204,205,77933,0.0,0.0
218,Coins,mcet,6,8,best/1+LS,best,0.15,-53810725.17645357,-53810725.17645357,0.0,1,0.3006727003958076,60,1129,161,190,169,72273,0.0,0.0
219,Coins,mcet,6,9,best/1+LS,best,0.15,-53810725.17645357,-53810725.17645357,0.0,1,0.32699340011458844,60,1126,174,212,226,80825,0.0,0.0
220,Coins,mcet,6,0,SDE-donor,sde,0.0,-53810693.51387798,-53810725.17645357,5.884064093877914e-07,0,0.07792719983262941,60,961,0,0,0,0,0.0,0.0
221,Coins,mcet,6,1,SDE-donor,sde,0.0,-53810657.82313057,-53810725.17645357,1.2516709777990808e-06,0,0.08399539964739233,60,949,0,0,0,0,0.0,0.0
222,Coins,mcet,6,2,SDE-donor,sde,0.0,-53810725.17645357,-53810725.17645357,0.0,1,0.08390510006574914,60,944,0,0,0,0,0.0,0.0
223,Coins,mcet,6,3,SDE-donor,sde,0.0,-53810701.26678937,-53810725.17645357,4.4432897197264643e-07,0,0.07872739969752729,60,1004,0,0,0,0,0.0,0.0
224,Coins,mcet,6,4,SDE-donor,sde,0.0,-53810582.962622896,-53810725.17645357,2.642852892353033e-06,0,0.07830309990094975,60,920,0,0,0,0,0.0,0.0
225,Coins,mcet,6,5,SDE-donor,sde,0.0,-53809751.549639955,-53810725.17645357,1.8093545671800698e-05,0,0.07692470005713403,60,995,0,0,0,0,0.0,0.0
226,Coins,mcet,6,6,SDE-donor,sde,0.0,-53808020.427275896,-53810725.17645357,5.02641279931219e-05,0,0.0797190994489938,60,939,0,0,0,0,0.0,0.0
227,Coins,mcet,6,7,SDE-donor,sde,0.0,-53809425.07900236,-53810725.17645357,2.416056365988015e-05,0,0.07719840010395274,60,972,0,0,0,0,0.0,0.0
228,Coins,mcet,6,8,SDE-donor,sde,0.0,-53810664.09781434,-53810725.17645357,1.1350644138568296e-06,0,0.07863439968787134,60,999,0,0,0,0,0.0,0.0
229,Coins,mcet,6,9,SDE-donor,sde,0.0,-53810086.44794341,-53810725.17645357,1.1869910841412855e-05,0,0.0776239995029755,60,958,0,0,0,0,0.0,0.0
230,Coins,mcet,6,0,SDE-donor+LS,sde,0.15,-53810725.17645357,-53810725.17645357,0.0,1,0.3503527999855578,60,1092,179,224,256,86089,0.0,0.0
231,Coins,mcet,6,1,SDE-donor+LS,sde,0.15,-53810725.17645357,-53810725.17645357,0.0,1,0.32331250014249235,60,1093,158,206,216,78494,0.0,0.0
232,Coins,mcet,6,2,SDE-donor+LS,sde,0.15,-53810725.17645357,-53810725.17645357,0.0,1,0.3115947000333108,60,1057,159,188,170,71849,0.0,0.0
233,Coins,mcet,6,3,SDE-donor+LS,sde,0.15,-53810725.17645357,-53810725.17645357,0.0,1,0.2997198001248762,60,1078,143,179,169,68479,0.0,0.0
234,Coins,mcet,6,4,SDE-donor+LS,sde,0.15,-53810725.17645357,-53810725.17645357,0.0,1,0.3080606001894921,60,1058,161,192,182,73341,0.0,0.0
235,Coins,mcet,6,5,SDE-donor+LS,sde,0.15,-53810725.17645357,-53810725.17645357,0.0,1,0.3380565001280047,60,1078,173,214,220,81356,0.0,0.0
236,Coins,mcet,6,6,SDE-donor+LS,sde,0.15,-53810701.26678937,-53810725.17645357,4.4432897197264643e-07,0,0.3321758002275601,60,1088,173,210,230,80579,0.0,0.0
237,Coins,mcet,6,7,SDE-donor+LS,sde,0.15,-53810725.17645357,-53810725.17645357,0.0,1,0.29534269991563633,60,1063,147,179,181,68591,0.0,0.0
238,Coins,mcet,6,8,SDE-donor+LS,sde,0.15,-53810725.17645357,-53810725.17645357,0.0,1,0.25736099970526993,60,1050,124,148,116,56417,0.0,0.0
239,Coins,mcet,6,9,SDE-donor+LS,sde,0.15,-53810725.17645357,-53810725.17645357,0.0,1,0.29231169988634065,60,1121,147,180,184,68659,0.0,0.0
240,Coins,mcet,7,0,rand/1,rand,0.0,-53817746.25637231,-53818778.27210942,1.91757555678983e-05,0,0.07346680026967078,60,447,0,0,0,0,2.462574154132394,0.7769077977457829
241,Coins,mcet,7,1,rand/1,rand,0.0,-53818663.23769356,-53818778.27210942,2.1374401194019337e-06,0,0.07363159954547882,60,290,0,0,0,0,2.953825596730373,1.2254082181475572
242,Coins,mcet,7,2,rand/1,rand,0.0,-53818495.72720309,-53818778.27210942,5.249931629757228e-06,0,0.07352869998430833,60,433,0,0,0,0,0.561759271100185,0.11914871744794506
243,Coins,mcet,7,3,rand/1,rand,0.0,-53818672.692821056,-53818778.27210942,1.9617555759003773e-06,0,0.07243900024332106,60,313,0,0,0,0,4.336254539518938,1.6097055658200168
244,Coins,mcet,7,4,rand/1,rand,0.0,-53818460.822231084,-53818778.27210942,5.898496556907379e-06,0,0.07439589966088533,60,364,0,0,0,0,1.547998715081064,0.5822007444383509
245,Coins,mcet,7,5,rand/1,rand,0.0,-53818597.67727104,-53818778.27210942,3.355610145360797e-06,0,0.07779139984631911,60,343,0,0,0,0,1.6092274838602934,0.5428488492063901
246,Coins,mcet,7,6,rand/1,rand,0.0,-53816826.74172028,-53818778.27210942,3.626114251926284e-05,0,0.07779149996349588,60,380,0,0,0,0,2.5561444507398776,1.0479029868452292
247,Coins,mcet,7,7,rand/1,rand,0.0,-53818753.0923516,-53818778.27210942,4.678619364280258e-07,0,0.07648639980470762,60,320,0,0,0,0,2.568575159821717,1.0320489698811108
248,Coins,mcet,7,8,rand/1,rand,0.0,-53818751.686497495,-53818778.27210942,4.939839360550214e-07,0,0.07788579986663535,60,306,0,0,0,0,3.4153396396468856,1.5930912868945322
249,Coins,mcet,7,9,rand/1,rand,0.0,-53818652.37910242,-53818778.27210942,2.339202245845343e-06,0,0.07586510019609705,60,317,0,0,0,0,2.4724687909943937,0.9609625119252764
250,Coins,mcet,7,0,rand/1+LS,rand,0.15,-53818778.27210942,-53818778.27210942,0.0,1,0.18413859966676682,60,253,32,85,306,33488,0.47623523599161854,0.3
251,Coins,mcet,7,1,rand/1+LS,rand,0.15,-53818778.27210942,-53818778.27210942,0.0,1,0.22756849986035377,60,425,62,121,375,48279,0.0,0.0
252,Coins,mcet,7,2,rand/1+LS,rand,0.15,-53818778.27210942,-53818778.27210942,0.0,1,0.20246670010965317,60,328,54,107,287,41560,0.0,0.0
253,Coins,mcet,7,3,rand/1+LS,rand,0.15,-53818778.27210942,-53818778.27210942,0.0,1,0.2582333000609651,60,522,90,149,308,57933,0.0,0.0
254,Coins,mcet,7,4,rand/1+LS,rand,0.15,-53818778.27210942,-53818778.27210942,0.0,1,0.1937302000587806,60,289,40,100,337,39261,0.3124669995177823,0.2296670975803146
255,Coins,mcet,7,5,rand/1+LS,rand,0.15,-53818778.27210942,-53818778.27210942,0.0,1,0.2240566000691615,60,450,62,124,338,48568,0.0,0.0
256,Coins,mcet,7,6,rand/1+LS,rand,0.15,-53818662.58953192,-53818778.27210942,2.1494835299560768e-06,0,0.2603972999495454,60,556,85,151,382,59373,0.0,0.0
257,Coins,mcet,7,7,rand/1+LS,rand,0.15,-53818778.27210942,-53818778.27210942,0.0,1,0.20787590002873912,60,337,49,103,301,40269,0.0,0.0
258,Coins,mcet,7,8,rand/1+LS,rand,0.15,-53818778.27210942,-53818778.27210942,0.0,1,0.27176899975165725,60,396,62,129,289,50340,0.0,0.0
259,Coins,mcet,7,9,rand/1+LS,rand,0.15,-53818778.27210942,-53818778.27210942,0.0,1,0.22618559998227283,60,230,39,101,300,39003,1.3709800005863009,0.5428564610188269
260,Coins,mcet,7,0,best/1,best,0.0,-53818723.28233059,-53818778.27210942,1.0217582152008563e-06,0,0.08717030001571402,60,1043,0,0,0,0,0.0,0.0
261,Coins,mcet,7,1,best/1,best,0.0,-53818773.75984565,-53818778.27210942,8.384180972312488e-08,0,0.08372789993882179,60,877,0,0,0,0,0.0,0.0
262,Coins,mcet,7,2,best/1,best,0.0,-53818519.32926604,-53818778.27210942,4.811384644749219e-06,0,0.08093809976708144,60,1011,0,0,0,0,0.0,0.0
263,Coins,mcet,7,3,best/1,best,0.0,-53815370.58339218,-53818778.27210942,6.331783861776321e-05,0,0.07997909979894757,60,1075,0,0,0,0,0.0,0.0
264,Coins,mcet,7,4,best/1,best,0.0,-53818543.47698828,-53818778.27210942,4.362698832620217e-06,0,0.07690320018446073,60,1070,0,0,0,0,0.0,0.0
265,Coins,mcet,7,5,best/1,best,0.0,-53817013.80635794,-53818778.27210942,3.2785317841207616e-05,0,0.08682320005027577,60,1105,0,0,0,0,0.0,0.0
266,Coins,mcet,7,6,best/1,best,0.0,-53814340.76353534,-53818778.27210942,8.245279280848434e-05,0,0.08309470023959875,60,1119,0,0,0,0,0.0,0.0
267,Coins,mcet,7,7,best/1,best,0.0,-53814790.40726831,-53818778.27210942,7.409801874260756e-05,0,0.08108659985009581,60,1070,0,0,0,0,0.0,0.0
268,Coins,mcet,7,8,best/1,best,0.0,-53818662.282480925,-53818778.27210942,2.155188806169822e-06,0,0.07867600012104958,60,887,0,0,0,0,0.0,0.0
269,Coins,mcet,7,9,best/1,best,0.0,-53818030.12798026,-53818778.27210942,1.390117266085875e-05,0,0.076304099871777,60,992,0,0,0,0,0.0,0.0
270,Coins,mcet,7,0,best/1+LS,best,0.15,-53818778.27210942,-53818778.27210942,0.0,1,0.32405509980162606,60,1010,152,199,229,76579,0.0,0.0
271,Coins,mcet,7,1,best/1+LS,best,0.15,-53818656.80746953,-53818778.27210942,2.2569193093363195e-06,0,0.42596599960234016,60,993,161,202,191,77662,0.0,0.0
272,Coins,mcet,7,2,best/1+LS,best,0.15,-53818778.27210942,-53818778.27210942,0.0,1,0.339949099579826,60,972,139,184,266,70523,0.0,0.0
273,Coins,mcet,7,3,best/1+LS,best,0.15,-53818778.27210942,-53818778.27210942,0.0,1,0.46329130028607324,60,891,145,196,194,75222,0.0,0.0
274,Coins,mcet,7,4,best/1+LS,best,0.15,-53818778.27210942,-53818778.27210942,0.0,1,0.35066760011250153,60,988,146,177,164,68356,0.0,0.0
275,Coins,mcet,7,5,best/1+LS,best,0.15,-53818778.27210942,-53818778.27210942,0.0,1,0.266874699795153,60,895,107,149,200,57332,0.0,0.0
276,Coins,mcet,7,6,best/1+LS,best,0.15,-53818662.58953192,-53818778.27210942,2.1494835299560768e-06,0,0.29251099983230233,60,964,141,175,209,68007,0.0,0.0
277,Coins,mcet,7,7,best/1+LS,best,0.15,-53818778.27210942,-53818778.27210942,0.0,1,0.38275500014424324,60,1029,152,192,197,73699,0.0,0.0
278,Coins,mcet,7,8,best/1+LS,best,0.15,-53818662.58953192,-53818778.27210942,2.1494835299560768e-06,0,0.313897599815391,60,1038,148,183,217,71174,0.0,0.0
279,Coins,mcet,7,9,best/1+LS,best,0.15,-53818778.27210942,-53818778.27210942,0.0,1,0.30673359986394644,60,936,142,186,225,71648,0.0,0.0
280,Coins,mcet,7,0,SDE-donor,sde,0.0,-53816444.95906256,-53818778.27210942,4.335499841821773e-05,0,0.08279350033262745,60,1021,0,0,0,0,0.0,0.0
281,Coins,mcet,7,1,SDE-donor,sde,0.0,-53818020.04506736,-53818778.27210942,1.4088522006631229e-05,0,0.08525299991015345,60,965,0,0,0,0,0.0,0.0
282,Coins,mcet,7,2,SDE-donor,sde,0.0,-53818658.88473479,-53818778.27210942,2.21832190296915e-06,0,0.08135329961078241,60,847,0,0,0,0,0.0,0.0
283,Coins,mcet,7,3,SDE-donor,sde,0.0,-53818610.473901555,-53818778.27210942,3.1178375513426252e-06,0,0.08346519956830889,60,994,0,0,0,0,0.0,0.0
284,Coins,mcet,7,4,SDE-donor,sde,0.0,-53818523.14269711,-53818778.27210942,4.740527758144063e-06,0,0.08063979999860749,60,979,0,0,0,0,0.0,0.0
285,Coins,mcet,7,5,SDE-donor,sde,0.0,-53818475.06929362,-53818778.27210942,5.6337736666540875e-06,0,0.08226680004736409,60,1000,0,0,0,0,0.0,0.0
286,Coins,mcet,7,6,SDE-donor,sde,0.0,-53809633.48818362,-53818778.27210942,0.00016991808843309678,0,0.08053679985459894,60,937,0,0,0,0,0.0,0.0
287,Coins,mcet,7,7,SDE-donor,sde,0.0,-53818475.935923606,-53818778.27210942,5.617670923043421e-06,0,0.08141729992348701,60,807,0,0,0,0,0.0,0.0
288,Coins,mcet,7,8,SDE-donor,sde,0.0,-53818494.83959702,-53818778.27210942,5.266424127457722e-06,0,0.08301299996674061,60,951,0,0,0,0,0.0,0.0
289,Coins,mcet,7,9,SDE-donor,sde,0.0,-53818518.330955856,-53818778.27210942,4.829934121679397e-06,0,0.08232239988865331,60,881,0,0,0,0,0.0,0.0
290,Coins,mcet,7,0,SDE-donor+LS,sde,0.15,-53818778.27210942,-53818778.27210942,0.0,1,0.31656610016943887,60,993,149,191,195,73690,0.0,0.0
291,Coins,mcet,7,1,SDE-donor+LS,sde,0.15,-53818778.27210942,-53818778.27210942,0.0,1,0.33672840014332905,60,1019,164,205,223,78966,0.0,0.0
292,Coins,mcet,7,2,SDE-donor+LS,sde,0.15,-53818778.27210942,-53818778.27210942,0.0,1,0.33685170009266585,60,1013,166,210,193,80663,0.0,0.0
293,Coins,mcet,7,3,SDE-donor+LS,sde,0.15,-53818778.27210942,-53818778.27210942,0.0,1,0.3351791000459343,60,1004,160,201,249,77773,0.0,0.0
294,Coins,mcet,7,4,SDE-donor+LS,sde,0.15,-53818778.27210942,-53818778.27210942,0.0,1,0.48268589982762933,60,1005,173,224,318,86564,0.0,0.0
295,Coins,mcet,7,5,SDE-donor+LS,sde,0.15,-53818778.27210942,-53818778.27210942,0.0,1,0.33716159948380664,60,988,141,183,225,70468,0.0,0.0
296,Coins,mcet,7,6,SDE-donor+LS,sde,0.15,-53818656.80746953,-53818778.27210942,2.2569193093363195e-06,0,0.3622380002052523,60,1012,165,223,370,86958,0.0,0.0
297,Coins,mcet,7,7,SDE-donor+LS,sde,0.15,-53818766.66294304,-53818778.27210942,2.157084710767011e-07,0,0.3154291000100784,60,962,138,179,262,69281,0.0,0.0
298,Coins,mcet,7,8,SDE-donor+LS,sde,0.15,-53818778.27210942,-53818778.27210942,0.0,1,0.28421220026211813,60,1000,127,162,160,62158,0.0,0.0
299,Coins,mcet,7,9,SDE-donor+LS,sde,0.15,-53818770.556909226,-53818778.27210942,1.4335517157632314e-07,0,0.32667939993552864,60,1065,155,203,295,78047,0.0,0.0
300,Coins,mcet,8,0,rand/1,rand,0.0,-53825553.177091785,-53825612.242427446,1.0973462855405342e-06,0,0.07716860010987148,60,359,0,0,0,0,2.460054408387164,0.8103876799860299
301,Coins,mcet,8,1,rand/1,rand,0.0,-53825361.32780217,-53825612.242427446,4.66162138852226e-06,0,0.07821409997995943,60,328,0,0,0,0,1.7071416976954403,0.5202822449560041
302,Coins,mcet,8,2,rand/1,rand,0.0,-53825612.242427446,-53825612.242427446,0.0,1,0.07708019984420389,60,327,0,0,0,0,2.3303768350841256,0.8630807799926843
303,Coins,mcet,8,3,rand/1,rand,0.0,-53825607.97304858,-53825612.242427446,7.931872365977029e-08,0,0.08165540016489103,60,301,0,0,0,0,1.945548971928719,0.6384001647368657
304,Coins,mcet,8,4,rand/1,rand,0.0,-53825597.057596534,-53825612.242427446,2.8211162453788614e-07,0,0.08068349974928424,60,331,0,0,0,0,1.8820173613192335,0.6076073404002019
305,Coins,mcet,8,5,rand/1,rand,0.0,-53824809.498922415,-53825612.242427446,1.4913783078125709e-05,0,0.08378770004492253,60,335,0,0,0,0,5.066136307286527,1.8163421858211208
306,Coins,mcet,8,6,rand/1,rand,0.0,-53825543.83784059,-53825612.242427446,1.2708557136509124e-06,0,0.08076480036834255,60,341,0,0,0,0,2.6597035884112996,0.9232657071057923
307,Coins,mcet,8,7,rand/1,rand,0.0,-53824378.23138177,-53825612.242427446,2.2926093996321594e-05,0,0.08007309981621802,60,418,0,0,0,0,0.5344510969227814,0.10191612386534082
308,Coins,mcet,8,8,rand/1,rand,0.0,-53825601.70597042,-53825612.242427446,1.9575173575470134e-07,0,0.08228380011860281,60,340,0,0,0,0,2.310632699428383,0.8737540803617956
309,Coins,mcet,8,9,rand/1,rand,0.0,-53825592.74106,-53825612.242427446,3.623064676807915e-07,0,0.08172529988223687,60,327,0,0,0,0,1.6003411833877137,0.4518807322134536
310,Coins,mcet,8,0,rand/1+LS,rand,0.15,-53825612.242427446,-53825612.242427446,0.0,1,0.265132799919229,60,539,88,146,358,57682,0.0,0.0
311,Coins,mcet,8,1,rand/1+LS,rand,0.15,-53825612.242427446,-53825612.242427446,0.0,1,0.26004250010009855,60,464,75,133,360,52263,0.0,0.0
312,Coins,mcet,8,2,rand/1+LS,rand,0.15,-53825612.242427446,-53825612.242427446,0.0,1,0.17613580031320453,60,230,26,79,320,31097,2.5523703836133818,0.8839299573180588
313,Coins,mcet,8,3,rand/1+LS,rand,0.15,-53825612.242427446,-53825612.242427446,0.0,1,0.2621159999980591,60,548,86,146,442,58396,0.0,0.0
314,Coins,mcet,8,4,rand/1+LS,rand,0.15,-53825612.242427446,-53825612.242427446,0.0,1,0.20398190000560135,60,359,43,99,392,39547,0.0,0.0
315,Coins,mcet,8,5,rand/1+LS,rand,0.15,-53825612.242427446,-53825612.242427446,0.0,1,0.34376249968772754,60,615,105,204,652,81570,0.0,0.0
316,Coins,mcet,8,6,rand/1+LS,rand,0.15,-53825612.242427446,-53825612.242427446,0.0,1,0.21648399985861033,60,333,42,112,473,44581,0.0,0.0
317,Coins,mcet,8,7,rand/1+LS,rand,0.15,-53825612.242427446,-53825612.242427446,0.0,1,0.24451919994316995,60,450,71,134,434,53109,0.0,0.0
318,Coins,mcet,8,8,rand/1+LS,rand,0.15,-53825612.242427446,-53825612.242427446,0.0,1,0.20931480010040104,60,197,36,107,407,42288,1.3571677388222858,0.5299170870418332
319,Coins,mcet,8,9,rand/1+LS,rand,0.15,-53825612.242427446,-53825612.242427446,0.0,1,0.23543390026316047,60,383,58,128,442,50237,0.0,0.0
320,Coins,mcet,8,0,best/1,best,0.0,-53820079.77819902,-53825612.242427446,0.0001027849753665783,0,0.0796231998829171,60,1064,0,0,0,0,0.0,0.0
321,Coins,mcet,8,1,best/1,best,0.0,-53821894.97057149,-53825612.242427446,6.906139477272323e-05,0,0.08170679997419938,60,1069,0,0,0,0,0.0,0.0
322,Coins,mcet,8,2,best/1,best,0.0,-53819815.78135103,-53825612.242427446,0.00010768964503941265,0,0.08094159996835515,60,926,0,0,0,0,0.0,0.0
323,Coins,mcet,8,3,best/1,best,0.0,-53825554.03552553,-53825612.242427446,1.0813978604314038e-06,0,0.0799399001407437,60,1000,0,0,0,0,0.0,0.0
324,Coins,mcet,8,4,best/1,best,0.0,-53824240.316700004,-53825612.242427446,2.5488344122549555e-05,0,0.08008799981325865,60,1049,0,0,0,0,0.0,0.0
325,Coins,mcet,8,5,best/1,best,0.0,-53824065.79626989,-53825612.242427446,2.8730674731337894e-05,0,0.08053000015206635,60,1093,0,0,0,0,0.0,0.0
326,Coins,mcet,8,6,best/1,best,0.0,-53822557.50151704,-53825612.242427446,5.6752552978776235e-05,0,0.08378040004754439,60,1053,0,0,0,0,0.0,0.0
327,Coins,mcet,8,7,best/1,best,0.0,-53824244.90316783,-53825612.242427446,2.5403134356532976e-05,0,0.07911199989030138,60,1071,0,0,0,0,0.0,0.0
328,Coins,mcet,8,8,best/1,best,0.0,-53818662.125579,-53825612.242427446,0.00012912285729595614,0,0.0804016996989958,60,1010,0,0,0,0,0.0,0.0
329,Coins,mcet,8,9,best/1,best,0.0,-53825461.85676603,-53825612.242427446,2.793942421656579e-06,0,0.07952969992766157,60,1041,0,0,0,0,0.0,0.0
330,Coins,mcet,8,0,best/1+LS,best,0.15,-53825612.242427446,-53825612.242427446,0.0,1,0.30832090007606894,60,905,136,185,255,72236,0.0,0.0
331,Coins,mcet,8,1,best/1+LS,best,0.15,-53825597.15727333,-53825612.242427446,2.8025977759827523e-07,0,0.3278525997302495,60,949,155,197,252,76977,0.0,0.0
332,Coins,mcet,8,2,best/1+LS,best,0.15,-53825612.242427446,-53825612.242427446,0.0,1,0.3290903001325205,60,1006,161,199,236,77497,0.0,0.0
333,Coins,mcet,8,3,best/1+LS,best,0.15,-53825612.242427446,-53825612.242427446,0.0,1,0.31571269989944994,60,1056,157,192,205,74973,0.0,0.0
334,Coins,mcet,8,4,best/1+LS,best,0.15,-53825612.242427446,-53825612.242427446,0.0,1,0.328044299967587,60,937,152,202,320,78877,0.0,0.0
335,Coins,mcet,8,5,best/1+LS,best,0.15,-53825612.242427446,-53825612.242427446,0.0,1,0.3622544998652302,60,951,156,221,432,86614,0.0,0.0
336,Coins,mcet,8,6,best/1+LS,best,0.15,-53825612.242427446,-53825612.242427446,0.0,1,0.3123395999427885,60,1018,143,178,247,70250,0.0,0.0
337,Coins,mcet,8,7,best/1+LS,best,0.15,-53825604.697206184,-53825612.242427446,1.4017901417817388e-07,0,0.3130018998635933,60,903,141,179,235,70213,0.0,0.0
338,Coins,mcet,8,8,best/1+LS,best,0.15,-53825597.12618058,-53825612.242427446,2.8083743471633796e-07,0,0.2915497001959011,60,1054,133,168,262,66401,0.0,0.0
339,Coins,mcet,8,9,best/1+LS,best,0.15,-53825612.242427446,-53825612.242427446,0.0,1,0.3202170003205538,60,1029,165,196,206,76455,0.0,0.0
340,Coins,mcet,8,0,SDE-donor,sde,0.0,-53824668.9252009,-53825612.242427446,1.7525434216992765e-05,0,0.08406030002515763,60,863,0,0,0,0,0.0,0.0
341,Coins,mcet,8,1,SDE-donor,sde,0.0,-53825572.11730902,-53825612.242427446,7.454651559978059e-07,0,0.08503700041910633,60,912,0,0,0,0,0.0,0.0
342,Coins,mcet,8,2,SDE-donor,sde,0.0,-53825580.81847177,-53825612.242427446,5.838104643827949e-07,0,0.08886939991498366,60,908,0,0,0,0,0.0,0.0
343,Coins,mcet,8,3,SDE-donor,sde,0.0,-53825260.86281217,-53825612.242427446,6.528111815885316e-06,0,0.08769039978506044,60,959,0,0,0,0,0.0,0.0
344,Coins,mcet,8,4,SDE-donor,sde,0.0,-53825581.0690058,-53825612.242427446,5.791559137919525e-07,0,0.08541469997726381,60,904,0,0,0,0,0.0,0.0
345,Coins,mcet,8,5,SDE-donor,sde,0.0,-53825401.46321781,-53825612.242427446,3.915964925523084e-06,0,0.08359130000462756,60,976,0,0,0,0,0.0,0.0
346,Coins,mcet,8,6,SDE-donor,sde,0.0,-53822132.79669389,-53825612.242427446,6.464293834473147e-05,0,0.08442609990015626,60,944,0,0,0,0,0.0,0.0
347,Coins,mcet,8,7,SDE-donor,sde,0.0,-53824504.18838283,-53825612.242427446,2.0585999832730027e-05,0,0.08459409972419962,60,917,0,0,0,0,0.0,0.0
348,Coins,mcet,8,8,SDE-donor,sde,0.0,-53825556.468766026,-53825612.242427446,1.0361918628727883e-06,0,0.10143320017959923,60,880,0,0,0,0,0.0,0.0
349,Coins,mcet,8,9,SDE-donor,sde,0.0,-53825218.68625827,-53825612.242427446,7.311689598662758e-06,0,0.08591319987317547,60,955,0,0,0,0,0.0,0.0
350,Coins,mcet,8,0,SDE-donor+LS,sde,0.15,-53825612.242427446,-53825612.242427446,0.0,1,0.333750199934002,60,953,146,201,360,79060,0.0,0.0
351,Coins,mcet,8,1,SDE-donor+LS,sde,0.15,-53825612.242427446,-53825612.242427446,0.0,1,0.33550310001010075,60,1027,153,202,292,79361,0.0,0.0
352,Coins,mcet,8,2,SDE-donor+LS,sde,0.15,-53825604.697206184,-53825612.242427446,1.4017901417817388e-07,0,0.3335904000559822,60,953,146,192,336,75444,0.0,0.0
353,Coins,mcet,8,3,SDE-donor+LS,sde,0.15,-53825612.242427446,-53825612.242427446,0.0,1,0.3223547001252882,60,977,150,194,257,76055,0.0,0.0
354,Coins,mcet,8,4,SDE-donor+LS,sde,0.15,-53825612.242427446,-53825612.242427446,0.0,1,0.34344339999370277,60,1010,160,209,321,82287,0.0,0.0
355,Coins,mcet,8,5,SDE-donor+LS,sde,0.15,-53825601.74735048,-53825612.242427446,1.9498295573484083e-07,0,0.3248247998999432,60,1019,140,194,315,76442,0.0,0.0
356,Coins,mcet,8,6,SDE-donor+LS,sde,0.15,-53825597.12618058,-53825612.242427446,2.8083743471633796e-07,0,0.3294883002527058,60,1058,157,199,275,78455,0.0,0.0
357,Coins,mcet,8,7,SDE-donor+LS,sde,0.15,-53825597.12618058,-53825612.242427446,2.8083743471633796e-07,0,0.30668349988991395,60,960,141,181,279,71408,0.0,0.0
358,Coins,mcet,8,8,SDE-donor+LS,sde,0.15,-53825604.697206184,-53825612.242427446,1.4017901417817388e-07,0,0.3203775000292808,60,1035,155,194,263,75657,0.0,0.0
359,Coins,mcet,8,9,SDE-donor+LS,sde,0.15,-53825612.242427446,-53825612.242427446,0.0,1,0.3172116002533585,60,935,140,186,288,73210,0.0,0.0
360,Moon,mcet,6,0,rand/1,rand,0.0,-140515538.7201231,-140515568.22904932,2.1000467481785506e-07,0,0.0727257002145052,60,289,0,0,0,0,2.1761984747422054,0.8886086612863185
361,Moon,mcet,6,1,rand/1,rand,0.0,-140515528.18274155,-140515568.22904932,2.849955223973472e-07,0,0.07352180004818365,60,358,0,0,0,0,1.3587180742153029,0.5135877048246761
362,Moon,mcet,6,2,rand/1,rand,0.0,-140515516.69398236,-140515568.22904932,3.6675699078579455e-07,0,0.07787490001646802,60,300,0,0,0,0,2.0202934466671802,0.7404765706900612
363,Moon,mcet,6,3,rand/1,rand,0.0,-140515561.79151413,-140515568.22904932,4.5813679421266313e-08,0,0.07993329997407272,60,339,0,0,0,0,1.413317640727734,0.5299976595794531
364,Moon,mcet,6,4,rand/1,rand,0.0,-140515562.459036,-140515568.22904932,4.1063160510168195e-08,0,0.07443699985742569,60,283,0,0,0,0,1.7560722064702343,0.6428126959866917
365,Moon,mcet,6,5,rand/1,rand,0.0,-140515497.597697,-140515568.22904932,5.026585539623696e-07,0,0.0795113003696315,60,377,0,0,0,0,0.406327318567386,0.13931498239234455
366,Moon,mcet,6,6,rand/1,rand,0.0,-140515556.1899828,-140515568.22904932,8.567781260855792e-08,0,0.0749095001956448,60,343,0,0,0,0,1.425086301920389,0.534973652510259
367,Moon,mcet,6,7,rand/1,rand,0.0,-140515541.44404188,-140515568.22904932,1.906195006331473e-07,0,0.07154919987078756,60,374,0,0,0,0,1.0466438659985406,0.33819269959814163
368,Moon,mcet,6,8,rand/1,rand,0.0,-140515564.54615635,-140515568.22904932,2.620985720377991e-08,0,0.07171699998434633,60,388,0,0,0,0,0.490925260366347,0.11581909131425107
369,Moon,mcet,6,9,rand/1,rand,0.0,-140515549.80021548,-140515568.22904932,1.3115154480418393e-07,0,0.06948689988348633,60,381,0,0,0,0,0.6823723783195204,0.20782822833062972
370,Moon,mcet,6,0,rand/1+LS,rand,0.15,-140515568.22904932,-140515568.22904932,0.0,1,0.21473110001534224,60,471,66,124,211,46188,0.0,0.0
371,Moon,mcet,6,1,rand/1+LS,rand,0.15,-140515568.22904932,-140515568.22904932,0.0,1,0.21022390003781766,60,531,74,121,185,45227,0.0,0.0
372,Moon,mcet,6,2,rand/1+LS,rand,0.15,-140515568.22904932,-140515568.22904932,0.0,1,0.2747544998419471,60,552,90,170,338,63957,0.0,0.0
373,Moon,mcet,6,3,rand/1+LS,rand,0.15,-140515568.22904932,-140515568.22904932,0.0,1,0.28910680033732206,60,648,119,181,269,67648,0.0,0.0
374,Moon,mcet,6,4,rand/1+LS,rand,0.15,-140515568.22904932,-140515568.22904932,0.0,1,0.25750189990503713,60,589,93,159,319,59716,0.0,0.0
375,Moon,mcet,6,5,rand/1+LS,rand,0.15,-140515568.22904932,-140515568.22904932,0.0,1,0.23040390020469204,60,549,83,136,242,51317,0.0,0.0
376,Moon,mcet,6,6,rand/1+LS,rand,0.15,-140515564.54615635,-140515568.22904932,2.620985720377991e-08,0,0.27331529976800084,60,704,108,171,296,65074,0.0,0.0
377,Moon,mcet,6,7,rand/1+LS,rand,0.15,-140515568.22904932,-140515568.22904932,0.0,1,0.24107599968556315,60,447,67,142,318,54076,0.0,0.0
378,Moon,mcet,6,8,rand/1+LS,rand,0.15,-140515568.22904932,-140515568.22904932,0.0,1,0.24264169990783557,60,676,88,138,242,51716,0.0,0.0
379,Moon,mcet,6,9,rand/1+LS,rand,0.15,-140515568.22904932,-140515568.22904932,0.0,1,0.275348000228405,60,680,115,171,281,64894,0.0,0.0
380,Moon,mcet,6,0,best/1,best,0.0,-140515029.05761054,-140515568.22904932,3.837093964595605e-06,0,0.07355210004607216,60,1083,0,0,0,0,0.0,0.0
381,Moon,mcet,6,1,best/1,best,0.0,-140514085.2305021,-140515568.22904932,1.0553980359021916e-05,0,0.07399569975677878,60,998,0,0,0,0,0.0,0.0
382,Moon,mcet,6,2,best/1,best,0.0,-140515529.89381355,-140515568.22904932,2.7281842330828556e-07,0,0.07466959988232702,60,983,0,0,0,0,0.0,0.0
383,Moon,mcet,6,3,best/1,best,0.0,-140512333.27026233,-140515568.22904932,2.3022066720187403e-05,0,0.07614569942234084,60,1087,0,0,0,0,0.0,0.0
384,Moon,mcet,6,4,best/1,best,0.0,-140514154.16029182,-140515568.22904932,1.0063431229194495e-05,0,0.0778251001611352,60,1078,0,0,0,0,0.0,0.0
385,Moon,mcet,6,5,best/1,best,0.0,-140514970.88183594,-140515568.22904932,4.251110541813953e-06,0,0.07575100008398294,60,1058,0,0,0,0,0.0,0.0
386,Moon,mcet,6,6,best/1,best,0.0,-140513359.3150753,-140515568.22904932,1.5720065768201817e-05,0,0.0744810999603942,60,1079,0,0,0,0,0.0,0.0
387,Moon,mcet,6,7,best/1,best,0.0,-140514039.94359607,-140515568.22904932,1.0876271380611309e-05,0,0.07570360001409426,60,998,0,0,0,0,0.0,0.0
388,Moon,mcet,6,8,best/1,best,0.0,-140515549.80021548,-140515568.22904932,1.3115154480418393e-07,0,0.0743398999911733,60,969,0,0,0,0,0.0,0.0
389,Moon,mcet,6,9,best/1,best,0.0,-140514361.33431923,-140515568.22904932,8.589046361921831e-06,0,0.0736763997701928,60,1033,0,0,0,0,0.0,0.0
390,Moon,mcet,6,0,best/1+LS,best,0.15,-140515568.22904932,-140515568.22904932,0.0,1,0.31884370010811836,60,1026,160,207,217,77361,0.0,0.0
391,Moon,mcet,6,1,best/1+LS,best,0.15,-140515568.22904932,-140515568.22904932,0.0,1,0.30474370036972687,60,1052,156,196,166,72512,0.0,0.0
392,Moon,mcet,6,2,best/1+LS,best,0.15,-140515568.22904932,-140515568.22904932,0.0,1,0.3015989002888091,60,1032,163,197,127,72822,0.0,0.0
393,Moon,mcet,6,3,best/1+LS,best,0.15,-140515568.22904932,-140515568.22904932,0.0,1,0.3015408999635838,60,979,155,196,199,72856,0.0,0.0
394,Moon,mcet,6,4,best/1+LS,best,0.15,-140515568.22904932,-140515568.22904932,0.0,1,0.2766690003918484,60,912,132,165,134,61236,0.0,0.0
395,Moon,mcet,6,5,best/1+LS,best,0.15,-140515568.22904932,-140515568.22904932,0.0,1,0.2988753996905871,60,1027,140,182,161,67262,0.0,0.0
396,Moon,mcet,6,6,best/1+LS,best,0.15,-140515568.22904932,-140515568.22904932,0.0,1,0.28332580014830455,60,950,139,170,138,63066,0.0,0.0
397,Moon,mcet,6,7,best/1+LS,best,0.15,-140515568.22904932,-140515568.22904932,0.0,1,0.27042539982357994,60,942,131,168,163,62899,0.0,0.0
398,Moon,mcet,6,8,best/1+LS,best,0.15,-140515549.80021548,-140515568.22904932,1.3115154480418393e-07,0,0.29627380007877946,60,1053,157,191,147,70752,0.0,0.0
399,Moon,mcet,6,9,best/1+LS,best,0.15,-140515568.22904932,-140515568.22904932,0.0,1,0.29310569987865165,60,1000,148,184,167,68636,0.0,0.0
400,Moon,mcet,6,0,SDE-donor,sde,0.0,-140515436.21665722,-140515568.22904932,9.394858788065634e-07,0,0.07784969982458279,60,850,0,0,0,0,0.0,0.0
401,Moon,mcet,6,1,SDE-donor,sde,0.0,-140514377.53603038,-140515568.22904932,8.47374446795935e-06,0,0.07816459977766499,60,900,0,0,0,0,0.0,0.0
402,Moon,mcet,6,2,SDE-donor,sde,0.0,-140515023.28738812,-140515568.22904932,3.878158613147964e-06,0,0.07757369987666607,60,923,0,0,0,0,0.0,0.0
403,Moon,mcet,6,3,SDE-donor,sde,0.0,-140514789.10764062,-140515568.22904932,5.544733715419529e-06,0,0.07847070024581626,60,933,0,0,0,0,0.0,0.0
404,Moon,mcet,6,4,SDE-donor,sde,0.0,-140514408.69017112,-140515568.22904932,8.252031378560959e-06,0,0.0783494000788778,60,988,0,0,0,0,0.0,0.0
405,Moon,mcet,6,5,SDE-donor,sde,0.0,-140514442.8827069,-140515568.22904932,8.008695097615314e-06,0,0.07702309993328527,60,913,0,0,0,0,0.0,0.0
406,Moon,mcet,6,6,SDE-donor,sde,0.0,-140514385.7553137,-140515568.22904932,8.415250712312566e-06,0,0.07819950010161847,60,958,0,0,0,0,0.0,0.0
407,Moon,mcet,6,7,SDE-donor,sde,0.0,-140513224.82850674,-140515568.22904932,1.66771594928695e-05,0,0.07680349994916469,60,942,0,0,0,0,0.0,0.0
408,Moon,mcet,6,8,SDE-donor,sde,0.0,-140514536.59713918,-140515568.22904932,7.341762362328828e-06,0,0.07978269999148324,60,936,0,0,0,0,0.4949999999999989,0.082915619758885
409,Moon,mcet,6,9,SDE-donor,sde,0.0,-140514202.09552178,-140515568.22904932,9.722293015391977e-06,0,0.07735649991082028,60,971,0,0,0,0,0.0,0.0
410,Moon,mcet,6,0,SDE-donor+LS,sde,0.15,-140515568.22904932,-140515568.22904932,0.0,1,0.3203400003258139,60,1033,157,204,232,76669,0.0,0.0
411,Moon,mcet,6,1,SDE-donor+LS,sde,0.15,-140515568.22904932,-140515568.22904932,0.0,1,0.38574830011930317,60,1018,182,245,294,92599,0.4199999999999989,0.07637626158259732
412,Moon,mcet,6,2,SDE-donor+LS,sde,0.15,-140515568.22904932,-140515568.22904932,0.0,1,0.3094526000204496,60,1042,164,200,148,74062,0.254999999999999,0.059511903571190405
413,Moon,mcet,6,3,SDE-donor+LS,sde,0.15,-140515568.22904932,-140515568.22904932,0.0,1,0.32980519998818636,60,1082,165,207,172,77163,0.0,0.0
414,Moon,mcet,6,4,SDE-donor+LS,sde,0.15,-140515568.22904932,-140515568.22904932,0.0,1,0.3494182994472794,60,1065,184,232,186,85823,0.0,0.0
415,Moon,mcet,6,5,SDE-donor+LS,sde,0.15,-140515564.54615635,-140515568.22904932,2.620985720377991e-08,0,0.3184726999606937,60,1063,153,206,237,77000,0.0,0.0
416,Moon,mcet,6,6,SDE-donor+LS,sde,0.15,-140515568.22904932,-140515568.22904932,0.0,1,0.34086780017241836,60,1022,178,227,211,85215,0.0,0.0
417,Moon,mcet,6,7,SDE-donor+LS,sde,0.15,-140515568.22904932,-140515568.22904932,0.0,1,0.3264331999234855,60,1045,165,214,231,79992,0.4199999999999989,0.07637626158259732
418,Moon,mcet,6,8,SDE-donor+LS,sde,0.15,-140515549.80021548,-140515568.22904932,1.3115154480418393e-07,0,0.28296219994081184,60,1061,135,177,208,66198,0.254999999999999,0.05951190357119041
419,Moon,mcet,6,9,SDE-donor+LS,sde,0.15,-140515568.22904932,-140515568.22904932,0.0,1,0.3066830000607297,60,1020,156,191,167,71208,0.0,0.0
420,Moon,mcet,7,0,rand/1,rand,0.0,-140520140.70903185,-140520584.76795024,3.1600987081002968e-06,0,0.07680019992403686,60,340,0,0,0,0,3.5672863362594667,1.1626256352253492
421,Moon,mcet,7,1,rand/1,rand,0.0,-140520057.6051722,-140520584.76795024,3.75149860726983e-06,0,0.07818729960126802,60,278,0,0,0,0,6.476682508038303,2.1245880468338503
422,Moon,mcet,7,2,rand/1,rand,0.0,-140520019.09019718,-140520584.76795024,4.02558638647279e-06,0,0.07780379999894649,60,373,0,0,0,0,3.5164214614186284,1.0975336707310765
423,Moon,mcet,7,3,rand/1,rand,0.0,-140520513.48676288,-140520584.76795024,5.07265091966626e-07,0,0.07684449991211295,60,295,0,0,0,0,2.4425163309164404,0.8672758411922871
424,Moon,mcet,7,4,rand/1,rand,0.0,-140520176.49332014,-140520584.76795024,2.9054435745036395e-06,0,0.07771369989495724,60,398,0,0,0,0,1.0429554554870226,0.3386956723073555
425,Moon,mcet,7,5,rand/1,rand,0.0,-140520146.74012315,-140520584.76795024,3.117179079544859e-06,0,0.07656789990141988,60,326,0,0,0,0,2.6777933350203815,0.7783150502320056
426,Moon,mcet,7,6,rand/1,rand,0.0,-140520064.01136923,-140520584.76795024,3.705909578076335e-06,0,0.0786110998596996,60,300,0,0,0,0,3.6012835997236805,1.175847544894254
427,Moon,mcet,7,7,rand/1,rand,0.0,-140520508.4902151,-140520584.76795024,5.428225001330712e-07,0,0.07782970002153888,60,282,0,0,0,0,4.232517014920813,1.5404677263413369
428,Moon,mcet,7,8,rand/1,rand,0.0,-140520381.9591496,-140520584.76795024,1.443267553808091e-06,0,0.07528790005017072,60,315,0,0,0,0,2.016846700191299,0.6819856875398785
429,Moon,mcet,7,9,rand/1,rand,0.0,-140519445.75383967,-140520584.76795024,8.105674428028501e-06,0,0.07267720013624057,60,370,0,0,0,0,2.3973003852130406,0.7759530618943321
430,Moon,mcet,7,0,rand/1+LS,rand,0.15,-140520584.76795024,-140520584.76795024,0.0,1,0.22778509982163087,60,384,61,128,304,49984,0.0,0.0
431,Moon,mcet,7,1,rand/1+LS,rand,0.15,-140520584.76795024,-140520584.76795024,0.0,1,0.23138520016800612,60,332,52,128,313,49947,0.0,0.0
432,Moon,mcet,7,2,rand/1+LS,rand,0.15,-140520584.76795024,-140520584.76795024,0.0,1,0.20821400033310056,60,339,49,112,264,43668,0.0,0.0
433,Moon,mcet,7,3,rand/1+LS,rand,0.15,-140520584.76795024,-140520584.76795024,0.0,1,0.21267369983252138,60,287,45,109,274,42948,0.0,0.0
434,Moon,mcet,7,4,rand/1+LS,rand,0.15,-140520364.732936,-140520584.76795024,1.5658560957833356e-06,0,0.22885799990035594,60,483,68,128,286,50587,0.0,0.0
435,Moon,mcet,7,5,rand/1+LS,rand,0.15,-140520584.76795024,-140520584.76795024,0.0,1,0.2188419999438338,60,417,56,122,261,47237,0.0,0.0
436,Moon,mcet,7,6,rand/1+LS,rand,0.15,-140520177.42133823,-140520584.76795024,2.8988394310990157e-06,0,0.24978420016122982,60,546,88,138,276,56363,0.0,0.0
437,Moon,mcet,7,7,rand/1+LS,rand,0.15,-140520584.76795024,-140520584.76795024,0.0,1,0.2177788001135923,60,309,47,111,269,43505,0.0,0.0
438,Moon,mcet,7,8,rand/1+LS,rand,0.15,-140520584.76795024,-140520584.76795024,0.0,1,0.21641650010133162,60,457,56,112,211,43462,0.0,0.0
439,Moon,mcet,7,9,rand/1+LS,rand,0.15,-140520584.76795024,-140520584.76795024,0.0,1,0.2235291000106372,60,416,53,125,318,47955,0.0,0.0
440,Moon,mcet,7,0,best/1,best,0.0,-140519861.27827662,-140520584.76795024,5.14863836361941e-06,0,0.07857520028483123,60,1023,0,0,0,0,0.0,0.0
441,Moon,mcet,7,1,best/1,best,0.0,-140519929.87027052,-140520584.76795024,4.660510634778663e-06,0,0.07609859958756715,60,997,0,0,0,0,0.0,0.0
442,Moon,mcet,7,2,best/1,best,0.0,-140519812.28426164,-140520584.76795024,5.497299131430158e-06,0,0.07863320008618757,60,1046,0,0,0,0,0.0,0.0
443,Moon,mcet,7,3,best/1,best,0.0,-140519963.86512604,-140520584.76795024,4.418589811724538e-06,0,0.07704100001137704,60,1063,0,0,0,0,0.0,0.0
444,Moon,mcet,7,4,best/1,best,0.0,-140519958.12789384,-140520584.76795024,4.459418222862495e-06,0,0.07772739994106814,60,1098,0,0,0,0,0.0,0.0
445,Moon,mcet,7,5,best/1,best,0.0,-140517892.28160337,-140520584.76795024,1.916079662860014e-05,0,0.07666560000507161,60,1022,0,0,0,0,0.0,0.0
446,Moon,mcet,7,6,best/1,best,0.0,-140518478.37246484,-140520584.76795024,1.4989942497603224e-05,0,0.0772790999035351,60,1015,0,0,0,0,0.0,0.0
447,Moon,mcet,7,7,best/1,best,0.0,-140512278.68532875,-140520584.76795024,5.9109365615018674e-05,0,0.0772158998879604,60,1065,0,0,0,0,0.0,0.0
448,Moon,mcet,7,8,best/1,best,0.0,-140518799.2467125,-140520584.76795024,1.2706474575803355e-05,0,0.0764578998205252,60,1003,0,0,0,0,0.0,0.0
449,Moon,mcet,7,9,best/1,best,0.0,-140515567.24806342,-140520584.76795024,3.570665390488681e-05,0,0.07751960004679859,60,1087,0,0,0,0,0.0,0.0
450,Moon,mcet,7,0,best/1+LS,best,0.15,-140520584.76795024,-140520584.76795024,0.0,1,0.3391010998166166,60,971,155,220,283,83468,0.0,0.0
451,Moon,mcet,7,1,best/1+LS,best,0.15,-140520584.76795024,-140520584.76795024,0.0,1,0.2965790997259319,60,962,140,185,193,69873,0.0,0.0
452,Moon,mcet,7,2,best/1+LS,best,0.15,-140520584.76795024,-140520584.76795024,0.0,1,0.287937699991744,60,893,130,172,195,65412,0.0,0.0
453,Moon,mcet,7,3,best/1+LS,best,0.15,-140520584.76795024,-140520584.76795024,0.0,1,0.32201280002482235,60,1010,160,205,205,77670,0.0,0.0
454,Moon,mcet,7,4,best/1+LS,best,0.15,-140520177.42133823,-140520584.76795024,2.8988394310990157e-06,0,0.33580389991402626,60,998,162,205,218,82098,0.0,0.0
455,Moon,mcet,7,5,best/1+LS,best,0.15,-140520173.73844525,-140520584.76795024,2.9250483526194687e-06,0,0.32635789969936013,60,1029,150,187,189,75222,0.0,0.0
456,Moon,mcet,7,6,best/1+LS,best,0.15,-140520584.76795024,-140520584.76795024,0.0,1,0.3256475001689978,60,985,146,197,208,74637,0.0,0.0
457,Moon,mcet,7,7,best/1+LS,best,0.15,-140520584.76795024,-140520584.76795024,0.0,1,0.29464059992460534,60,949,135,177,214,67605,0.0,0.0
458,Moon,mcet,7,8,best/1+LS,best,0.15,-140520584.76795024,-140520584.76795024,0.0,1,0.2921467000269331,60,959,138,178,159,67463,0.0,0.0
459,Moon,mcet,7,9,best/1+LS,best,0.15,-140520584.76795024,-140520584.76795024,0.0,1,0.2612666000495665,60,1013,118,149,149,57206,0.0,0.0
460,Moon,mcet,7,0,SDE-donor,sde,0.0,-140520028.3706083,-140520584.76795024,3.959543314281234e-06,0,0.08066619973396882,60,930,0,0,0,0,0.0,0.0
461,Moon,mcet,7,1,SDE-donor,sde,0.0,-140520173.73844525,-140520584.76795024,2.9250483526194687e-06,0,0.0814206997747533,60,965,0,0,0,0,0.42000000000000026,0.06546536707079773
462,Moon,mcet,7,2,SDE-donor,sde,0.0,-140519852.5793357,-140520584.76795024,5.210543464193221e-06,0,0.08046169980661944,60,864,0,0,0,0,0.0,0.0
463,Moon,mcet,7,3,SDE-donor,sde,0.0,-140520177.42133823,-140520584.76795024,2.8988394310990157e-06,0,0.08133070002077147,60,911,0,0,0,0,0.3199999999999932,0.05714285714285716
464,Moon,mcet,7,4,SDE-donor,sde,0.0,-140520539.5460113,-140520584.76795024,3.2181718438319946e-07,0,0.08115130010992289,60,979,0,0,0,0,0.4799999999999997,0.06998542122237653
465,Moon,mcet,7,5,SDE-donor,sde,0.0,-140519537.66687217,-140520584.76795024,7.451584974488884e-06,0,0.08132020005723462,60,904,0,0,0,0,0.375,0.06185895741317419
466,Moon,mcet,7,6,SDE-donor,sde,0.0,-140519826.67411712,-140520584.76795024,5.394895234534935e-06,0,0.08020069997292012,60,895,0,0,0,0,0.3199999999999932,0.05714285714285715
467,Moon,mcet,7,7,SDE-donor,sde,0.0,-140520576.12211123,-140520584.76795024,6.152720628074576e-08,0,0.08043920004274696,60,835,0,0,0,0,0.2550000000000002,0.05101020306102035
468,Moon,mcet,7,8,SDE-donor,sde,0.0,-140520057.6051722,-140520584.76795024,3.75149860726983e-06,0,0.08063719980418682,60,881,0,0,0,0,0.0,0.0
469,Moon,mcet,7,9,SDE-donor,sde,0.0,-140520036.7619067,-140520584.76795024,3.899827519423607e-06,0,0.0815096003934741,60,963,0,0,0,0,0.0,0.0
470,Moon,mcet,7,0,SDE-donor+LS,sde,0.15,-140520551.47883964,-140520584.76795024,2.368984633526865e-07,0,0.29644609976094216,60,818,118,167,240,64486,0.6907239391106212,0.1410559524442779
471,Moon,mcet,7,1,SDE-donor+LS,sde,0.15,-140520584.76795024,-140520584.76795024,0.0,1,0.3353815001901239,60,1004,157,207,271,79179,0.0,0.0
472,Moon,mcet,7,2,SDE-donor+LS,sde,0.15,-140520584.76795024,-140520584.76795024,0.0,1,0.30893090018071234,60,988,137,183,205,69829,0.0,0.0
473,Moon,mcet,7,3,SDE-donor+LS,sde,0.15,-140520177.42133823,-140520584.76795024,2.8988394310990157e-06,0,0.31937940005445853,60,1067,152,188,193,75520,0.4799999999999997,0.06998542122237653
474,Moon,mcet,7,4,SDE-donor+LS,sde,0.15,-140520584.76795024,-140520584.76795024,0.0,1,0.34945739986142144,60,1033,156,213,264,82135,0.0,0.0
475,Moon,mcet,7,5,SDE-donor+LS,sde,0.15,-140520177.42133823,-140520584.76795024,2.8988394310990157e-06,0,0.31447910016868263,60,979,139,187,220,74918,0.0,0.0
476,Moon,mcet,7,6,SDE-donor+LS,sde,0.15,-140520177.42133823,-140520584.76795024,2.8988394310990157e-06,0,0.31925289996434003,60,1030,163,189,149,75976,0.17999999999999544,0.042857142857142864
477,Moon,mcet,7,7,SDE-donor+LS,sde,0.15,-140520584.76795024,-140520584.76795024,0.0,1,0.34780900011537597,60,1007,154,214,313,83188,0.0,0.0
478,Moon,mcet,7,8,SDE-donor+LS,sde,0.15,-140520584.76795024,-140520584.76795024,0.0,1,0.30729370017070323,60,1015,143,183,170,69484,0.0,0.0
479,Moon,mcet,7,9,SDE-donor+LS,sde,0.15,-140520177.42133823,-140520584.76795024,2.8988394310990157e-06,0,0.3237850000150502,60,1059,150,193,257,77322,0.4550000000000004,0.0681385143869247
480,Moon,mcet,8,0,rand/1,rand,0.0,-140525045.17663524,-140525050.37989533,3.70272779113823e-08,0,0.07594770047580823,60,326,0,0,0,0,3.483884130383611,0.8583551307237979
481,Moon,mcet,8,1,rand/1,rand,0.0,-140525045.5503241,-140525050.37989533,3.4368044731115543e-08,0,0.0776630999171175,60,344,0,0,0,0,2.3445065455580076,0.7270120488165094
482,Moon,mcet,8,2,rand/1,rand,0.0,-140524996.02408057,-140525050.37989533,3.8680516112975907e-07,0,0.08071639994159341,60,363,0,0,0,0,1.7932271067623797,0.44786451560706525
483,Moon,mcet,8,3,rand/1,rand,0.0,-140524999.60073534,-140525050.37989533,3.6135308157269417e-07,0,0.07930290012154728,60,394,0,0,0,0,0.9550941456139274,0.20383279828647594
484,Moon,mcet,8,4,rand/1,rand,0.0,-140524976.07865396,-140525050.37989533,5.287401866584599e-07,0,0.07981489994563162,60,351,0,0,0,0,3.5621907982970433,1.0821672588796845
485,Moon,mcet,8,5,rand/1,rand,0.0,-140524980.34632188,-140525050.37989533,4.983707407279291e-07,0,0.07955519983079284,60,322,0,0,0,0,3.719554069158358,0.9666877199582897
486,Moon,mcet,8,6,rand/1,rand,0.0,-140525000.77095526,-140525050.37989533,3.530255988579566e-07,0,0.07844980008667335,60,356,0,0,0,0,3.2146512948371915,0.9103276636391315
487,Moon,mcet,8,7,rand/1,rand,0.0,-140524949.30303016,-140525050.37989533,7.192800493091771e-07,0,0.08004409982822835,60,332,0,0,0,0,3.1393677876301993,0.9948018707229989
488,Moon,mcet,8,8,rand/1,rand,0.0,-140525006.1342978,-140525050.37989533,3.148591473315165e-07,0,0.07942980044754222,60,316,0,0,0,0,2.0054121112901813,0.6622150476928963
489,Moon,mcet,8,9,rand/1,rand,0.0,-140523795.9213457,-140525050.37989533,8.926938977978791e-06,0,0.0792713999398984,60,317,0,0,0,0,4.799754324311015,1.4486183561760346
490,Moon,mcet,8,0,rand/1+LS,rand,0.15,-140525050.37989533,-140525050.37989533,0.0,1,0.32157829974312335,60,831,129,190,357,77850,0.0,0.0
491,Moon,mcet,8,1,rand/1+LS,rand,0.15,-140525050.37989533,-140525050.37989533,0.0,1,0.33768820005934685,60,899,136,203,432,83770,0.0,0.0
492,Moon,mcet,8,2,rand/1+LS,rand,0.15,-140525050.37989533,-140525050.37989533,0.0,1,0.3017224001814611,60,763,117,173,340,71171,0.0,0.0
493,Moon,mcet,8,3,rand/1+LS,rand,0.15,-140525050.37989533,-140525050.37989533,0.0,1,0.3403243999928236,60,799,123,188,418,77424,0.0,0.0
494,Moon,mcet,8,4,rand/1+LS,rand,0.15,-140525050.37989533,-140525050.37989533,0.0,1,0.36358359979931265,60,874,138,208,385,85551,0.0,0.0
495,Moon,mcet,8,5,rand/1+LS,rand,0.15,-140525050.37989533,-140525050.37989533,0.0,1,0.3051236001192592,60,788,107,159,368,66092,0.0,0.0
496,Moon,mcet,8,6,rand/1+LS,rand,0.15,-140525050.37989533,-140525050.37989533,0.0,1,0.3042037999839522,60,752,104,165,360,68295,0.17999999999999972,0.037500000000000006
497,Moon,mcet,8,7,rand/1+LS,rand,0.15,-140525050.37989533,-140525050.37989533,0.0,1,0.29824159998679534,60,786,107,160,375,66013,0.0,0.0
498,Moon,mcet,8,8,rand/1+LS,rand,0.15,-140525050.37989533,-140525050.37989533,0.0,1,0.3364863998722285,60,794,125,174,284,70944,0.0,0.0
499,Moon,mcet,8,9,rand/1+LS,rand,0.15,-140525050.37989533,-140525050.37989533,0.0,1,0.31558030005544424,60,828,111,168,321,69097,0.0,0.0
500,Moon,mcet,8,0,best/1,best,0.0,-140522228.46971628,-140525050.37989533,2.008118959160681e-05,0,0.07897280051838607,60,1045,0,0,0,0,0.0,0.0
501,Moon,mcet,8,1,best/1,best,0.0,-140524930.35072297,-140525050.37989533,8.541478692689331e-07,0,0.0992592996917665,60,1019,0,0,0,0,0.0,0.0
502,Moon,mcet,8,2,best/1,best,0.0,-140520189.19986108,-140525050.37989533,3.4592978412804765e-05,0,0.08014010015176609,60,1047,0,0,0,0,0.0,0.0
503,Moon,mcet,8,3,best/1,best,0.0,-140523100.55592424,-140525050.37989533,1.3875276798133486e-05,0,0.0830420000711456,60,1061,0,0,0,0,0.0,0.0
504,Moon,mcet,8,4,best/1,best,0.0,-140524397.04657245,-140525050.37989533,4.6492303053187415e-06,0,0.09930389997316524,60,1040,0,0,0,0,0.0,0.0
505,Moon,mcet,8,5,best/1,best,0.0,-140521969.06156883,-140525050.37989533,2.192718179550909e-05,0,0.0804097997606732,60,1009,0,0,0,0,0.0,0.0
506,Moon,mcet,8,6,best/1,best,0.0,-140519718.05757794,-140525050.37989533,3.794570649842314e-05,0,0.09275569987948984,60,1067,0,0,0,0,0.0,0.0
507,Moon,mcet,8,7,best/1,best,0.0,-140524139.77458563,-140525050.37989533,6.480021229192059e-06,0,0.09488859964767471,60,1056,0,0,0,0,0.0,0.0
508,Moon,mcet,8,8,best/1,best,0.0,-140523166.60698453,-140525050.37989533,1.3405246293888285e-05,0,0.08174459979636595,60,1047,0,0,0,0,0.0,0.0
509,Moon,mcet,8,9,best/1,best,0.0,-140524991.01341802,-140525050.37989533,4.224618824200113e-07,0,0.11106979980831966,60,1085,0,0,0,0,0.0,0.0
510,Moon,mcet,8,0,best/1+LS,best,0.15,-140525050.37989533,-140525050.37989533,0.0,1,0.38203689991496503,60,1097,175,212,218,86598,0.0,0.0
511,Moon,mcet,8,1,best/1+LS,best,0.15,-140525050.37989533,-140525050.37989533,0.0,1,0.3833490999531932,60,1069,160,202,234,82356,0.0,0.0
512,Moon,mcet,8,2,best/1+LS,best,0.15,-140525050.37989533,-140525050.37989533,0.0,1,0.37039669998921454,60,1102,162,214,308,87283,0.0,0.0
513,Moon,mcet,8,3,best/1+LS,best,0.15,-140525050.37989533,-140525050.37989533,0.0,1,0.3747692000470124,60,1054,149,200,217,81593,0.0,0.0
514,Moon,mcet,8,4,best/1+LS,best,0.15,-140525050.37989533,-140525050.37989533,0.0,1,0.342038499948103,60,1068,154,196,232,79510,0.0,0.0
515,Moon,mcet,8,5,best/1+LS,best,0.15,-140525050.37989533,-140525050.37989533,0.0,1,0.3689884998020716,60,1065,160,202,267,82801,0.0,0.0
516,Moon,mcet,8,6,best/1+LS,best,0.15,-140525050.37989533,-140525050.37989533,0.0,1,0.41770530003122985,60,1044,164,204,224,83470,0.0,0.0
517,Moon,mcet,8,7,best/1+LS,best,0.15,-140525050.37989533,-140525050.37989533,0.0,1,0.45974659954663366,60,1063,163,212,282,86547,0.0,0.0
518,Moon,mcet,8,8,best/1+LS,best,0.15,-140525050.37989533,-140525050.37989533,0.0,1,0.39290209993487224,60,1045,161,196,224,79385,0.0,0.0
519,Moon,mcet,8,9,best/1+LS,best,0.15,-140525050.37989533,-140525050.37989533,0.0,1,0.4179797998513095,60,1085,179,228,326,93099,0.0,0.0
520,Moon,mcet,8,0,SDE-donor,sde,0.0,-140524680.6728295,-140525050.37989533,2.6308979418347697e-06,0,0.10013829992385581,60,930,0,0,0,0,0.255000000000004,0.04463392767839282
521,Moon,mcet,8,1,SDE-donor,sde,0.0,-140520881.39661586,-140525050.37989533,2.9667189360161783e-05,0,0.10078779968898743,60,922,0,0,0,0,0.0,0.0
522,Moon,mcet,8,2,SDE-donor,sde,0.0,-140524516.21171367,-140525050.37989533,3.8012310275906057e-06,0,0.1047646997612901,60,938,0,0,0,0,0.49499999999999994,0.06218671481916374
523,Moon,mcet,8,3,SDE-donor,sde,0.0,-140525035.0768153,-140525050.37989533,1.0889930287137216e-07,0,0.10072520037647337,60,915,0,0,0,0,0.6194928072118928,0.11249999999999999
524,Moon,mcet,8,4,SDE-donor,sde,0.0,-140524984.66535687,-140525050.37989533,4.6763575801863667e-07,0,0.10022519988706335,60,971,0,0,0,0,0.8323836347908665,0.18196891100611173
525,Moon,mcet,8,5,SDE-donor,sde,0.0,-140521476.7512899,-140525050.37989533,2.543054491540414e-05,0,0.10372300032759085,60,948,0,0,0,0,0.4074325715736576,0.08926785535678562
526,Moon,mcet,8,6,SDE-donor,sde,0.0,-140521372.10894224,-140525050.37989533,2.6175197540546427e-05,0,0.11491720005869865,60,933,0,0,0,0,0.42000000000000454,0.057282196186948006
527,Moon,mcet,8,7,SDE-donor,sde,0.0,-140520372.50871274,-140525050.37989533,3.328852165464142e-05,0,0.10510160017292947,60,948,0,0,0,0,0.4949999999999989,0.062186714819163755
528,Moon,mcet,8,8,SDE-donor,sde,0.0,-140524581.40071625,-140525050.37989533,3.33733507169336e-06,0,0.10741420002887025,60,889,0,0,0,0,0.42000000000000454,0.057282196186948006
529,Moon,mcet,8,9,SDE-donor,sde,0.0,-140524195.42376179,-140525050.37989533,6.084012289859759e-06,0,0.11159409978426993,60,918,0,0,0,0,0.0,0.0
530,Moon,mcet,8,0,SDE-donor+LS,sde,0.15,-140525050.37989533,-140525050.37989533,0.0,1,0.5360836004256271,60,1079,170,218,271,89122,0.0,0.0
531,Moon,mcet,8,1,SDE-donor+LS,sde,0.15,-140525050.37989533,-140525050.37989533,0.0,1,0.5375490001752041,60,1074,162,210,272,86302,0.3199999999999932,0.05000000000000001
532,Moon,mcet,8,2,SDE-donor+LS,sde,0.15,-140525050.37989533,-140525050.37989533,0.0,1,0.4537882997537963,60,1053,180,222,294,90555,0.0,0.0
533,Moon,mcet,8,3,SDE-donor+LS,sde,0.15,-140525050.37989533,-140525050.37989533,0.0,1,0.4182778000831604,60,1057,165,207,276,84656,0.5940690252053175,0.1096212000885591
534,Moon,mcet,8,4,SDE-donor+LS,sde,0.15,-140525050.37989533,-140525050.37989533,0.0,1,0.38073900021845475,60,1047,136,184,284,75200,0.0,0.0
535,Moon,mcet,8,5,SDE-donor+LS,sde,0.15,-140525050.37989533,-140525050.37989533,0.0,1,0.4340714997961186,60,1063,151,212,302,87411,0.0,0.0
536,Moon,mcet,8,6,SDE-donor+LS,sde,0.15,-140525050.37989533,-140525050.37989533,0.0,1,0.38249950035242364,60,1049,142,199,314,81667,0.0,0.0
537,Moon,mcet,8,7,SDE-donor+LS,sde,0.15,-140525050.37989533,-140525050.37989533,0.0,1,0.39704860013443977,60,1031,150,197,314,80688,0.18000000000000113,0.03749999999999999
538,Moon,mcet,8,8,SDE-donor+LS,sde,0.15,-140525050.37989533,-140525050.37989533,0.0,1,0.4249089000513777,60,1077,160,210,302,85471,0.4949999999999989,0.062186714819163755
539,Moon,mcet,8,9,SDE-donor+LS,sde,0.15,-140525050.37989533,-140525050.37989533,0.0,1,0.4136873999959789,60,1079,175,222,297,90088,0.0,0.0
540,Astronaut,mcet,6,0,rand/1,rand,0.0,-149428837.09712836,-149428837.09712836,0.0,1,0.07968889974290505,60,424,0,0,0,0,0.09500000000000064,0.03632415786283894
541,Astronaut,mcet,6,1,rand/1,rand,0.0,-149428837.09712836,-149428837.09712836,0.0,1,0.07981350034242496,60,382,0,0,0,0,1.1884317700054394,0.3926568080814152
542,Astronaut,mcet,6,2,rand/1,rand,0.0,-149428816.99609798,-149428837.09712836,1.345190846025801e-07,0,0.07885389990406111,60,350,0,0,0,0,1.097581500635623,0.42066813520707624
543,Astronaut,mcet,6,3,rand/1,rand,0.0,-149428798.27894607,-149428837.09712836,2.5977704868551345e-07,0,0.07826420041965321,60,395,0,0,0,0,0.48000000000000115,0.0816496580927726
544,Astronaut,mcet,6,4,rand/1,rand,0.0,-149428837.09712836,-149428837.09712836,0.0,1,0.08247690030839294,60,364,0,0,0,0,1.1524640274390006,0.4330490360174044
545,Astronaut,mcet,6,5,rand/1,rand,0.0,-149428837.09712836,-149428837.09712836,0.0,1,0.0803881001775153,60,379,0,0,0,0,1.1419268210946114,0.428566177539267
546,Astronaut,mcet,6,6,rand/1,rand,0.0,-149428798.27894607,-149428837.09712836,2.5977704868551345e-07,0,0.08046070032287389,60,376,0,0,0,0,1.2668316500250987,0.4638295189664318
547,Astronaut,mcet,6,7,rand/1,rand,0.0,-149428771.99698535,-149428837.09712836,4.3565983835549594e-07,0,0.07986210018862039,60,494,0,0,0,0,0.0,0.0
548,Astronaut,mcet,6,8,rand/1,rand,0.0,-149428727.73516488,-149428837.09712836,7.318665232576627e-07,0,0.08168420020956546,60,413,0,0,0,0,0.8303336299543316,0.28116417078014827
549,Astronaut,mcet,6,9,rand/1,rand,0.0,-149428771.99698535,-149428837.09712836,4.3565983835549594e-07,0,0.0794455999857746,60,393,0,0,0,0,0.49498657239803734,0.1785357107135713
550,Astronaut,mcet,6,0,rand/1+LS,rand,0.15,-149428837.09712836,-149428837.09712836,0.0,1,0.3486619996256195,60,754,115,173,317,74522,0.0,0.0
551,Astronaut,mcet,6,1,rand/1+LS,rand,0.15,-149428837.09712836,-149428837.09712836,0.0,1,0.3217575996532105,60,673,109,159,279,68114,0.0,0.0
552,Astronaut,mcet,6,2,rand/1+LS,rand,0.15,-149428837.09712836,-149428837.09712836,0.0,1,0.3691162003087811,60,801,124,191,359,82357,0.0,0.0
553,Astronaut,mcet,6,3,rand/1+LS,rand,0.15,-149428837.09712836,-149428837.09712836,0.0,1,0.3542404003092088,60,783,117,169,244,73074,0.0,0.0
554,Astronaut,mcet,6,4,rand/1+LS,rand,0.15,-149428837.09712836,-149428837.09712836,0.0,1,0.3952816999517381,60,813,133,192,307,82962,0.0,0.0
555,Astronaut,mcet,6,5,rand/1+LS,rand,0.15,-149428837.09712836,-149428837.09712836,0.0,1,0.306205699860584,60,731,90,133,239,57314,0.0,0.0
556,Astronaut,mcet,6,6,rand/1+LS,rand,0.15,-149428837.09712836,-149428837.09712836,0.0,1,0.3483857001410797,60,797,116,165,290,71689,0.0,0.0
557,Astronaut,mcet,6,7,rand/1+LS,rand,0.15,-149428837.09712836,-149428837.09712836,0.0,1,0.37675400055013597,60,886,130,188,319,81419,0.0,0.0
558,Astronaut,mcet,6,8,rand/1+LS,rand,0.15,-149428837.09712836,-149428837.09712836,0.0,1,0.37780099967494607,60,844,139,194,254,82934,0.0,0.0
559,Astronaut,mcet,6,9,rand/1+LS,rand,0.15,-149428837.09712836,-149428837.09712836,0.0,1,0.40688870032317936,60,849,128,185,262,79806,0.0,0.0
560,Astronaut,mcet,6,0,best/1,best,0.0,-149428837.09712836,-149428837.09712836,0.0,1,0.08900839992566034,60,1016,0,0,0,0,0.0,0.0
561,Astronaut,mcet,6,1,best/1,best,0.0,-149426782.96672058,-149428837.09712836,1.374654616662264e-05,0,0.0927318999893032,60,1002,0,0,0,0,0.0,0.0
562,Astronaut,mcet,6,2,best/1,best,0.0,-149426143.9386003,-149428837.09712836,1.8023017379899535e-05,0,0.0923694001394324,60,1016,0,0,0,0,0.0,0.0
563,Astronaut,mcet,6,3,best/1,best,0.0,-149428771.85109514,-149428837.09712836,4.3663615731060985e-07,0,0.08804839989170432,60,1000,0,0,0,0,0.0,0.0
564,Astronaut,mcet,6,4,best/1,best,0.0,-149389916.33992893,-149428837.09712836,0.0002604634952364518,0,0.08659330010414124,60,1100,0,0,0,0,0.0,0.0
565,Astronaut,mcet,6,5,best/1,best,0.0,-149426143.96151897,-149428837.09712836,1.8022864004742407e-05,0,0.08805610018316656,60,1065,0,0,0,0,0.0,0.0
566,Astronaut,mcet,6,6,best/1,best,0.0,-149407159.5817815,-149428837.09712836,0.00014506915644913035,0,0.08967340009985492,60,1006,0,0,0,0,0.0,0.0
567,Astronaut,mcet,6,7,best/1,best,0.0,-149428782.7731936,-149428837.09712836,3.6354385016300135e-07,0,0.09040809981524944,60,1057,0,0,0,0,0.0,0.0
568,Astronaut,mcet,6,8,best/1,best,0.0,-149408273.0225233,-149428837.09712836,0.00013761784542083472,0,0.09103029989637434,60,1095,0,0,0,0,0.0,0.0
569,Astronaut,mcet,6,9,best/1,best,0.0,-149428837.09712836,-149428837.09712836,0.0,1,0.08953379967715591,60,995,0,0,0,0,0.0,0.0
570,Astronaut,mcet,6,0,best/1+LS,best,0.15,-149428837.09712836,-149428837.09712836,0.0,1,0.4208809002302587,60,1039,167,208,173,88689,0.0,0.0
571,Astronaut,mcet,6,1,best/1+LS,best,0.15,-149428837.09712836,-149428837.09712836,0.0,1,0.40744069986976683,60,1054,170,203,139,87023,0.0,0.0
572,Astronaut,mcet,6,2,best/1+LS,best,0.15,-149428837.09712836,-149428837.09712836,0.0,1,0.4348101001814939,60,1063,174,218,160,93443,0.0,0.0
573,Astronaut,mcet,6,3,best/1+LS,best,0.15,-149428837.09712836,-149428837.09712836,0.0,1,0.3997365999384783,60,1023,150,203,216,87328,0.0,0.0
574,Astronaut,mcet,6,4,best/1+LS,best,0.15,-149428837.09712836,-149428837.09712836,0.0,1,0.5157873000716791,60,1085,189,257,354,110889,0.0,0.0
575,Astronaut,mcet,6,5,best/1+LS,best,0.15,-149428837.09712836,-149428837.09712836,0.0,1,0.42952870012959465,60,1042,155,198,232,85350,0.0,0.0
576,Astronaut,mcet,6,6,best/1+LS,best,0.15,-149428837.09712836,-149428837.09712836,0.0,1,0.44161009992239997,60,1067,156,187,149,80143,0.0,0.0
577,Astronaut,mcet,6,7,best/1+LS,best,0.15,-149428837.09712836,-149428837.09712836,0.0,1,0.4870242999168113,60,1103,167,202,188,86531,0.0,0.0
578,Astronaut,mcet,6,8,best/1+LS,best,0.15,-149428837.09712836,-149428837.09712836,0.0,1,0.4060441998881288,60,1031,145,181,170,77548,0.0,0.0
579,Astronaut,mcet,6,9,best/1+LS,best,0.15,-149428837.09712836,-149428837.09712836,0.0,1,0.41414530016481876,60,1046,156,188,191,80652,0.0,0.0
580,Astronaut,mcet,6,0,SDE-donor,sde,0.0,-149410709.5308487,-149428837.09712836,0.00012131236936460171,0,0.09637430030852556,60,1008,0,0,0,0,0.0,0.0
581,Astronaut,mcet,6,1,SDE-donor,sde,0.0,-149428837.09712836,-149428837.09712836,0.0,1,0.09616670000832528,60,987,0,0,0,0,0.0,0.0
582,Astronaut,mcet,6,2,SDE-donor,sde,0.0,-149427526.049337,-149428837.09712836,8.773726790831083e-06,0,0.09274980000918731,60,946,0,0,0,0,0.0,0.0
583,Astronaut,mcet,6,3,SDE-donor,sde,0.0,-149427568.22644266,-149428837.09712836,8.491471327397396e-06,0,0.10171750036533922,60,976,0,0,0,0,0.0,0.0
584,Astronaut,mcet,6,4,SDE-donor,sde,0.0,-149409245.7668793,-149428837.09712836,0.00013110809553002682,0,0.10080680006649345,60,894,0,0,0,0,0.0,0.0
585,Astronaut,mcet,6,5,SDE-donor,sde,0.0,-149428782.7731936,-149428837.09712836,3.6354385016300135e-07,0,0.09420649992534891,60,999,0,0,0,0,0.0,0.0
586,Astronaut,mcet,6,6,SDE-donor,sde,0.0,-149428350.64249063,-149428837.09712836,3.2554267782990765e-06,0,0.10493219998897985,60,1034,0,0,0,0,0.0,0.0
587,Astronaut,mcet,6,7,SDE-donor,sde,0.0,-149421367.85468224,-149428837.09712836,4.99852812296837e-05,0,0.10111670033074915,60,965,0,0,0,0,0.0,0.0
588,Astronaut,mcet,6,8,SDE-donor,sde,0.0,-149428193.19626004,-149428837.09712836,4.309080367853573e-06,0,0.10207269981037825,60,1018,0,0,0,0,0.0,0.0
589,Astronaut,mcet,6,9,SDE-donor,sde,0.0,-149428577.68127662,-149428837.09712836,1.7360494586022212e-06,0,0.10232310008723289,60,981,0,0,0,0,0.0,0.0
590,Astronaut,mcet,6,0,SDE-donor+LS,sde,0.15,-149428837.09712836,-149428837.09712836,0.0,1,0.43595330003881827,60,1102,160,204,257,88434,0.0,0.0
591,Astronaut,mcet,6,1,SDE-donor+LS,sde,0.15,-149428837.09712836,-149428837.09712836,0.0,1,0.3472901998902671,60,1082,141,173,144,74264,0.0,0.0
592,Astronaut,mcet,6,2,SDE-donor+LS,sde,0.15,-149428837.09712836,-149428837.09712836,0.0,1,0.42328119988087565,60,1097,187,242,287,104222,0.0,0.0
593,Astronaut,mcet,6,3,SDE-donor+LS,sde,0.15,-149428837.09712836,-149428837.09712836,0.0,1,0.34576489991741255,60,1111,149,181,140,77436,0.0,0.0
594,Astronaut,mcet,6,4,SDE-donor+LS,sde,0.15,-149428837.09712836,-149428837.09712836,0.0,1,0.3404164000530727,60,1084,145,183,207,78409,0.0,0.0
595,Astronaut,mcet,6,5,SDE-donor+LS,sde,0.15,-149428837.09712836,-149428837.09712836,0.0,1,0.39742069982457906,60,1099,174,220,226,94530,0.0,0.0
596,Astronaut,mcet,6,6,SDE-donor+LS,sde,0.15,-149428837.09712836,-149428837.09712836,0.0,1,0.37689390004379675,60,1090,160,204,216,87478,0.0,0.0
597,Astronaut,mcet,6,7,SDE-donor+LS,sde,0.15,-149428837.09712836,-149428837.09712836,0.0,1,0.40590889973100275,60,1124,177,237,323,102278,0.0,0.0
598,Astronaut,mcet,6,8,SDE-donor+LS,sde,0.15,-149428837.09712836,-149428837.09712836,0.0,1,0.39719259995035827,60,1096,174,223,240,95803,0.0,0.0
599,Astronaut,mcet,6,9,SDE-donor+LS,sde,0.15,-149428837.09712836,-149428837.09712836,0.0,1,0.3768642999930307,60,1106,173,212,193,91154,0.0,0.0
600,Astronaut,mcet,7,0,rand/1,rand,0.0,-149470917.57964268,-149470940.93687743,1.5626605813688992e-07,0,0.08193760004360229,60,387,0,0,0,0,1.216824149791777,0.39699751603645134
601,Astronaut,mcet,7,1,rand/1,rand,0.0,-149470149.48098814,-149470940.93687743,5.295048551402696e-06,0,0.0845448998734355,60,433,0,0,0,0,0.693534492449056,0.1410559524442779
602,Astronaut,mcet,7,2,rand/1,rand,0.0,-149470870.0614952,-149470940.93687743,4.7417499194519535e-07,0,0.08771549991797656,60,434,0,0,0,0,0.4525483399593807,0.1142857142857143
603,Astronaut,mcet,7,3,rand/1,rand,0.0,-149470836.9693387,-149470940.93687743,6.955702432362246e-07,0,0.08773659996222705,60,446,0,0,0,0,0.3200000000000017,0.05714285714285714
604,Astronaut,mcet,7,4,rand/1,rand,0.0,-149470917.57964268,-149470940.93687743,1.5626605813688992e-07,0,0.08345270005520433,60,394,0,0,0,0,1.043367955702029,0.3040425943989834
605,Astronaut,mcet,7,5,rand/1,rand,0.0,-149470940.93687743,-149470940.93687743,0.0,1,0.08142310014227405,60,357,0,0,0,0,1.0012691751884746,0.31546927768973
606,Astronaut,mcet,7,6,rand/1,rand,0.0,-149470940.93687743,-149470940.93687743,0.0,1,0.08633490040665492,60,384,0,0,0,0,0.9220709568626784,0.3083891757138571
607,Astronaut,mcet,7,7,rand/1,rand,0.0,-149468778.21258897,-149470940.93687743,1.4469195650390168e-05,0,0.08410789992194623,60,421,0,0,0,0,1.3812914012193211,0.41873189421908147
608,Astronaut,mcet,7,8,rand/1,rand,0.0,-149470917.57964268,-149470940.93687743,1.5626605813688992e-07,0,0.08129049994749948,60,429,0,0,0,0,0.7866790860087642,0.217855941602477
609,Astronaut,mcet,7,9,rand/1,rand,0.0,-149470940.93687743,-149470940.93687743,0.0,1,0.08365319966105744,60,440,0,0,0,0,0.0,0.0
610,Astronaut,mcet,7,0,rand/1+LS,rand,0.15,-149470940.93687743,-149470940.93687743,0.0,1,0.33758250006940216,60,880,129,175,290,76889,0.0,0.0
611,Astronaut,mcet,7,1,rand/1+LS,rand,0.15,-149470940.93687743,-149470940.93687743,0.0,1,0.3111377998138778,60,757,111,164,337,71876,0.0,0.0
612,Astronaut,mcet,7,2,rand/1+LS,rand,0.15,-149470940.93687743,-149470940.93687743,0.0,1,0.3586691998061724,60,916,148,198,280,86500,0.0,0.0
613,Astronaut,mcet,7,3,rand/1+LS,rand,0.15,-149470940.93687743,-149470940.93687743,0.0,1,0.37508549995254725,60,922,154,209,315,91477,0.0,0.0
614,Astronaut,mcet,7,4,rand/1+LS,rand,0.15,-149470940.93687743,-149470940.93687743,0.0,1,0.34258709981804714,60,844,123,186,407,81722,0.0,0.0
615,Astronaut,mcet,7,5,rand/1+LS,rand,0.15,-149470940.93687743,-149470940.93687743,0.0,1,0.3164569000946358,60,851,115,167,323,73292,0.0,0.0
616,Astronaut,mcet,7,6,rand/1+LS,rand,0.15,-149470940.93687743,-149470940.93687743,0.0,1,0.27920390031067654,60,706,96,138,237,60563,0.0,0.0
617,Astronaut,mcet,7,7,rand/1+LS,rand,0.15,-149470940.93687743,-149470940.93687743,0.0,1,0.323568599880673,60,846,125,175,350,77181,0.0,0.0
618,Astronaut,mcet,7,8,rand/1+LS,rand,0.15,-149470940.93687743,-149470940.93687743,0.0,1,0.3115639999159612,60,898,116,166,313,72601,0.0,0.0
619,Astronaut,mcet,7,9,rand/1+LS,rand,0.15,-149470940.93687743,-149470940.93687743,0.0,1,0.3402507997234352,60,847,133,186,306,81877,0.0,0.0
620,Astronaut,mcet,7,0,best/1,best,0.0,-149469682.82140136,-149470940.93687743,8.41712421281368e-06,0,0.07959980011219159,60,1080,0,0,0,0,0.0,0.0
621,Astronaut,mcet,7,1,best/1,best,0.0,-149470746.11246604,-149470940.93687743,1.3034266739144135e-06,0,0.07991389965172857,60,1023,0,0,0,0,0.0,0.0
622,Astronaut,mcet,7,2,best/1,best,0.0,-149464675.85884795,-149470940.93687743,4.191502368429821e-05,0,0.0812358001130633,60,1044,0,0,0,0,0.0,0.0
623,Astronaut,mcet,7,3,best/1,best,0.0,-149470619.9878852,-149470940.93687743,2.1472333699838446e-06,0,0.08164849982131273,60,1104,0,0,0,0,0.0,0.0
624,Astronaut,mcet,7,4,best/1,best,0.0,-149427227.06692368,-149470940.93687743,0.0002924573143097575,0,0.08130580006400123,60,1052,0,0,0,0,0.0,0.0
625,Astronaut,mcet,7,5,best/1,best,0.0,-149468685.76798934,-149470940.93687743,1.5087674393141164e-05,0,0.07963130011921749,60,1028,0,0,0,0,0.0,0.0
626,Astronaut,mcet,7,6,best/1,best,0.0,-149460767.1882591,-149470940.93687743,6.80650603693662e-05,0,0.07880789990304038,60,1062,0,0,0,0,0.0,0.0
627,Astronaut,mcet,7,7,best/1,best,0.0,-149467726.84914148,-149470940.93687743,2.150309428578681e-05,0,0.08247520006261766,60,1119,0,0,0,0,0.0,0.0
628,Astronaut,mcet,7,8,best/1,best,0.0,-149467963.61295697,-149470940.93687743,1.991908194192675e-05,0,0.08419479959411547,60,1102,0,0,0,0,0.0,0.0
629,Astronaut,mcet,7,9,best/1,best,0.0,-149470815.8454833,-149470940.93687743,8.368944046404456e-07,0,0.08002049999777228,60,1000,0,0,0,0,0.0,0.0
630,Astronaut,mcet,7,0,best/1+LS,best,0.15,-149470940.93687743,-149470940.93687743,0.0,1,0.37378449988318607,60,1081,166,209,258,91042,0.0,0.0
631,Astronaut,mcet,7,1,best/1+LS,best,0.15,-149470940.93687743,-149470940.93687743,0.0,1,0.373112199944444,60,1072,156,203,283,86883,0.0,0.0
632,Astronaut,mcet,7,2,best/1+LS,best,0.15,-149470940.93687743,-149470940.93687743,0.0,1,0.3774539999430999,60,1111,172,211,248,91474,0.0,0.0
633,Astronaut,mcet,7,3,best/1+LS,best,0.15,-149470940.93687743,-149470940.93687743,0.0,1,0.34961410029791296,60,1089,153,192,234,83521,0.0,0.0
634,Astronaut,mcet,7,4,best/1+LS,best,0.15,-149470940.93687743,-149470940.93687743,0.0,1,0.38459169992711395,60,1079,175,215,249,93962,0.0,0.0
635,Astronaut,mcet,7,5,best/1+LS,best,0.15,-149470940.93687743,-149470940.93687743,0.0,1,0.37041279970435426,60,1083,172,206,200,89684,0.0,0.0
636,Astronaut,mcet,7,6,best/1+LS,best,0.15,-149470940.93687743,-149470940.93687743,0.0,1,0.36328270024387166,60,1094,157,199,233,87270,0.0,0.0
637,Astronaut,mcet,7,7,best/1+LS,best,0.15,-149470940.93687743,-149470940.93687743,0.0,1,0.35052489989902824,60,1077,154,195,263,84797,0.0,0.0
638,Astronaut,mcet,7,8,best/1+LS,best,0.15,-149470940.93687743,-149470940.93687743,0.0,1,0.3366509000188671,60,1081,146,182,252,79408,0.0,0.0
639,Astronaut,mcet,7,9,best/1+LS,best,0.15,-149470940.93687743,-149470940.93687743,0.0,1,0.3713262001401745,60,1078,163,206,232,89521,0.0,0.0
640,Astronaut,mcet,7,0,SDE-donor,sde,0.0,-149470132.74675426,-149470940.93687743,5.407004987758245e-06,0,0.08348230022238567,60,944,0,0,0,0,0.0,0.0
641,Astronaut,mcet,7,1,SDE-donor,sde,0.0,-149470940.93687743,-149470940.93687743,0.0,1,0.0837160000228323,60,913,0,0,0,0,0.0,0.0
642,Astronaut,mcet,7,2,SDE-donor,sde,0.0,-149470940.93687743,-149470940.93687743,0.0,1,0.08203510014573112,60,954,0,0,0,0,0.0,0.0
643,Astronaut,mcet,7,3,SDE-donor,sde,0.0,-149470366.40425742,-149470940.93687743,3.84377469233561e-06,0,0.08015190012520179,60,900,0,0,0,0,0.0,0.0
644,Astronaut,mcet,7,4,SDE-donor,sde,0.0,-149470779.24120945,-149470940.93687743,1.0817866467461833e-06,0,0.08030529977986589,60,950,0,0,0,0,0.0,0.0
645,Astronaut,mcet,7,5,SDE-donor,sde,0.0,-149470756.4478762,-149470940.93687743,1.2342800552932726e-06,0,0.08237110020127147,60,928,0,0,0,0,0.0,0.0
646,Astronaut,mcet,7,6,SDE-donor,sde,0.0,-149459927.80454683,-149470940.93687743,7.36807586917337e-05,0,0.08086859981995076,60,917,0,0,0,0,0.0,0.0
647,Astronaut,mcet,7,7,SDE-donor,sde,0.0,-149469103.44715014,-149470940.93687743,1.229329069430605e-05,0,0.08034670032793656,60,1015,0,0,0,0,0.0,0.0
648,Astronaut,mcet,7,8,SDE-donor,sde,0.0,-149469083.4164732,-149470940.93687743,1.2427301203677246e-05,0,0.08151630009524524,60,876,0,0,0,0,0.0,0.0
649,Astronaut,mcet,7,9,SDE-donor,sde,0.0,-149470252.12345988,-149470940.93687743,4.6083433558151754e-06,0,0.08131379983387887,60,953,0,0,0,0,0.0,0.0
650,Astronaut,mcet,7,0,SDE-donor+LS,sde,0.15,-149470940.93687743,-149470940.93687743,0.0,1,0.33756000036373734,60,1070,148,185,237,80959,0.0,0.0
651,Astronaut,mcet,7,1,SDE-donor+LS,sde,0.15,-149470940.93687743,-149470940.93687743,0.0,1,0.4158136999467388,60,1107,189,239,294,104146,0.0,0.0
652,Astronaut,mcet,7,2,SDE-donor+LS,sde,0.15,-149470940.93687743,-149470940.93687743,0.0,1,0.34359959996072575,60,1063,156,191,211,83466,0.0,0.0
653,Astronaut,mcet,7,3,SDE-donor+LS,sde,0.15,-149470940.93687743,-149470940.93687743,0.0,1,0.3822699998272583,60,1095,171,215,248,94006,0.0,0.0
654,Astronaut,mcet,7,4,SDE-donor+LS,sde,0.15,-149470940.93687743,-149470940.93687743,0.0,1,0.3784374000970274,60,1093,167,217,312,94861,0.0,0.0
655,Astronaut,mcet,7,5,SDE-donor+LS,sde,0.15,-149470940.93687743,-149470940.93687743,0.0,1,0.3984875999740325,60,1112,172,230,353,100157,0.0,0.0
656,Astronaut,mcet,7,6,SDE-donor+LS,sde,0.15,-149470940.93687743,-149470940.93687743,0.0,1,0.3622166997520253,60,1071,164,203,265,89196,0.0,0.0
657,Astronaut,mcet,7,7,SDE-donor+LS,sde,0.15,-149470940.93687743,-149470940.93687743,0.0,1,0.33950919983908534,60,1082,152,184,212,80355,0.0,0.0
658,Astronaut,mcet,7,8,SDE-donor+LS,sde,0.15,-149470940.93687743,-149470940.93687743,0.0,1,0.3497655998216942,60,1087,158,191,192,82509,0.0,0.0
659,Astronaut,mcet,7,9,SDE-donor+LS,sde,0.15,-149470940.93687743,-149470940.93687743,0.0,1,0.3513494997750968,60,1064,163,198,158,85902,0.0,0.0
660,Astronaut,mcet,8,0,rand/1,rand,0.0,-149493435.3809166,-149493500.56290442,4.3601887424281904e-07,0,0.07675019977614284,60,332,0,0,0,0,2.4888735615932633,0.8343075110823474
661,Astronaut,mcet,8,1,rand/1,rand,0.0,-149493497.1391281,-149493500.56290442,2.2902509578488473e-08,0,0.07530050008790568,60,349,0,0,0,0,1.5088189965491359,0.4391266130215209
662,Astronaut,mcet,8,2,rand/1,rand,0.0,-149493004.4333229,-149493500.56290442,3.318736798876801e-06,0,0.07688219996634871,60,288,0,0,0,0,10.978949405692406,3.508632557804058
663,Astronaut,mcet,8,3,rand/1,rand,0.0,-149492536.85292405,-149493500.56290442,6.446500862845878e-06,0,0.0771560002467595,60,338,0,0,0,0,2.837942183709227,0.9440614648230699
664,Astronaut,mcet,8,4,rand/1,rand,0.0,-149493282.1134581,-149493500.56290442,1.461263837544655e-06,0,0.07699770055478439,60,326,0,0,0,0,4.0093709296357325,1.3474437165892523
665,Astronaut,mcet,8,5,rand/1,rand,0.0,-149493494.27757818,-149493500.56290442,4.20441438509371e-08,0,0.07544409990077838,60,381,0,0,0,0,1.4326759369522086,0.40939492677050615
666,Astronaut,mcet,8,6,rand/1,rand,0.0,-149493462.63888246,-149493500.56290442,2.536834164462354e-07,0,0.07704830006696284,60,332,0,0,0,0,2.04821977498518,0.6932663100345389
667,Astronaut,mcet,8,7,rand/1,rand,0.0,-149492728.81694365,-149493500.56290442,5.162404772555978e-06,0,0.07747269986430183,60,374,0,0,0,0,0.09500000000001023,0.02724311839712922
668,Astronaut,mcet,8,8,rand/1,rand,0.0,-149493494.27757818,-149493500.56290442,4.20441438509371e-08,0,0.07609989994671196,60,335,0,0,0,0,1.9090135063947564,0.6460775670312096
669,Astronaut,mcet,8,9,rand/1,rand,0.0,-149493431.2730909,-149493500.56290442,4.6349716380725296e-07,0,0.07717529986985028,60,333,0,0,0,0,1.903591545043017,0.6424108531196223
670,Astronaut,mcet,8,0,rand/1+LS,rand,0.15,-149493500.56290442,-149493500.56290442,0.0,1,0.2318391000153497,60,494,58,110,301,48833,0.0,0.0
671,Astronaut,mcet,8,1,rand/1+LS,rand,0.15,-149493500.56290442,-149493500.56290442,0.0,1,0.25416739977663383,60,420,71,125,293,55376,0.0,0.0
672,Astronaut,mcet,8,2,rand/1+LS,rand,0.15,-149493500.56290442,-149493500.56290442,0.0,1,0.26208720001159236,60,433,67,134,368,59454,0.0,0.0
673,Astronaut,mcet,8,3,rand/1+LS,rand,0.15,-149493500.56290442,-149493500.56290442,0.0,1,0.27057140006218106,60,376,68,142,382,62802,0.0,0.0
674,Astronaut,mcet,8,4,rand/1+LS,rand,0.15,-149493500.56290442,-149493500.56290442,0.0,1,0.2280708002508618,60,335,48,110,328,48417,0.0,0.0
675,Astronaut,mcet,8,5,rand/1+LS,rand,0.15,-149493500.56290442,-149493500.56290442,0.0,1,0.19209000014234334,60,236,28,81,300,35800,0.7853720134772291,0.26667295161342214
676,Astronaut,mcet,8,6,rand/1+LS,rand,0.15,-149493500.56290442,-149493500.56290442,0.0,1,0.2849783997517079,60,411,71,147,383,65052,0.0,0.0
677,Astronaut,mcet,8,7,rand/1+LS,rand,0.15,-149492754.4372301,-149493500.56290442,4.9910241682606724e-06,0,0.2938458997523412,60,709,103,150,289,67938,0.0,0.0
678,Astronaut,mcet,8,8,rand/1+LS,rand,0.15,-149493500.56290442,-149493500.56290442,0.0,1,0.20408300001872703,60,236,34,89,292,39078,1.265552016175915,0.45142622734218335
679,Astronaut,mcet,8,9,rand/1+LS,rand,0.15,-149493500.56290442,-149493500.56290442,0.0,1,0.3095682996790856,60,539,90,162,452,72601,0.0,0.0
680,Astronaut,mcet,8,0,best/1,best,0.0,-149492519.45306483,-149493500.56290442,6.562892941125348e-06,0,0.08036310027819127,60,1062,0,0,0,0,0.0,0.0
681,Astronaut,mcet,8,1,best/1,best,0.0,-149490372.39778435,-149493500.56290442,2.092509111290047e-05,0,0.08211369987111539,60,1101,0,0,0,0,0.0,0.0
682,Astronaut,mcet,8,2,best/1,best,0.0,-149493466.4248383,-149493500.56290442,2.2835819607174433e-07,0,0.08068820042535663,60,1071,0,0,0,0,0.0,0.0
683,Astronaut,mcet,8,3,best/1,best,0.0,-149490696.57603985,-149493500.56290442,1.8756580413253024e-05,0,0.08207489986671135,60,1064,0,0,0,0,0.0,0.0
684,Astronaut,mcet,8,4,best/1,best,0.0,-149492149.69039363,-149493500.56290442,9.036329376890869e-06,0,0.08001380000496283,60,1042,0,0,0,0,0.0,0.0
685,Astronaut,mcet,8,5,best/1,best,0.0,-149492370.405923,-149493500.56290442,7.559907134110118e-06,0,0.08191640005679801,60,987,0,0,0,0,0.0,0.0
686,Astronaut,mcet,8,6,best/1,best,0.0,-149492621.27726975,-149493500.56290442,5.8817649687498776e-06,0,0.08213039976544678,60,1021,0,0,0,0,0.0,0.0
687,Astronaut,mcet,8,7,best/1,best,0.0,-149492639.1753028,-149493500.56290442,5.762040479154749e-06,0,0.07916380005190149,60,1061,0,0,0,0,0.0,0.0
688,Astronaut,mcet,8,8,best/1,best,0.0,-149492754.4372301,-149493500.56290442,4.9910241682606724e-06,0,0.08188579988200217,60,1030,0,0,0,0,0.0,0.0
689,Astronaut,mcet,8,9,best/1,best,0.0,-149491682.55466875,-149493500.56290442,1.2161118903615396e-05,0,0.07930169999599457,60,1057,0,0,0,0,0.0,0.0
690,Astronaut,mcet,8,0,best/1+LS,best,0.15,-149493497.55096656,-149493500.56290442,2.014761742372084e-08,0,0.35657999984687194,60,981,153,197,247,86484,0.0,0.0
691,Astronaut,mcet,8,1,best/1+LS,best,0.15,-149492754.4372301,-149493500.56290442,4.9910241682606724e-06,0,0.3943414995446801,60,1057,169,218,246,97921,0.0,0.0
692,Astronaut,mcet,8,2,best/1+LS,best,0.15,-149493497.55096656,-149493500.56290442,2.014761742372084e-08,0,0.3151443997048773,60,963,137,168,176,73558,0.0,0.0
693,Astronaut,mcet,8,3,best/1+LS,best,0.15,-149492754.4372301,-149493500.56290442,4.9910241682606724e-06,0,0.3804295001318678,60,1116,171,210,241,94726,0.0,0.0
694,Astronaut,mcet,8,4,best/1+LS,best,0.15,-149492754.4372301,-149493500.56290442,4.9910241682606724e-06,0,0.3273052998702042,60,978,134,176,231,78896,0.0,0.0
695,Astronaut,mcet,8,5,best/1+LS,best,0.15,-149493497.55096656,-149493500.56290442,2.014761742372084e-08,0,0.3421778997872025,60,993,151,191,263,83425,0.0,0.0
696,Astronaut,mcet,8,6,best/1+LS,best,0.15,-149493500.56290442,-149493500.56290442,0.0,1,0.34461189998546615,60,1016,157,194,218,84667,0.0,0.0
697,Astronaut,mcet,8,7,best/1+LS,best,0.15,-149493480.8164317,-149493500.56290442,1.3208917205081094e-07,0,0.3756370001938194,60,1028,173,217,291,94838,0.0,0.0
698,Astronaut,mcet,8,8,best/1+LS,best,0.15,-149493500.56290442,-149493500.56290442,0.0,1,0.3787676997599192,60,974,158,218,347,95022,0.0,0.0
699,Astronaut,mcet,8,9,best/1+LS,best,0.15,-149492740.68325448,-149493500.56290442,5.083028005069745e-06,0,0.36405430000741035,60,1066,163,198,204,89143,0.0,0.0
700,Astronaut,mcet,8,0,SDE-donor,sde,0.0,-149493261.35271817,-149493500.56290442,1.6001377005845248e-06,0,0.0856745999190025,60,911,0,0,0,0,0.0,0.0
701,Astronaut,mcet,8,1,SDE-donor,sde,0.0,-149491057.9009304,-149493500.56290442,1.6339586435632494e-05,0,0.0844105000142008,60,948,0,0,0,0,0.0,0.0
702,Astronaut,mcet,8,2,SDE-donor,sde,0.0,-149492534.27473128,-149493500.56290442,6.463747049206979e-06,0,0.08328459970653057,60,863,0,0,0,0,0.0,0.0
703,Astronaut,mcet,8,3,SDE-donor,sde,0.0,-149493393.62651217,-149493500.56290442,7.15324692010137e-07,0,0.08447859971784055,60,860,0,0,0,0,0.0,0.0
704,Astronaut,mcet,8,4,SDE-donor,sde,0.0,-149492549.3938686,-149493500.56290442,6.36261129909067e-06,0,0.08682520012371242,60,969,0,0,0,0,0.0,0.0
705,Astronaut,mcet,8,5,SDE-donor,sde,0.0,-149492645.7500255,-149493500.56290442,5.718060488837343e-06,0,0.08805450022919104,60,918,0,0,0,0,0.0,0.0
706,Astronaut,mcet,8,6,SDE-donor,sde,0.0,-149490912.8640144,-149493500.56290442,1.7309775209535097e-05,0,0.08370900037698448,60,905,0,0,0,0,0.0,0.0
707,Astronaut,mcet,8,7,SDE-donor,sde,0.0,-149492482.2287764,-149493500.56290442,6.811895662271254e-06,0,0.08555049996357411,60,952,0,0,0,0,0.0,0.0
708,Astronaut,mcet,8,8,SDE-donor,sde,0.0,-149491346.69837368,-149493500.56290442,1.4407746976503888e-05,0,0.0834355999249965,60,941,0,0,0,0,0.0,0.0
709,Astronaut,mcet,8,9,SDE-donor,sde,0.0,-149493493.51022524,-149493500.56290442,4.7177162582605293e-08,0,0.08408390003023669,60,934,0,0,0,0,0.0,0.0
710,Astronaut,mcet,8,0,SDE-donor+LS,sde,0.15,-149493497.55096656,-149493500.56290442,2.014761742372084e-08,0,0.33394309983123094,60,993,131,180,310,78913,0.0,0.0
711,Astronaut,mcet,8,1,SDE-donor+LS,sde,0.15,-149493493.383613,-149493500.56290442,4.802410405872153e-08,0,0.36968130007153377,60,1008,152,204,252,89725,0.0,0.0
712,Astronaut,mcet,8,2,SDE-donor+LS,sde,0.15,-149493500.56290442,-149493500.56290442,0.0,1,0.3913852002588101,60,1019,165,220,292,96392,0.0,0.0
713,Astronaut,mcet,8,3,SDE-donor+LS,sde,0.15,-149493494.03456068,-149493500.56290442,4.3669749604788846e-08,0,0.35978459991747513,60,898,141,192,357,84531,0.0,0.0
714,Astronaut,mcet,8,4,SDE-donor+LS,sde,0.15,-149493500.56290442,-149493500.56290442,0.0,1,0.33795110002392903,60,915,134,177,290,78308,0.0,0.0
715,Astronaut,mcet,8,5,SDE-donor+LS,sde,0.15,-149492754.4372301,-149493500.56290442,4.9910241682606724e-06,0,0.34553609997965395,60,1071,145,182,230,82258,0.0,0.0
716,Astronaut,mcet,8,6,SDE-donor+LS,sde,0.15,-149493497.55096656,-149493500.56290442,2.014761742372084e-08,0,0.3910023002536036,60,1046,173,218,304,96000,0.0,0.0
717,Astronaut,mcet,8,7,SDE-donor+LS,sde,0.15,-149493500.56290442,-149493500.56290442,0.0,1,0.34103640011744574,60,972,144,180,228,78848,0.0,0.0
718,Astronaut,mcet,8,8,SDE-donor+LS,sde,0.15,-149493497.55096656,-149493500.56290442,2.014761742372084e-08,0,0.3580697000725195,60,1009,149,195,309,85318,0.0,0.0
719,Astronaut,mcet,8,9,SDE-donor+LS,sde,0.15,-149493500.56290442,-149493500.56290442,0.0,1,0.3581524000619538,60,1040,161,196,243,86056,0.0,0.0
720,Coffee,mcet,6,0,rand/1,rand,0.0,-114675081.59276092,-114675081.59276092,0.0,1,0.0714700999087654,60,410,0,0,0,0,0.31176914536239003,0.15000000000000002
721,Coffee,mcet,6,1,rand/1,rand,0.0,-114675081.59276092,-114675081.59276092,0.0,1,0.06933549995301291,60,549,0,0,0,0,0.0,0.0
722,Coffee,mcet,6,2,rand/1,rand,0.0,-114674963.45384568,-114675081.59276092,1.030205634911206e-06,0,0.07076340011553839,60,388,0,0,0,0,0.3634698759768387,0.10299082452950564
723,Coffee,mcet,6,3,rand/1,rand,0.0,-114675081.59276092,-114675081.59276092,0.0,1,0.07040430005872622,60,526,0,0,0,0,0.0,0.0
724,Coffee,mcet,6,4,rand/1,rand,0.0,-114675081.59276092,-114675081.59276092,0.0,1,0.07153879967518151,60,531,0,0,0,0,0.0,0.0
725,Coffee,mcet,6,5,rand/1,rand,0.0,-114675081.59276092,-114675081.59276092,0.0,1,0.07094260008307174,60,435,0,0,0,0,0.5946742793873188,0.20550211698203658
726,Coffee,mcet,6,6,rand/1,rand,0.0,-114675036.52794172,-114675081.59276092,3.9297830510261307e-07,0,0.07118149992311373,60,436,0,0,0,0,0.0,0.0
727,Coffee,mcet,6,7,rand/1,rand,0.0,-114675081.59276092,-114675081.59276092,0.0,1,0.07034569943789393,60,435,0,0,0,0,0.0,0.0
728,Coffee,mcet,6,8,rand/1,rand,0.0,-114675081.59276092,-114675081.59276092,0.0,1,0.07060310005908832,60,538,0,0,0,0,0.0,0.0
729,Coffee,mcet,6,9,rand/1,rand,0.0,-114675081.59276092,-114675081.59276092,0.0,1,0.06996430043363944,60,394,0,0,0,0,0.49814648986401033,0.18333333333333335
730,Coffee,mcet,6,0,rand/1+LS,rand,0.15,-114675065.87303956,-114675081.59276092,1.37080533483458e-07,0,0.28601460001664236,60,874,119,167,236,68716,0.0,0.0
731,Coffee,mcet,6,1,rand/1+LS,rand,0.15,-114675081.59276092,-114675081.59276092,0.0,1,0.3211282000411302,60,864,134,181,228,75096,0.0,0.0
732,Coffee,mcet,6,2,rand/1+LS,rand,0.15,-114675081.59276092,-114675081.59276092,0.0,1,0.2977211002144031,60,796,121,173,264,71665,0.0,0.0
733,Coffee,mcet,6,3,rand/1+LS,rand,0.15,-114675081.59276092,-114675081.59276092,0.0,1,0.3546525000128895,60,876,152,217,382,90764,0.0,0.0
734,Coffee,mcet,6,4,rand/1+LS,rand,0.15,-114675081.59276092,-114675081.59276092,0.0,1,0.3202628001454286,60,793,130,193,340,79912,0.0,0.0
735,Coffee,mcet,6,5,rand/1+LS,rand,0.15,-114675081.59276092,-114675081.59276092,0.0,1,0.2873594000702724,60,804,119,166,241,69344,0.0,0.0
736,Coffee,mcet,6,6,rand/1+LS,rand,0.15,-114675081.59276092,-114675081.59276092,0.0,1,0.26950910000596195,60,826,110,153,215,63527,0.0,0.0
737,Coffee,mcet,6,7,rand/1+LS,rand,0.15,-114675081.59276092,-114675081.59276092,0.0,1,0.2990727999713272,60,854,129,172,228,71279,0.0,0.0
738,Coffee,mcet,6,8,rand/1+LS,rand,0.15,-114675081.59276092,-114675081.59276092,0.0,1,0.3078791000880301,60,936,128,183,261,75946,0.0,0.0
739,Coffee,mcet,6,9,rand/1+LS,rand,0.15,-114675081.59276092,-114675081.59276092,0.0,1,0.2990166997187771,60,785,118,173,310,72853,0.0,0.0
740,Coffee,mcet,6,0,best/1,best,0.0,-114669227.17806743,-114675081.59276092,5.1052195578810395e-05,0,0.07732749992283061,60,1070,0,0,0,0,0.0,0.0
741,Coffee,mcet,6,1,best/1,best,0.0,-114669579.45268574,-114675081.59276092,4.7980258646916776e-05,0,0.07361740001942962,60,1097,0,0,0,0,0.0,0.0
742,Coffee,mcet,6,2,best/1,best,0.0,-114673841.20507269,-114675081.59276092,1.0816540707940078e-05,0,0.07416160026332363,60,1007,0,0,0,0,0.0,0.0
743,Coffee,mcet,6,3,best/1,best,0.0,-114673472.11034858,-114675081.59276092,1.4035153844964505e-05,0,0.07356780004920438,60,1050,0,0,0,0,0.0,0.0
744,Coffee,mcet,6,4,best/1,best,0.0,-114675081.59276092,-114675081.59276092,0.0,1,0.07510359992738813,60,1072,0,0,0,0,0.0,0.0
745,Coffee,mcet,6,5,best/1,best,0.0,-114669250.0167257,-114675081.59276092,5.0853035848937035e-05,0,0.07343400019453838,60,1058,0,0,0,0,0.0,0.0
746,Coffee,mcet,6,6,best/1,best,0.0,-114667812.29861845,-114675081.59276092,6.339035509287705e-05,0,0.07576770026935264,60,1075,0,0,0,0,0.0,0.0
747,Coffee,mcet,6,7,best/1,best,0.0,-114675081.59276092,-114675081.59276092,0.0,1,0.08348079986171797,60,1061,0,0,0,0,0.0,0.0
748,Coffee,mcet,6,8,best/1,best,0.0,-114675081.59276092,-114675081.59276092,0.0,1,0.08637049997923896,60,1056,0,0,0,0,0.0,0.0
749,Coffee,mcet,6,9,best/1,best,0.0,-114675081.59276092,-114675081.59276092,0.0,1,0.07500529999379069,60,1069,0,0,0,0,0.0,0.0
750,Coffee,mcet,6,0,best/1+LS,best,0.15,-114675081.59276092,-114675081.59276092,0.0,1,0.3249185000313446,60,1081,152,186,157,76874,0.0,0.0
751,Coffee,mcet,6,1,best/1+LS,best,0.15,-114675081.59276092,-114675081.59276092,0.0,1,0.36001159995794296,60,1068,175,214,209,88399,0.0,0.0
752,Coffee,mcet,6,2,best/1+LS,best,0.15,-114675081.59276092,-114675081.59276092,0.0,1,0.3873501001507975,60,1098,186,241,287,99853,0.0,0.0
753,Coffee,mcet,6,3,best/1+LS,best,0.15,-114675081.59276092,-114675081.59276092,0.0,1,0.34897859999909997,60,1082,166,210,216,86743,0.0,0.0
754,Coffee,mcet,6,4,best/1+LS,best,0.15,-114675081.59276092,-114675081.59276092,0.0,1,0.3337541999062523,60,1102,160,195,166,80484,0.0,0.0
755,Coffee,mcet,6,5,best/1+LS,best,0.15,-114675081.59276092,-114675081.59276092,0.0,1,0.31595040002139285,60,1084,152,185,161,76457,0.0,0.0
756,Coffee,mcet,6,6,best/1+LS,best,0.15,-114675081.59276092,-114675081.59276092,0.0,1,0.3075907001039013,60,1096,146,180,155,74567,0.0,0.0
757,Coffee,mcet,6,7,best/1+LS,best,0.15,-114675081.59276092,-114675081.59276092,0.0,1,0.3197810998535715,60,1084,156,190,163,78665,0.0,0.0
758,Coffee,mcet,6,8,best/1+LS,best,0.15,-114675081.59276092,-114675081.59276092,0.0,1,0.34485189977567643,60,1078,167,209,159,86329,0.0,0.0
759,Coffee,mcet,6,9,best/1+LS,best,0.15,-114675081.59276092,-114675081.59276092,0.0,1,0.3343939000624232,60,1077,162,202,215,83224,0.0,0.0
760,Coffee,mcet,6,0,SDE-donor,sde,0.0,-114675081.59276092,-114675081.59276092,0.0,1,0.07828730007167906,60,998,0,0,0,0,0.0,0.0
761,Coffee,mcet,6,1,SDE-donor,sde,0.0,-114675065.87303956,-114675081.59276092,1.37080533483458e-07,0,0.0770060004433617,60,993,0,0,0,0,0.0,0.0
762,Coffee,mcet,6,2,SDE-donor,sde,0.0,-114675008.28897348,-114675081.59276092,6.392303055024728e-07,0,0.0784805997973308,60,986,0,0,0,0,0.0,0.0
763,Coffee,mcet,6,3,SDE-donor,sde,0.0,-114674946.10909683,-114675081.59276092,1.1814568798523917e-06,0,0.07626769982744008,60,949,0,0,0,0,0.0,0.0
764,Coffee,mcet,6,4,SDE-donor,sde,0.0,-114674964.04866841,-114675081.59276092,1.0250186079971403e-06,0,0.0791053997236304,60,1021,0,0,0,0,0.0,0.0
765,Coffee,mcet,6,5,SDE-donor,sde,0.0,-114674482.24696642,-114675081.59276092,5.226469309412336e-06,0,0.07721390016376972,60,995,0,0,0,0,0.0,0.0
766,Coffee,mcet,6,6,SDE-donor,sde,0.0,-114674650.56532082,-114675081.59276092,3.7586843986873406e-06,0,0.08114790025865659,60,1020,0,0,0,0,0.0,0.0
767,Coffee,mcet,6,7,SDE-donor,sde,0.0,-114673219.10219297,-114675081.59276092,1.624145840651373e-05,0,0.07833040022524074,60,1018,0,0,0,0,0.0,0.0
768,Coffee,mcet,6,8,SDE-donor,sde,0.0,-114675065.87303956,-114675081.59276092,1.37080533483458e-07,0,0.07771470019361004,60,959,0,0,0,0,0.0,0.0
769,Coffee,mcet,6,9,SDE-donor,sde,0.0,-114674722.0577682,-114675081.59276092,3.135249504347014e-06,0,0.07912689977092668,60,991,0,0,0,0,0.0,0.0
770,Coffee,mcet,6,0,SDE-donor+LS,sde,0.15,-114675081.59276092,-114675081.59276092,0.0,1,0.3768889995990321,60,1092,174,227,302,94888,0.0,0.0
771,Coffee,mcet,6,1,SDE-donor+LS,sde,0.15,-114675081.59276092,-114675081.59276092,0.0,1,0.3238177001476288,60,1089,155,188,165,77899,0.0,0.0
772,Coffee,mcet,6,2,SDE-donor+LS,sde,0.15,-114675081.59276092,-114675081.59276092,0.0,1,0.35420749988406897,60,1075,174,213,174,87840,0.0,0.0
773,Coffee,mcet,6,3,SDE-donor+LS,sde,0.15,-114675081.59276092,-114675081.59276092,0.0,1,0.3270573001354933,60,1100,153,193,173,79572,0.0,0.0
774,Coffee,mcet,6,4,SDE-donor+LS,sde,0.15,-114675081.59276092,-114675081.59276092,0.0,1,0.33391650003613904,60,1117,156,199,193,82018,0.0,0.0
775,Coffee,mcet,6,5,SDE-donor+LS,sde,0.15,-114675081.59276092,-114675081.59276092,0.0,1,0.3247371001634747,60,1091,151,192,235,80095,0.0,0.0
776,Coffee,mcet,6,6,SDE-donor+LS,sde,0.15,-114675081.59276092,-114675081.59276092,0.0,1,0.352289300004486,60,1076,149,207,276,85924,0.0,0.0
777,Coffee,mcet,6,7,SDE-donor+LS,sde,0.15,-114675081.59276092,-114675081.59276092,0.0,1,0.38464700005715713,60,1112,202,236,164,97592,0.0,0.0
778,Coffee,mcet,6,8,SDE-donor+LS,sde,0.15,-114675081.59276092,-114675081.59276092,0.0,1,0.3528443997493014,60,1092,170,208,204,86073,0.0,0.0
779,Coffee,mcet,6,9,SDE-donor+LS,sde,0.15,-114675081.59276092,-114675081.59276092,0.0,1,0.30520849965978414,60,1066,141,178,178,73432,0.0,0.0
780,Coffee,mcet,7,0,rand/1,rand,0.0,-114703872.81799155,-114707439.88383755,3.109707486810318e-05,0,0.07173480011988431,60,345,0,0,0,0,1.0899050120811586,0.3821957407550248
781,Coffee,mcet,7,1,rand/1,rand,0.0,-114707439.88383755,-114707439.88383755,0.0,1,0.07231649989262223,60,378,0,0,0,0,0.8657414585869849,0.2692970297525961
782,Coffee,mcet,7,2,rand/1,rand,0.0,-114706898.70687193,-114707439.88383755,4.7178889719109374e-06,0,0.07214040035614744,60,344,0,0,0,0,2.0609815070253497,0.7023064066219366
783,Coffee,mcet,7,3,rand/1,rand,0.0,-114707439.88383755,-114707439.88383755,0.0,1,0.07297649973770604,60,364,0,0,0,0,0.8052596015083313,0.21428571428571433
784,Coffee,mcet,7,4,rand/1,rand,0.0,-114707126.06109741,-114707439.88383755,2.7358534063298813e-06,0,0.07165039976825938,60,351,0,0,0,0,3.697510641531393,1.2977598426819699
785,Coffee,mcet,7,5,rand/1,rand,0.0,-114707439.88383755,-114707439.88383755,0.0,1,0.07236110011581331,60,370,0,0,0,0,0.8172944783144598,0.240240248581059
786,Coffee,mcet,7,6,rand/1,rand,0.0,-114701006.92858024,-114707439.88383755,5.608141253807092e-05,0,0.07140949997119606,60,347,0,0,0,0,3.655852528744615,1.3108625720382225
787,Coffee,mcet,7,7,rand/1,rand,0.0,-114701990.10290805,-114707439.88383755,4.7510265550558306e-05,0,0.07183419988723472,60,333,0,0,0,0,2.914582125306097,1.5086481184920817
788,Coffee,mcet,7,8,rand/1,rand,0.0,-114707402.7921181,-114707439.88383755,3.2335931728690527e-07,0,0.07186400005593896,60,353,0,0,0,0,1.3705658446283795,0.4916735666620055
789,Coffee,mcet,7,9,rand/1,rand,0.0,-114707119.42438087,-114707439.88383755,2.7937111752012733e-06,0,0.07388229970820248,60,369,0,0,0,0,1.3023711923208734,0.427394080047853
790,Coffee,mcet,7,0,rand/1+LS,rand,0.15,-114707439.88383755,-114707439.88383755,0.0,1,0.3046798001159914,60,769,124,179,294,75081,0.0,0.0
791,Coffee,mcet,7,1,rand/1+LS,rand,0.15,-114707439.88383755,-114707439.88383755,0.0,1,0.29740939993644133,60,806,116,173,324,72143,0.0,0.0
792,Coffee,mcet,7,2,rand/1+LS,rand,0.15,-114707439.88383755,-114707439.88383755,0.0,1,0.2842032996704802,60,701,106,159,281,66964,0.0,0.0
793,Coffee,mcet,7,3,rand/1+LS,rand,0.15,-114707439.88383755,-114707439.88383755,0.0,1,0.29782730038277805,60,789,122,171,255,71353,0.0,0.0
794,Coffee,mcet,7,4,rand/1+LS,rand,0.15,-114707439.88383755,-114707439.88383755,0.0,1,0.29263019969221205,60,767,107,169,403,71108,0.0,0.0
795,Coffee,mcet,7,5,rand/1+LS,rand,0.15,-114707439.88383755,-114707439.88383755,0.0,1,0.2938434000243433,60,770,100,168,392,71183,0.0,0.0
796,Coffee,mcet,7,6,rand/1+LS,rand,0.15,-114707439.88383755,-114707439.88383755,0.0,1,0.29921770008513704,60,735,112,170,341,71749,0.0,0.0
797,Coffee,mcet,7,7,rand/1+LS,rand,0.15,-114707439.88383755,-114707439.88383755,0.0,1,0.267309199902229,60,717,102,149,275,62655,0.0,0.0
798,Coffee,mcet,7,8,rand/1+LS,rand,0.15,-114707439.88383755,-114707439.88383755,0.0,1,0.29070939973462373,60,762,115,168,305,70268,0.0,0.0
799,Coffee,mcet,7,9,rand/1+LS,rand,0.15,-114707439.88383755,-114707439.88383755,0.0,1,0.3035355000756681,60,731,124,178,304,74408,0.0,0.0
800,Coffee,mcet,7,0,best/1,best,0.0,-114706739.78484869,-114707439.88383755,6.103344208273021e-06,0,0.07697779999580234,60,1035,0,0,0,0,0.0,0.0
801,Coffee,mcet,7,1,best/1,best,0.0,-114707242.40763986,-114707439.88383755,1.72156398826225e-06,0,0.0757015998242423,60,1003,0,0,0,0,0.0,0.0
802,Coffee,mcet,7,2,best/1,best,0.0,-114704823.83001035,-114707439.88383755,2.2806313433946367e-05,0,0.07620900007896125,60,1074,0,0,0,0,0.0,0.0
803,Coffee,mcet,7,3,best/1,best,0.0,-114707241.71091259,-114707439.88383755,1.7276379384485147e-06,0,0.07543840009020641,60,1092,0,0,0,0,0.0,0.0
804,Coffee,mcet,7,4,best/1,best,0.0,-114704536.34275815,-114707439.88383755,2.531257852448229e-05,0,0.0763513003475964,60,1026,0,0,0,0,0.0,0.0
805,Coffee,mcet,7,5,best/1,best,0.0,-114701023.28194357,-114707439.88383755,5.593884669097597e-05,0,0.07661760010523722,60,1018,0,0,0,0,0.0,0.0
806,Coffee,mcet,7,6,best/1,best,0.0,-114689546.3203406,-114707439.88383755,0.00015599305080008606,0,0.07853089988930151,60,1036,0,0,0,0,0.0,0.0
807,Coffee,mcet,7,7,best/1,best,0.0,-114707083.52200404,-114707439.88383755,3.1067020053247213e-06,0,0.07802679989254102,60,1048,0,0,0,0,0.0,0.0
808,Coffee,mcet,7,8,best/1,best,0.0,-114706543.70050827,-114707439.88383755,7.81277422102474e-06,0,0.07894169999053702,60,1036,0,0,0,0,0.0,0.0
809,Coffee,mcet,7,9,best/1,best,0.0,-114700845.94311455,-114707439.88383755,5.74848565156675e-05,0,0.07655960024567321,60,988,0,0,0,0,0.0,0.0
810,Coffee,mcet,7,0,best/1+LS,best,0.15,-114707439.88383755,-114707439.88383755,0.0,1,0.3898996000061743,60,1069,183,227,223,94576,0.0,0.0
811,Coffee,mcet,7,1,best/1+LS,best,0.15,-114707439.88383755,-114707439.88383755,0.0,1,0.31221649987855926,60,1065,154,177,123,73124,0.0,0.0
812,Coffee,mcet,7,2,best/1+LS,best,0.15,-114707439.88383755,-114707439.88383755,0.0,1,0.3556253997958265,60,1077,175,211,207,87841,0.0,0.0
813,Coffee,mcet,7,3,best/1+LS,best,0.15,-114707439.88383755,-114707439.88383755,0.0,1,0.3820438999100588,60,1095,185,231,280,95869,0.0,0.0
814,Coffee,mcet,7,4,best/1+LS,best,0.15,-114707403.37567279,-114707439.88383755,3.182719865461375e-07,0,0.34654260001843795,60,1018,155,200,253,83817,0.0,0.0
815,Coffee,mcet,7,5,best/1+LS,best,0.15,-114700862.2749308,-114707439.88383755,5.734247851235241e-05,0,0.351345099916216,60,1037,163,198,216,85612,0.0,0.0
816,Coffee,mcet,7,6,best/1+LS,best,0.15,-114707439.88383755,-114707439.88383755,0.0,1,0.3483995001297444,60,1073,160,206,252,85719,0.0,0.0
817,Coffee,mcet,7,7,best/1+LS,best,0.15,-114707439.88383755,-114707439.88383755,0.0,1,0.31766140001127496,60,1030,144,183,216,76183,0.0,0.0
818,Coffee,mcet,7,8,best/1+LS,best,0.15,-114707439.88383755,-114707439.88383755,0.0,1,0.32225659996038303,60,1096,144,185,244,76935,0.0,0.0
819,Coffee,mcet,7,9,best/1+LS,best,0.15,-114707439.88383755,-114707439.88383755,0.0,1,0.36002329958137125,60,1058,166,213,244,89044,0.0,0.0
820,Coffee,mcet,7,0,SDE-donor,sde,0.0,-114700846.72132178,-114707439.88383755,5.7478072237085604e-05,0,0.08069120004074648,60,934,0,0,0,0,0.0,0.0
821,Coffee,mcet,7,1,SDE-donor,sde,0.0,-114700015.79079337,-114707439.88383755,6.47219836106094e-05,0,0.08056419994682074,60,958,0,0,0,0,0.0,0.0
822,Coffee,mcet,7,2,SDE-donor,sde,0.0,-114707402.32555269,-114707439.88383755,3.274267554211332e-07,0,0.08350339985918254,60,983,0,0,0,0,0.0,0.0
823,Coffee,mcet,7,3,SDE-donor,sde,0.0,-114707242.40763986,-114707439.88383755,1.72156398826225e-06,0,0.08002210012637079,60,963,0,0,0,0,0.0,0.0
824,Coffee,mcet,7,4,SDE-donor,sde,0.0,-114699384.73713708,-114707439.88383755,7.022340232358914e-05,0,0.08151260000886396,60,967,0,0,0,0,0.0,0.0
825,Coffee,mcet,7,5,SDE-donor,sde,0.0,-114700856.6894294,-114707439.88383755,5.739117196596163e-05,0,0.08192080026492476,60,971,0,0,0,0,0.0,0.0
826,Coffee,mcet,7,6,SDE-donor,sde,0.0,-114700709.29769072,-114707439.88383755,5.867610813777618e-05,0,0.08062650013016537,60,929,0,0,0,0,0.0,0.0
827,Coffee,mcet,7,7,SDE-donor,sde,0.0,-114707438.83371744,-114707439.88383755,9.154769004901441e-09,1,0.08262800023658201,60,935,0,0,0,0,0.0,0.0
828,Coffee,mcet,7,8,SDE-donor,sde,0.0,-114704065.7090189,-114707439.88383755,2.9415483616989993e-05,0,0.08379990013781935,60,924,0,0,0,0,0.0,0.0
829,Coffee,mcet,7,9,SDE-donor,sde,0.0,-114700602.7177315,-114707439.88383755,5.9605254140177296e-05,0,0.08192940009757876,60,903,0,0,0,0,0.0,0.0
830,Coffee,mcet,7,0,SDE-donor+LS,sde,0.15,-114707439.88383755,-114707439.88383755,0.0,1,0.332166499691084,60,1071,148,188,214,78440,0.0,0.0
831,Coffee,mcet,7,1,SDE-donor+LS,sde,0.15,-114707439.88383755,-114707439.88383755,0.0,1,0.365635100111831,60,1054,170,213,250,88485,0.0,0.0
832,Coffee,mcet,7,2,SDE-donor+LS,sde,0.15,-114700860.77171794,-114707439.88383755,5.7355583267115394e-05,0,0.3484162999666296,60,1079,158,189,167,81368,0.0,0.0
833,Coffee,mcet,7,3,SDE-donor+LS,sde,0.15,-114707439.88383755,-114707439.88383755,0.0,1,0.3666101999115199,60,1065,170,211,232,88339,0.0,0.0
834,Coffee,mcet,7,4,SDE-donor+LS,sde,0.15,-114707439.88383755,-114707439.88383755,0.0,1,0.39871669991407543,60,973,157,240,437,101353,0.0,0.0
835,Coffee,mcet,7,5,SDE-donor+LS,sde,0.15,-114707439.88383755,-114707439.88383755,0.0,1,0.3719359997776337,60,1077,169,224,347,93499,0.0,0.0
836,Coffee,mcet,7,6,SDE-donor+LS,sde,0.15,-114707439.88383755,-114707439.88383755,0.0,1,0.3526070997468196,60,1024,144,204,373,86181,0.0,0.0
837,Coffee,mcet,7,7,SDE-donor+LS,sde,0.15,-114707439.88383755,-114707439.88383755,0.0,1,0.34038649970898405,60,1062,149,196,291,81956,0.0,0.0
838,Coffee,mcet,7,8,SDE-donor+LS,sde,0.15,-114707439.88383755,-114707439.88383755,0.0,1,0.34401300008175895,60,1069,164,203,230,84294,0.0,0.0
839,Coffee,mcet,7,9,SDE-donor+LS,sde,0.15,-114707439.88383755,-114707439.88383755,0.0,1,0.3510515002417378,60,1076,164,204,229,84806,0.0,0.0
840,Coffee,mcet,8,0,rand/1,rand,0.0,-114731279.43117721,-114731361.98594882,7.1954843186002e-07,0,0.07786800031317398,60,395,0,0,0,0,0.65,0.09078649403958718
841,Coffee,mcet,8,1,rand/1,rand,0.0,-114730062.53636009,-114731361.98594882,1.132601902599287e-05,0,0.07752080028876662,60,423,0,0,0,0,2.8080434108628136,0.9260225522740768
842,Coffee,mcet,8,2,rand/1,rand,0.0,-114731307.82540265,-114731361.98594882,4.720640043941779e-07,0,0.07416950032347813,60,354,0,0,0,0,1.960290090864462,0.661620233790609
843,Coffee,mcet,8,3,rand/1,rand,0.0,-114731352.95527154,-114731361.98594882,7.871149716653328e-08,0,0.07644639990758151,60,385,0,0,0,0,0.5429950561103499,0.09873724356957946
844,Coffee,mcet,8,4,rand/1,rand,0.0,-114731184.84883162,-114731361.98594882,1.5439293504930516e-06,0,0.07416080014081672,60,327,0,0,0,0,3.5552910836898746,1.1551319468385675
845,Coffee,mcet,8,5,rand/1,rand,0.0,-114731352.95527154,-114731361.98594882,7.871149716653328e-08,0,0.07634029997279868,60,381,0,0,0,0,1.224156240731591,0.35008381303813374
846,Coffee,mcet,8,6,rand/1,rand,0.0,-114731345.13282391,-114731361.98594882,1.4689204947916808e-07,0,0.07574850006494671,60,384,0,0,0,0,0.83624986275387,0.22819249206267544
847,Coffee,mcet,8,7,rand/1,rand,0.0,-114731348.6500561,-114731361.98594882,1.1623580938265043e-07,0,0.07670769974356517,60,364,0,0,0,0,1.6849560108119728,0.5008862965566545
848,Coffee,mcet,8,8,rand/1,rand,0.0,-114731208.48105845,-114731361.98594882,1.3379505630394985e-06,0,0.07774000003701076,60,394,0,0,0,0,1.0219620491991315,0.24536072413459542
849,Coffee,mcet,8,9,rand/1,rand,0.0,-114731361.98594882,-114731361.98594882,0.0,1,0.07619939994765446,60,370,0,0,0,0,1.1939741819524543,0.3385160990119084
850,Coffee,mcet,8,0,rand/1+LS,rand,0.15,-114731361.98594882,-114731361.98594882,0.0,1,0.3273681002901867,60,769,121,187,483,81001,0.0,0.0
851,Coffee,mcet,8,1,rand/1+LS,rand,0.15,-114731361.98594882,-114731361.98594882,0.0,1,0.29593959997873753,60,681,107,161,321,69651,0.0,0.0
852,Coffee,mcet,8,2,rand/1+LS,rand,0.15,-114731361.98594882,-114731361.98594882,0.0,1,0.32247740018647164,60,790,134,183,334,79068,0.0,0.0
853,Coffee,mcet,8,3,rand/1+LS,rand,0.15,-114731361.98594882,-114731361.98594882,0.0,1,0.33975369995459914,60,742,126,193,463,83887,0.0,0.0
854,Coffee,mcet,8,4,rand/1+LS,rand,0.15,-114731361.98594882,-114731361.98594882,0.0,1,0.29690450005000457,60,713,100,160,402,69327,0.0,0.0
855,Coffee,mcet,8,5,rand/1+LS,rand,0.15,-114731361.98594882,-114731361.98594882,0.0,1,0.3351550000952557,60,824,118,181,421,78571,0.0,0.0
856,Coffee,mcet,8,6,rand/1+LS,rand,0.15,-114731361.98594882,-114731361.98594882,0.0,1,0.32409230002667755,60,795,122,175,331,76207,0.0,0.0
857,Coffee,mcet,8,7,rand/1+LS,rand,0.15,-114731338.79526402,-114731361.98594882,2.0213030154928179e-07,0,0.2765232002711855,60,775,104,140,251,60830,0.0,0.0
858,Coffee,mcet,8,8,rand/1+LS,rand,0.15,-114731361.98594882,-114731361.98594882,0.0,1,0.3155209998949431,60,790,121,170,251,73224,0.0,0.0
859,Coffee,mcet,8,9,rand/1+LS,rand,0.15,-114731361.98594882,-114731361.98594882,0.0,1,0.35407640010816976,60,792,130,196,419,85081,0.0,0.0
860,Coffee,mcet,8,0,best/1,best,0.0,-114730738.79346868,-114731361.98594882,5.431753527063562e-06,0,0.08613530010916293,60,1080,0,0,0,0,0.0,0.0
861,Coffee,mcet,8,1,best/1,best,0.0,-114730033.0717648,-114731361.98594882,1.1582832810628728e-05,0,0.08144460007315502,60,1076,0,0,0,0,0.0,0.0
862,Coffee,mcet,8,2,best/1,best,0.0,-114730528.94645241,-114731361.98594882,7.260782771052046e-06,0,0.08483719977084547,60,1080,0,0,0,0,0.0,0.0
863,Coffee,mcet,8,3,best/1,best,0.0,-114731231.36829913,-114731361.98594882,1.1384650842488345e-06,0,0.08303200011141598,60,1041,0,0,0,0,0.0,0.0
864,Coffee,mcet,8,4,best/1,best,0.0,-114731195.96376108,-114731361.98594882,1.447051485015435e-06,0,0.08152149996021762,60,1004,0,0,0,0,0.0,0.0
865,Coffee,mcet,8,5,best/1,best,0.0,-114731279.43117721,-114731361.98594882,7.1954843186002e-07,0,0.0813729003421031,60,1054,0,0,0,0,0.0,0.0
866,Coffee,mcet,8,6,best/1,best,0.0,-114729399.91337912,-114731361.98594882,1.7101449296299568e-05,0,0.0800001994939521,60,1072,0,0,0,0,0.0,0.0
867,Coffee,mcet,8,7,best/1,best,0.0,-114728320.02280161,-114731361.98594882,2.6513789207702813e-05,0,0.08037349989172071,60,1044,0,0,0,0,0.0,0.0
868,Coffee,mcet,8,8,best/1,best,0.0,-114730086.08726926,-114731361.98594882,1.1120749004188777e-05,0,0.08135149988811463,60,1061,0,0,0,0,0.0,0.0
869,Coffee,mcet,8,9,best/1,best,0.0,-114731060.97520566,-114731361.98594882,2.623613438781807e-06,0,0.07984919991577044,60,1076,0,0,0,0,0.0,0.0
870,Coffee,mcet,8,0,best/1+LS,best,0.15,-114731361.98594882,-114731361.98594882,0.0,1,0.3486202998319641,60,1073,150,200,335,85915,0.0,0.0
871,Coffee,mcet,8,1,best/1+LS,best,0.15,-114731361.98594882,-114731361.98594882,0.0,1,0.3475313996314071,60,1076,160,197,213,85332,0.0,0.0
872,Coffee,mcet,8,2,best/1+LS,best,0.15,-114731361.98594882,-114731361.98594882,0.0,1,0.3646071999683045,60,1058,160,209,302,90630,0.0,0.0
873,Coffee,mcet,8,3,best/1+LS,best,0.15,-114731338.79526402,-114731361.98594882,2.0213030154928179e-07,0,0.36227640009019524,60,1102,164,208,316,90116,0.0,0.0
874,Coffee,mcet,8,4,best/1+LS,best,0.15,-114731361.98594882,-114731361.98594882,0.0,1,0.3669093995122239,60,1039,169,213,291,91799,0.0,0.0
875,Coffee,mcet,8,5,best/1+LS,best,0.15,-114731361.98594882,-114731361.98594882,0.0,1,0.34155960025964305,60,1067,151,193,317,83460,0.0,0.0
876,Coffee,mcet,8,6,best/1+LS,best,0.15,-114731361.98594882,-114731361.98594882,0.0,1,0.3751901999930851,60,1068,179,216,238,93382,0.0,0.0
877,Coffee,mcet,8,7,best/1+LS,best,0.15,-114731361.98594882,-114731361.98594882,0.0,1,0.3484307996695861,60,1063,158,196,242,84379,0.0,0.0
878,Coffee,mcet,8,8,best/1+LS,best,0.15,-114731361.98594882,-114731361.98594882,0.0,1,0.4035703999688849,60,1063,172,223,344,96996,0.0,0.0
879,Coffee,mcet,8,9,best/1+LS,best,0.15,-114731361.98594882,-114731361.98594882,0.0,1,0.3710193000151776,60,1047,174,213,213,91644,0.0,0.0
880,Coffee,mcet,8,0,SDE-donor,sde,0.0,-114730563.68766977,-114731361.98594882,6.9579778817999225e-06,0,0.08365200005937368,60,969,0,0,0,0,0.0,0.0
881,Coffee,mcet,8,1,SDE-donor,sde,0.0,-114730180.65691514,-114731361.98594882,1.0296478776374042e-05,0,0.08476040017558262,60,958,0,0,0,0,0.0,0.0
882,Coffee,mcet,8,2,SDE-donor,sde,0.0,-114731008.93083432,-114731361.98594882,3.077232836615439e-06,0,0.08391710015712306,60,949,0,0,0,0,0.0,0.0
883,Coffee,mcet,8,3,SDE-donor,sde,0.0,-114729228.04973884,-114731361.98594882,1.8599414955415738e-05,0,0.08709880034439266,60,950,0,0,0,0,0.0,0.0
884,Coffee,mcet,8,4,SDE-donor,sde,0.0,-114731361.98594882,-114731361.98594882,0.0,1,0.08468749979510903,60,942,0,0,0,0,0.0,0.0
885,Coffee,mcet,8,5,SDE-donor,sde,0.0,-114731197.733238,-114731361.98594882,1.4316287018309821e-06,0,0.08423310006037354,60,899,0,0,0,0,0.0,0.0
886,Coffee,mcet,8,6,SDE-donor,sde,0.0,-114728897.57491422,-114731361.98594882,2.1479837700355757e-05,0,0.08594449982047081,60,966,0,0,0,0,0.0,0.0
887,Coffee,mcet,8,7,SDE-donor,sde,0.0,-114731290.28777851,-114731361.98594882,6.249221578410208e-07,0,0.08391109993681312,60,910,0,0,0,0,0.0,0.0
888,Coffee,mcet,8,8,SDE-donor,sde,0.0,-114726696.81057347,-114731361.98594882,4.066172748750001e-05,0,0.08349000016460195,60,985,0,0,0,0,0.0,0.0
889,Coffee,mcet,8,9,SDE-donor,sde,0.0,-114731361.98594882,-114731361.98594882,0.0,1,0.0826486999867484,60,922,0,0,0,0,0.0,0.0
890,Coffee,mcet,8,0,SDE-donor+LS,sde,0.15,-114731361.98594882,-114731361.98594882,0.0,1,0.35596600046847016,60,1053,158,203,310,87116,0.0,0.0
891,Coffee,mcet,8,1,SDE-donor+LS,sde,0.15,-114731361.98594882,-114731361.98594882,0.0,1,0.3164308002451435,60,1090,148,174,169,75189,0.0,0.0
892,Coffee,mcet,8,2,SDE-donor+LS,sde,0.15,-114731361.98594882,-114731361.98594882,0.0,1,0.36070909997215495,60,1077,162,204,283,88317,0.0,0.0
893,Coffee,mcet,8,3,SDE-donor+LS,sde,0.15,-114731361.98594882,-114731361.98594882,0.0,1,0.333738700079266,60,1071,150,180,189,77823,0.0,0.0
894,Coffee,mcet,8,4,SDE-donor+LS,sde,0.15,-114731361.98594882,-114731361.98594882,0.0,1,0.3611438000225462,60,1019,148,198,329,85507,0.0,0.0
895,Coffee,mcet,8,5,SDE-donor+LS,sde,0.15,-114731361.98594882,-114731361.98594882,0.0,1,0.365965899953153,60,1085,165,204,257,88442,0.0,0.0
896,Coffee,mcet,8,6,SDE-donor+LS,sde,0.15,-114731361.98594882,-114731361.98594882,0.0,1,0.36968209978658706,60,1074,180,208,179,89920,0.0,0.0
897,Coffee,mcet,8,7,SDE-donor+LS,sde,0.15,-114731361.98594882,-114731361.98594882,0.0,1,0.366308499884326,60,1079,170,208,241,89375,0.0,0.0
898,Coffee,mcet,8,8,SDE-donor+LS,sde,0.15,-114731361.98594882,-114731361.98594882,0.0,1,0.3718058999511413,60,1098,170,212,276,91574,0.0,0.0
899,Coffee,mcet,8,9,SDE-donor+LS,sde,0.15,-114731361.98594882,-114731361.98594882,0.0,1,0.3676194997970015,60,1087,166,208,280,89743,0.0,0.0
900,Cat,mcet,6,0,rand/1,rand,0.0,-77069237.36816211,-77069237.36816211,0.0,1,0.06961239996599033,60,329,0,0,0,0,1.3828962841755286,0.5583051265839635
901,Cat,mcet,6,1,rand/1,rand,0.0,-77069187.63303804,-77069237.36816211,6.453304296873452e-07,0,0.07616360014071688,60,479,0,0,0,0,0.0,0.0
902,Cat,mcet,6,2,rand/1,rand,0.0,-77069217.78329164,-77069237.36816211,2.5412046545877787e-07,0,0.07711600000038743,60,342,0,0,0,0,0.9316815730195911,0.3324618561687361
903,Cat,mcet,6,3,rand/1,rand,0.0,-77069237.36816211,-77069237.36816211,0.0,1,0.07220270007383078,60,360,0,0,0,0,0.6399422914290736,0.23333333333333336
904,Cat,mcet,6,4,rand/1,rand,0.0,-77069205.84174275,-77069237.36816211,4.090661907793724e-07,0,0.07498790032695979,60,336,0,0,0,0,2.0607508115126163,0.8765140034695328
905,Cat,mcet,6,5,rand/1,rand,0.0,-77069237.36816211,-77069237.36816211,0.0,1,0.07232420006766915,60,351,0,0,0,0,0.5617592711001851,0.13900683702260255
906,Cat,mcet,6,6,rand/1,rand,0.0,-77059221.78529252,-77069237.36816211,0.000129955650420473,0,0.0692261997028254,60,571,0,0,0,0,5.725,1.2789698545661226
907,Cat,mcet,6,7,rand/1,rand,0.0,-77069195.18751359,-77069237.36816211,5.473084976706156e-07,0,0.07117099990136921,60,380,0,0,0,0,0.5100000000000054,0.2380476142847617
908,Cat,mcet,6,8,rand/1,rand,0.0,-77069227.50122626,-77069237.36816211,1.2802690393905292e-07,0,0.07027840026421472,60,380,0,0,0,0,0.8548465359893272,0.32946967360181145
909,Cat,mcet,6,9,rand/1,rand,0.0,-77069095.44226086,-77069237.36816211,1.8415376367494946e-06,0,0.0770667000906542,60,385,0,0,0,0,0.6788225099390871,0.1632993161855452
910,Cat,mcet,6,0,rand/1+LS,rand,0.15,-77069237.36816211,-77069237.36816211,0.0,1,0.26135440001962706,60,740,110,166,261,60023,0.0,0.0
911,Cat,mcet,6,1,rand/1+LS,rand,0.15,-77069237.36816211,-77069237.36816211,0.0,1,0.256729600019753,60,655,95,158,340,57410,0.0,0.0
912,Cat,mcet,6,2,rand/1+LS,rand,0.15,-77069237.36816211,-77069237.36816211,0.0,1,0.2960037997690961,60,765,129,211,379,75905,0.0,0.0
913,Cat,mcet,6,3,rand/1+LS,rand,0.15,-77069237.36816211,-77069237.36816211,0.0,1,0.30946229974506423,60,873,140,225,448,80985,0.0,0.0
914,Cat,mcet,6,4,rand/1+LS,rand,0.15,-77069237.36816211,-77069237.36816211,0.0,1,0.2680803000112064,60,762,114,185,359,66934,0.0,0.0
915,Cat,mcet,6,5,rand/1+LS,rand,0.15,-77069237.36816211,-77069237.36816211,0.0,1,0.2343064997694455,60,684,97,153,264,55319,0.0,0.0
916,Cat,mcet,6,6,rand/1+LS,rand,0.15,-77069237.36816211,-77069237.36816211,0.0,1,0.23005370004102588,60,719,92,146,260,52453,0.0,0.0
917,Cat,mcet,6,7,rand/1+LS,rand,0.15,-77069237.36816211,-77069237.36816211,0.0,1,0.22588679968612269,60,614,88,142,279,51075,0.0,0.0
918,Cat,mcet,6,8,rand/1+LS,rand,0.15,-77069237.36816211,-77069237.36816211,0.0,1,0.23121800017543137,60,707,102,153,220,54786,0.0,0.0
919,Cat,mcet,6,9,rand/1+LS,rand,0.15,-77069237.36816211,-77069237.36816211,0.0,1,0.22974799992516637,60,678,92,147,195,52807,0.0,0.0
920,Cat,mcet,6,0,best/1,best,0.0,-77069187.23832694,-77069237.36816211,6.504519427643471e-07,0,0.07621230004588142,60,1068,0,0,0,0,0.0,0.0
921,Cat,mcet,6,1,best/1,best,0.0,-77042879.53480011,-77069237.36816211,0.00034200200056588105,0,0.07155330013483763,60,1141,0,0,0,0,0.0,0.0
922,Cat,mcet,6,2,best/1,best,0.0,-77069198.82119593,-77069237.36816211,5.001602130311126e-07,0,0.07288710027933121,60,1057,0,0,0,0,0.0,0.0
923,Cat,mcet,6,3,best/1,best,0.0,-77059214.30779795,-77069237.36816211,0.0001300526734976823,0,0.07418289955239743,60,1056,0,0,0,0,0.0,0.0
924,Cat,mcet,6,4,best/1,best,0.0,-77059221.78529252,-77069237.36816211,0.000129955650420473,0,0.07212309958413243,60,1058,0,0,0,0,0.0,0.0
925,Cat,mcet,6,5,best/1,best,0.0,-77069221.34328619,-77069237.36816211,2.0792830539427658e-07,0,0.07423259963979945,60,1057,0,0,0,0,0.0,0.0
926,Cat,mcet,6,6,best/1,best,0.0,-77065535.6615955,-77069237.36816211,4.803092249289722e-05,0,0.07481060014106333,60,990,0,0,0,0,0.0,0.0
927,Cat,mcet,6,7,best/1,best,0.0,-77059222.8691307,-77069237.36816211,0.0001299415872453759,0,0.07290720008313656,60,1044,0,0,0,0,0.0,0.0
928,Cat,mcet,6,8,best/1,best,0.0,-77069237.36816211,-77069237.36816211,0.0,1,0.07322610006667674,60,927,0,0,0,0,0.0,0.0
929,Cat,mcet,6,9,best/1,best,0.0,-77069198.82119593,-77069237.36816211,5.001602130311126e-07,0,0.07429929979844019,60,1074,0,0,0,0,0.0,0.0
930,Cat,mcet,6,0,best/1+LS,best,0.15,-77069237.36816211,-77069237.36816211,0.0,1,0.2854065998690203,60,1043,146,200,295,71871,0.0,0.0
931,Cat,mcet,6,1,best/1+LS,best,0.15,-77069237.36816211,-77069237.36816211,0.0,1,0.29398679971927777,60,1046,160,205,244,74202,0.0,0.0
932,Cat,mcet,6,2,best/1+LS,best,0.15,-77069237.36816211,-77069237.36816211,0.0,1,0.2956394000793807,60,1028,166,209,270,74820,0.0,0.0
933,Cat,mcet,6,3,best/1+LS,best,0.15,-77069237.36816211,-77069237.36816211,0.0,1,0.30430280015571043,60,1071,171,214,228,76850,0.0,0.0
934,Cat,mcet,6,4,best/1+LS,best,0.15,-77069237.36816211,-77069237.36816211,0.0,1,0.3212279001600109,60,1049,175,223,220,80097,0.0,0.0
935,Cat,mcet,6,5,best/1+LS,best,0.15,-77069237.36816211,-77069237.36816211,0.0,1,0.2804062001523562,60,996,139,189,238,67583,0.0,0.0
936,Cat,mcet,6,6,best/1+LS,best,0.15,-77069237.36816211,-77069237.36816211,0.0,1,0.2744404999539256,60,1007,140,190,248,68181,0.0,0.0
937,Cat,mcet,6,7,best/1+LS,best,0.15,-77069237.36816211,-77069237.36816211,0.0,1,0.26547880022553727,60,1054,145,179,152,64089,0.0,0.0
938,Cat,mcet,6,8,best/1+LS,best,0.15,-77069237.36816211,-77069237.36816211,0.0,1,0.25747769977897406,60,1036,139,176,175,62678,0.0,0.0
939,Cat,mcet,6,9,best/1+LS,best,0.15,-77069237.36816211,-77069237.36816211,0.0,1,0.27321840001968667,60,1034,157,189,155,67603,0.0,0.0
940,Cat,mcet,6,0,SDE-donor,sde,0.0,-77069187.63303804,-77069237.36816211,6.453304296873452e-07,0,0.07711529964581132,60,940,0,0,0,0,0.0,0.0
941,Cat,mcet,6,1,SDE-donor,sde,0.0,-77069138.06311697,-77069237.36816211,1.2885172934615476e-06,0,0.07720669987611473,60,939,0,0,0,0,0.0,0.0
942,Cat,mcet,6,2,SDE-donor,sde,0.0,-77069175.3973935,-77069237.36816211,8.0409214794182e-07,0,0.07558240031357855,60,958,0,0,0,0,0.0,0.0
943,Cat,mcet,6,3,SDE-donor,sde,0.0,-77066212.70803632,-77069237.36816211,3.924601084792279e-05,0,0.08464349992573261,60,989,0,0,0,0,0.0,0.0
944,Cat,mcet,6,4,SDE-donor,sde,0.0,-77066789.16005202,-77069237.36816211,3.176634664748147e-05,0,0.07755050004925579,60,925,0,0,0,0,0.0,0.0
945,Cat,mcet,6,5,SDE-donor,sde,0.0,-77069044.85573491,-77069237.36816211,2.497915300189995e-06,0,0.07746909966226667,60,948,0,0,0,0,0.0,0.0
946,Cat,mcet,6,6,SDE-donor,sde,0.0,-77063048.76121892,-77069237.36816211,8.02993146750231e-05,0,0.07735890022013336,60,967,0,0,0,0,0.55,0.09860132971832693
947,Cat,mcet,6,7,SDE-donor,sde,0.0,-77067072.22832434,-77069237.36816211,2.8093437948901902e-05,0,0.07616109977243468,60,948,0,0,0,0,0.0,0.0
948,Cat,mcet,6,8,SDE-donor,sde,0.0,-77069237.36816211,-77069237.36816211,0.0,1,0.08162339951377362,60,1019,0,0,0,0,0.0,0.0
949,Cat,mcet,6,9,SDE-donor,sde,0.0,-77069020.1248702,-77069237.36816211,2.8188068201153356e-06,0,0.07679949986049905,60,1006,0,0,0,0,0.0,0.0
950,Cat,mcet,6,0,SDE-donor+LS,sde,0.15,-77069237.36816211,-77069237.36816211,0.0,1,0.2861641001072712,60,1055,157,195,203,70169,0.0,0.0
951,Cat,mcet,6,1,SDE-donor+LS,sde,0.15,-77069237.36816211,-77069237.36816211,0.0,1,0.3121308000991121,60,1086,170,213,228,76583,0.0,0.0
952,Cat,mcet,6,2,SDE-donor+LS,sde,0.15,-77069219.49922478,-77069237.36816211,2.3185563966459626e-07,0,0.2851061000255868,60,1065,151,191,218,68756,0.0,0.0
953,Cat,mcet,6,3,SDE-donor+LS,sde,0.15,-77069237.36816211,-77069237.36816211,0.0,1,0.3153452997794375,60,1071,164,219,302,78701,0.0,0.0
954,Cat,mcet,6,4,SDE-donor+LS,sde,0.15,-77069237.36816211,-77069237.36816211,0.0,1,0.2880246000713669,60,1069,160,193,155,69076,0.0,0.0
955,Cat,mcet,6,5,SDE-donor+LS,sde,0.15,-77069237.36816211,-77069237.36816211,0.0,1,0.3051726999110542,60,1044,164,209,224,74924,0.0,0.0
956,Cat,mcet,6,6,SDE-donor+LS,sde,0.15,-77069237.36816211,-77069237.36816211,0.0,1,0.32303859991952777,60,1077,179,230,272,82829,0.0,0.0
957,Cat,mcet,6,7,SDE-donor+LS,sde,0.15,-77069237.36816211,-77069237.36816211,0.0,1,0.2834342001588084,60,1058,152,196,242,70372,0.0,0.0
958,Cat,mcet,6,8,SDE-donor+LS,sde,0.15,-77069237.36816211,-77069237.36816211,0.0,1,0.312170100340154,60,1078,175,216,201,77383,0.0,0.0
959,Cat,mcet,6,9,SDE-donor+LS,sde,0.15,-77069219.49922478,-77069237.36816211,2.3185563966459626e-07,0,0.32752469985280186,60,1068,160,211,304,76134,0.0,0.0
960,Cat,mcet,7,0,rand/1,rand,0.0,-77069221.34328619,-77075910.25274462,8.678339881416366e-05,0,0.07305850001284853,60,383,0,0,0,0,3.075,0.506840956417337
961,Cat,mcet,7,1,rand/1,rand,0.0,-77075908.97277586,-77075910.25274462,1.6606599250788488e-08,0,0.07670439995126799,60,342,0,0,0,0,0.7458177554884637,0.2658731732625805
962,Cat,mcet,7,2,rand/1,rand,0.0,-77075885.57135664,-77075910.25274462,3.2022181632208583e-07,0,0.0765483999857679,60,302,0,0,0,0,3.055038403711221,1.2216856802254836
963,Cat,mcet,7,3,rand/1,rand,0.0,-77075903.11354753,-77075910.25274462,9.262553057001642e-08,0,0.07462060014950112,60,326,0,0,0,0,0.9033413892220621,0.3433857699052352
964,Cat,mcet,7,4,rand/1,rand,0.0,-77075887.52295373,-77075910.25274462,2.9490136161534e-07,0,0.07715509994886816,60,338,0,0,0,0,1.2605260649065297,0.47472933869506745
965,Cat,mcet,7,5,rand/1,rand,0.0,-77075878.43215956,-77075910.25274462,4.1284734689210225e-07,0,0.07449800003087148,60,355,0,0,0,0,2.356118640481692,0.920951449100162
966,Cat,mcet,7,6,rand/1,rand,0.0,-77075451.65086229,-77075910.25274462,5.95000280658109e-06,0,0.07310719991801307,60,380,0,0,0,0,1.1208944446518643,0.3693855449374599
967,Cat,mcet,7,7,rand/1,rand,0.0,-77075884.16071932,-77075910.25274462,3.385237386018522e-07,0,0.07330300018656999,60,395,0,0,0,0,0.7307131222943202,0.17363409510433478
968,Cat,mcet,7,8,rand/1,rand,0.0,-77075907.85895029,-77075910.25274462,3.1057619950574354e-08,0,0.07259390002582222,60,339,0,0,0,0,0.9568531699957885,0.35349475989454043
969,Cat,mcet,7,9,rand/1,rand,0.0,-77069209.7604172,-77075910.25274462,8.693367753231697e-05,0,0.0734786000684835,60,376,0,0,0,0,7.881394112348628,1.7715954364311546
970,Cat,mcet,7,0,rand/1+LS,rand,0.15,-77075910.25274462,-77075910.25274462,0.0,1,0.1770794001640752,60,355,40,95,322,34903,0.0,0.0
971,Cat,mcet,7,1,rand/1+LS,rand,0.15,-77075910.25274462,-77075910.25274462,0.0,1,0.2100332000409253,60,413,62,125,316,45657,0.0,0.0
972,Cat,mcet,7,2,rand/1+LS,rand,0.15,-77075910.25274462,-77075910.25274462,0.0,1,0.23684399999910966,60,578,91,148,325,54297,0.0,0.0
973,Cat,mcet,7,3,rand/1+LS,rand,0.15,-77075908.97277586,-77075910.25274462,1.6606599250788488e-08,0,0.25963580020470545,60,638,105,170,374,61876,0.0,0.0
974,Cat,mcet,7,4,rand/1+LS,rand,0.15,-77075910.25274462,-77075910.25274462,0.0,1,0.22972339973784983,60,526,83,144,365,52777,0.0,0.0
975,Cat,mcet,7,5,rand/1+LS,rand,0.15,-77075910.25274462,-77075910.25274462,0.0,1,0.2581796001177281,60,593,98,168,404,61403,0.0,0.0
976,Cat,mcet,7,6,rand/1+LS,rand,0.15,-77075910.25274462,-77075910.25274462,0.0,1,0.2142496999586001,60,436,62,125,315,45623,0.0,0.0
977,Cat,mcet,7,7,rand/1+LS,rand,0.15,-77075908.97277586,-77075910.25274462,1.6606599250788488e-08,0,0.23822829982964322,60,505,75,139,356,51253,0.0,0.0
978,Cat,mcet,7,8,rand/1+LS,rand,0.15,-77075907.85895029,-77075910.25274462,3.1057619950574354e-08,0,0.20438010001089424,60,519,70,119,297,42930,0.0,0.0
979,Cat,mcet,7,9,rand/1+LS,rand,0.15,-77075910.25274462,-77075910.25274462,0.0,1,0.23883289966033772,60,439,79,154,425,56423,0.0,0.0
980,Cat,mcet,7,0,best/1,best,0.0,-77068578.03111891,-77075910.25274462,9.512987393411287e-05,0,0.0819182000705041,60,1073,0,0,0,0,0.0,0.0
981,Cat,mcet,7,1,best/1,best,0.0,-77059093.87981746,-77075910.25274462,0.0002181793620343297,0,0.07584479998331517,60,1046,0,0,0,0,0.0,0.0
982,Cat,mcet,7,2,best/1,best,0.0,-77075815.84086873,-77075910.25274462,1.2249206733869656e-06,0,0.07922470004996285,60,1053,0,0,0,0,0.0,0.0
983,Cat,mcet,7,3,best/1,best,0.0,-77075422.34066662,-77075910.25274462,6.330279803290164e-06,0,0.07904739998048171,60,1098,0,0,0,0,0.0,0.0
984,Cat,mcet,7,4,best/1,best,0.0,-77074570.60526364,-77075910.25274462,1.7380884333206533e-05,0,0.07776960037881508,60,1041,0,0,0,0,0.0,0.0
985,Cat,mcet,7,5,best/1,best,0.0,-77069221.34328619,-77075910.25274462,8.678339881416366e-05,0,0.07814599975245073,60,1021,0,0,0,0,0.0,0.0
986,Cat,mcet,7,6,best/1,best,0.0,-77069221.34328619,-77075910.25274462,8.678339881416366e-05,0,0.07839030009927228,60,1033,0,0,0,0,0.0,0.0
987,Cat,mcet,7,7,best/1,best,0.0,-77068140.83442372,-77075910.25274462,0.00010080216108271752,0,0.07548189989756793,60,1059,0,0,0,0,0.0,0.0
988,Cat,mcet,7,8,best/1,best,0.0,-77075903.11354753,-77075910.25274462,9.262553057001642e-08,0,0.08001620008144528,60,997,0,0,0,0,0.0,0.0
989,Cat,mcet,7,9,best/1,best,0.0,-77069221.34328619,-77075910.25274462,8.678339881416366e-05,0,0.07553369976812974,60,1067,0,0,0,0,0.0,0.0
990,Cat,mcet,7,0,best/1+LS,best,0.15,-77075908.97277586,-77075910.25274462,1.6606599250788488e-08,0,0.28080159990349784,60,1001,149,187,219,68025,0.0,0.0
991,Cat,mcet,7,1,best/1+LS,best,0.15,-77075908.97277586,-77075910.25274462,1.6606599250788488e-08,0,0.2885777999763377,60,994,144,191,257,70150,0.0,0.0
992,Cat,mcet,7,2,best/1+LS,best,0.15,-77075910.25274462,-77075910.25274462,0.0,1,0.2700635998044163,60,898,137,180,232,65110,0.0,0.0
993,Cat,mcet,7,3,best/1+LS,best,0.15,-77075910.25274462,-77075910.25274462,0.0,1,0.27574710006592795,60,1002,149,190,232,68639,0.0,0.0
994,Cat,mcet,7,4,best/1+LS,best,0.15,-77075910.25274462,-77075910.25274462,0.0,1,0.26652450003894046,60,986,134,172,187,62362,0.0,0.0
995,Cat,mcet,7,5,best/1+LS,best,0.15,-77075910.25274462,-77075910.25274462,0.0,1,0.30421409994596615,60,1020,160,216,326,78422,0.0,0.0
996,Cat,mcet,7,6,best/1+LS,best,0.15,-77075910.25274462,-77075910.25274462,0.0,1,0.2647377999383025,60,987,141,177,160,64148,0.0,0.0
997,Cat,mcet,7,7,best/1+LS,best,0.15,-77075908.97277586,-77075910.25274462,1.6606599250788488e-08,0,0.2764804001781158,60,970,147,190,270,69029,0.0,0.0
998,Cat,mcet,7,8,best/1+LS,best,0.15,-77075910.25274462,-77075910.25274462,0.0,1,0.26071059983223677,60,916,129,176,248,63625,0.0,0.0
999,Cat,mcet,7,9,best/1+LS,best,0.15,-77075910.25274462,-77075910.25274462,0.0,1,0.3118720999918878,60,1032,178,224,273,81857,0.0,0.0
1000,Cat,mcet,7,0,SDE-donor,sde,0.0,-77075865.22943203,-77075910.25274462,5.841424698836102e-07,0,0.07945059990743175,60,952,0,0,0,0,0.0,0.0
1001,Cat,mcet,7,1,SDE-donor,sde,0.0,-77075303.67097107,-77075910.25274462,7.8699268235722e-06,0,0.07923030015081167,60,995,0,0,0,0,0.0,0.0
1002,Cat,mcet,7,2,SDE-donor,sde,0.0,-77074959.22984919,-77075910.25274462,1.2338782536683604e-05,0,0.08125960029428825,60,920,0,0,0,0,0.0,0.0
1003,Cat,mcet,7,3,SDE-donor,sde,0.0,-77072574.93339019,-77075910.25274462,4.327317502307503e-05,0,0.0782991002779454,60,864,0,0,0,0,0.0,0.0
1004,Cat,mcet,7,4,SDE-donor,sde,0.0,-77071512.94376434,-77075910.25274462,5.70516645973005e-05,0,0.07925110001815483,60,993,0,0,0,0,0.0,0.0
1005,Cat,mcet,7,5,SDE-donor,sde,0.0,-77074356.37870759,-77075910.25274462,2.0160307311739167e-05,0,0.08018969988916069,60,969,0,0,0,0,0.0,0.0
1006,Cat,mcet,7,6,SDE-donor,sde,0.0,-77069101.81769529,-77075910.25274462,8.833415041092926e-05,0,0.07868539972696453,60,983,0,0,0,0,9.684999999999999,1.7084872172271501
1007,Cat,mcet,7,7,SDE-donor,sde,0.0,-77075405.3651365,-77075910.25274462,6.550524106109095e-06,0,0.08055650029564276,60,994,0,0,0,0,0.0,0.0
1008,Cat,mcet,7,8,SDE-donor,sde,0.0,-77075891.29991639,-77075910.25274462,2.458982082251668e-07,0,0.07887089980067685,60,870,0,0,0,0,0.0,0.0
1009,Cat,mcet,7,9,SDE-donor,sde,0.0,-77075457.43407467,-77075910.25274462,5.874970123092086e-06,0,0.08157829969422892,60,971,0,0,0,0,0.0,0.0
1010,Cat,mcet,7,0,SDE-donor+LS,sde,0.15,-77075908.97277586,-77075910.25274462,1.6606599250788488e-08,0,0.29113619989948347,60,1032,153,198,281,72135,0.0,0.0
1011,Cat,mcet,7,1,SDE-donor+LS,sde,0.15,-77075908.97277586,-77075910.25274462,1.6606599250788488e-08,0,0.3058701001573354,60,1007,165,210,247,76550,0.0,0.0
1012,Cat,mcet,7,2,SDE-donor+LS,sde,0.15,-77075910.25274462,-77075910.25274462,0.0,1,0.27381789992796257,60,1027,149,182,175,66042,0.0,0.0
1013,Cat,mcet,7,3,SDE-donor+LS,sde,0.15,-77075908.97277586,-77075910.25274462,1.6606599250788488e-08,0,0.2805369002162479,60,1010,145,188,219,68316,0.0,0.0
1014,Cat,mcet,7,4,SDE-donor+LS,sde,0.15,-77075910.25274462,-77075910.25274462,0.0,1,0.28367109986720607,60,1028,154,192,240,70053,0.0,0.0
1015,Cat,mcet,7,5,SDE-donor+LS,sde,0.15,-77075910.25274462,-77075910.25274462,0.0,1,0.2940011999453418,60,1028,155,202,309,73677,0.0,0.0
1016,Cat,mcet,7,6,SDE-donor+LS,sde,0.15,-77075910.25274462,-77075910.25274462,0.0,1,0.30138190009165555,60,1072,159,210,274,76457,0.0,0.0
1017,Cat,mcet,7,7,SDE-donor+LS,sde,0.15,-77075908.97277586,-77075910.25274462,1.6606599250788488e-08,0,0.3125987999374047,60,1048,174,218,260,79806,0.0,0.0
1018,Cat,mcet,7,8,SDE-donor+LS,sde,0.15,-77075910.25274462,-77075910.25274462,0.0,1,0.28323400038061664,60,1052,152,193,240,69936,0.0,0.0
1019,Cat,mcet,7,9,SDE-donor+LS,sde,0.15,-77075908.97277586,-77075910.25274462,1.6606599250788488e-08,0,0.335353099857457,60,1074,176,235,378,85836,0.0,0.0
1020,Cat,mcet,8,0,rand/1,rand,0.0,-77080173.49405214,-77080271.37209173,1.2698196028796323e-06,0,0.07662669999990612,60,321,0,0,0,0,4.7150709888246345,1.7524311422577816
1021,Cat,mcet,8,1,rand/1,rand,0.0,-77080188.81207764,-77080271.37209173,1.071091378044549e-06,0,0.0755416001775302,60,328,0,0,0,0,4.320395769208082,1.6033505660744067
1022,Cat,mcet,8,2,rand/1,rand,0.0,-77080211.25933895,-77080271.37209173,7.798720958069064e-07,0,0.07523449999280274,60,325,0,0,0,0,2.095663298039921,0.7517413620406291
1023,Cat,mcet,8,3,rand/1,rand,0.0,-77080230.78116183,-77080271.37209173,5.266059547156198e-07,0,0.07547389989485964,60,339,0,0,0,0,1.0183208516578788,0.3366952486544066
1024,Cat,mcet,8,4,rand/1,rand,0.0,-77080172.12419121,-77080271.37209173,1.2875914776777656e-06,0,0.07495910016587004,60,299,0,0,0,0,4.370207699993253,1.5165379329793012
1025,Cat,mcet,8,5,rand/1,rand,0.0,-77079906.41662318,-77080271.37209173,4.734745506908828e-06,0,0.07513669994659722,60,309,0,0,0,0,5.237206391283468,1.8087710980198843
1026,Cat,mcet,8,6,rand/1,rand,0.0,-77080157.10890669,-77080271.37209173,1.482392095995314e-06,0,0.07395710004493594,60,347,0,0,0,0,2.7057642037331924,1.0347266723519166
1027,Cat,mcet,8,7,rand/1,rand,0.0,-77075887.52295373,-77080271.37209173,5.687381556856995e-05,0,0.07469889963977039,60,368,0,0,0,0,2.66062023469157,0.6041075493113439
1028,Cat,mcet,8,8,rand/1,rand,0.0,-77075884.16071932,-77080271.37209173,5.691743547744901e-05,0,0.07326939952326939,60,375,0,0,0,0,4.2717620674793135,0.9460372619761066
1029,Cat,mcet,8,9,rand/1,rand,0.0,-77080199.86655761,-77080271.37209173,9.276762113002018e-07,0,0.07566400006180629,60,325,0,0,0,0,2.4884379835896357,0.902993598502656
1030,Cat,mcet,8,0,rand/1+LS,rand,0.15,-77080271.37209173,-77080271.37209173,0.0,1,0.18855670001357794,60,200,34,103,430,38866,1.8942349567937373,0.6500476259375008
1031,Cat,mcet,8,1,rand/1+LS,rand,0.15,-77080271.37209173,-77080271.37209173,0.0,1,0.18202399980509654,60,329,48,99,333,36874,0.0,0.0
1032,Cat,mcet,8,2,rand/1+LS,rand,0.15,-77080271.37209173,-77080271.37209173,0.0,1,0.1711091999313794,60,195,25,88,398,32612,2.0118464336744344,0.8351482493539408
1033,Cat,mcet,8,3,rand/1+LS,rand,0.15,-77080271.37209173,-77080271.37209173,0.0,1,0.2273373000207357,60,419,70,139,411,51578,0.0,0.0
1034,Cat,mcet,8,4,rand/1+LS,rand,0.15,-77080271.37209173,-77080271.37209173,0.0,1,0.17878170002950355,60,185,28,94,444,35890,1.772472179703732,0.6580320505452202
1035,Cat,mcet,8,5,rand/1+LS,rand,0.15,-77080270.377294,-77080271.37209173,1.2905996616215199e-08,0,0.18649779970292002,60,197,31,102,470,38506,1.852289672824865,0.6375645963065527
1036,Cat,mcet,8,6,rand/1+LS,rand,0.15,-77080253.881063,-77080271.37209173,2.2691965680382722e-07,0,0.19558889989275485,60,364,54,113,387,41995,0.0,0.0
1037,Cat,mcet,8,7,rand/1+LS,rand,0.15,-77080271.37209173,-77080271.37209173,0.0,1,0.1978212003596127,60,330,48,114,362,42659,0.6746665843214773,0.31243749374874974
1038,Cat,mcet,8,8,rand/1+LS,rand,0.15,-77080270.377294,-77080271.37209173,1.2905996616215199e-08,0,0.16962280008010566,60,202,29,88,381,32896,2.179499334256783,0.7903070376616816
1039,Cat,mcet,8,9,rand/1+LS,rand,0.15,-77080270.377294,-77080271.37209173,1.2905996616215199e-08,0,0.2180496003711596,60,402,64,132,477,49466,0.0,0.0
1040,Cat,mcet,8,0,best/1,best,0.0,-77070711.03548889,-77080271.37209173,0.000124030915208977,0,0.07722879986977205,60,1055,0,0,0,0,0.0,0.0
1041,Cat,mcet,8,1,best/1,best,0.0,-77075809.56722371,-77080271.37209173,5.7885173321122244e-05,0,0.07833510008640587,60,1062,0,0,0,0,0.0,0.0
1042,Cat,mcet,8,2,best/1,best,0.0,-77080179.86610003,-77080271.37209173,1.187151914081646e-06,0,0.07873140013543889,60,1024,0,0,0,0,0.0,0.0
1043,Cat,mcet,8,3,best/1,best,0.0,-77080111.20033377,-77080271.37209173,2.077986430252396e-06,0,0.07979599997634068,60,973,0,0,0,0,0.0,0.0
1044,Cat,mcet,8,4,best/1,best,0.0,-77080056.9713062,-77080271.37209173,2.781526085782573e-06,0,0.0788972998270765,60,1025,0,0,0,0,0.0,0.0
1045,Cat,mcet,8,5,best/1,best,0.0,-77075801.0680959,-77080271.37209173,5.799543665658854e-05,0,0.07893339986912906,60,934,0,0,0,0,0.0,0.0
1046,Cat,mcet,8,6,best/1,best,0.0,-77075279.37355237,-77080271.37209173,6.476363472126824e-05,0,0.07810249994508922,60,1030,0,0,0,0,0.0,0.0
1047,Cat,mcet,8,7,best/1,best,0.0,-77075256.58938926,-77080271.37209173,6.505922479505665e-05,0,0.07756949996110052,60,1055,0,0,0,0,0.0,0.0
1048,Cat,mcet,8,8,best/1,best,0.0,-77073738.11471966,-77080271.37209173,8.475913817853863e-05,0,0.07932680007070303,60,1008,0,0,0,0,0.0,0.0
1049,Cat,mcet,8,9,best/1,best,0.0,-77078593.19624874,-77080271.37209173,2.1771794690296382e-05,0,0.08047200000146404,60,1085,0,0,0,0,0.0,0.0
1050,Cat,mcet,8,0,best/1+LS,best,0.15,-77080270.377294,-77080271.37209173,1.2905996616215199e-08,0,0.2846289000590332,60,982,150,189,249,69223,0.0,0.0
1051,Cat,mcet,8,1,best/1+LS,best,0.15,-77080271.37209173,-77080271.37209173,0.0,1,0.26316879963269457,60,856,128,172,216,63472,0.0,0.0
1052,Cat,mcet,8,2,best/1+LS,best,0.15,-77080270.377294,-77080271.37209173,1.2905996616215199e-08,0,0.3022786997607909,60,986,158,208,277,75864,0.0,0.0
1053,Cat,mcet,8,3,best/1+LS,best,0.15,-77080271.37209173,-77080271.37209173,0.0,1,0.2491007994976826,60,834,111,159,289,58532,0.0,0.0
1054,Cat,mcet,8,4,best/1+LS,best,0.15,-77080257.45372172,-77080271.37209173,1.8056981067542037e-07,0,0.2881364002241753,60,967,136,192,296,70853,0.0,0.0
1055,Cat,mcet,8,5,best/1+LS,best,0.15,-77080270.377294,-77080271.37209173,1.2905996616215199e-08,0,0.25915429944870993,60,844,126,167,274,61426,0.0,0.0
1056,Cat,mcet,8,6,best/1+LS,best,0.15,-77080270.377294,-77080271.37209173,1.2905996616215199e-08,0,0.2945324002648704,60,997,156,198,250,72779,0.0,0.0
1057,Cat,mcet,8,7,best/1+LS,best,0.15,-77080271.37209173,-77080271.37209173,0.0,1,0.28793139988556504,60,863,149,195,275,71765,0.0,0.0
1058,Cat,mcet,8,8,best/1+LS,best,0.15,-77080270.377294,-77080271.37209173,1.2905996616215199e-08,0,0.23929279996082187,60,715,113,150,188,54767,0.0,0.0
1059,Cat,mcet,8,9,best/1+LS,best,0.15,-77080270.377294,-77080271.37209173,1.2905996616215199e-08,0,0.23292439989745617,60,839,107,144,240,52936,0.0,0.0
1060,Cat,mcet,8,0,SDE-donor,sde,0.0,-77075896.03128883,-77080271.37209173,5.676343278258374e-05,0,0.08236260060220957,60,942,0,0,0,0,0.0,0.0
1061,Cat,mcet,8,1,SDE-donor,sde,0.0,-77071093.67769027,-77080271.37209173,0.00011906671108037708,0,0.08230810012901202,60,956,0,0,0,0,18.4,2.81874307094492
1062,Cat,mcet,8,2,SDE-donor,sde,0.0,-77079791.74667434,-77080271.37209173,6.2224147482073076e-06,0,0.08208010031376034,60,910,0,0,0,0,0.0,0.0
1063,Cat,mcet,8,3,SDE-donor,sde,0.0,-77080001.57300909,-77080271.37209173,3.50023524611667e-06,0,0.08443209977122024,60,952,0,0,0,0,0.0,0.0
1064,Cat,mcet,8,4,SDE-donor,sde,0.0,-77080270.377294,-77080271.37209173,1.2905996616215199e-08,0,0.08272160030901432,60,881,0,0,0,0,0.0,0.0
1065,Cat,mcet,8,5,SDE-donor,sde,0.0,-77076948.68422437,-77080271.37209173,4.310685222316647e-05,0,0.08293130033416674,60,988,0,0,0,0,0.0,0.0
1066,Cat,mcet,8,6,SDE-donor,sde,0.0,-77076111.3696384,-77080271.37209173,5.396974322061587e-05,0,0.08175529981963336,60,926,0,0,0,0,0.0,0.0
1067,Cat,mcet,8,7,SDE-donor,sde,0.0,-77078044.4074097,-77080271.37209173,2.8891500281277025e-05,0,0.08269559987820685,60,729,0,0,0,0,0.5199999999999989,0.07153451963912248
1068,Cat,mcet,8,8,SDE-donor,sde,0.0,-77080186.4021214,-77080271.37209173,1.102356917250824e-06,0,0.08318650012370199,60,938,0,0,0,0,0.0,0.0
1069,Cat,mcet,8,9,SDE-donor,sde,0.0,-77078760.44921514,-77080271.37209173,1.9601940284924918e-05,0,0.0842322000535205,60,1015,0,0,0,0,0.0,0.0
1070,Cat,mcet,8,0,SDE-donor+LS,sde,0.15,-77080271.37209173,-77080271.37209173,0.0,1,0.298270900035277,60,979,148,198,308,72842,0.0,0.0
1071,Cat,mcet,8,1,SDE-donor+LS,sde,0.15,-77080271.37209173,-77080271.37209173,0.0,1,0.26669770013540983,60,960,129,171,252,62956,0.0,0.0
1072,Cat,mcet,8,2,SDE-donor+LS,sde,0.15,-77080271.37209173,-77080271.37209173,0.0,1,0.27083279989892617,60,981,126,172,278,63767,0.0,0.0
1073,Cat,mcet,8,3,SDE-donor+LS,sde,0.15,-77080271.37209173,-77080271.37209173,0.0,1,0.29309750034008175,60,1021,154,195,287,71939,0.0,0.0
1074,Cat,mcet,8,4,SDE-donor+LS,sde,0.15,-77080271.37209173,-77080271.37209173,0.0,1,0.29420589993242174,60,1025,153,196,298,72108,0.0,0.0
1075,Cat,mcet,8,5,SDE-donor+LS,sde,0.15,-77080197.13475673,-77080271.37209173,9.631171981491077e-07,0,0.28314859996316954,60,1045,138,179,237,66054,0.0,0.0
1076,Cat,mcet,8,6,SDE-donor+LS,sde,0.15,-77080270.377294,-77080271.37209173,1.2905996616215199e-08,0,0.32621969969477504,60,1007,166,221,362,81352,0.0,0.0
1077,Cat,mcet,8,7,SDE-donor+LS,sde,0.15,-77080239.78621213,-77080271.37209173,4.097790398481112e-07,0,0.30722749984124675,60,1038,153,205,319,75414,0.0,0.0
1078,Cat,mcet,8,8,SDE-donor+LS,sde,0.15,-77080271.37209173,-77080271.37209173,0.0,1,0.2761431999388151,60,1015,131,171,274,62986,0.0,0.0
1079,Cat,mcet,8,9,SDE-donor+LS,sde,0.15,-77080271.37209173,-77080271.37209173,0.0,1,0.29483329982031137,60,1017,155,190,216,69808,0.0,0.0
1080,Clock,mcet,6,0,rand/1,rand,0.0,-88431002.64013867,-88431004.5215968,2.1276000918881314e-08,0,0.06842329999199137,60,309,0,0,0,0,1.5316571629964733,0.549856227747194
1081,Clock,mcet,6,1,rand/1,rand,0.0,-88431002.39013681,-88431004.5215968,2.4103084745392558e-08,0,0.07053289969917387,60,379,0,0,0,0,1.8928934375150228,0.6372717286946187
1082,Clock,mcet,6,2,rand/1,rand,0.0,-88429009.52138731,-88431004.5215968,2.2559963219780028e-05,0,0.06865969981299713,60,317,0,0,0,0,6.167719248144323,1.6481773934399726
1083,Clock,mcet,6,3,rand/1,rand,0.0,-88431002.64013867,-88431004.5215968,2.1276000918881314e-08,0,0.06879350001690909,60,510,0,0,0,0,0.0,0.0
1084,Clock,mcet,6,4,rand/1,rand,0.0,-88429016.93492621,-88431004.5215968,2.2476129060673677e-05,0,0.07689519989071414,60,488,0,0,0,0,10.05,2.0748995959644247
1085,Clock,mcet,6,5,rand/1,rand,0.0,-88431002.64013867,-88431004.5215968,2.1276000918881314e-08,0,0.07307300012325868,60,378,0,0,0,0,0.6652612311573433,0.15898986690282427
1086,Clock,mcet,6,6,rand/1,rand,0.0,-88430962.19389491,-88431004.5215968,4.786522795417494e-07,0,0.06989290023921058,60,375,0,0,0,0,0.6434671708797559,0.15898986690282427
1087,Clock,mcet,6,7,rand/1,rand,0.0,-88431002.64013867,-88431004.5215968,2.1276000918881314e-08,0,0.0786935999058187,60,399,0,0,0,0,0.5821293560607064,0.1461616001180788
1088,Clock,mcet,6,8,rand/1,rand,0.0,-88431002.64013867,-88431004.5215968,2.1276000918881314e-08,0,0.06920670013641939,60,585,0,0,0,0,0.0,0.0
1089,Clock,mcet,6,9,rand/1,rand,0.0,-88431002.39013681,-88431004.5215968,2.4103084745392558e-08,0,0.06984799989731982,60,304,0,0,0,0,1.758384305618239,0.7501656304380742
1090,Clock,mcet,6,0,rand/1+LS,rand,0.15,-88431004.5215968,-88431004.5215968,0.0,1,0.23466399987228215,60,847,124,179,279,58459,0.0,0.0
1091,Clock,mcet,6,1,rand/1+LS,rand,0.15,-88431004.5215968,-88431004.5215968,0.0,1,0.23901420034235343,60,827,128,182,269,59396,0.0,0.0
1092,Clock,mcet,6,2,rand/1+LS,rand,0.15,-88431004.27159494,-88431004.5215968,2.8270838265112463e-09,1,0.18115170003147796,60,578,79,122,181,39665,0.0,0.0
1093,Clock,mcet,6,3,rand/1+LS,rand,0.15,-88431004.5215968,-88431004.5215968,0.0,1,0.20578219997696579,60,712,109,151,184,48915,0.0,0.0
1094,Clock,mcet,6,4,rand/1+LS,rand,0.15,-88431002.64013867,-88431004.5215968,2.1276000918881314e-08,0,0.23112580023007467,60,891,130,173,212,56724,0.0,0.0
1095,Clock,mcet,6,5,rand/1+LS,rand,0.15,-88431004.5215968,-88431004.5215968,0.0,1,0.20414559968048707,60,670,91,152,307,49618,0.0,0.0
1096,Clock,mcet,6,6,rand/1+LS,rand,0.15,-88431004.5215968,-88431004.5215968,0.0,1,0.18755179981235415,60,665,94,127,158,41645,0.0,0.0
1097,Clock,mcet,6,7,rand/1+LS,rand,0.15,-88431004.5215968,-88431004.5215968,0.0,1,0.2185876999865286,60,813,119,165,209,53761,0.0,0.0
1098,Clock,mcet,6,8,rand/1+LS,rand,0.15,-88431004.27159494,-88431004.5215968,2.8270838265112463e-09,1,0.20318280009087175,60,713,93,146,251,47854,0.0,0.0
1099,Clock,mcet,6,9,rand/1+LS,rand,0.15,-88431004.5215968,-88431004.5215968,0.0,1,0.2405942000914365,60,732,132,188,245,61085,0.0,0.0
1100,Clock,mcet,6,0,best/1,best,0.0,-88429016.93492621,-88431004.5215968,2.2476129060673677e-05,0,0.07342180021805689,60,1034,0,0,0,0,0.0,0.0
1101,Clock,mcet,6,1,best/1,best,0.0,-88428969.1862514,-88431004.5215968,2.301608306287289e-05,0,0.07581849989946932,60,1068,0,0,0,0,0.0,0.0
1102,Clock,mcet,6,2,best/1,best,0.0,-88428773.94374776,-88431004.5215968,2.5223934310286384e-05,0,0.07322950003435835,60,1058,0,0,0,0,0.0,0.0
1103,Clock,mcet,6,3,best/1,best,0.0,-88430957.56814344,-88431004.5215968,5.309614384231155e-07,0,0.07631640008185059,60,994,0,0,0,0,0.0,0.0
1104,Clock,mcet,6,4,best/1,best,0.0,-88426406.20669764,-88431004.5215968,5.1998899300510015e-05,0,0.07205719989724457,60,1086,0,0,0,0,0.0,0.0
1105,Clock,mcet,6,5,best/1,best,0.0,-88428459.3376178,-88431004.5215968,2.8781579410680914e-05,0,0.07397329999366775,60,1102,0,0,0,0,0.0,0.0
1106,Clock,mcet,6,6,best/1,best,0.0,-88431004.5215968,-88431004.5215968,0.0,1,0.07468759990297258,60,962,0,0,0,0,0.0,0.0
1107,Clock,mcet,6,7,best/1,best,0.0,-88429016.93492621,-88431004.5215968,2.2476129060673677e-05,0,0.0737568000331521,60,934,0,0,0,0,0.0,0.0
1108,Clock,mcet,6,8,best/1,best,0.0,-88430878.55752681,-88431004.5215968,1.4244333271317826e-06,0,0.07483980001416057,60,1114,0,0,0,0,0.0,0.0
1109,Clock,mcet,6,9,best/1,best,0.0,-88431004.27159494,-88431004.5215968,2.8270838265112463e-09,1,0.07367250032257289,60,1008,0,0,0,0,0.0,0.0
1110,Clock,mcet,6,0,best/1+LS,best,0.15,-88431004.5215968,-88431004.5215968,0.0,1,0.2609828998683952,60,1035,154,194,197,63101,0.0,0.0
1111,Clock,mcet,6,1,best/1+LS,best,0.15,-88431004.5215968,-88431004.5215968,0.0,1,0.2467618000227958,60,1075,151,187,137,60795,0.0,0.0
1112,Clock,mcet,6,2,best/1+LS,best,0.15,-88431004.5215968,-88431004.5215968,0.0,1,0.26986920001218095,60,1061,180,214,134,69696,0.0,0.0
1113,Clock,mcet,6,3,best/1+LS,best,0.15,-88431004.5215968,-88431004.5215968,0.0,1,0.25842150021344423,60,1055,152,191,157,61928,0.0,0.0
1114,Clock,mcet,6,4,best/1+LS,best,0.15,-88431004.5215968,-88431004.5215968,0.0,1,0.30375799984904006,60,1041,151,190,158,61869,0.0,0.0
1115,Clock,mcet,6,5,best/1+LS,best,0.15,-88431004.5215968,-88431004.5215968,0.0,1,0.2604247000417672,60,1042,152,191,178,62032,0.0,0.0
1116,Clock,mcet,6,6,best/1+LS,best,0.15,-88431004.5215968,-88431004.5215968,0.0,1,0.2607744002598338,60,1080,162,186,131,60666,0.0,0.0
1117,Clock,mcet,6,7,best/1+LS,best,0.15,-88431004.5215968,-88431004.5215968,0.0,1,0.32560169987846166,60,1047,168,209,207,68010,0.0,0.0
1118,Clock,mcet,6,8,best/1+LS,best,0.15,-88431004.5215968,-88431004.5215968,0.0,1,0.2529856998589821,60,1021,142,166,101,53849,0.0,0.0
1119,Clock,mcet,6,9,best/1+LS,best,0.15,-88431004.5215968,-88431004.5215968,0.0,1,0.2552548000821844,60,1026,148,179,121,58004,0.0,0.0
1120,Clock,mcet,6,0,SDE-donor,sde,0.0,-88431004.27159494,-88431004.5215968,2.8270838265112463e-09,1,0.08953019988257438,60,921,0,0,0,0,0.0,0.0
1121,Clock,mcet,6,1,SDE-donor,sde,0.0,-88430879.0901632,-88431004.5215968,1.4184101411234609e-06,0,0.08411970018642023,60,923,0,0,0,0,0.0,0.0
1122,Clock,mcet,6,2,SDE-donor,sde,0.0,-88429016.93492621,-88431004.5215968,2.2476129060673677e-05,0,0.08152629970572889,60,934,0,0,0,0,2.0200000000000005,0.4236088342379612
1123,Clock,mcet,6,3,SDE-donor,sde,0.0,-88429593.55143248,-88431004.5215968,1.5955604846535737e-05,0,0.08476800023345277,60,914,0,0,0,0,0.0,0.0
1124,Clock,mcet,6,4,SDE-donor,sde,0.0,-88431002.39013681,-88431004.5215968,2.4103084745392558e-08,0,0.08818500000052154,60,781,0,0,0,0,0.0,0.0
1125,Clock,mcet,6,5,SDE-donor,sde,0.0,-88428956.14553472,-88431004.5215968,2.316355076097779e-05,0,0.07817080017412081,60,1024,0,0,0,0,0.0,0.0
1126,Clock,mcet,6,6,SDE-donor,sde,0.0,-88430998.3569743,-88431004.5215968,6.97110988831218e-08,0,0.080339299980551,60,1028,0,0,0,0,0.0,0.0
1127,Clock,mcet,6,7,SDE-donor,sde,0.0,-88431004.5215968,-88431004.5215968,0.0,1,0.07944799988763407,60,902,0,0,0,0,0.0,0.0
1128,Clock,mcet,6,8,SDE-donor,sde,0.0,-88430911.96155086,-88431004.5215968,1.046692236997703e-06,0,0.07698379986686632,60,955,0,0,0,0,0.0,0.0
1129,Clock,mcet,6,9,SDE-donor,sde,0.0,-88431004.27159494,-88431004.5215968,2.8270838265112463e-09,1,0.0798471998423338,60,998,0,0,0,0,0.0,0.0
1130,Clock,mcet,6,0,SDE-donor+LS,sde,0.15,-88431004.5215968,-88431004.5215968,0.0,1,0.2668303996906616,60,1064,163,207,208,67717,0.0,0.0
1131,Clock,mcet,6,1,SDE-donor+LS,sde,0.15,-88431004.5215968,-88431004.5215968,0.0,1,0.2627480000955984,60,1063,167,202,154,65776,0.0,0.0
1132,Clock,mcet,6,2,SDE-donor+LS,sde,0.15,-88431004.5215968,-88431004.5215968,0.0,1,0.25022469990653917,60,1065,152,185,151,60071,0.0,0.0
1133,Clock,mcet,6,3,SDE-donor+LS,sde,0.15,-88431004.5215968,-88431004.5215968,0.0,1,0.2646334996679798,60,1102,170,205,170,66787,0.0,0.0
1134,Clock,mcet,6,4,SDE-donor+LS,sde,0.15,-88431004.5215968,-88431004.5215968,0.0,1,0.263736899709329,60,1076,170,205,157,66784,0.0,0.0
1135,Clock,mcet,6,5,SDE-donor+LS,sde,0.15,-88431004.5215968,-88431004.5215968,0.0,1,0.2722576998057775,60,1081,173,218,222,70994,0.0,0.0
1136,Clock,mcet,6,6,SDE-donor+LS,sde,0.15,-88431002.64013867,-88431004.5215968,2.1276000918881314e-08,0,0.27097470039734617,60,1092,171,214,208,69901,0.0,0.0
1137,Clock,mcet,6,7,SDE-donor+LS,sde,0.15,-88431004.5215968,-88431004.5215968,0.0,1,0.2819568998529576,60,1101,192,229,164,74516,0.0,0.0
1138,Clock,mcet,6,8,SDE-donor+LS,sde,0.15,-88431004.5215968,-88431004.5215968,0.0,1,0.22219620004761964,60,1064,133,160,118,51863,0.0,0.0
1139,Clock,mcet,6,9,SDE-donor+LS,sde,0.15,-88431002.64013867,-88431004.5215968,2.1276000918881314e-08,0,0.25219950010068715,60,1041,159,196,167,63735,0.0,0.0
1140,Clock,mcet,7,0,rand/1,rand,0.0,-88431578.68596382,-88432150.48043002,6.465911584090997e-06,0,0.07039819989586249,60,380,0,0,0,0,2.127414540553798,0.5379406731125073
1141,Clock,mcet,7,1,rand/1,rand,0.0,-88432149.68382755,-88432150.48043002,9.008064016708644e-09,1,0.072312300093472,60,301,0,0,0,0,1.7337418233805362,0.6915745992125182
1142,Clock,mcet,7,2,rand/1,rand,0.0,-88432051.52038117,-88432150.48043002,1.1190505751214412e-06,0,0.07014679978601635,60,221,0,0,0,0,6.365773196389616,2.8281364080263063
1143,Clock,mcet,7,3,rand/1,rand,0.0,-88432142.43264905,-88432150.48043002,9.100514837621633e-08,0,0.07192230055807158,60,310,0,0,0,0,2.741814000691671,1.057292183037721
1144,Clock,mcet,7,4,rand/1,rand,0.0,-88432150.48043002,-88432150.48043002,0.0,1,0.0717784003354609,60,480,0,0,0,0,0.0,0.0
1145,Clock,mcet,7,5,rand/1,rand,0.0,-88431002.64013867,-88432150.48043002,1.297989797958262e-05,0,0.07245169975794852,60,406,0,0,0,0,2.4400000000000004,0.4297008926484295
1146,Clock,mcet,7,6,rand/1,rand,0.0,-88431848.78307939,-88432150.48043002,3.411625172486222e-06,0,0.07218329969327897,60,275,0,0,0,0,10.956521276064041,3.876479144512081
1147,Clock,mcet,7,7,rand/1,rand,0.0,-88432150.48043002,-88432150.48043002,0.0,1,0.07299590017646551,60,370,0,0,0,0,0.869980799632534,0.30235930557016694
1148,Clock,mcet,7,8,rand/1,rand,0.0,-88432099.50428931,-88432150.48043002,5.76443526825826e-07,0,0.07144410023465753,60,362,0,0,0,0,2.899287905191171,1.0907299538878978
1149,Clock,mcet,7,9,rand/1,rand,0.0,-88431770.1568969,-88432150.48043002,4.300738261498419e-06,0,0.07407689985120669,60,328,0,0,0,0,0.6735451664437891,0.17249089332923054
1150,Clock,mcet,7,0,rand/1+LS,rand,0.15,-88432150.48043002,-88432150.48043002,0.0,1,0.21586950001074,60,800,98,158,382,52112,0.0,0.0
1151,Clock,mcet,7,1,rand/1+LS,rand,0.15,-88432150.48043002,-88432150.48043002,0.0,1,0.20948380010668188,60,621,96,149,292,48967,0.0,0.0
1152,Clock,mcet,7,2,rand/1+LS,rand,0.15,-88432150.48043002,-88432150.48043002,0.0,1,0.2383806001744233,60,629,111,182,368,59885,0.0,0.0
1153,Clock,mcet,7,3,rand/1+LS,rand,0.15,-88432150.48043002,-88432150.48043002,0.0,1,0.2344437002320774,60,808,125,182,281,59425,0.0,0.0
1154,Clock,mcet,7,4,rand/1+LS,rand,0.15,-88432150.48043002,-88432150.48043002,0.0,1,0.24402940005529672,60,825,130,191,288,62593,0.0,0.0
1155,Clock,mcet,7,5,rand/1+LS,rand,0.15,-88432150.48043002,-88432150.48043002,0.0,1,0.2211869999882765,60,737,103,165,300,53703,0.0,0.0
1156,Clock,mcet,7,6,rand/1+LS,rand,0.15,-88432150.48043002,-88432150.48043002,0.0,1,0.23926549998577684,60,798,119,181,367,60265,0.0,0.0
1157,Clock,mcet,7,7,rand/1+LS,rand,0.15,-88432150.48043002,-88432150.48043002,0.0,1,0.20337989984545857,60,781,106,146,210,47842,0.0,0.0
1158,Clock,mcet,7,8,rand/1+LS,rand,0.15,-88432150.48043002,-88432150.48043002,0.0,1,0.2331355000496842,60,764,122,180,311,59065,0.0,0.0
1159,Clock,mcet,7,9,rand/1+LS,rand,0.15,-88432150.48043002,-88432150.48043002,0.0,1,0.19335920008597896,60,705,84,135,273,43803,0.0,0.0
1160,Clock,mcet,7,0,best/1,best,0.0,-88427186.00237963,-88432150.48043002,5.613883664962419e-05,0,0.07359430030919611,60,994,0,0,0,0,0.0,0.0
1161,Clock,mcet,7,1,best/1,best,0.0,-88432027.36279507,-88432150.48043002,1.3922270835120558e-06,0,0.07660040003247559,60,1012,0,0,0,0,0.0,0.0
1162,Clock,mcet,7,2,best/1,best,0.0,-88429981.06394486,-88432150.48043002,2.4531988347842786e-05,0,0.0752098003285937,60,1038,0,0,0,0,0.0,0.0
1163,Clock,mcet,7,3,best/1,best,0.0,-88429016.93492621,-88432150.48043002,3.5434460055378836e-05,0,0.07339059968944639,60,1009,0,0,0,0,0.0,0.0
1164,Clock,mcet,7,4,best/1,best,0.0,-88432018.71616076,-88432150.48043002,1.4900041279863662e-06,0,0.07773870025994256,60,1031,0,0,0,0,0.0,0.0
1165,Clock,mcet,7,5,best/1,best,0.0,-88431002.64013867,-88432150.48043002,1.297989797958262e-05,0,0.07492699997965246,60,1052,0,0,0,0,0.0,0.0
1166,Clock,mcet,7,6,best/1,best,0.0,-88428954.47365375,-88432150.48043002,3.614077865244863e-05,0,0.07337239978369325,60,1044,0,0,0,0,0.0,0.0
1167,Clock,mcet,7,7,best/1,best,0.0,-88431819.14515899,-88432150.48043002,3.746773873875076e-06,0,0.07693310000468045,60,981,0,0,0,0,0.0,0.0
1168,Clock,mcet,7,8,best/1,best,0.0,-88428463.28977415,-88432150.48043002,4.169513729837655e-05,0,0.07540199992945418,60,1097,0,0,0,0,0.0,0.0
1169,Clock,mcet,7,9,best/1,best,0.0,-88432127.09342793,-88432150.48043002,2.644626639578965e-07,0,0.07594880013493821,60,1037,0,0,0,0,0.0,0.0
1170,Clock,mcet,7,0,best/1+LS,best,0.15,-88432150.48043002,-88432150.48043002,0.0,1,0.2635170999565162,60,1045,165,208,188,67777,0.0,0.0
1171,Clock,mcet,7,1,best/1+LS,best,0.15,-88432150.48043002,-88432150.48043002,0.0,1,0.23685210006078705,60,972,139,181,216,59236,0.0,0.0
1172,Clock,mcet,7,2,best/1+LS,best,0.15,-88431772.03835502,-88432150.48043002,4.2794625364557e-06,0,0.2613593000569381,60,1047,169,200,160,66687,0.0,0.0
1173,Clock,mcet,7,3,best/1+LS,best,0.15,-88432150.48043002,-88432150.48043002,0.0,1,0.2621000998769887,60,1015,165,203,172,65945,0.0,0.0
1174,Clock,mcet,7,4,best/1+LS,best,0.15,-88432150.48043002,-88432150.48043002,0.0,1,0.25944719975814223,60,1018,160,203,179,66149,0.0,0.0
1175,Clock,mcet,7,5,best/1+LS,best,0.15,-88432150.48043002,-88432150.48043002,0.0,1,0.23024469963274896,60,1071,142,172,126,55938,0.0,0.0
1176,Clock,mcet,7,6,best/1+LS,best,0.15,-88432150.48043002,-88432150.48043002,0.0,1,0.26579779968596995,60,1018,154,210,327,68469,0.0,0.0
1177,Clock,mcet,7,7,best/1+LS,best,0.15,-88432150.48043002,-88432150.48043002,0.0,1,0.24652460002107546,60,1069,152,188,194,61482,0.0,0.0
1178,Clock,mcet,7,8,best/1+LS,best,0.15,-88432150.48043002,-88432150.48043002,0.0,1,0.24969640001654625,60,1079,159,193,147,62623,0.0,0.0
1179,Clock,mcet,7,9,best/1+LS,best,0.15,-88432150.48043002,-88432150.48043002,0.0,1,0.2629256001673639,60,1056,173,208,148,67474,0.0,0.0
1180,Clock,mcet,7,0,SDE-donor,sde,0.0,-88431976.95312802,-88432150.48043002,1.9622648669541043e-06,0,0.0815056002466008,60,910,0,0,0,0,0.0,0.0
1181,Clock,mcet,7,1,SDE-donor,sde,0.0,-88432138.62367444,-88432150.48043002,1.3407743134214826e-07,0,0.07976130011957139,60,1007,0,0,0,0,0.0,0.0
1182,Clock,mcet,7,2,SDE-donor,sde,0.0,-88431351.25632082,-88432150.48043002,9.037709756696363e-06,0,0.08013560017570853,60,986,0,0,0,0,0.0,0.0
1183,Clock,mcet,7,3,SDE-donor,sde,0.0,-88431973.1898146,-88432150.48043002,2.00482080851068e-06,0,0.07841490022838116,60,923,0,0,0,0,0.0,0.0
1184,Clock,mcet,7,4,SDE-donor,sde,0.0,-88431004.27159494,-88432150.48043002,1.2961449301562798e-05,0,0.08007899991935119,60,996,0,0,0,0,0.0,0.0
1185,Clock,mcet,7,5,SDE-donor,sde,0.0,-88431769.04948679,-88432150.48043002,4.313260970852059e-06,0,0.07863040006486699,60,877,0,0,0,0,0.0,0.0
1186,Clock,mcet,7,6,SDE-donor,sde,0.0,-88431615.37182368,-88432150.48043002,6.051064046632228e-06,0,0.0787570002139546,60,849,0,0,0,0,1.173037160417024,0.2680057950135539
1187,Clock,mcet,7,7,SDE-donor,sde,0.0,-88431004.5215968,-88432150.48043002,1.2958622254371399e-05,0,0.0788405000930652,60,915,0,0,0,0,6.770000000000001,1.1553778426054715
1188,Clock,mcet,7,8,SDE-donor,sde,0.0,-88431939.7714254,-88432150.48043002,2.3827194462754565e-06,0,0.0798260997980833,60,875,0,0,0,0,0.0,0.0
1189,Clock,mcet,7,9,SDE-donor,sde,0.0,-88432034.6072679,-88432150.48043002,1.3103058275872567e-06,0,0.07985510013531893,60,932,0,0,0,0,0.0,0.0
1190,Clock,mcet,7,0,SDE-donor+LS,sde,0.15,-88432150.48043002,-88432150.48043002,0.0,1,0.25946410006145015,60,1046,153,197,214,64310,0.0,0.0
1191,Clock,mcet,7,1,SDE-donor+LS,sde,0.15,-88431770.1568969,-88432150.48043002,4.300738261498419e-06,0,0.2787749000126496,60,1091,176,213,212,71360,0.0,0.0
1192,Clock,mcet,7,2,SDE-donor+LS,sde,0.15,-88432150.48043002,-88432150.48043002,0.0,1,0.2616324998671189,60,1072,159,198,219,65189,0.0,0.0
1193,Clock,mcet,7,3,SDE-donor+LS,sde,0.15,-88432150.48043002,-88432150.48043002,0.0,1,0.2721433997503482,60,1067,157,209,269,67922,0.0,0.0
1194,Clock,mcet,7,4,SDE-donor+LS,sde,0.15,-88432150.48043002,-88432150.48043002,0.0,1,0.26662609999766573,60,1055,160,205,239,66612,0.0,0.0
1195,Clock,mcet,7,5,SDE-donor+LS,sde,0.15,-88432150.48043002,-88432150.48043002,0.0,1,0.24494959961157292,60,1024,144,182,203,59748,0.0,0.0
1196,Clock,mcet,7,6,SDE-donor+LS,sde,0.15,-88432150.48043002,-88432150.48043002,0.0,1,0.25389340019319206,60,1059,160,189,189,61881,0.0,0.0
1197,Clock,mcet,7,7,SDE-donor+LS,sde,0.15,-88432150.48043002,-88432150.48043002,0.0,1,0.24551680003060028,60,1034,146,180,170,58856,0.0,0.0
1198,Clock,mcet,7,8,SDE-donor+LS,sde,0.15,-88432150.48043002,-88432150.48043002,0.0,1,0.2707642000168562,60,1066,168,209,212,68029,0.0,0.0
1199,Clock,mcet,7,9,SDE-donor+LS,sde,0.15,-88432150.48043002,-88432150.48043002,0.0,1,0.2342031000298448,60,979,138,167,144,54610,0.0,0.0
1200,Clock,mcet,8,0,rand/1,rand,0.0,-88432462.51870075,-88432899.97376898,4.9467457061838654e-06,0,0.0734587000333704,60,226,0,0,0,0,12.490205284401508,4.708961114977665
1201,Clock,mcet,8,1,rand/1,rand,0.0,-88432100.82456428,-88432899.97376898,9.036786138849108e-06,0,0.0730571000603959,60,269,0,0,0,0,11.18530874658276,2.8410960149159106
1202,Clock,mcet,8,2,rand/1,rand,0.0,-88432507.5460647,-88432899.97376898,4.437575883987255e-06,0,0.07479770015925169,60,237,0,0,0,0,37.18038691051511,9.12943316863442
1203,Clock,mcet,8,3,rand/1,rand,0.0,-88432150.48043002,-88432899.97376898,8.475277178287087e-06,0,0.07402350031770766,60,325,0,0,0,0,2.618076610409138,0.5927594868168606
1204,Clock,mcet,8,4,rand/1,rand,0.0,-88432874.74890363,-88432899.97376898,2.8524299615447646e-07,0,0.07471139973495156,60,277,0,0,0,0,4.0024810778187225,1.2217914250867987
1205,Clock,mcet,8,5,rand/1,rand,0.0,-88432872.71968234,-88432899.97376898,3.081894481753006e-07,0,0.07445040013408288,60,295,0,0,0,0,1.8229553975028838,0.6884089020742516
1206,Clock,mcet,8,6,rand/1,rand,0.0,-88432114.89667751,-88432899.97376898,8.877658560368719e-06,0,0.0739022001507692,60,268,0,0,0,0,11.815391396173702,2.738465007713726
1207,Clock,mcet,8,7,rand/1,rand,0.0,-88432870.48437154,-88432899.97376898,3.334663620115087e-07,0,0.07452619966352358,60,315,0,0,0,0,2.3180598718152488,0.6230581019848777
1208,Clock,mcet,8,8,rand/1,rand,0.0,-88432470.61909394,-88432899.97376898,4.855146389714738e-06,0,0.07373430003644899,60,353,0,0,0,0,12.62882299704937,3.121020587686676
1209,Clock,mcet,8,9,rand/1,rand,0.0,-88432879.77479625,-88432899.97376898,2.2841015886417974e-07,0,0.07576339977094904,60,281,0,0,0,0,3.346191980209433,1.174623014502164
1210,Clock,mcet,8,0,rand/1+LS,rand,0.15,-88432893.50852865,-88432899.97376898,7.310899372769339e-08,0,0.22623980010394007,60,640,103,163,411,54640,0.0,0.0
1211,Clock,mcet,8,1,rand/1+LS,rand,0.15,-88432899.97376898,-88432899.97376898,0.0,1,0.1561838001362048,60,264,30,88,341,29446,8.195999023914052,3.0
1212,Clock,mcet,8,2,rand/1+LS,rand,0.15,-88432893.50852865,-88432899.97376898,7.310899372769339e-08,0,0.14687479997519404,60,221,27,78,365,26088,0.09500000000001023,0.027243118397129215
1213,Clock,mcet,8,3,rand/1+LS,rand,0.15,-88432893.50852865,-88432899.97376898,7.310899372769339e-08,0,0.22715520032215863,60,633,103,162,355,54898,0.0,0.0
1214,Clock,mcet,8,4,rand/1+LS,rand,0.15,-88432899.97376898,-88432899.97376898,0.0,1,0.16979759995592758,60,337,59,106,267,34942,0.0,0.0
1215,Clock,mcet,8,5,rand/1+LS,rand,0.15,-88432899.97376898,-88432899.97376898,0.0,1,0.16399600019212812,60,161,26,93,454,31422,13.36834886558104,3.886184461852365
1216,Clock,mcet,8,6,rand/1+LS,rand,0.15,-88432899.97376898,-88432899.97376898,0.0,1,0.16763369960244745,60,243,39,101,360,33650,10.75724871888718,3.4369317712168796
1217,Clock,mcet,8,7,rand/1+LS,rand,0.15,-88432899.97376898,-88432899.97376898,0.0,1,0.16266800003359094,60,246,35,96,333,32438,12.67818599011704,3.731202889149825
1218,Clock,mcet,8,8,rand/1+LS,rand,0.15,-88432893.50852865,-88432899.97376898,7.310899372769339e-08,0,0.14076080010272563,60,252,28,72,274,23858,2.4772969139769936,1.6890733406220109
1219,Clock,mcet,8,9,rand/1+LS,rand,0.15,-88432899.97376898,-88432899.97376898,0.0,1,0.2038894998258911,60,507,76,143,394,47352,0.0,0.0
1220,Clock,mcet,8,0,best/1,best,0.0,-88428976.99706995,-88432899.97376898,4.436105454178337e-05,0,0.07496179983718321,60,1035,0,0,0,0,0.0,0.0
1221,Clock,mcet,8,1,best/1,best,0.0,-88432123.70342354,-88432899.97376898,8.778071799803063e-06,0,0.07772589975502342,60,1084,0,0,0,0,0.0,0.0
1222,Clock,mcet,8,2,best/1,best,0.0,-88432149.68382755,-88432899.97376898,8.484285165957956e-06,0,0.07736159989144653,60,1043,0,0,0,0,0.0,0.0
1223,Clock,mcet,8,3,best/1,best,0.0,-88431644.5770369,-88432899.97376898,1.4196037136058854e-05,0,0.07655400049407035,60,1073,0,0,0,0,0.0,0.0
1224,Clock,mcet,8,4,best/1,best,0.0,-88432018.71616076,-88432899.97376898,9.965268678075472e-06,0,0.07873909984482452,60,1067,0,0,0,0,0.0,0.0
1225,Clock,mcet,8,5,best/1,best,0.0,-88431666.15580955,-88432899.97376898,1.3952024187760543e-05,0,0.07734620000701398,60,1008,0,0,0,0,0.0,0.0
1226,Clock,mcet,8,6,best/1,best,0.0,-88430982.29276532,-88432899.97376898,2.168515342399477e-05,0,0.07704329991247505,60,993,0,0,0,0,0.0,0.0
1227,Clock,mcet,8,7,best/1,best,0.0,-88432845.88090159,-88432899.97376898,6.116826136581113e-07,0,0.07809860026463866,60,1108,0,0,0,0,0.0,0.0
1228,Clock,mcet,8,8,best/1,best,0.0,-88431002.39013681,-88432899.97376898,2.1457892172867978e-05,0,0.07670970016624779,60,1090,0,0,0,0,0.0,0.0
1229,Clock,mcet,8,9,best/1,best,0.0,-88432867.13133654,-88432899.97376898,3.713825109101814e-07,0,0.07814700016751885,60,1014,0,0,0,0,0.0,0.0
1230,Clock,mcet,8,0,best/1+LS,best,0.15,-88432893.50852865,-88432899.97376898,7.310899372769339e-08,0,0.2568513000733219,60,994,152,193,264,64471,0.0,0.0
1231,Clock,mcet,8,1,best/1+LS,best,0.15,-88432899.97376898,-88432899.97376898,0.0,1,0.2484999000444077,60,935,143,189,230,61601,0.0,0.0
1232,Clock,mcet,8,2,best/1+LS,best,0.15,-88432893.50852865,-88432899.97376898,7.310899372769339e-08,0,0.2532111001200974,60,1002,155,192,214,63877,0.0,0.0
1233,Clock,mcet,8,3,best/1+LS,best,0.15,-88432891.24388933,-88432899.97376898,9.871755477975759e-08,0,0.25859739998122677,60,1029,153,196,266,64019,0.0,0.0
1234,Clock,mcet,8,4,best/1+LS,best,0.15,-88432891.24388933,-88432899.97376898,9.871755477975759e-08,0,0.26180249988101423,60,1009,161,203,271,66138,0.0,0.0
1235,Clock,mcet,8,5,best/1+LS,best,0.15,-88432893.50852865,-88432899.97376898,7.310899372769339e-08,0,0.27481510007055476,60,1016,163,217,346,72250,0.0,0.0
1236,Clock,mcet,8,6,best/1+LS,best,0.15,-88432893.50852865,-88432899.97376898,7.310899372769339e-08,0,0.2572249998920597,60,1029,156,193,220,64569,0.0,0.0
1237,Clock,mcet,8,7,best/1+LS,best,0.15,-88432893.50852865,-88432899.97376898,7.310899372769339e-08,0,0.28347570000914857,60,1028,181,223,258,74460,0.0,0.0
1238,Clock,mcet,8,8,best/1+LS,best,0.15,-88432899.97376898,-88432899.97376898,0.0,1,0.26476940006250516,60,1008,157,209,305,67946,0.0,0.0
1239,Clock,mcet,8,9,best/1+LS,best,0.15,-88432893.50852865,-88432899.97376898,7.310899372769339e-08,0,0.2688325997442007,60,1018,170,207,239,68643,0.0,0.0
1240,Clock,mcet,8,0,SDE-donor,sde,0.0,-88432843.75224647,-88432899.97376898,6.357534642279987e-07,0,0.08372810005676001,60,925,0,0,0,0,0.0,0.0
1241,Clock,mcet,8,1,SDE-donor,sde,0.0,-88432530.61525336,-88432899.97376898,4.176709298573167e-06,0,0.08195070014335215,60,865,0,0,0,0,0.0,0.0
1242,Clock,mcet,8,2,SDE-donor,sde,0.0,-88432825.43912551,-88432899.97376898,8.428383949112775e-07,0,0.08238290034933016,60,682,0,0,0,0,0.0,0.0
1243,Clock,mcet,8,3,SDE-donor,sde,0.0,-88431983.1962943,-88432899.97376898,1.0366927636190134e-05,0,0.08094679983332753,60,941,0,0,0,0,10.46,1.4569874742083406
1244,Clock,mcet,8,4,SDE-donor,sde,0.0,-88432828.49502856,-88432899.97376898,8.08282216744219e-07,0,0.0825903001241386,60,924,0,0,0,0,0.0,0.0
1245,Clock,mcet,8,5,SDE-donor,sde,0.0,-88432805.9274676,-88432899.97376898,1.0634763917919225e-06,0,0.08156460023019463,60,902,0,0,0,0,0.0,0.0
1246,Clock,mcet,8,6,SDE-donor,sde,0.0,-88431765.9934606,-88432899.97376898,1.2823059163728264e-05,0,0.08224330010125414,60,980,0,0,0,0,11.145,1.6612659893888155
1247,Clock,mcet,8,7,SDE-donor,sde,0.0,-88432773.99948527,-88432899.97376898,1.424518292937229e-06,0,0.0818072006222792,60,804,0,0,0,0,0.0,0.0
1248,Clock,mcet,8,8,SDE-donor,sde,0.0,-88432250.0642282,-88432899.97376898,7.34918272458796e-06,0,0.07988779986044392,60,901,0,0,0,0,1.2570298639036808,0.2723355048090296
1249,Clock,mcet,8,9,SDE-donor,sde,0.0,-88432813.45079362,-88432899.97376898,9.784025558480071e-07,0,0.08235290000448003,60,892,0,0,0,0,0.0,0.0
1250,Clock,mcet,8,0,SDE-donor+LS,sde,0.15,-88432893.50852865,-88432899.97376898,7.310899372769339e-08,0,0.2665639999322593,60,1045,146,195,295,65250,0.0,0.0
1251,Clock,mcet,8,1,SDE-donor+LS,sde,0.15,-88432893.50852865,-88432899.97376898,7.310899372769339e-08,0,0.2551531999488361,60,943,140,186,299,62086,0.0,0.0
1252,Clock,mcet,8,2,SDE-donor+LS,sde,0.15,-88432893.50852865,-88432899.97376898,7.310899372769339e-08,0,0.2891357000917196,60,1064,172,224,300,74505,0.0,0.0
1253,Clock,mcet,8,3,SDE-donor+LS,sde,0.15,-88432899.97376898,-88432899.97376898,0.0,1,0.23567630018806085,60,890,126,169,272,55226,0.0,0.0
1254,Clock,mcet,8,4,SDE-donor+LS,sde,0.15,-88432899.97376898,-88432899.97376898,0.0,1,0.29282939998665825,60,1056,182,232,298,75303,0.0,0.0
1255,Clock,mcet,8,5,SDE-donor+LS,sde,0.15,-88432893.50852865,-88432899.97376898,7.310899372769339e-08,0,0.22913059999700636,60,953,123,162,232,53755,0.0,0.0
1256,Clock,mcet,8,6,SDE-donor+LS,sde,0.15,-88432893.50852865,-88432899.97376898,7.310899372769339e-08,0,0.21401719964342192,60,956,116,144,176,47704,0.0,0.0
1257,Clock,mcet,8,7,SDE-donor+LS,sde,0.15,-88432893.50852865,-88432899.97376898,7.310899372769339e-08,0,0.2567786000436172,60,1027,157,190,149,63323,0.0,0.0
1258,Clock,mcet,8,8,SDE-donor+LS,sde,0.15,-88432893.50852865,-88432899.97376898,7.310899372769339e-08,0,0.27019359974656254,60,978,160,206,311,68494,0.0,0.0
1259,Clock,mcet,8,9,SDE-donor+LS,sde,0.15,-88432899.97376898,-88432899.97376898,0.0,1,0.2597637996659614,60,1039,158,195,209,63361,0.0,0.0
1260,Histology,mcet,6,0,rand/1,rand,0.0,-220062353.11503524,-220062386.1926902,1.503103530323804e-07,0,0.06823340011760592,60,331,0,0,0,0,2.180389537875296,0.9448291448463987
1261,Histology,mcet,6,1,rand/1,rand,0.0,-220062353.11503524,-220062386.1926902,1.503103530323804e-07,0,0.06940810015657917,60,321,0,0,0,0,1.1348602030747064,0.48996014599026
1262,Histology,mcet,6,2,rand/1,rand,0.0,-220062377.86320406,-220062386.1926902,3.7850567176776216e-08,0,0.06901009974535555,60,491,0,0,0,0,0.0,0.0
1263,Histology,mcet,6,3,rand/1,rand,0.0,-220062329.9454199,-220062386.1926902,2.5559692984893926e-07,0,0.06943879969185218,60,396,0,0,0,0,0.9980195495107287,0.3596203583505823
1264,Histology,mcet,6,4,rand/1,rand,0.0,-220062384.78685242,-220062386.1926902,6.388360130957405e-09,1,0.06908109958749264,60,457,0,0,0,0,0.0,0.0
1265,Histology,mcet,6,5,rand/1,rand,0.0,-220062386.1926902,-220062386.1926902,0.0,1,0.07001230021705851,60,408,0,0,0,0,0.0,0.0
1266,Histology,mcet,6,6,rand/1,rand,0.0,-220062384.78685242,-220062386.1926902,6.388360130957405e-09,1,0.07013240014202893,60,379,0,0,0,0,0.8029089420319284,0.2473909637984
1267,Histology,mcet,6,7,rand/1,rand,0.0,-220062384.78685242,-220062386.1926902,6.388360130957405e-09,1,0.06968020013300702,60,339,0,0,0,0,1.0541116033372495,0.35546559656720245
1268,Histology,mcet,6,8,rand/1,rand,0.0,-220062377.86320406,-220062386.1926902,3.7850567176776216e-08,0,0.06862370006274432,60,381,0,0,0,0,0.9007003103961233,0.30374916331657276
1269,Histology,mcet,6,9,rand/1,rand,0.0,-220062377.86320406,-220062386.1926902,3.7850567176776216e-08,0,0.06880380009533837,60,336,0,0,0,0,0.9763831766832277,0.33237527086003843
1270,Histology,mcet,6,0,rand/1+LS,rand,0.15,-220062384.78685242,-220062386.1926902,6.388360130957405e-09,1,0.25351459986995906,60,774,116,164,271,60768,0.0,0.0
1271,Histology,mcet,6,1,rand/1+LS,rand,0.15,-220062386.1926902,-220062386.1926902,0.0,1,0.252206300268881,60,775,114,165,232,61232,0.0,0.0
1272,Histology,mcet,6,2,rand/1+LS,rand,0.15,-220062386.1926902,-220062386.1926902,0.0,1,0.22354079980868846,60,701,97,137,212,50915,0.0,0.0
1273,Histology,mcet,6,3,rand/1+LS,rand,0.15,-220062386.1926902,-220062386.1926902,0.0,1,0.2538767001242377,60,739,112,167,300,61808,0.0,0.0
1274,Histology,mcet,6,4,rand/1+LS,rand,0.15,-220062386.1926902,-220062386.1926902,0.0,1,0.2163959001773037,60,609,92,131,208,48830,0.0,0.0
1275,Histology,mcet,6,5,rand/1+LS,rand,0.15,-220062386.1926902,-220062386.1926902,0.0,1,0.2546980001498014,60,766,107,167,332,62022,0.0,0.0
1276,Histology,mcet,6,6,rand/1+LS,rand,0.15,-220062386.1926902,-220062386.1926902,0.0,1,0.2511268003145233,60,796,111,164,244,61250,0.0,0.0
1277,Histology,mcet,6,7,rand/1+LS,rand,0.15,-220062386.1926902,-220062386.1926902,0.0,1,0.23878749972209334,60,572,90,152,320,56433,0.0,0.0
1278,Histology,mcet,6,8,rand/1+LS,rand,0.15,-220062386.1926902,-220062386.1926902,0.0,1,0.25622890004888177,60,664,109,166,330,61323,0.0,0.0
1279,Histology,mcet,6,9,rand/1+LS,rand,0.15,-220062386.1926902,-220062386.1926902,0.0,1,0.2263196999556385,60,741,104,139,184,51540,0.0,0.0
1280,Histology,mcet,6,0,best/1,best,0.0,-220062319.9641258,-220062386.1926902,3.0095358651436514e-07,0,0.07329380011651665,60,1027,0,0,0,0,0.0,0.0
1281,Histology,mcet,6,1,best/1,best,0.0,-220045300.2071839,-220062386.1926902,7.764155338811692e-05,0,0.07181039988063276,60,1044,0,0,0,0,0.0,0.0
1282,Histology,mcet,6,2,best/1,best,0.0,-220058622.75247794,-220062386.1926902,1.7101696829527363e-05,0,0.07413100003032014,60,1054,0,0,0,0,0.0,0.0
1283,Histology,mcet,6,3,best/1,best,0.0,-220062280.2160614,-220062386.1926902,4.81575386934004e-07,0,0.07315189961809665,60,1063,0,0,0,0,0.0,0.0
1284,Histology,mcet,6,4,best/1,best,0.0,-220062313.29371637,-220062386.1926902,3.3126503390162354e-07,0,0.07180690014502034,60,998,0,0,0,0,0.0,0.0
1285,Histology,mcet,6,5,best/1,best,0.0,-220060020.6586148,-220062386.1926902,1.0749379375119888e-05,0,0.07302130036987364,60,1118,0,0,0,0,0.0,0.0
1286,Histology,mcet,6,6,best/1,best,0.0,-220062094.29409796,-220062386.1926902,1.3264356407462869e-06,0,0.07399520021863282,60,1045,0,0,0,0,0.0,0.0
1287,Histology,mcet,6,7,best/1,best,0.0,-220062318.55923963,-220062386.1926902,3.07337622470845e-07,0,0.07297180022578686,60,1068,0,0,0,0,0.0,0.0
1288,Histology,mcet,6,8,best/1,best,0.0,-220059096.83751705,-220062386.1926902,1.4947375742170457e-05,0,0.07328909996431321,60,1070,0,0,0,0,0.0,0.0
1289,Histology,mcet,6,9,best/1,best,0.0,-220062311.75170135,-220062386.1926902,3.382722060165743e-07,0,0.07235480000963435,60,1088,0,0,0,0,0.0,0.0
1290,Histology,mcet,6,0,best/1+LS,best,0.15,-220062386.1926902,-220062386.1926902,0.0,1,0.30428140005096793,60,1013,155,212,266,78428,0.0,0.0
1291,Histology,mcet,6,1,best/1+LS,best,0.15,-220062386.1926902,-220062386.1926902,0.0,1,0.2782687997096218,60,1074,144,183,219,67896,0.0,0.0
1292,Histology,mcet,6,2,best/1+LS,best,0.15,-220062386.1926902,-220062386.1926902,0.0,1,0.2638111002743244,60,1020,141,169,125,62984,0.0,0.0
1293,Histology,mcet,6,3,best/1+LS,best,0.15,-220062386.1926902,-220062386.1926902,0.0,1,0.3236325000762008,60,1052,183,225,212,83845,0.0,0.0
1294,Histology,mcet,6,4,best/1+LS,best,0.15,-220062386.1926902,-220062386.1926902,0.0,1,0.2818806003779173,60,1066,154,188,134,69948,0.0,0.0
1295,Histology,mcet,6,5,best/1+LS,best,0.15,-220062386.1926902,-220062386.1926902,0.0,1,0.25766930013196543,60,1023,135,166,173,61552,0.0,0.0
1296,Histology,mcet,6,6,best/1+LS,best,0.15,-220062386.1926902,-220062386.1926902,0.0,1,0.28439579997211695,60,1059,155,188,169,69977,0.0,0.0
1297,Histology,mcet,6,7,best/1+LS,best,0.15,-220062386.1926902,-220062386.1926902,0.0,1,0.32239009998738766,60,1082,178,225,190,83775,0.0,0.0
1298,Histology,mcet,6,8,best/1+LS,best,0.15,-220062386.1926902,-220062386.1926902,0.0,1,0.30366330000106245,60,1035,158,199,212,74038,0.0,0.0
1299,Histology,mcet,6,9,best/1+LS,best,0.15,-220062386.1926902,-220062386.1926902,0.0,1,0.2661650998634286,60,1037,147,174,145,64499,0.0,0.0
1300,Histology,mcet,6,0,SDE-donor,sde,0.0,-220062346.86442292,-220062386.1926902,1.7871417263398485e-07,0,0.07740079995710403,60,950,0,0,0,0,0.0,0.0
1301,Histology,mcet,6,1,SDE-donor,sde,0.0,-220060942.27759552,-220062386.1926902,6.561389793389399e-06,0,0.07765149988699704,60,1032,0,0,0,0,0.0,0.0
1302,Histology,mcet,6,2,SDE-donor,sde,0.0,-220060854.1407834,-220062386.1926902,6.961898093083568e-06,0,0.07618849974824116,60,990,0,0,0,0,0.0,0.0
1303,Histology,mcet,6,3,SDE-donor,sde,0.0,-220061998.80884284,-220062386.1926902,1.7603364848395446e-06,0,0.0780098998802714,60,1022,0,0,0,0,0.0,0.0
1304,Histology,mcet,6,4,SDE-donor,sde,0.0,-220062352.02557164,-220062386.1926902,1.552610563780293e-07,0,0.07738539978163317,60,980,0,0,0,0,0.0,0.0
1305,Histology,mcet,6,5,SDE-donor,sde,0.0,-220062378.5362401,-220062386.1926902,3.4792179732561837e-08,0,0.07781150034861639,60,951,0,0,0,0,0.0,0.0
1306,Histology,mcet,6,6,SDE-donor,sde,0.0,-220062386.1926902,-220062386.1926902,0.0,1,0.07714999961899593,60,975,0,0,0,0,0.0,0.0
1307,Histology,mcet,6,7,SDE-donor,sde,0.0,-220062386.1926902,-220062386.1926902,0.0,1,0.07740729989018291,60,943,0,0,0,0,0.0,0.0
1308,Histology,mcet,6,8,SDE-donor,sde,0.0,-220060323.49533123,-220062386.1926902,9.373239083028675e-06,0,0.07824780006194487,60,1035,0,0,0,0,0.0,0.0
1309,Histology,mcet,6,9,SDE-donor,sde,0.0,-220059730.44671047,-220062386.1926902,1.2068150426220046e-05,0,0.07824170019011945,60,991,0,0,0,0,0.0,0.0
1310,Histology,mcet,6,0,SDE-donor+LS,sde,0.15,-220062384.78685242,-220062386.1926902,6.388360130957405e-09,1,0.3100351001485251,60,1078,165,204,204,75927,0.0,0.0
1311,Histology,mcet,6,1,SDE-donor+LS,sde,0.15,-220062386.1926902,-220062386.1926902,0.0,1,0.2962013998767361,60,1043,155,194,222,72074,0.0,0.0
1312,Histology,mcet,6,2,SDE-donor+LS,sde,0.15,-220062386.1926902,-220062386.1926902,0.0,1,0.2919857999077067,60,1065,153,192,227,71447,0.0,0.0
1313,Histology,mcet,6,3,SDE-donor+LS,sde,0.15,-220062386.1926902,-220062386.1926902,0.0,1,0.3052307004109025,60,1069,161,204,242,75986,0.0,0.0
1314,Histology,mcet,6,4,SDE-donor+LS,sde,0.15,-220062386.1926902,-220062386.1926902,0.0,1,0.32458009995752946,60,1096,176,222,238,82473,0.0,0.0
1315,Histology,mcet,6,5,SDE-donor+LS,sde,0.15,-220062386.1926902,-220062386.1926902,0.0,1,0.3204826001310721,60,1111,178,219,229,81241,0.0,0.0
1316,Histology,mcet,6,6,SDE-donor+LS,sde,0.15,-220062386.1926902,-220062386.1926902,0.0,1,0.31566039990866557,60,1091,176,218,225,81044,0.0,0.0
1317,Histology,mcet,6,7,SDE-donor+LS,sde,0.15,-220062384.78685242,-220062386.1926902,6.388360130957405e-09,1,0.29012940009124577,60,1063,154,192,176,71225,0.0,0.0
1318,Histology,mcet,6,8,SDE-donor+LS,sde,0.15,-220062386.1926902,-220062386.1926902,0.0,1,0.2722976005752571,60,1073,132,174,238,64497,0.0,0.0
1319,Histology,mcet,6,9,SDE-donor+LS,sde,0.15,-220062386.1926902,-220062386.1926902,0.0,1,0.32905889995163307,60,1091,182,221,207,81988,0.0,0.0
1320,Histology,mcet,7,0,rand/1,rand,0.0,-220073369.90253395,-220073370.7810644,3.991988851702915e-09,1,0.0718822002527304,60,337,0,0,0,0,1.7055750462296484,0.7183439941591621
1321,Histology,mcet,7,1,rand/1,rand,0.0,-220073369.90253395,-220073370.7810644,3.991988851702915e-09,1,0.0711294999346137,60,306,0,0,0,0,1.7288439481440077,0.6696747206131739
1322,Histology,mcet,7,2,rand/1,rand,0.0,-220073370.7810644,-220073370.7810644,0.0,1,0.07242409995524213,60,344,0,0,0,0,0.9762584382646035,0.31104137366665446
1323,Histology,mcet,7,3,rand/1,rand,0.0,-220073369.90253395,-220073370.7810644,3.991988851702915e-09,1,0.07104599999729544,60,325,0,0,0,0,1.5737440322997276,0.6306088779369903
1324,Histology,mcet,7,4,rand/1,rand,0.0,-220073346.51096278,-220073370.7810644,1.1028186427421281e-07,0,0.0729642000515014,60,314,0,0,0,0,1.7417392091781678,0.6435900301276735
1325,Histology,mcet,7,5,rand/1,rand,0.0,-220073285.95326787,-220073370.7810644,3.8545234354224474e-07,0,0.07163969974499196,60,313,0,0,0,0,2.0886808118521287,0.7930918090218414
1326,Histology,mcet,7,6,rand/1,rand,0.0,-220073370.7810644,-220073370.7810644,0.0,1,0.07166000013239682,60,364,0,0,0,0,0.8313843876330631,0.20995626366712955
1327,Histology,mcet,7,7,rand/1,rand,0.0,-220073293.4455896,-220073370.7810644,3.514076896930809e-07,0,0.0712332003749907,60,356,0,0,0,0,1.9622571196368483,0.8208558985653351
1328,Histology,mcet,7,8,rand/1,rand,0.0,-220073323.0959297,-220073370.7810644,2.1667834917890934e-07,0,0.07212049962254241,60,319,0,0,0,0,1.9621676042741556,0.7943996335269716
1329,Histology,mcet,7,9,rand/1,rand,0.0,-220073356.3223787,-220073370.7810644,6.569938763972024e-08,0,0.07263789983699098,60,357,0,0,0,0,1.327036291758547,0.42694910755880044
1330,Histology,mcet,7,0,rand/1+LS,rand,0.15,-220073370.7810644,-220073370.7810644,0.0,1,0.24320670001907274,60,539,81,150,415,56641,0.0,0.0
1331,Histology,mcet,7,1,rand/1+LS,rand,0.15,-220073370.7810644,-220073370.7810644,0.0,1,0.18769009981770068,60,306,46,103,352,38704,0.0,0.0
1332,Histology,mcet,7,2,rand/1+LS,rand,0.15,-220073370.7810644,-220073370.7810644,0.0,1,0.223946500394959,60,585,88,132,232,49659,0.0,0.0
1333,Histology,mcet,7,3,rand/1+LS,rand,0.15,-220073370.7810644,-220073370.7810644,0.0,1,0.2780931003508158,60,643,113,181,388,68052,0.0,0.0
1334,Histology,mcet,7,4,rand/1+LS,rand,0.15,-220073370.7810644,-220073370.7810644,0.0,1,0.26215589995263144,60,570,93,163,387,61573,0.0,0.0
1335,Histology,mcet,7,5,rand/1+LS,rand,0.15,-220073370.7810644,-220073370.7810644,0.0,1,0.2679908002028242,60,809,123,174,280,65439,0.0,0.0
1336,Histology,mcet,7,6,rand/1+LS,rand,0.15,-220073370.7810644,-220073370.7810644,0.0,1,0.2121590999304317,60,549,81,124,225,46821,0.0,0.0
1337,Histology,mcet,7,7,rand/1+LS,rand,0.15,-220073370.7810644,-220073370.7810644,0.0,1,0.22392829979071394,60,549,78,131,326,49542,0.0,0.0
1338,Histology,mcet,7,8,rand/1+LS,rand,0.15,-220073370.7810644,-220073370.7810644,0.0,1,0.24302440002793446,60,696,100,149,298,55893,0.0,0.0
1339,Histology,mcet,7,9,rand/1+LS,rand,0.15,-220073370.7810644,-220073370.7810644,0.0,1,0.22407850017771125,60,529,69,133,358,50199,0.0,0.0
1340,Histology,mcet,7,0,best/1,best,0.0,-220066695.2378354,-220073370.7810644,3.0333262062973128e-05,0,0.0753554999246262,60,1072,0,0,0,0,0.0,0.0
1341,Histology,mcet,7,1,best/1,best,0.0,-220073201.29310822,-220073370.7810644,7.701429553459201e-07,0,0.07577380008297041,60,1041,0,0,0,0,0.0,0.0
1342,Histology,mcet,7,2,best/1,best,0.0,-220072670.94223243,-220073370.7810644,3.180025050179177e-06,0,0.07697180000832304,60,1077,0,0,0,0,0.0,0.0
1343,Histology,mcet,7,3,best/1,best,0.0,-220073086.7357538,-220073370.7810644,1.2906846002248392e-06,0,0.07697080017533153,60,1026,0,0,0,0,0.0,0.0
1344,Histology,mcet,7,4,best/1,best,0.0,-220073250.14969346,-220073370.7810644,5.481416061549377e-07,0,0.0760955999721773,60,1033,0,0,0,0,0.0,0.0
1345,Histology,mcet,7,5,best/1,best,0.0,-220062346.19138688,-220073370.7810644,5.009506437959838e-05,0,0.07437060022493824,60,1019,0,0,0,0,0.0,0.0
1346,Histology,mcet,7,6,best/1,best,0.0,-220072104.52661097,-220073370.7810644,5.753783153893467e-06,0,0.0768426000722684,60,1074,0,0,0,0,0.0,0.0
1347,Histology,mcet,7,7,best/1,best,0.0,-220073323.0959297,-220073370.7810644,2.1667834917890934e-07,0,0.07508599990978837,60,1016,0,0,0,0,0.0,0.0
1348,Histology,mcet,7,8,best/1,best,0.0,-220073240.47363073,-220073370.7810644,5.921090461891115e-07,0,0.07645390013931319,60,1030,0,0,0,0,0.0,0.0
1349,Histology,mcet,7,9,best/1,best,0.0,-220062333.60391814,-220073370.7810644,5.015226107131374e-05,0,0.07497970014810562,60,1015,0,0,0,0,0.0,0.0
1350,Histology,mcet,7,0,best/1+LS,best,0.15,-220073370.7810644,-220073370.7810644,0.0,1,0.317181300080847,60,978,164,212,282,79931,0.0,0.0
1351,Histology,mcet,7,1,best/1+LS,best,0.15,-220073345.8581426,-220073370.7810644,1.1324823938633456e-07,0,0.29512920015258715,60,1030,162,194,188,72922,0.0,0.0
1352,Histology,mcet,7,2,best/1+LS,best,0.15,-220073370.7810644,-220073370.7810644,0.0,1,0.28258970007300377,60,1001,146,182,228,68788,0.0,0.0
1353,Histology,mcet,7,3,best/1+LS,best,0.15,-220073370.7810644,-220073370.7810644,0.0,1,0.323231500107795,60,980,161,214,302,80676,0.0,0.0
1354,Histology,mcet,7,4,best/1+LS,best,0.15,-220073370.7810644,-220073370.7810644,0.0,1,0.2733860000153072,60,975,140,178,203,66895,0.0,0.0
1355,Histology,mcet,7,5,best/1+LS,best,0.15,-220073370.7810644,-220073370.7810644,0.0,1,0.2625334998010658,60,1012,134,163,151,61536,0.0,0.0
1356,Histology,mcet,7,6,best/1+LS,best,0.15,-220073370.7810644,-220073370.7810644,0.0,1,0.31332879996625707,60,1039,163,209,228,78729,0.0,0.0
1357,Histology,mcet,7,7,best/1+LS,best,0.15,-220073370.7810644,-220073370.7810644,0.0,1,0.2796990000642836,60,970,140,180,182,67942,0.0,0.0
1358,Histology,mcet,7,8,best/1+LS,best,0.15,-220073370.7810644,-220073370.7810644,0.0,1,0.2593222002615221,60,956,125,159,201,59612,0.0,0.0
1359,Histology,mcet,7,9,best/1+LS,best,0.15,-220073370.7810644,-220073370.7810644,0.0,1,0.292154899740126,60,962,158,190,197,71839,0.0,0.0
1360,Histology,mcet,7,0,SDE-donor,sde,0.0,-220073250.2511502,-220073370.7810644,5.476805929428542e-07,0,0.07895350002218038,60,943,0,0,0,0,0.0,0.0
1361,Histology,mcet,7,1,SDE-donor,sde,0.0,-220073221.39550737,-220073370.7810644,6.787988773720572e-07,0,0.07973749976372346,60,922,0,0,0,0,0.0,0.0
1362,Histology,mcet,7,2,SDE-donor,sde,0.0,-220066323.91711065,-220073370.7810644,3.2020520832344756e-05,0,0.07991389994276688,60,947,0,0,0,0,0.0,0.0
1363,Histology,mcet,7,3,SDE-donor,sde,0.0,-220071726.04297358,-220073370.7810644,7.473589762249768e-06,0,0.0792180000571534,60,912,0,0,0,0,0.0,0.0
1364,Histology,mcet,7,4,SDE-donor,sde,0.0,-220073251.5724207,-220073370.7810644,5.416768202421234e-07,0,0.08021640009246767,60,967,0,0,0,0,0.0,0.0
1365,Histology,mcet,7,5,SDE-donor,sde,0.0,-220071854.99949953,-220073370.7810644,6.887619158473658e-06,0,0.07981810002820566,60,880,0,0,0,0,0.0,0.0
1366,Histology,mcet,7,6,SDE-donor,sde,0.0,-220073302.94513866,-220073370.7810644,3.082423170387474e-07,0,0.07940039993263781,60,893,0,0,0,0,0.0,0.0
1367,Histology,mcet,7,7,SDE-donor,sde,0.0,-220073329.25248605,-220073370.7810644,1.8870333195523738e-07,0,0.07947720034280792,60,944,0,0,0,0,0.0,0.0
1368,Histology,mcet,7,8,SDE-donor,sde,0.0,-220073203.51865056,-220073370.7810644,7.600302264464461e-07,0,0.07959090021904558,60,951,0,0,0,0,0.0,0.0
1369,Histology,mcet,7,9,SDE-donor,sde,0.0,-220073240.17032674,-220073370.7810644,5.934872410416343e-07,0,0.08059620013227686,60,944,0,0,0,0,0.0,0.0
1370,Histology,mcet,7,0,SDE-donor+LS,sde,0.15,-220073370.7810644,-220073370.7810644,0.0,1,0.29545000015059486,60,1042,146,188,193,70892,0.0,0.0
1371,Histology,mcet,7,1,SDE-donor+LS,sde,0.15,-220073370.7810644,-220073370.7810644,0.0,1,0.2850516003090888,60,1022,143,180,249,67976,0.0,0.0
1372,Histology,mcet,7,2,SDE-donor+LS,sde,0.15,-220073370.7810644,-220073370.7810644,0.0,1,0.2942847002414055,60,991,149,188,219,70947,0.0,0.0
1373,Histology,mcet,7,3,SDE-donor+LS,sde,0.15,-220073370.7810644,-220073370.7810644,0.0,1,0.3138260001433082,60,1009,154,206,274,77553,0.0,0.0
1374,Histology,mcet,7,4,SDE-donor+LS,sde,0.15,-220073370.7810644,-220073370.7810644,0.0,1,0.29639359994325787,60,995,149,187,227,70761,0.0,0.0
1375,Histology,mcet,7,5,SDE-donor+LS,sde,0.15,-220073370.7810644,-220073370.7810644,0.0,1,0.2891924998839386,60,1023,148,183,210,69066,0.0,0.0
1376,Histology,mcet,7,6,SDE-donor+LS,sde,0.15,-220073370.7810644,-220073370.7810644,0.0,1,0.31804540002485737,60,1032,175,210,198,79245,0.0,0.0
1377,Histology,mcet,7,7,SDE-donor+LS,sde,0.15,-220073370.7810644,-220073370.7810644,0.0,1,0.305282499990426,60,1041,163,197,202,74400,0.0,0.0
1378,Histology,mcet,7,8,SDE-donor+LS,sde,0.15,-220073370.7810644,-220073370.7810644,0.0,1,0.2960021997569129,60,1014,145,189,274,71347,0.0,0.0
1379,Histology,mcet,7,9,SDE-donor+LS,sde,0.15,-220073369.90253395,-220073370.7810644,3.991988851702915e-09,1,0.31676639994839206,60,1034,161,205,276,77004,0.0,0.0
1380,Histology,mcet,8,0,rand/1,rand,0.0,-220073369.63925344,-220081234.15263566,3.5734593240111766e-05,0,0.07539149979129434,60,342,0,0,0,0,2.474403097597767,0.7794719113706473
1381,Histology,mcet,8,1,rand/1,rand,0.0,-220077226.14064848,-220081234.15263566,1.8211511774783087e-05,0,0.0735797003726475,60,356,0,0,0,0,11.078525384782866,2.3350462633825715
1382,Histology,mcet,8,2,rand/1,rand,0.0,-220081162.90484875,-220081234.15263566,3.2373403931354025e-07,0,0.07515699992654845,60,285,0,0,0,0,4.694809384248096,1.780142585789584
1383,Histology,mcet,8,3,rand/1,rand,0.0,-220081207.05777174,-220081234.15263566,1.2311301336402198e-07,0,0.07480879995273426,60,328,0,0,0,0,1.3758191909649766,0.5158331453643021
1384,Histology,mcet,8,4,rand/1,rand,0.0,-220081031.62426746,-220081234.15263566,9.202436954000815e-07,0,0.07546220027143136,60,350,0,0,0,0,2.93677810163879,1.0443821682494994
1385,Histology,mcet,8,5,rand/1,rand,0.0,-220081183.4479863,-220081234.15263566,2.3039060805984933e-07,0,0.07568629999877885,60,314,0,0,0,0,1.5893949101821188,0.5372046983122927
1386,Histology,mcet,8,6,rand/1,rand,0.0,-220081071.4261015,-220081234.15263566,7.393930463200404e-07,0,0.07533830008469522,60,318,0,0,0,0,3.7329286993669606,1.384722754443393
1387,Histology,mcet,8,7,rand/1,rand,0.0,-220081150.82282412,-220081234.15263566,3.7863206222041397e-07,0,0.07509180007036775,60,353,0,0,0,0,0.8988349153247212,0.19757361350473002
1388,Histology,mcet,8,8,rand/1,rand,0.0,-220080976.54802752,-220081234.15263566,1.1704978352205927e-06,0,0.07532340008765459,60,343,0,0,0,0,2.2139101495786937,0.8083228426959279
1389,Histology,mcet,8,9,rand/1,rand,0.0,-220081037.45219105,-220081234.15263566,8.937629115279619e-07,0,0.07454430003417656,60,326,0,0,0,0,1.7035306673552668,0.5584812982421912
1390,Histology,mcet,8,0,rand/1+LS,rand,0.15,-220081234.15263566,-220081234.15263566,0.0,1,0.20856699987780303,60,477,61,116,336,43951,0.0,0.0
1391,Histology,mcet,8,1,rand/1+LS,rand,0.15,-220081234.15263566,-220081234.15263566,0.0,1,0.174281399929896,60,224,28,87,385,32956,1.0871101047994438,0.4526378030956821
1392,Histology,mcet,8,2,rand/1+LS,rand,0.15,-220081234.15263566,-220081234.15263566,0.0,1,0.2277472002315335,60,395,65,134,413,51426,0.0,0.0
1393,Histology,mcet,8,3,rand/1+LS,rand,0.15,-220081234.15263566,-220081234.15263566,0.0,1,0.20041400025365874,60,274,46,110,353,41908,0.0,0.0
1394,Histology,mcet,8,4,rand/1+LS,rand,0.15,-220081234.15263566,-220081234.15263566,0.0,1,0.2730868994840421,60,589,105,173,381,66095,0.0,0.0
1395,Histology,mcet,8,5,rand/1+LS,rand,0.15,-220081234.15263566,-220081234.15263566,0.0,1,0.2189948996528983,60,357,59,124,399,47656,0.0,0.0
1396,Histology,mcet,8,6,rand/1+LS,rand,0.15,-220081219.0117161,-220081234.15263566,6.87969586523384e-08,0,0.21414239995647222,60,490,68,120,349,45832,0.0,0.0
1397,Histology,mcet,8,7,rand/1+LS,rand,0.15,-220081234.15263566,-220081234.15263566,0.0,1,0.20428349991561845,60,240,41,114,454,43513,0.28332953727266197,0.19070182877990446
1398,Histology,mcet,8,8,rand/1+LS,rand,0.15,-220081234.15263566,-220081234.15263566,0.0,1,0.19876669952645898,60,295,39,108,399,41534,0.0,0.0
1399,Histology,mcet,8,9,rand/1+LS,rand,0.15,-220081234.15263566,-220081234.15263566,0.0,1,0.27125239971792325,60,483,85,170,521,65256,0.0,0.0
1400,Histology,mcet,8,0,best/1,best,0.0,-220077780.16652972,-220081234.15263566,1.569414184379392e-05,0,0.0792291002580896,60,1115,0,0,0,0,0.0,0.0
1401,Histology,mcet,8,1,best/1,best,0.0,-220076188.1597479,-220081234.15263566,2.292786528207834e-05,0,0.07797200011555105,60,969,0,0,0,0,0.0,0.0
1402,Histology,mcet,8,2,best/1,best,0.0,-220080344.50324023,-220081234.15263566,4.042368259435691e-06,0,0.07972409983631223,60,1082,0,0,0,0,0.0,0.0
1403,Histology,mcet,8,3,best/1,best,0.0,-220072514.44259024,-220081234.15263566,3.9620415975037636e-05,0,0.07843869994394481,60,1074,0,0,0,0,0.0,0.0
1404,Histology,mcet,8,4,best/1,best,0.0,-220081176.27831274,-220081234.15263566,2.629680042638228e-07,0,0.0798706998466514,60,988,0,0,0,0,0.0,0.0
1405,Histology,mcet,8,5,best/1,best,0.0,-220080932.48910147,-220081234.15263566,1.3706917600480857e-06,0,0.07865160016808659,60,1018,0,0,0,0,0.0,0.0
1406,Histology,mcet,8,6,best/1,best,0.0,-220080109.6796913,-220081234.15263566,5.109354046829731e-06,0,0.07984639977803454,60,1100,0,0,0,0,0.0,0.0
1407,Histology,mcet,8,7,best/1,best,0.0,-220080069.12976608,-220081234.15263566,5.293603855288052e-06,0,0.07980940007837489,60,951,0,0,0,0,0.0,0.0
1408,Histology,mcet,8,8,best/1,best,0.0,-220079943.32642657,-220081234.15263566,5.865226147372738e-06,0,0.07896270020864904,60,1049,0,0,0,0,0.0,0.0
1409,Histology,mcet,8,9,best/1,best,0.0,-220081183.4479863,-220081234.15263566,2.3039060805984933e-07,0,0.07964020012877882,60,983,0,0,0,0,0.0,0.0
1410,Histology,mcet,8,0,best/1+LS,best,0.15,-220081234.15263566,-220081234.15263566,0.0,1,0.2901733000180684,60,972,146,184,185,70038,0.0,0.0
1411,Histology,mcet,8,1,best/1+LS,best,0.15,-220081234.15263566,-220081234.15263566,0.0,1,0.30239549989346415,60,933,146,196,323,74753,0.0,0.0
1412,Histology,mcet,8,2,best/1+LS,best,0.15,-220081234.15263566,-220081234.15263566,0.0,1,0.2843081997707486,60,918,139,179,236,68317,0.0,0.0
1413,Histology,mcet,8,3,best/1+LS,best,0.15,-220081234.15263566,-220081234.15263566,0.0,1,0.3335954998037778,60,969,161,222,365,84672,0.0,0.0
1414,Histology,mcet,8,4,best/1+LS,best,0.15,-220081219.0117161,-220081234.15263566,6.87969586523384e-08,0,0.2917500003823079,60,900,133,186,309,70934,0.0,0.0
1415,Histology,mcet,8,5,best/1+LS,best,0.15,-220081234.15263566,-220081234.15263566,0.0,1,0.295964999939315,60,910,140,186,286,71102,0.0,0.0
1416,Histology,mcet,8,6,best/1+LS,best,0.15,-220081234.15263566,-220081234.15263566,0.0,1,0.2950028999475762,60,968,145,187,271,71395,0.0,0.0
1417,Histology,mcet,8,7,best/1+LS,best,0.15,-220081234.15263566,-220081234.15263566,0.0,1,0.29062250012066215,60,924,135,185,252,70685,0.0,0.0
1418,Histology,mcet,8,8,best/1+LS,best,0.15,-220081234.15263566,-220081234.15263566,0.0,1,0.33830190007574856,60,1019,168,227,346,86616,0.0,0.0
1419,Histology,mcet,8,9,best/1+LS,best,0.15,-220081234.15263566,-220081234.15263566,0.0,1,0.2951570999575779,60,951,141,188,245,71763,0.0,0.0
1420,Histology,mcet,8,0,SDE-donor,sde,0.0,-220080176.67763767,-220081234.15263566,4.804930334332277e-06,0,0.08477479970315471,60,925,0,0,0,0,0.0,0.0
1421,Histology,mcet,8,1,SDE-donor,sde,0.0,-220079727.43312854,-220081234.15263566,6.8461971004898415e-06,0,0.08283789979759604,60,871,0,0,0,0,0.0,0.0
1422,Histology,mcet,8,2,SDE-donor,sde,0.0,-220080554.31987113,-220081234.15263566,3.089008325283425e-06,0,0.08412119990680367,60,923,0,0,0,0,0.0,0.0
1423,Histology,mcet,8,3,SDE-donor,sde,0.0,-220081170.83429074,-220081234.15263566,2.877044249804583e-07,0,0.08113820006838068,60,922,0,0,0,0,0.0,0.0
1424,Histology,mcet,8,4,SDE-donor,sde,0.0,-220080946.53163746,-220081234.15263566,1.3068856111751767e-06,0,0.08259470033226535,60,967,0,0,0,0,0.0,0.0
1425,Histology,mcet,8,5,SDE-donor,sde,0.0,-220081187.32478496,-220081234.15263566,2.1277530035544803e-07,0,0.0825656998786144,60,968,0,0,0,0,0.0,0.0
1426,Histology,mcet,8,6,SDE-donor,sde,0.0,-220080389.66153032,-220081234.15263566,3.837179069807385e-06,0,0.08624200004851446,60,923,0,0,0,0,0.0,0.0
1427,Histology,mcet,8,7,SDE-donor,sde,0.0,-220081186.57846656,-220081234.15263566,2.161664045664893e-07,0,0.08301649999339134,60,880,0,0,0,0,0.0,0.0
1428,Histology,mcet,8,8,SDE-donor,sde,0.0,-220081173.43866315,-220081234.15263566,2.7587073810572874e-07,0,0.08423619985114783,60,875,0,0,0,0,0.0,0.0
1429,Histology,mcet,8,9,SDE-donor,sde,0.0,-220079198.06059372,-220081234.15263566,9.251547728632696e-06,0,0.08302930003264919,60,1002,0,0,0,0,0.0,0.0
1430,Histology,mcet,8,0,SDE-donor+LS,sde,0.15,-220081234.15263566,-220081234.15263566,0.0,1,0.3231291996780783,60,1028,156,207,316,78945,0.0,0.0
1431,Histology,mcet,8,1,SDE-donor+LS,sde,0.15,-220081234.15263566,-220081234.15263566,0.0,1,0.31184599990956485,60,993,154,200,275,76094,0.0,0.0
1432,Histology,mcet,8,2,SDE-donor+LS,sde,0.15,-220081234.15263566,-220081234.15263566,0.0,1,0.3433309001266025,60,1008,173,221,326,84521,0.0,0.0
1433,Histology,mcet,8,3,SDE-donor+LS,sde,0.15,-220081219.0117161,-220081234.15263566,6.87969586523384e-08,0,0.3323817996424623,60,1077,168,212,264,80955,0.0,0.0
1434,Histology,mcet,8,4,SDE-donor+LS,sde,0.15,-220081219.0117161,-220081234.15263566,6.87969586523384e-08,0,0.3470462001860142,60,1080,180,229,297,87232,0.0,0.0
1435,Histology,mcet,8,5,SDE-donor+LS,sde,0.15,-220081234.15263566,-220081234.15263566,0.0,1,0.29795710020698607,60,1028,143,187,258,71339,0.0,0.0
1436,Histology,mcet,8,6,SDE-donor+LS,sde,0.15,-220081234.15263566,-220081234.15263566,0.0,1,0.30748320021666586,60,1071,159,196,200,74816,0.0,0.0
1437,Histology,mcet,8,7,SDE-donor+LS,sde,0.15,-220081234.15263566,-220081234.15263566,0.0,1,0.29581829998642206,60,990,146,184,258,70375,0.0,0.0
1438,Histology,mcet,8,8,SDE-donor+LS,sde,0.15,-220081234.15263566,-220081234.15263566,0.0,1,0.29322569991927594,60,1032,134,185,362,70517,0.0,0.0
1439,Histology,mcet,8,9,SDE-donor+LS,sde,0.15,-220081234.15263566,-220081234.15263566,0.0,1,0.31338549981592223,60,966,161,204,298,77748,0.0,0.0
