run_id,image,criterion,n,seed,variant,donor,p_ls,objective,optimal_objective,relative_gap,success,runtime,generations,accepted,LS_calls,LS_sweeps,LS_moves,LS_probes,final_diversity_l2,final_diversity_coord
0,Cameraman,mcet,6,0,SDE-donor fixedF,sde_fixed,0.0,-172807112.41428727,-172807242.558218,7.531161819757581e-07,0,0.0780473998747766,60,799,0,0,0,0,0.0,0.0
1,Cameraman,mcet,6,1,SDE-donor fixedF,sde_fixed,0.0,-172807242.558218,-172807242.558218,0.0,1,0.07639740034937859,60,766,0,0,0,0,0.0,0.0
2,Cameraman,mcet,6,2,SDE-donor fixedF,sde_fixed,0.0,-172807181.57547748,-172807242.558218,3.5289458716341796e-07,0,0.07617969956481829,60,764,0,0,0,0,0.0,0.0
3,Cameraman,mcet,6,3,SDE-donor fixedF,sde_fixed,0.0,-172807192.19038913,-172807242.558218,2.9146827488327875e-07,0,0.07586630020523444,60,645,0,0,0,0,0.0,0.0
4,Cameraman,mcet,6,4,SDE-donor fixedF,sde_fixed,0.0,-172807242.558218,-172807242.558218,0.0,1,0.07609269971726462,60,707,0,0,0,0,0.0,0.0
5,Cameraman,mcet,6,5,SDE-donor fixedF,sde_fixed,0.0,-172807242.558218,-172807242.558218,0.0,1,0.07570609997492284,60,687,0,0,0,0,0.0,0.0
6,Cameraman,mcet,6,6,SDE-donor fixedF,sde_fixed,0.0,-172807231.94330633,-172807242.558218,6.142631245259914e-08,0,0.07603799982462078,60,666,0,0,0,0,0.0,0.0
7,Cameraman,mcet,6,7,SDE-donor fixedF,sde_fixed,0.0,-172797194.66998392,-172807242.558218,5.8145064323295334e-05,0,0.07576399960089475,60,859,0,0,0,0,0.0,0.0
8,Cameraman,mcet,6,8,SDE-donor fixedF,sde_fixed,0.0,-172806070.70177057,-172807242.558218,6.781292439370252e-06,0,0.0756855999934487,60,671,0,0,0,0,0.0,0.0
9,Cameraman,mcet,6,9,SDE-donor fixedF,sde_fixed,0.0,-172807192.19038913,-172807242.558218,2.9146827488327875e-07,0,0.07505610003136098,60,635,0,0,0,0,0.0,0.0
10,Cameraman,mcet,6,0,SDE-donor fixedF+LS,sde_fixed,0.15,-172807242.558218,-172807242.558218,0.0,1,0.360073100135196,60,979,170,225,244,92760,0.0,0.0
11,Cameraman,mcet,6,1,SDE-donor fixedF+LS,sde_fixed,0.15,-172807242.558218,-172807242.558218,0.0,1,0.40083430014783517,60,959,174,256,407,106742,0.0,0.0
12,Cameraman,mcet,6,2,SDE-donor fixedF+LS,sde_fixed,0.15,-172807242.558218,-172807242.558218,0.0,1,0.32040400040568784,60,936,142,193,226,79273,0.0,0.0
13,Cameraman,mcet,6,3,SDE-donor fixedF+LS,sde_fixed,0.15,-172807242.558218,-172807242.558218,0.0,1,0.3504132002708502,60,986,162,217,264,89992,0.0,0.0
14,Cameraman,mcet,6,4,SDE-donor fixedF+LS,sde_fixed,0.15,-172807242.558218,-172807242.558218,0.0,1,0.31691729987505823,60,923,143,188,205,77634,0.0,0.0
15,Cameraman,mcet,6,5,SDE-donor fixedF+LS,sde_fixed,0.15,-172807242.558218,-172807242.558218,0.0,1,0.33274420019006357,60,927,144,202,285,83769,0.0,0.0
16,Cameraman,mcet,6,6,SDE-donor fixedF+LS,sde_fixed,0.15,-172807242.558218,-172807242.558218,0.0,1,0.3306544999941252,60,941,145,202,244,83591,0.0,0.0
17,Cameraman,mcet,6,7,SDE-donor fixedF+LS,sde_fixed,0.15,-172807242.558218,-172807242.558218,0.0,1,0.3002032001968473,60,953,136,177,185,72924,0.0,0.0
18,Cameraman,mcet,6,8,SDE-donor fixedF+LS,sde_fixed,0.15,-172807242.558218,-172807242.558218,0.0,1,0.29311370028881356,60,864,135,175,199,71932,0.0,0.0
19,Cameraman,mcet,6,9,SDE-donor fixedF+LS,sde_fixed,0.15,-172807242.558218,-172807242.558218,0.0,1,0.29307239974150434,60,896,130,172,198,71060,0.0,0.0
20,Cameraman,mcet,6,0,SDE-donor paper(F=Cr=.25),sde_fixed,0.0,-172806082.91007876,-172807242.558218,6.7106454687376725e-06,0,0.07575669995276257,60,752,0,0,0,0,0.17999999999999544,0.05000000000000001
21,Cameraman,mcet,6,1,SDE-donor paper(F=Cr=.25),sde_fixed,0.0,-172803461.47948253,-172807242.558218,2.1880325613071124e-05,0,0.07480520004173741,60,516,0,0,0,0,7.767663083802932,3.120921295522834
22,Cameraman,mcet,6,2,SDE-donor paper(F=Cr=.25),sde_fixed,0.0,-172807182.69372925,-172807242.558218,3.46423493972066e-07,0,0.07574500021291897,60,453,0,0,0,0,2.1591195990748373,0.9046282307785147
23,Cameraman,mcet,6,3,SDE-donor paper(F=Cr=.25),sde_fixed,0.0,-172806478.8954742,-172807242.558218,4.4191593621984e-06,0,0.07586980011546984,60,354,0,0,0,0,19.414682022285913,7.197989031101396
24,Cameraman,mcet,6,4,SDE-donor paper(F=Cr=.25),sde_fixed,0.0,-172806267.69529855,-172807242.558218,5.641331376035233e-06,0,0.07462840044172481,60,544,0,0,0,0,2.247157786483372,0.972303550874313
25,Cameraman,mcet,6,5,SDE-donor paper(F=Cr=.25),sde_fixed,0.0,-172807231.94330633,-172807242.558218,6.142631245259914e-08,0,0.0758146999287419,60,498,0,0,0,0,1.6065104947710593,0.5760051328598434
26,Cameraman,mcet,6,6,SDE-donor paper(F=Cr=.25),sde_fixed,0.0,-172797201.1754903,-172807242.558218,5.8107418294863974e-05,0,0.07574289990589023,60,878,0,0,0,0,0.0,0.0
27,Cameraman,mcet,6,7,SDE-donor paper(F=Cr=.25),sde_fixed,0.0,-172807213.81582296,-172807242.558218,1.663263334214127e-07,0,0.07550640002591535,60,421,0,0,0,0,2.9621712915914555,1.1920230418170878
28,Cameraman,mcet,6,8,SDE-donor paper(F=Cr=.25),sde_fixed,0.0,-172806643.8626445,-172807242.558218,3.4645282491967403e-06,0,0.07408259977819398,60,592,0,0,0,0,0.975376638489273,0.32876230685662766
29,Cameraman,mcet,6,9,SDE-donor paper(F=Cr=.25),sde_fixed,0.0,-172797240.21036643,-172807242.558218,5.78815314885004e-05,0,0.08127710002008826,60,781,0,0,0,0,0.0,0.0
30,Cameraman,mcet,6,0,SDE-donor paper(F=Cr=.25)+LS,sde_fixed,0.15,-172807242.558218,-172807242.558218,0.0,1,0.26299880002625287,60,396,63,147,372,62401,4.71079812098867,3.623380068410175
31,Cameraman,mcet,6,1,SDE-donor paper(F=Cr=.25)+LS,sde_fixed,0.15,-172807242.558218,-172807242.558218,0.0,1,0.21717150002950802,60,265,36,110,364,47423,17.860757343150247,7.1851710646381095
32,Cameraman,mcet,6,2,SDE-donor paper(F=Cr=.25)+LS,sde_fixed,0.15,-172807242.558218,-172807242.558218,0.0,1,0.2182915005250834,60,270,37,113,360,47974,1.4283268952112724,0.5447652663910674
33,Cameraman,mcet,6,3,SDE-donor paper(F=Cr=.25)+LS,sde_fixed,0.15,-172807215.7031176,-172807242.558218,1.5540494712915707e-07,0,0.2936096997000277,60,561,96,171,326,72048,4.479126588967989,3.5234433126953775
34,Cameraman,mcet,6,4,SDE-donor paper(F=Cr=.25)+LS,sde_fixed,0.15,-172807215.7031176,-172807242.558218,1.5540494712915707e-07,0,0.2785378999542445,60,513,82,160,384,67697,4.78313443256616,3.741388259872411
35,Cameraman,mcet,6,5,SDE-donor paper(F=Cr=.25)+LS,sde_fixed,0.15,-172807225.0407741,-172807242.558218,1.0136984790691521e-07,0,0.24392949981847778,60,328,49,132,379,56544,12.547317609897547,5.8441431912469115
36,Cameraman,mcet,6,6,SDE-donor paper(F=Cr=.25)+LS,sde_fixed,0.15,-172807242.558218,-172807242.558218,0.0,1,0.18750439991708845,60,257,27,87,287,37835,17.756715686181742,7.08076075459531
37,Cameraman,mcet,6,7,SDE-donor paper(F=Cr=.25)+LS,sde_fixed,0.15,-172807242.558218,-172807242.558218,0.0,1,0.27818230009870604,60,312,56,154,480,65617,4.5539397569365345,3.5332872292097997
38,Cameraman,mcet,6,8,SDE-donor paper(F=Cr=.25)+LS,sde_fixed,0.15,-172807242.558218,-172807242.558218,0.0,1,0.24658190016634762,60,458,68,133,268,55706,0.5969924622639722,0.3499999999999999
39,Cameraman,mcet,6,9,SDE-donor paper(F=Cr=.25)+LS,sde_fixed,0.15,-172807242.558218,-172807242.558218,0.0,1,0.23733720008749515,60,337,54,127,330,53852,5.467468287758878,3.6742889195860844
40,Cameraman,mcet,7,0,SDE-donor fixedF,sde_fixed,0.0,-172821665.46064216,-172823085.43381336,8.21633966110471e-06,0,0.0834620997775346,60,561,0,0,0,0,0.0,0.0
41,Cameraman,mcet,7,1,SDE-donor fixedF,sde_fixed,0.0,-172823065.2126412,-172823085.43381336,1.170050407513058e-07,0,0.08218129986198619,60,655,0,0,0,0,0.0,0.0
42,Cameraman,mcet,7,2,SDE-donor fixedF,sde_fixed,0.0,-172820260.22502923,-172823085.43381336,1.63474039191088e-05,0,0.07906389993149787,60,668,0,0,0,0,0.0,0.0
43,Cameraman,mcet,7,3,SDE-donor fixedF,sde_fixed,0.0,-172822957.79929143,-172823085.43381336,7.385270411706106e-07,0,0.07855199999175966,60,579,0,0,0,0,0.0,0.0
44,Cameraman,mcet,7,4,SDE-donor fixedF,sde_fixed,0.0,-172820951.09663492,-172823085.43381336,1.2349838408921915e-05,0,0.08108709967928007,60,694,0,0,0,0,0.0,0.0
45,Cameraman,mcet,7,5,SDE-donor fixedF,sde_fixed,0.0,-172821991.27150735,-172823085.43381336,6.331111976529074e-06,0,0.0802144996705465,60,754,0,0,0,0,0.0,0.0
46,Cameraman,mcet,7,6,SDE-donor fixedF,sde_fixed,0.0,-172817915.45549884,-172823085.43381336,2.99148594734405e-05,0,0.0792767001548782,60,668,0,0,0,0,0.0,0.0
47,Cameraman,mcet,7,7,SDE-donor fixedF,sde_fixed,0.0,-172820268.12749058,-172823085.43381336,1.6301678191379037e-05,0,0.07884440006455407,60,674,0,0,0,0,0.0,0.0
48,Cameraman,mcet,7,8,SDE-donor fixedF,sde_fixed,0.0,-172821395.07022038,-172823085.43381336,9.780890028315438e-06,0,0.0784750001039356,60,630,0,0,0,0,0.0,0.0
49,Cameraman,mcet,7,9,SDE-donor fixedF,sde_fixed,0.0,-172822370.32218504,-172823085.43381336,4.137824680821719e-06,0,0.07925470016198233,60,622,0,0,0,0,0.0,0.0
50,Cameraman,mcet,7,0,SDE-donor fixedF+LS,sde_fixed,0.15,-172820288.4459568,-172823085.43381336,1.618411018149585e-05,0,0.3303935000440106,60,922,130,189,317,82397,0.0,0.0
51,Cameraman,mcet,7,1,SDE-donor fixedF+LS,sde_fixed,0.15,-172823085.43381336,-172823085.43381336,0.0,1,0.30120759969577193,60,770,122,176,279,73386,0.0,0.0
52,Cameraman,mcet,7,2,SDE-donor fixedF+LS,sde_fixed,0.15,-172823085.43381336,-172823085.43381336,0.0,1,0.34135130018694326,60,672,116,205,375,86047,0.0,0.0
53,Cameraman,mcet,7,3,SDE-donor fixedF+LS,sde_fixed,0.15,-172823076.9673018,-172823085.43381336,4.8989471262565964e-08,0,0.2913133999099955,60,707,100,166,317,69281,0.0,0.0
54,Cameraman,mcet,7,4,SDE-donor fixedF+LS,sde_fixed,0.15,-172823085.43381336,-172823085.43381336,0.0,1,0.3164013000787236,60,844,125,190,306,78740,0.0,0.0
55,Cameraman,mcet,7,5,SDE-donor fixedF+LS,sde_fixed,0.15,-172820288.4459568,-172823085.43381336,1.618411018149585e-05,0,0.322173000080511,60,955,134,185,272,80482,0.0,0.0
56,Cameraman,mcet,7,6,SDE-donor fixedF+LS,sde_fixed,0.15,-172820288.4459568,-172823085.43381336,1.618411018149585e-05,0,0.3749166000052355,60,980,169,220,255,96061,0.0,0.0
57,Cameraman,mcet,7,7,SDE-donor fixedF+LS,sde_fixed,0.15,-172820288.4459568,-172823085.43381336,1.618411018149585e-05,0,0.3567658000974916,60,955,144,210,359,92008,0.0,0.0
58,Cameraman,mcet,7,8,SDE-donor fixedF+LS,sde_fixed,0.15,-172823085.43381336,-172823085.43381336,0.0,1,0.2701522000716068,60,755,97,152,265,63543,0.0,0.0
59,Cameraman,mcet,7,9,SDE-donor fixedF+LS,sde_fixed,0.15,-172823085.43381336,-172823085.43381336,0.0,1,0.3499673999613151,60,780,140,217,323,90853,0.0,0.0
60,Cameraman,mcet,7,0,SDE-donor paper(F=Cr=.25),sde_fixed,0.0,-172820005.647816,-172823085.43381336,1.7820454886742666e-05,0,0.07834549993276596,60,810,0,0,0,0,0.0,0.0
61,Cameraman,mcet,7,1,SDE-donor paper(F=Cr=.25),sde_fixed,0.0,-172820148.4651582,-172823085.43381336,1.6994076039070548e-05,0,0.07629620004445314,60,643,0,0,0,0,0.6420212469350732,0.22006284672521007
62,Cameraman,mcet,7,2,SDE-donor paper(F=Cr=.25),sde_fixed,0.0,-172820288.4459568,-172823085.43381336,1.618411018149585e-05,0,0.07686320005450398,60,583,0,0,0,0,0.8089513826545931,0.2604274507036329
63,Cameraman,mcet,7,3,SDE-donor paper(F=Cr=.25),sde_fixed,0.0,-172821239.36361876,-172823085.43381336,1.0681849533979118e-05,0,0.07800209964625537,60,345,0,0,0,0,12.748274003149994,4.874708124838791
64,Cameraman,mcet,7,4,SDE-donor paper(F=Cr=.25),sde_fixed,0.0,-172820182.5743771,-172823085.43381336,1.6796711093236977e-05,0,0.07785640010843053,60,739,0,0,0,0,0.0,0.0
65,Cameraman,mcet,7,5,SDE-donor paper(F=Cr=.25),sde_fixed,0.0,-172821593.399298,-172823085.43381336,8.633305623527168e-06,0,0.07659820019034669,60,295,0,0,0,0,12.41990807517724,7.505318265868236
66,Cameraman,mcet,7,6,SDE-donor paper(F=Cr=.25),sde_fixed,0.0,-172820217.75966173,-172823085.43381336,1.6593119746883886e-05,0,0.07801850023679435,60,489,0,0,0,0,2.5084056619123123,1.0848482728917237
67,Cameraman,mcet,7,7,SDE-donor paper(F=Cr=.25),sde_fixed,0.0,-172820269.33439574,-172823085.43381336,1.6294694719504638e-05,0,0.07813640020322055,60,560,0,0,0,0,3.92845423318127,2.75888514333494
68,Cameraman,mcet,7,8,SDE-donor paper(F=Cr=.25),sde_fixed,0.0,-172821140.450145,-172823085.43381336,1.125418900764858e-05,0,0.07751700008520856,60,380,0,0,0,0,6.242350380771927,2.7463174968907182
69,Cameraman,mcet,7,9,SDE-donor paper(F=Cr=.25),sde_fixed,0.0,-172820273.87645954,-172823085.43381336,1.626841313917595e-05,0,0.07891220017336309,60,469,0,0,0,0,1.8282117653869954,0.6008551136249701
70,Cameraman,mcet,7,0,SDE-donor paper(F=Cr=.25)+LS,sde_fixed,0.15,-172820288.4459568,-172823085.43381336,1.618411018149585e-05,0,0.28888939996249974,60,684,87,160,365,70081,0.3599999999999909,0.17142857142857146
71,Cameraman,mcet,7,1,SDE-donor paper(F=Cr=.25)+LS,sde_fixed,0.15,-172821402.94816566,-172823085.43381336,9.735306157073123e-06,0,0.19689489994198084,60,204,30,94,328,40745,18.07298228393949,6.352821889954896
72,Cameraman,mcet,7,2,SDE-donor paper(F=Cr=.25)+LS,sde_fixed,0.15,-172820288.4459568,-172823085.43381336,1.618411018149585e-05,0,0.26150889991549775,60,533,76,137,310,59953,6.361861939488944,4.930712875794549
73,Cameraman,mcet,7,3,SDE-donor paper(F=Cr=.25)+LS,sde_fixed,0.15,-172821557.43239915,-172823085.43381336,8.841419596080456e-06,0,0.19153330026892945,60,255,30,87,276,38011,14.297011310913723,5.920463611345265
74,Cameraman,mcet,7,4,SDE-donor paper(F=Cr=.25)+LS,sde_fixed,0.15,-172821814.52365002,-172823085.43381336,7.353821742927263e-06,0,0.20082439994439483,60,216,30,94,339,41358,13.106695574020481,7.232977925926976
75,Cameraman,mcet,7,5,SDE-donor paper(F=Cr=.25)+LS,sde_fixed,0.15,-172820288.4459568,-172823085.43381336,1.618411018149585e-05,0,0.2934807999408804,60,662,93,165,377,71703,1.3825516011454262,0.8676655712355462
76,Cameraman,mcet,7,6,SDE-donor paper(F=Cr=.25)+LS,sde_fixed,0.15,-172820288.4459568,-172823085.43381336,1.618411018149585e-05,0,0.2982967999414541,60,690,100,170,306,74090,0.19000000000001407,0.12453996981544782
77,Cameraman,mcet,7,7,SDE-donor paper(F=Cr=.25)+LS,sde_fixed,0.15,-172820288.4459568,-172823085.43381336,1.618411018149585e-05,0,0.2507410998805426,60,385,59,134,323,58272,1.6381862100133013,0.8229050642804487
78,Cameraman,mcet,7,8,SDE-donor paper(F=Cr=.25)+LS,sde_fixed,0.15,-172820288.4459568,-172823085.43381336,1.618411018149585e-05,0,0.2827108997153118,60,484,80,155,364,67501,3.5202921906439792,2.1789743228997365
79,Cameraman,mcet,7,9,SDE-donor paper(F=Cr=.25)+LS,sde_fixed,0.15,-172822754.50796703,-172823085.43381336,1.9148243159043e-06,0,0.19681239983765408,60,165,24,92,383,39546,23.700166582904185,8.492267549002252
80,Cameraman,mcet,8,0,SDE-donor fixedF,sde_fixed,0.0,-172835947.46297115,-172835982.27178964,2.0139798456189083e-07,0,0.08121440000832081,60,600,0,0,0,0,0.0,0.0
81,Cameraman,mcet,8,1,SDE-donor fixedF,sde_fixed,0.0,-172835926.1870841,-172835982.27178964,3.244966979352847e-07,0,0.08372360008070245,60,509,0,0,0,0,0.0,0.0
82,Cameraman,mcet,8,2,SDE-donor fixedF,sde_fixed,0.0,-172835982.27178964,-172835982.27178964,0.0,1,0.0795780997723341,60,496,0,0,0,0,0.0,0.0
83,Cameraman,mcet,8,3,SDE-donor fixedF,sde_fixed,0.0,-172835982.27178964,-172835982.27178964,0.0,1,0.08053710020612925,60,587,0,0,0,0,0.0,0.0
84,Cameraman,mcet,8,4,SDE-donor fixedF,sde_fixed,0.0,-172835966.57453218,-172835982.27178964,9.082169842665787e-08,0,0.07959789998130873,60,470,0,0,0,0,0.0,0.0
85,Cameraman,mcet,8,5,SDE-donor fixedF,sde_fixed,0.0,-172835928.62103474,-172835982.27178964,3.1041426787171645e-07,0,0.08069860021350905,60,483,0,0,0,0,0.0,0.0
86,Cameraman,mcet,8,6,SDE-donor fixedF,sde_fixed,0.0,-172835954.37101176,-172835982.27178964,1.614292204067919e-07,0,0.080562099639792,60,425,0,0,0,0,0.0,0.0
87,Cameraman,mcet,8,7,SDE-donor fixedF,sde_fixed,0.0,-172833517.35322517,-172835982.27178964,1.426160532123725e-05,0,0.08075240021571517,60,551,0,0,0,0,1.0324703434155595,0.27205562506262176
88,Cameraman,mcet,8,8,SDE-donor fixedF,sde_fixed,0.0,-172835576.60446724,-172835982.27178964,2.3471230762545052e-06,0,0.08100970002124086,60,704,0,0,0,0,0.0,0.0
89,Cameraman,mcet,8,9,SDE-donor fixedF,sde_fixed,0.0,-172835947.46297115,-172835982.27178964,2.0139798456189083e-07,0,0.08206290000816807,60,508,0,0,0,0,0.0,0.0
90,Cameraman,mcet,8,0,SDE-donor fixedF+LS,sde_fixed,0.15,-172835982.27178964,-172835982.27178964,0.0,1,0.36785570002393797,60,904,145,216,405,94094,0.0,0.0
91,Cameraman,mcet,8,1,SDE-donor fixedF+LS,sde_fixed,0.15,-172835982.27178964,-172835982.27178964,0.0,1,0.3067343001603149,60,755,113,173,360,74774,0.0,0.0
92,Cameraman,mcet,8,2,SDE-donor fixedF+LS,sde_fixed,0.15,-172835982.27178964,-172835982.27178964,0.0,1,0.34347049955977127,60,802,142,202,368,87645,0.0,0.0
93,Cameraman,mcet,8,3,SDE-donor fixedF+LS,sde_fixed,0.15,-172835982.27178964,-172835982.27178964,0.0,1,0.30432500009192154,60,757,116,171,317,74503,0.0,0.0
94,Cameraman,mcet,8,4,SDE-donor fixedF+LS,sde_fixed,0.15,-172835982.27178964,-172835982.27178964,0.0,1,0.2962841000407934,60,765,112,166,301,71898,0.0,0.0
95,Cameraman,mcet,8,5,SDE-donor fixedF+LS,sde_fixed,0.15,-172835982.27178964,-172835982.27178964,0.0,1,0.32619589986279607,60,832,115,185,392,80916,0.0,0.0
96,Cameraman,mcet,8,6,SDE-donor fixedF+LS,sde_fixed,0.15,-172835982.27178964,-172835982.27178964,0.0,1,0.3474784000427462,60,847,144,205,360,88939,0.0,0.0
97,Cameraman,mcet,8,7,SDE-donor fixedF+LS,sde_fixed,0.15,-172835982.27178964,-172835982.27178964,0.0,1,0.3648763000383042,60,899,149,215,357,93663,0.0,0.0
98,Cameraman,mcet,8,8,SDE-donor fixedF+LS,sde_fixed,0.15,-172835982.27178964,-172835982.27178964,0.0,1,0.3031535996706225,60,819,111,160,248,69246,0.0,0.0
99,Cameraman,mcet,8,9,SDE-donor fixedF+LS,sde_fixed,0.15,-172835982.27178964,-172835982.27178964,0.0,1,0.398832100268919,60,896,155,236,454,102763,0.0,0.0
100,Cameraman,mcet,8,0,SDE-donor paper(F=Cr=.25),sde_fixed,0.0,-172833554.85817465,-172835982.27178964,1.4044607975040453e-05,0,0.08140010002534837,60,416,0,0,0,0,7.625514021223263,4.348657664264043
101,Cameraman,mcet,8,1,SDE-donor paper(F=Cr=.25),sde_fixed,0.0,-172833304.3757319,-172835982.27178964,1.5493857370183976e-05,0,0.08464579994324595,60,747,0,0,0,0,0.09500000000001023,0.027243118397129215
102,Cameraman,mcet,8,2,SDE-donor paper(F=Cr=.25),sde_fixed,0.0,-172835785.63234583,-172835982.27178964,1.1377228354309533e-06,0,0.07990239979699254,60,261,0,0,0,0,21.73582803558315,8.462175721398818
103,Cameraman,mcet,8,3,SDE-donor paper(F=Cr=.25),sde_fixed,0.0,-172832288.91256094,-172835982.27178964,2.1369156932220767e-05,0,0.08243969996692613,60,598,0,0,0,0,0.9820792853428972,0.34637360549519264
104,Cameraman,mcet,8,4,SDE-donor paper(F=Cr=.25),sde_fixed,0.0,-172835012.33356893,-172835982.27178964,5.611899836830887e-06,0,0.08005710027646273,60,291,0,0,0,0,25.137007894770658,8.198516162394569
105,Cameraman,mcet,8,5,SDE-donor paper(F=Cr=.25),sde_fixed,0.0,-172833444.27189767,-172835982.27178964,1.468444162266803e-05,0,0.08345779962837696,60,339,0,0,0,0,12.029624246146353,4.995848439047526
106,Cameraman,mcet,8,6,SDE-donor paper(F=Cr=.25),sde_fixed,0.0,-172833297.50154766,-172835982.27178964,1.553363024693495e-05,0,0.08102759986650199,60,385,0,0,0,0,11.27807056139808,5.477024218372479
107,Cameraman,mcet,8,7,SDE-donor paper(F=Cr=.25),sde_fixed,0.0,-172835909.5094737,-172835982.27178964,4.209905540069494e-07,0,0.07895599945914,60,314,0,0,0,0,16.598848728005567,5.482428996923942
108,Cameraman,mcet,8,8,SDE-donor paper(F=Cr=.25),sde_fixed,0.0,-172833662.61958912,-172835982.27178964,1.3421118508021771e-05,0,0.08253830071771517,60,559,0,0,0,0,0.8112128465236177,0.2793539171420034
109,Cameraman,mcet,8,9,SDE-donor paper(F=Cr=.25),sde_fixed,0.0,-172833888.85278234,-172835982.27178964,1.2112171202923288e-05,0,0.08130020025419071,60,584,0,0,0,0,1.9307033121773913,0.9662885809091362
110,Cameraman,mcet,8,0,SDE-donor paper(F=Cr=.25)+LS,sde_fixed,0.15,-172835957.94574517,-172835982.27178964,1.4074641258333798e-07,0,0.18609900010051206,60,188,20,80,426,35445,22.136205578470882,9.201870649270344
111,Cameraman,mcet,8,1,SDE-donor paper(F=Cr=.25)+LS,sde_fixed,0.15,-172835704.2272461,-172835982.27178964,1.6087190866152171e-06,0,0.20425290009006858,60,180,28,93,390,40935,21.851617960277114,8.796749258081952
112,Cameraman,mcet,8,2,SDE-donor paper(F=Cr=.25)+LS,sde_fixed,0.15,-172835980.72369114,-172835982.27178964,8.957038252074584e-09,1,0.2162083001458086,60,136,28,105,507,46001,19.45526568834378,7.788848623463367
113,Cameraman,mcet,8,3,SDE-donor paper(F=Cr=.25)+LS,sde_fixed,0.15,-172835982.27178964,-172835982.27178964,0.0,1,0.2023529996513389,60,165,25,92,446,40210,19.063770628639325,7.7421424893908535
114,Cameraman,mcet,8,4,SDE-donor paper(F=Cr=.25)+LS,sde_fixed,0.15,-172835809.80709186,-172835982.27178964,9.978518102036135e-07,0,0.22289199993247166,60,193,29,108,526,48282,12.76106324943257,5.893411658847627
115,Cameraman,mcet,8,5,SDE-donor paper(F=Cr=.25)+LS,sde_fixed,0.15,-172835316.42968157,-172835982.27178964,3.852450741557936e-06,0,0.2714146997896023,60,207,38,142,630,63038,12.378876490144894,5.119744396425096
116,Cameraman,mcet,8,6,SDE-donor paper(F=Cr=.25)+LS,sde_fixed,0.15,-172835776.25493476,-172835982.27178964,1.1919789627964898e-06,0,0.21533219987759367,60,218,29,99,434,43892,15.31946354268609,5.936724919435786
117,Cameraman,mcet,8,7,SDE-donor paper(F=Cr=.25)+LS,sde_fixed,0.15,-172835980.72369114,-172835982.27178964,8.957038252074584e-09,1,0.1851825001067482,60,135,21,80,407,35612,22.575176398645233,8.388666811600356
118,Cameraman,mcet,8,8,SDE-donor paper(F=Cr=.25)+LS,sde_fixed,0.15,-172835982.27178964,-172835982.27178964,0.0,1,0.21002620010403916,60,222,31,100,405,43738,15.424085034977352,6.257765162952703
119,Cameraman,mcet,8,9,SDE-donor paper(F=Cr=.25)+LS,sde_fixed,0.15,-172835963.81270275,-172835982.27178964,1.0680118024244257e-07,0,0.18370260030496866,60,163,20,78,408,34605,23.006143325951122,8.234745612526009
120,Coins,mcet,6,0,SDE-donor fixedF,sde_fixed,0.0,-53810725.17645357,-53810725.17645357,0.0,1,0.07618400012142956,60,837,0,0,0,0,0.0,0.0
121,Coins,mcet,6,1,SDE-donor fixedF,sde_fixed,0.0,-53810725.17645357,-53810725.17645357,0.0,1,0.07557879987871274,60,793,0,0,0,0,0.0,0.0
122,Coins,mcet,6,2,SDE-donor fixedF,sde_fixed,0.0,-53810725.17645357,-53810725.17645357,0.0,1,0.0758271996746771,60,836,0,0,0,0,0.0,0.0
123,Coins,mcet,6,3,SDE-donor fixedF,sde_fixed,0.0,-53810725.17645357,-53810725.17645357,0.0,1,0.0755043001845479,60,867,0,0,0,0,0.0,0.0
124,Coins,mcet,6,4,SDE-donor fixedF,sde_fixed,0.0,-53810725.17645357,-53810725.17645357,0.0,1,0.07586839993018657,60,864,0,0,0,0,0.0,0.0
125,Coins,mcet,6,5,SDE-donor fixedF,sde_fixed,0.0,-53810725.17645357,-53810725.17645357,0.0,1,0.07467510033166036,60,811,0,0,0,0,0.0,0.0
126,Coins,mcet,6,6,SDE-donor fixedF,sde_fixed,0.0,-53810012.3955823,-53810725.17645357,1.3246074438270799e-05,0,0.07476189971202984,60,756,0,0,0,0,0.0,0.0
127,Coins,mcet,6,7,SDE-donor fixedF,sde_fixed,0.0,-53810725.17645357,-53810725.17645357,0.0,1,0.0760304998839274,60,819,0,0,0,0,0.0,0.0
128,Coins,mcet,6,8,SDE-donor fixedF,sde_fixed,0.0,-53810725.17645357,-53810725.17645357,0.0,1,0.07546510046813637,60,896,0,0,0,0,0.0,0.0
129,Coins,mcet,6,9,SDE-donor fixedF,sde_fixed,0.0,-53810725.17645357,-53810725.17645357,0.0,1,0.07631949975620955,60,820,0,0,0,0,0.0,0.0
130,Coins,mcet,6,0,SDE-donor fixedF+LS,sde_fixed,0.15,-53810725.17645357,-53810725.17645357,0.0,1,0.3178842001943849,60,1035,164,209,240,79775,0.0,0.0
131,Coins,mcet,6,1,SDE-donor fixedF+LS,sde_fixed,0.15,-53810725.17645357,-53810725.17645357,0.0,1,0.3570179001544602,60,1039,180,242,381,93041,0.0,0.0
132,Coins,mcet,6,2,SDE-donor fixedF+LS,sde_fixed,0.15,-53810725.17645357,-53810725.17645357,0.0,1,0.3112306000548415,60,1051,162,205,220,77705,0.0,0.0
133,Coins,mcet,6,3,SDE-donor fixedF+LS,sde_fixed,0.15,-53810725.17645357,-53810725.17645357,0.0,1,0.3229144999640994,60,1011,163,215,264,82264,0.0,0.0
134,Coins,mcet,6,4,SDE-donor fixedF+LS,sde_fixed,0.15,-53810725.17645357,-53810725.17645357,0.0,1,0.3015570002608001,60,1096,151,198,266,75594,0.0,0.0
135,Coins,mcet,6,5,SDE-donor fixedF+LS,sde_fixed,0.15,-53810725.17645357,-53810725.17645357,0.0,1,0.3247590001556091,60,1069,164,215,297,81688,0.0,0.0
136,Coins,mcet,6,6,SDE-donor fixedF+LS,sde_fixed,0.15,-53810725.17645357,-53810725.17645357,0.0,1,0.3075768001144752,60,1018,149,199,279,76655,0.0,0.0
137,Coins,mcet,6,7,SDE-donor fixedF+LS,sde_fixed,0.15,-53810725.17645357,-53810725.17645357,0.0,1,0.2945527998963371,60,1017,147,192,261,73452,0.0,0.0
138,Coins,mcet,6,8,SDE-donor fixedF+LS,sde_fixed,0.15,-53810725.17645357,-53810725.17645357,0.0,1,0.2652557003311813,60,1030,133,163,175,62223,0.0,0.0
139,Coins,mcet,6,9,SDE-donor fixedF+LS,sde_fixed,0.15,-53810725.17645357,-53810725.17645357,0.0,1,0.3258319001761265,60,1042,171,220,294,83784,0.0,0.0
140,Coins,mcet,6,0,SDE-donor paper(F=Cr=.25),sde_fixed,0.0,-53810693.51387798,-53810725.17645357,5.884064093877914e-07,0,0.07486759999301285,60,486,0,0,0,0,5.779014029359522,4.724906191331201
141,Coins,mcet,6,1,SDE-donor paper(F=Cr=.25),sde_fixed,0.0,-53810725.17645357,-53810725.17645357,0.0,1,0.07528620021184906,60,536,0,0,0,0,0.2687005768508808,0.1452966314513558
142,Coins,mcet,6,2,SDE-donor paper(F=Cr=.25),sde_fixed,0.0,-53810707.53457637,-53810725.17645357,3.278505751200858e-07,0,0.07588830008171499,60,405,0,0,0,0,4.615878113748951,3.359342683741404
143,Coins,mcet,6,3,SDE-donor paper(F=Cr=.25),sde_fixed,0.0,-53808040.94620574,-53810725.17645357,4.988281126157256e-05,0,0.07683269993867725,60,683,0,0,0,0,0.8398362281320383,0.31815662222265784
144,Coins,mcet,6,4,SDE-donor paper(F=Cr=.25),sde_fixed,0.0,-53806168.77370395,-53810725.17645357,8.467462080615415e-05,0,0.07561700034420937,60,752,0,0,0,0,0.4549999999999983,0.07949493345141213
145,Coins,mcet,6,5,SDE-donor paper(F=Cr=.25),sde_fixed,0.0,-53810239.400707245,-53810725.17645357,9.027489310546096e-06,0,0.0751937999157235,60,668,0,0,0,0,0.09500000000001023,0.036324157862838956
146,Coins,mcet,6,6,SDE-donor paper(F=Cr=.25),sde_fixed,0.0,-53809218.73333388,-53810725.17645357,2.7995220557797085e-05,0,0.07570929970825091,60,617,0,0,0,0,0.255000000000004,0.059511903571190426
147,Coins,mcet,6,7,SDE-donor paper(F=Cr=.25),sde_fixed,0.0,-53810306.387897275,-53810725.17645357,7.782622421819844e-06,0,0.07443299988517538,60,478,0,0,0,0,1.248192577580995,0.4965740067596869
148,Coins,mcet,6,8,SDE-donor paper(F=Cr=.25),sde_fixed,0.0,-53810725.17645357,-53810725.17645357,0.0,1,0.0752308996161446,60,586,0,0,0,0,0.13435028842545846,0.07264831572567791
149,Coins,mcet,6,9,SDE-donor paper(F=Cr=.25),sde_fixed,0.0,-53810624.80287892,-53810725.17645357,1.865307971880827e-06,0,0.07377379981335253,60,483,0,0,0,0,2.57265003239706,1.5354819134685638
150,Coins,mcet,6,0,SDE-donor paper(F=Cr=.25)+LS,sde_fixed,0.15,-53810725.17645357,-53810725.17645357,0.0,1,0.26087179995374754,60,670,92,162,381,62532,0.1343502884254404,0.07264831572567788
151,Coins,mcet,6,1,SDE-donor paper(F=Cr=.25)+LS,sde_fixed,0.15,-53810725.17645357,-53810725.17645357,0.0,1,0.21295189985539764,60,404,52,120,386,46831,4.503690811207694,3.9577584501380847
152,Coins,mcet,6,2,SDE-donor paper(F=Cr=.25)+LS,sde_fixed,0.15,-53810725.17645357,-53810725.17645357,0.0,1,0.21744190010940656,60,320,51,124,421,47989,10.393837068187164,6.276420249099982
153,Coins,mcet,6,3,SDE-donor paper(F=Cr=.25)+LS,sde_fixed,0.15,-53810725.17645357,-53810725.17645357,0.0,1,0.21706320019438863,60,316,51,125,403,48596,8.547350987545503,5.584002191412625
154,Coins,mcet,6,4,SDE-donor paper(F=Cr=.25)+LS,sde_fixed,0.15,-53810725.17645357,-53810725.17645357,0.0,1,0.20949469995684922,60,313,52,117,381,45435,10.445605722878483,5.714097689535046
155,Coins,mcet,6,5,SDE-donor paper(F=Cr=.25)+LS,sde_fixed,0.15,-53810725.17645357,-53810725.17645357,0.0,1,0.20594459981657565,60,245,36,112,459,43978,12.037115601896598,6.821898994059972
156,Coins,mcet,6,6,SDE-donor paper(F=Cr=.25)+LS,sde_fixed,0.15,-53810725.17645357,-53810725.17645357,0.0,1,0.23521890037227422,60,416,55,136,456,52877,4.01682859475668,3.3716484455313616
157,Coins,mcet,6,7,SDE-donor paper(F=Cr=.25)+LS,sde_fixed,0.15,-53810725.17645357,-53810725.17645357,0.0,1,0.24264989997027442,60,422,76,144,390,55814,5.518572288712046,4.859866363637791
158,Coins,mcet,6,8,SDE-donor paper(F=Cr=.25)+LS,sde_fixed,0.15,-53810725.17645357,-53810725.17645357,0.0,1,0.2598372999345884,60,700,105,158,256,60218,0.16454482671903892,0.10897247358851685
159,Coins,mcet,6,9,SDE-donor paper(F=Cr=.25)+LS,sde_fixed,0.15,-53810725.17645357,-53810725.17645357,0.0,1,0.21029010019265115,60,251,44,117,443,46003,11.972287250208664,6.4980165006282915
160,Coins,mcet,7,0,SDE-donor fixedF,sde_fixed,0.0,-53817890.09779592,-53818778.27210942,1.6503056033897436e-05,0,0.07931140006985515,60,752,0,0,0,0,0.0,0.0
161,Coins,mcet,7,1,SDE-donor fixedF,sde_fixed,0.0,-53818778.27210942,-53818778.27210942,0.0,1,0.07674340013181791,60,367,0,0,0,0,0.6695071165761137,0.14577091135688894
162,Coins,mcet,7,2,SDE-donor fixedF,sde_fixed,0.0,-53818773.75984565,-53818778.27210942,8.384180972312488e-08,0,0.0774467998999171,60,490,0,0,0,0,0.0,0.0
163,Coins,mcet,7,3,SDE-donor fixedF,sde_fixed,0.0,-53818769.2866494,-53818778.27210942,1.6695771084157621e-07,0,0.07824559998698533,60,426,0,0,0,0,0.0,0.0
164,Coins,mcet,7,4,SDE-donor fixedF,sde_fixed,0.0,-53818593.24890394,-53818778.27210942,3.437893081592944e-06,0,0.07883469999069348,60,806,0,0,0,0,0.0,0.0
165,Coins,mcet,7,5,SDE-donor fixedF,sde_fixed,0.0,-53818656.80746953,-53818778.27210942,2.2569193093363195e-06,0,0.07803390035405755,60,577,0,0,0,0,0.0,0.0
166,Coins,mcet,7,6,SDE-donor fixedF,sde_fixed,0.0,-53817517.07467584,-53818778.27210942,2.3434152057472102e-05,0,0.07745020015863702,60,695,0,0,0,0,0.0,0.0
167,Coins,mcet,7,7,SDE-donor fixedF,sde_fixed,0.0,-53818272.139613114,-53818778.27210942,9.40438472508217e-06,0,0.07846409978810698,60,678,0,0,0,0,0.0,0.0
168,Coins,mcet,7,8,SDE-donor fixedF,sde_fixed,0.0,-53818652.31890478,-53818778.27210942,2.3403207706134217e-06,0,0.07820650009671226,60,576,0,0,0,0,0.0,0.0
169,Coins,mcet,7,9,SDE-donor fixedF,sde_fixed,0.0,-53818739.60347877,-53818778.27210942,7.184969985126724e-07,0,0.07928860053652897,60,584,0,0,0,0,0.0,0.0
170,Coins,mcet,7,0,SDE-donor fixedF+LS,sde_fixed,0.15,-53818778.27210942,-53818778.27210942,0.0,1,0.26489580009365454,60,823,105,161,325,62423,0.0,0.0
171,Coins,mcet,7,1,SDE-donor fixedF+LS,sde_fixed,0.15,-53818778.27210942,-53818778.27210942,0.0,1,0.24702459992840886,60,653,95,146,257,56282,0.0,0.0
172,Coins,mcet,7,2,SDE-donor fixedF+LS,sde_fixed,0.15,-53818778.27210942,-53818778.27210942,0.0,1,0.2948868999374099,60,755,128,187,284,72174,0.0,0.0
173,Coins,mcet,7,3,SDE-donor fixedF+LS,sde_fixed,0.15,-53818766.66294304,-53818778.27210942,2.157084710767011e-07,0,0.30247830017469823,60,825,125,187,341,72640,0.0,0.0
174,Coins,mcet,7,4,SDE-donor fixedF+LS,sde_fixed,0.15,-53818778.27210942,-53818778.27210942,0.0,1,0.27612109994515777,60,725,110,168,304,64856,0.0,0.0
175,Coins,mcet,7,5,SDE-donor fixedF+LS,sde_fixed,0.15,-53818778.27210942,-53818778.27210942,0.0,1,0.2533682998036966,60,633,93,150,337,57814,0.0,0.0
176,Coins,mcet,7,6,SDE-donor fixedF+LS,sde_fixed,0.15,-53818778.27210942,-53818778.27210942,0.0,1,0.26903239969396964,60,723,115,163,276,63469,0.0,0.0
177,Coins,mcet,7,7,SDE-donor fixedF+LS,sde_fixed,0.15,-53818778.27210942,-53818778.27210942,0.0,1,0.22886559960898012,60,653,89,131,215,50673,0.0,0.0
178,Coins,mcet,7,8,SDE-donor fixedF+LS,sde_fixed,0.15,-53818778.27210942,-53818778.27210942,0.0,1,0.2574092001304962,60,800,107,157,254,60151,0.0,0.0
179,Coins,mcet,7,9,SDE-donor fixedF+LS,sde_fixed,0.15,-53818778.27210942,-53818778.27210942,0.0,1,0.27715890033869073,60,737,115,173,320,66825,0.0,0.0
180,Coins,mcet,7,0,SDE-donor paper(F=Cr=.25),sde_fixed,0.0,-53818183.42549814,-53818778.27210942,1.1052770619739935e-05,0,0.07756209996296093,60,560,0,0,0,0,0.797824485357608,0.22018468473371403
181,Coins,mcet,7,1,SDE-donor paper(F=Cr=.25),sde_fixed,0.0,-53818652.37910242,-53818778.27210942,2.339202245845343e-06,0,0.07896739983698353,60,510,0,0,0,0,2.431995065151235,0.9672810342301308
182,Coins,mcet,7,2,SDE-donor paper(F=Cr=.25),sde_fixed,0.0,-53817779.60911514,-53818778.27210942,1.8556032417369014e-05,0,0.07780999987153336,60,646,0,0,0,0,0.5903122686406906,0.1700120176170517
183,Coins,mcet,7,3,SDE-donor paper(F=Cr=.25),sde_fixed,0.0,-53818160.442635566,-53818778.27210942,1.147981231995543e-05,0,0.07816039997851476,60,746,0,0,0,0,0.0,0.0
184,Coins,mcet,7,4,SDE-donor paper(F=Cr=.25),sde_fixed,0.0,-53818272.139613114,-53818778.27210942,9.40438472508217e-06,0,0.07727579970378429,60,694,0,0,0,0,0.28391257248621027,0.10512712776486677
185,Coins,mcet,7,5,SDE-donor paper(F=Cr=.25),sde_fixed,0.0,-53818330.316797994,-53818778.27210942,8.323401716035883e-06,0,0.07808389974525198,60,478,0,0,0,0,2.193420174542736,1.187744467910688
186,Coins,mcet,7,6,SDE-donor paper(F=Cr=.25),sde_fixed,0.0,-53817031.60959406,-53818778.27210942,3.245451813353987e-05,0,0.07659820013213903,60,522,0,0,0,0,2.5567953127266305,0.9031806846952455
187,Coins,mcet,7,7,SDE-donor paper(F=Cr=.25),sde_fixed,0.0,-53818062.138237074,-53818778.27210942,1.3306394075396783e-05,0,0.07890509977005422,60,616,0,0,0,0,1.2481244308317794,0.37643444868759623
188,Coins,mcet,7,8,SDE-donor paper(F=Cr=.25),sde_fixed,0.0,-53818697.11244586,-53818778.27210942,1.5080175760895295e-06,0,0.0783856997732073,60,276,0,0,0,0,9.25261477901018,3.960040566822965
189,Coins,mcet,7,9,SDE-donor paper(F=Cr=.25),sde_fixed,0.0,-53818656.80746953,-53818778.27210942,2.2569193093363195e-06,0,0.07882790022995323,60,459,0,0,0,0,2.1618601460543228,1.1339162523903956
190,Coins,mcet,7,0,SDE-donor paper(F=Cr=.25)+LS,sde_fixed,0.15,-53818754.16016005,-53818778.27210942,4.480211209440795e-07,0,0.2025479002040811,60,144,27,100,477,40647,13.812982877743062,6.9901498662110315
191,Coins,mcet,7,1,SDE-donor paper(F=Cr=.25)+LS,sde_fixed,0.15,-53818706.8848164,-53818778.27210942,1.3264383791371907e-06,0,0.14861010003369302,60,141,17,60,286,23717,16.558186814909398,8.57359091854994
192,Coins,mcet,7,2,SDE-donor paper(F=Cr=.25)+LS,sde_fixed,0.15,-53818656.80746953,-53818778.27210942,2.2569193093363195e-06,0,0.19091600005049258,60,230,27,94,406,37363,9.576671683877512,6.322638038486933
193,Coins,mcet,7,3,SDE-donor paper(F=Cr=.25)+LS,sde_fixed,0.15,-53818662.282480925,-53818778.27210942,2.155188806169822e-06,0,0.2024156001280062,60,224,28,102,469,40775,9.330593469909452,5.3824893078716
194,Coins,mcet,7,4,SDE-donor paper(F=Cr=.25)+LS,sde_fixed,0.15,-53818662.58953192,-53818778.27210942,2.1494835299560768e-06,0,0.18912370025645941,60,186,27,94,419,37237,5.362825825631979,2.241553818102781
195,Coins,mcet,7,5,SDE-donor paper(F=Cr=.25)+LS,sde_fixed,0.15,-53818658.88473479,-53818778.27210942,2.21832190296915e-06,0,0.21135379967745394,60,222,36,113,444,44765,7.494843666919289,4.6553328581810165
196,Coins,mcet,7,6,SDE-donor paper(F=Cr=.25)+LS,sde_fixed,0.15,-53818629.19383643,-53818778.27210942,2.7700047785763177e-06,0,0.20570500008761883,60,244,32,108,503,43641,10.858143884400873,6.288328378560502
197,Coins,mcet,7,7,SDE-donor paper(F=Cr=.25)+LS,sde_fixed,0.15,-53818656.80746953,-53818778.27210942,2.2569193093363195e-06,0,0.19095749990083277,60,206,28,95,417,37775,6.4662586959090405,3.2030710687372754
198,Coins,mcet,7,8,SDE-donor paper(F=Cr=.25)+LS,sde_fixed,0.15,-53818770.556909226,-53818778.27210942,1.4335517157632314e-07,0,0.14271450036903843,60,167,15,57,259,22315,14.471354031059295,6.690924957721471
199,Coins,mcet,7,9,SDE-donor paper(F=Cr=.25)+LS,sde_fixed,0.15,-53818679.687989354,-53818778.27210942,1.8317792270669812e-06,0,0.1806264000479132,60,155,23,86,406,34511,14.348700971724298,6.597793761466764
200,Coins,mcet,8,0,SDE-donor fixedF,sde_fixed,0.0,-53825601.70597042,-53825612.242427446,1.9575173575470134e-07,0,0.08342189999530092,60,527,0,0,0,0,0.0,0.0
201,Coins,mcet,8,1,SDE-donor fixedF,sde_fixed,0.0,-53825612.242427446,-53825612.242427446,0.0,1,0.0817829996231012,60,402,0,0,0,0,0.0,0.0
202,Coins,mcet,8,2,SDE-donor fixedF,sde_fixed,0.0,-53825563.511776686,-53825612.242427446,9.053431764185675e-07,0,0.08111340028699487,60,534,0,0,0,0,0.0,0.0
203,Coins,mcet,8,3,SDE-donor fixedF,sde_fixed,0.0,-53825566.57773414,-53825612.242427446,8.483822366522298e-07,0,0.08152830001199618,60,507,0,0,0,0,0.0,0.0
204,Coins,mcet,8,4,SDE-donor fixedF,sde_fixed,0.0,-53825557.443791844,-53825612.242427446,1.0180773300856754e-06,0,0.08394840004621074,60,651,0,0,0,0,0.0,0.0
205,Coins,mcet,8,5,SDE-donor fixedF,sde_fixed,0.0,-53825592.12670859,-53825612.242427446,3.737202052779978e-07,0,0.08011179999448359,60,347,0,0,0,0,0.859067920921557,0.2443593722740831
206,Coins,mcet,8,6,SDE-donor fixedF,sde_fixed,0.0,-53825325.70065402,-53825612.242427446,5.32352093150348e-06,0,0.08481410017702729,60,695,0,0,0,0,0.0,0.0
207,Coins,mcet,8,7,SDE-donor fixedF,sde_fixed,0.0,-53825595.630085275,-53825612.242427446,3.0863266536662795e-07,0,0.0815380000276491,60,589,0,0,0,0,0.0,0.0
208,Coins,mcet,8,8,SDE-donor fixedF,sde_fixed,0.0,-53824131.47111038,-53825612.242427446,2.751053365441444e-05,0,0.08213760040234774,60,771,0,0,0,0,0.0,0.0
209,Coins,mcet,8,9,SDE-donor fixedF,sde_fixed,0.0,-53825482.46925056,-53825612.242427446,2.410993047355419e-06,0,0.08147359977010638,60,793,0,0,0,0,0.0,0.0
210,Coins,mcet,8,0,SDE-donor fixedF+LS,sde_fixed,0.15,-53825612.242427446,-53825612.242427446,0.0,1,0.28557080001337454,60,745,117,170,365,67007,0.0,0.0
211,Coins,mcet,8,1,SDE-donor fixedF+LS,sde_fixed,0.15,-53825612.242427446,-53825612.242427446,0.0,1,0.2788288998999633,60,734,110,165,371,64679,0.0,0.0
212,Coins,mcet,8,2,SDE-donor fixedF+LS,sde_fixed,0.15,-53825597.12618058,-53825612.242427446,2.8083743471633796e-07,0,0.29369700013194233,60,756,118,175,336,69028,0.0,0.0
213,Coins,mcet,8,3,SDE-donor fixedF+LS,sde_fixed,0.15,-53825612.242427446,-53825612.242427446,0.0,1,0.2818393001216464,60,679,110,166,357,64636,0.0,0.0
214,Coins,mcet,8,4,SDE-donor fixedF+LS,sde_fixed,0.15,-53825612.242427446,-53825612.242427446,0.0,1,0.2958684000186622,60,802,129,177,305,69973,0.0,0.0
215,Coins,mcet,8,5,SDE-donor fixedF+LS,sde_fixed,0.15,-53825612.242427446,-53825612.242427446,0.0,1,0.2958398997434415,60,788,119,178,342,70072,0.0,0.0
216,Coins,mcet,8,6,SDE-donor fixedF+LS,sde_fixed,0.15,-53825612.242427446,-53825612.242427446,0.0,1,0.28346160001819953,60,773,112,167,333,66115,0.0,0.0
217,Coins,mcet,8,7,SDE-donor fixedF+LS,sde_fixed,0.15,-53825612.242427446,-53825612.242427446,0.0,1,0.26666440011467785,60,702,104,154,291,60491,0.0,0.0
218,Coins,mcet,8,8,SDE-donor fixedF+LS,sde_fixed,0.15,-53825612.242427446,-53825612.242427446,0.0,1,0.2773452000692487,60,689,111,163,315,63911,0.0,0.0
219,Coins,mcet,8,9,SDE-donor fixedF+LS,sde_fixed,0.15,-53825612.242427446,-53825612.242427446,0.0,1,0.25622580002527684,60,733,100,144,283,56427,0.0,0.0
220,Coins,mcet,8,0,SDE-donor paper(F=Cr=.25),sde_fixed,0.0,-53823902.618191,-53825612.242427446,3.176228128626853e-05,0,0.08324810001067817,60,519,0,0,0,0,3.310968250085181,1.3381789941782891
221,Coins,mcet,8,1,SDE-donor paper(F=Cr=.25),sde_fixed,0.0,-53824804.959855765,-53825612.242427446,1.4998112200654398e-05,0,0.08154169959016144,60,431,0,0,0,0,5.092723568838578,1.995935758497656
222,Coins,mcet,8,2,SDE-donor paper(F=Cr=.25),sde_fixed,0.0,-53825568.27107583,-53825612.242427446,8.169224609659831e-07,0,0.08328530000289902,60,328,0,0,0,0,8.808717743286108,3.5803755507554875
223,Coins,mcet,8,3,SDE-donor paper(F=Cr=.25),sde_fixed,0.0,-53824067.325463966,-53825612.242427446,2.8702264574756645e-05,0,0.08127819991204888,60,462,0,0,0,0,5.0448751171352315,2.437715052442555
224,Coins,mcet,8,4,SDE-donor paper(F=Cr=.25),sde_fixed,0.0,-53824750.73618147,-53825612.242427446,1.6005507602923348e-05,0,0.07972189999418333,60,406,0,0,0,0,5.067757134869286,2.7272144201254287
225,Coins,mcet,8,5,SDE-donor paper(F=Cr=.25),sde_fixed,0.0,-53824826.65505387,-53825612.242427446,1.4595047614856998e-05,0,0.08050710015231743,60,365,0,0,0,0,7.667049795900617,3.125963111980867
226,Coins,mcet,8,6,SDE-donor paper(F=Cr=.25),sde_fixed,0.0,-53822948.44769999,-53825612.242427446,4.9489353051145475e-05,0,0.08029490010812879,60,466,0,0,0,0,2.9986226769116473,0.9598051313835743
227,Coins,mcet,8,7,SDE-donor paper(F=Cr=.25),sde_fixed,0.0,-53824466.79367545,-53825612.242427446,2.1280738003210114e-05,0,0.08141189976595342,60,380,0,0,0,0,5.9285270017665415,2.4293770652339983
228,Coins,mcet,8,8,SDE-donor paper(F=Cr=.25),sde_fixed,0.0,-53825295.96104089,-53825612.242427446,5.876038810849528e-06,0,0.07946560013806447,60,435,0,0,0,0,4.4382359206008415,2.084454023106516
229,Coins,mcet,8,9,SDE-donor paper(F=Cr=.25),sde_fixed,0.0,-53825021.984758526,-53825612.242427446,1.0966111565278159e-05,0,0.08074260008288547,60,287,0,0,0,0,17.598184798747997,7.730729435882414
230,Coins,mcet,8,0,SDE-donor paper(F=Cr=.25)+LS,sde_fixed,0.15,-53825590.186972454,-53825612.242427446,4.0975762416637966e-07,0,0.1992087002727203,60,157,25,96,554,38953,12.865392998313471,5.010585415126679
231,Coins,mcet,8,1,SDE-donor paper(F=Cr=.25)+LS,sde_fixed,0.15,-53825590.186972454,-53825612.242427446,4.0975762416637966e-07,0,0.17541519994847476,60,164,19,76,440,30939,18.728150231246577,8.017468385226111
232,Coins,mcet,8,2,SDE-donor paper(F=Cr=.25)+LS,sde_fixed,0.15,-53825601.74735048,-53825612.242427446,1.9498295573484083e-07,0,0.19888749992242083,60,151,28,99,595,40073,18.671786907204446,7.647969816321505
233,Coins,mcet,8,3,SDE-donor paper(F=Cr=.25)+LS,sde_fixed,0.15,-53825597.15727333,-53825612.242427446,2.8025977759827523e-07,0,0.1877562003210187,60,151,25,90,461,35993,20.233459576865798,8.097529208414374
234,Coins,mcet,8,4,SDE-donor paper(F=Cr=.25)+LS,sde_fixed,0.15,-53825591.6232705,-53825612.242427446,3.8307333795581547e-07,0,0.18179270008113235,60,147,21,83,497,34401,21.880015299650744,8.90369236342547
235,Coins,mcet,8,5,SDE-donor paper(F=Cr=.25)+LS,sde_fixed,0.15,-53825585.135008305,-53825612.242427446,5.036156211014688e-07,0,0.212036200275179,60,159,30,109,589,44268,13.107613952365194,5.223858778499827
236,Coins,mcet,8,6,SDE-donor paper(F=Cr=.25)+LS,sde_fixed,0.15,-53825590.186972454,-53825612.242427446,4.0975762416637966e-07,0,0.21213930007070303,60,151,27,107,657,43563,15.177761771710166,5.515067608305165
237,Coins,mcet,8,7,SDE-donor paper(F=Cr=.25)+LS,sde_fixed,0.15,-53825591.6232705,-53825612.242427446,3.8307333795581547e-07,0,0.18743580032605678,60,186,27,92,450,36688,10.730969378358079,6.098124258265111
238,Coins,mcet,8,8,SDE-donor paper(F=Cr=.25)+LS,sde_fixed,0.15,-53825590.186972454,-53825612.242427446,4.0975762416637966e-07,0,0.17528290039626881,60,182,21,79,437,31468,11.222109731075244,5.76238148472794
239,Coins,mcet,8,9,SDE-donor paper(F=Cr=.25)+LS,sde_fixed,0.15,-53825597.12618058,-53825612.242427446,2.8083743471633796e-07,0,0.2089134001871571,60,231,31,108,490,43205,4.575907165627891,1.8576998602349897
240,Moon,mcet,6,0,SDE-donor fixedF,sde_fixed,0.0,-140515564.54615635,-140515568.22904932,2.620985720377991e-08,0,0.07324650010559708,60,648,0,0,0,0,0.0,0.0
241,Moon,mcet,6,1,SDE-donor fixedF,sde_fixed,0.0,-140515564.54615635,-140515568.22904932,2.620985720377991e-08,0,0.0756281001958996,60,649,0,0,0,0,0.0,0.0
242,Moon,mcet,6,2,SDE-donor fixedF,sde_fixed,0.0,-140515549.80021548,-140515568.22904932,1.3115154480418393e-07,0,0.07688690000213683,60,623,0,0,0,0,0.0,0.0
243,Moon,mcet,6,3,SDE-donor fixedF,sde_fixed,0.0,-140515174.1180488,-140515568.22904932,2.8047497192300165e-06,0,0.07562110002618283,60,608,0,0,0,0,0.0,0.0
244,Moon,mcet,6,4,SDE-donor fixedF,sde_fixed,0.0,-140515497.597697,-140515568.22904932,5.026585539623696e-07,0,0.07434270001249388,60,720,0,0,0,0,0.0,0.0
245,Moon,mcet,6,5,SDE-donor fixedF,sde_fixed,0.0,-140515457.80347964,-140515568.22904932,7.858600372544675e-07,0,0.07560270000249147,60,719,0,0,0,0,0.0,0.0
246,Moon,mcet,6,6,SDE-donor fixedF,sde_fixed,0.0,-140514595.8205178,-140515568.22904932,6.920290354814653e-06,0,0.0752756999572739,60,542,0,0,0,0,0.8754571250899275,0.21853227915953044
247,Moon,mcet,6,7,SDE-donor fixedF,sde_fixed,0.0,-140515260.13499132,-140515568.22904932,2.1925973177917834e-06,0,0.07481969986110926,60,771,0,0,0,0,0.0,0.0
248,Moon,mcet,6,8,SDE-donor fixedF,sde_fixed,0.0,-140515549.80021548,-140515568.22904932,1.3115154480418393e-07,0,0.07563799998024479,60,653,0,0,0,0,0.0,0.0
249,Moon,mcet,6,9,SDE-donor fixedF,sde_fixed,0.0,-140515549.80021548,-140515568.22904932,1.3115154480418393e-07,0,0.07410430011805147,60,666,0,0,0,0,0.0,0.0
250,Moon,mcet,6,0,SDE-donor fixedF+LS,sde_fixed,0.15,-140515549.80021548,-140515568.22904932,1.3115154480418393e-07,0,0.29053279996151105,60,871,136,190,233,71450,0.0,0.0
251,Moon,mcet,6,1,SDE-donor fixedF+LS,sde_fixed,0.15,-140515568.22904932,-140515568.22904932,0.0,1,0.28740149998338893,60,780,134,188,235,70564,0.0,0.0
252,Moon,mcet,6,2,SDE-donor fixedF+LS,sde_fixed,0.15,-140515568.22904932,-140515568.22904932,0.0,1,0.2904986999928951,60,922,136,188,242,69944,0.0,0.0
253,Moon,mcet,6,3,SDE-donor fixedF+LS,sde_fixed,0.15,-140515568.22904932,-140515568.22904932,0.0,1,0.3047634999384172,60,855,143,204,271,76203,0.0,0.0
254,Moon,mcet,6,4,SDE-donor fixedF+LS,sde_fixed,0.15,-140515568.22904932,-140515568.22904932,0.0,1,0.29538409993983805,60,877,136,195,283,73084,0.0,0.0
255,Moon,mcet,6,5,SDE-donor fixedF+LS,sde_fixed,0.15,-140515568.22904932,-140515568.22904932,0.0,1,0.23714990000007674,60,835,97,141,231,53216,0.0,0.0
256,Moon,mcet,6,6,SDE-donor fixedF+LS,sde_fixed,0.15,-140515568.22904932,-140515568.22904932,0.0,1,0.2630947998841293,60,796,106,164,257,61742,0.0,0.0
257,Moon,mcet,6,7,SDE-donor fixedF+LS,sde_fixed,0.15,-140515564.54615635,-140515568.22904932,2.620985720377991e-08,0,0.2435487000620924,60,696,102,151,175,56155,0.0,0.0
258,Moon,mcet,6,8,SDE-donor fixedF+LS,sde_fixed,0.15,-140515568.22904932,-140515568.22904932,0.0,1,0.27428419986972585,60,875,126,179,264,66913,0.0,0.0
259,Moon,mcet,6,9,SDE-donor fixedF+LS,sde_fixed,0.15,-140515564.54615635,-140515568.22904932,2.620985720377991e-08,0,0.2949914000928402,60,929,142,197,226,73507,0.0,0.0
260,Moon,mcet,6,0,SDE-donor paper(F=Cr=.25),sde_fixed,0.0,-140515486.1519328,-140515568.22904932,5.841140419787635e-07,0,0.07387139968341216,60,413,0,0,0,0,9.961845424485006,3.5341317822369276
261,Moon,mcet,6,1,SDE-donor paper(F=Cr=.25),sde_fixed,0.0,-140514493.56262207,-140515568.22904932,7.648023922181363e-06,0,0.07409379980526865,60,701,0,0,0,0,1.5176853733201123,0.5258162097013741
262,Moon,mcet,6,2,SDE-donor paper(F=Cr=.25),sde_fixed,0.0,-140515568.22904932,-140515568.22904932,0.0,1,0.07375639991369098,60,357,0,0,0,0,6.318588165819138,2.9221005531554227
263,Moon,mcet,6,3,SDE-donor paper(F=Cr=.25),sde_fixed,0.0,-140514549.56187278,-140515568.22904932,7.249496901896122e-06,0,0.07401520007988438,60,769,0,0,0,0,0.7435067711396044,0.20281700500931835
264,Moon,mcet,6,4,SDE-donor paper(F=Cr=.25),sde_fixed,0.0,-140514275.65112996,-140515568.22904932,9.198823558518379e-06,0,0.07457850000355393,60,647,0,0,0,0,0.9939004331796519,0.27936033620907236
265,Moon,mcet,6,5,SDE-donor paper(F=Cr=.25),sde_fixed,0.0,-140514622.5788243,-140515568.22904932,6.729860875430005e-06,0,0.07499649986857548,60,519,0,0,0,0,2.162183736272661,0.7558154158355723
266,Moon,mcet,6,6,SDE-donor paper(F=Cr=.25),sde_fixed,0.0,-140514059.80970168,-140515568.22904932,1.0734891276851492e-05,0,0.07502670027315617,60,810,0,0,0,0,0.6590343567923191,0.15898986690282427
267,Moon,mcet,6,7,SDE-donor paper(F=Cr=.25),sde_fixed,0.0,-140515086.83783653,-140515568.22904932,3.4258923680720282e-06,0,0.07451199978822842,60,441,0,0,0,0,13.148870494310728,8.908558363096844
268,Moon,mcet,6,8,SDE-donor paper(F=Cr=.25),sde_fixed,0.0,-140515568.22904932,-140515568.22904932,0.0,1,0.0742998999194242,60,524,0,0,0,0,1.0655840596147224,0.3841994838928704
269,Moon,mcet,6,9,SDE-donor paper(F=Cr=.25),sde_fixed,0.0,-140514069.3701691,-140515568.22904932,1.0666852784444556e-05,0,0.07361900008982047,60,713,0,0,0,0,0.7751042572635021,0.20628109147729556
270,Moon,mcet,6,0,SDE-donor paper(F=Cr=.25)+LS,sde_fixed,0.15,-140515564.54615635,-140515568.22904932,2.620985720377991e-08,0,0.22884329996304587,60,312,49,133,364,51274,6.925623937866455,2.644714731388161
271,Moon,mcet,6,1,SDE-donor paper(F=Cr=.25)+LS,sde_fixed,0.15,-140515568.22904932,-140515568.22904932,0.0,1,0.19380849978188053,60,287,35,105,313,41087,9.898029353323368,4.802073005162392
272,Moon,mcet,6,2,SDE-donor paper(F=Cr=.25)+LS,sde_fixed,0.15,-140515564.54615635,-140515568.22904932,2.620985720377991e-08,0,0.19570460001705214,60,239,34,107,330,42021,9.40779699852762,3.5074032877275516
273,Moon,mcet,6,3,SDE-donor paper(F=Cr=.25)+LS,sde_fixed,0.15,-140515564.54615635,-140515568.22904932,2.620985720377991e-08,0,0.23516539979027584,60,288,47,140,397,53957,5.431857459979153,2.508690744572417
274,Moon,mcet,6,4,SDE-donor paper(F=Cr=.25)+LS,sde_fixed,0.15,-140515522.23310894,-140515568.22904932,3.2733697032255304e-07,0,0.23894050013041124,60,369,51,142,401,55484,10.279011792104617,4.6482074187515785
275,Moon,mcet,6,5,SDE-donor paper(F=Cr=.25)+LS,sde_fixed,0.15,-140515564.54615635,-140515568.22904932,2.620985720377991e-08,0,0.18219760025385767,60,322,42,93,255,35397,4.7356439955878695,2.7092802961311295
276,Moon,mcet,6,6,SDE-donor paper(F=Cr=.25)+LS,sde_fixed,0.15,-140515564.54615635,-140515568.22904932,2.620985720377991e-08,0,0.19322590029332787,60,285,30,104,308,40478,9.65136990203785,4.905538364836943
277,Moon,mcet,6,7,SDE-donor paper(F=Cr=.25)+LS,sde_fixed,0.15,-140515568.22904932,-140515568.22904932,0.0,1,0.21747500024503097,60,259,45,123,359,47757,8.8887190848742,4.127486724935065
278,Moon,mcet,6,8,SDE-donor paper(F=Cr=.25)+LS,sde_fixed,0.15,-140515568.22904932,-140515568.22904932,0.0,1,0.15242390014464036,60,194,26,72,205,26893,11.678245335911912,5.713077971770338
279,Moon,mcet,6,9,SDE-donor paper(F=Cr=.25)+LS,sde_fixed,0.15,-140515564.54615635,-140515568.22904932,2.620985720377991e-08,0,0.19217060023220256,60,184,31,100,363,39413,15.822569081875661,8.233503549443283
280,Moon,mcet,7,0,SDE-donor fixedF,sde_fixed,0.0,-140520584.76795024,-140520584.76795024,0.0,1,0.0767782999901101,60,511,0,0,0,0,0.0,0.0
281,Moon,mcet,7,1,SDE-donor fixedF,sde_fixed,0.0,-140520093.55621678,-140520584.76795024,3.495656769942942e-06,0,0.07866859971545637,60,816,0,0,0,0,0.0,0.0
282,Moon,mcet,7,2,SDE-donor fixedF,sde_fixed,0.0,-140520064.44328198,-140520584.76795024,3.7028359163013076e-06,0,0.07781830034218729,60,715,0,0,0,0,0.0,0.0
283,Moon,mcet,7,3,SDE-donor fixedF,sde_fixed,0.0,-140520111.47267312,-140520584.76795024,3.368156187936897e-06,0,0.07771430007414892,60,797,0,0,0,0,0.0,0.0
284,Moon,mcet,7,4,SDE-donor fixedF,sde_fixed,0.0,-140520177.42133823,-140520584.76795024,2.8988394310990157e-06,0,0.07657029980327934,60,391,0,0,0,0,0.2832814763067012,0.08214519551488232
285,Moon,mcet,7,5,SDE-donor fixedF,sde_fixed,0.0,-140520173.73844525,-140520584.76795024,2.9250483526194687e-06,0,0.0776061995420605,60,668,0,0,0,0,0.0,0.0
286,Moon,mcet,7,6,SDE-donor fixedF,sde_fixed,0.0,-140519752.40464568,-140520584.76795024,5.9234261366756035e-06,0,0.07878810010151938,60,627,0,0,0,0,1.4200000000000017,0.2276768207215604
287,Moon,mcet,7,7,SDE-donor fixedF,sde_fixed,0.0,-140520063.5035817,-140520584.76795024,3.7095231947325165e-06,0,0.07761079986812547,60,595,0,0,0,0,0.8286204260883157,0.17311664622048945
288,Moon,mcet,7,8,SDE-donor fixedF,sde_fixed,0.0,-140520173.73844525,-140520584.76795024,2.9250483526194687e-06,0,0.07779340009437874,60,665,0,0,0,0,0.255000000000004,0.051010203061020366
289,Moon,mcet,7,9,SDE-donor fixedF,sde_fixed,0.0,-140520019.09019718,-140520584.76795024,4.02558638647279e-06,0,0.0781921996967867,60,767,0,0,0,0,0.0,0.0
290,Moon,mcet,7,0,SDE-donor fixedF+LS,sde_fixed,0.15,-140520584.76795024,-140520584.76795024,0.0,1,0.2543547998648137,60,717,99,152,231,58742,0.0,0.0
291,Moon,mcet,7,1,SDE-donor fixedF+LS,sde_fixed,0.15,-140520584.76795024,-140520584.76795024,0.0,1,0.2662300997762941,60,741,101,160,277,61305,0.0,0.0
292,Moon,mcet,7,2,SDE-donor fixedF+LS,sde_fixed,0.15,-140520177.42133823,-140520584.76795024,2.8988394310990157e-06,0,0.30398989986861125,60,912,138,182,215,73343,0.0,0.0
293,Moon,mcet,7,3,SDE-donor fixedF+LS,sde_fixed,0.15,-140520584.76795024,-140520584.76795024,0.0,1,0.26356160023715347,60,721,104,162,248,62051,0.0,0.0
294,Moon,mcet,7,4,SDE-donor fixedF+LS,sde_fixed,0.15,-140520584.76795024,-140520584.76795024,0.0,1,0.31049969990272075,60,823,134,200,323,76504,0.0,0.0
295,Moon,mcet,7,5,SDE-donor fixedF+LS,sde_fixed,0.15,-140520584.76795024,-140520584.76795024,0.0,1,0.2582490999484435,60,702,89,153,292,59175,0.0,0.0
296,Moon,mcet,7,6,SDE-donor fixedF+LS,sde_fixed,0.15,-140520177.42133823,-140520584.76795024,2.8988394310990157e-06,0,0.3046609996818006,60,895,137,187,218,75201,0.0,0.0
297,Moon,mcet,7,7,SDE-donor fixedF+LS,sde_fixed,0.15,-140520584.76795024,-140520584.76795024,0.0,1,0.25808990001678467,60,723,105,157,200,60275,0.0,0.0
298,Moon,mcet,7,8,SDE-donor fixedF+LS,sde_fixed,0.15,-140520584.76795024,-140520584.76795024,0.0,1,0.23594670026795939,60,701,87,137,218,52212,0.0,0.0
299,Moon,mcet,7,9,SDE-donor fixedF+LS,sde_fixed,0.15,-140520584.76795024,-140520584.76795024,0.0,1,0.2636865000240505,60,767,110,161,247,62052,0.0,0.0
300,Moon,mcet,7,0,SDE-donor paper(F=Cr=.25),sde_fixed,0.0,-140519892.0123488,-140520584.76795024,4.9299225631596045e-06,0,0.07753509999020025,60,448,0,0,0,0,3.70279988011112,1.4365942596438888
301,Moon,mcet,7,1,SDE-donor paper(F=Cr=.25),sde_fixed,0.0,-140520093.55621678,-140520584.76795024,3.495656769942942e-06,0,0.07720359979430214,60,374,0,0,0,0,6.357283352566416,2.567565117049058
302,Moon,mcet,7,2,SDE-donor paper(F=Cr=.25),sde_fixed,0.0,-140520068.77984184,-140520584.76795024,3.6719752429767577e-06,0,0.07775269990088418,60,725,0,0,0,0,1.0739050685493703,0.33290973835304444
303,Moon,mcet,7,3,SDE-donor paper(F=Cr=.25),sde_fixed,0.0,-140520175.59771332,-140520584.76795024,2.9118170664535477e-06,0,0.07783629966434091,60,356,0,0,0,0,7.006822247148358,3.177437752747378
304,Moon,mcet,7,4,SDE-donor paper(F=Cr=.25),sde_fixed,0.0,-140520008.9070538,-140520584.76795024,4.098053658041009e-06,0,0.07896639994578436,60,716,0,0,0,0,0.0,0.0
305,Moon,mcet,7,5,SDE-donor paper(F=Cr=.25),sde_fixed,0.0,-140519995.82255885,-140520584.76795024,4.191168093694649e-06,0,0.07740549999289215,60,360,0,0,0,0,10.89915424850031,4.847926145120614
306,Moon,mcet,7,6,SDE-donor paper(F=Cr=.25),sde_fixed,0.0,-140519438.36466822,-140520584.76795024,8.158258691490915e-06,0,0.07998120004776865,60,524,0,0,0,0,1.3152553920960883,0.42804087390921364
307,Moon,mcet,7,7,SDE-donor paper(F=Cr=.25),sde_fixed,0.0,-140520155.9574021,-140520584.76795024,3.051585280795815e-06,0,0.079614800051786,60,503,0,0,0,0,4.132866532449711,2.6923694181564453
308,Moon,mcet,7,8,SDE-donor paper(F=Cr=.25),sde_fixed,0.0,-140520093.55621678,-140520584.76795024,3.495656769942942e-06,0,0.07764909998513758,60,529,0,0,0,0,1.8041932569058,1.1466997566137986
309,Moon,mcet,7,9,SDE-donor paper(F=Cr=.25),sde_fixed,0.0,-140520131.8461661,-140520584.76795024,3.2231703624109945e-06,0,0.07797470001969486,60,346,0,0,0,0,9.492469472339547,4.879105940286577
310,Moon,mcet,7,0,SDE-donor paper(F=Cr=.25)+LS,sde_fixed,0.15,-140520150.18625778,-140520584.76795024,3.092655023994164e-06,0,0.17329349974170327,60,138,23,78,337,32864,16.740844752610204,7.12173184476067
311,Moon,mcet,7,1,SDE-donor paper(F=Cr=.25)+LS,sde_fixed,0.15,-140520177.42133823,-140520584.76795024,2.8988394310990157e-06,0,0.2052874999353662,60,217,36,105,386,43001,7.95207628309624,3.4101136787087754
312,Moon,mcet,7,2,SDE-donor paper(F=Cr=.25)+LS,sde_fixed,0.15,-140520177.42133823,-140520584.76795024,2.8988394310990157e-06,0,0.21246320026693866,60,413,51,112,350,45630,6.5982936149154074,5.424330699398922
313,Moon,mcet,7,3,SDE-donor paper(F=Cr=.25)+LS,sde_fixed,0.15,-140520177.42133823,-140520584.76795024,2.8988394310990157e-06,0,0.23678010003641248,60,346,55,131,454,53629,5.697056084681218,2.7801734875093724
314,Moon,mcet,7,4,SDE-donor paper(F=Cr=.25)+LS,sde_fixed,0.15,-140520177.42133823,-140520584.76795024,2.8988394310990157e-06,0,0.21034580003470182,60,222,37,109,413,44711,8.856317948063488,5.243844958721461
315,Moon,mcet,7,5,SDE-donor paper(F=Cr=.25)+LS,sde_fixed,0.15,-140520177.42133823,-140520584.76795024,2.8988394310990157e-06,0,0.2093286996241659,60,477,56,108,267,44461,3.9866878787456947,2.1041413655190153
316,Moon,mcet,7,6,SDE-donor paper(F=Cr=.25)+LS,sde_fixed,0.15,-140520177.42133823,-140520584.76795024,2.8988394310990157e-06,0,0.26555850013392046,60,565,96,154,350,63114,3.413753570525196,2.565243046647256
317,Moon,mcet,7,7,SDE-donor paper(F=Cr=.25)+LS,sde_fixed,0.15,-140520177.42133823,-140520584.76795024,2.8988394310990157e-06,0,0.1973351000342518,60,218,36,99,325,40632,10.109420341671242,4.055092909180503
318,Moon,mcet,7,8,SDE-donor paper(F=Cr=.25)+LS,sde_fixed,0.15,-140520584.76795024,-140520584.76795024,0.0,1,0.17255100031616166,60,145,22,81,345,32693,21.21822962625945,7.258704844666803
319,Moon,mcet,7,9,SDE-donor paper(F=Cr=.25)+LS,sde_fixed,0.15,-140520177.42133823,-140520584.76795024,2.8988394310990157e-06,0,0.21637479966739193,60,403,59,113,286,45881,5.235447556090543,3.7003481247956898
320,Moon,mcet,8,0,SDE-donor fixedF,sde_fixed,0.0,-140525041.44648218,-140525050.37989533,6.357167724740712e-08,0,0.0848275002790615,60,540,0,0,0,0,0.4949999999999989,0.062186714819163755
321,Moon,mcet,8,1,SDE-donor fixedF,sde_fixed,0.0,-140525003.61774594,-140525050.37989533,3.327673554796226e-07,0,0.08201120013836771,60,598,0,0,0,0,0.0,0.0
322,Moon,mcet,8,2,SDE-donor fixedF,sde_fixed,0.0,-140525050.37989533,-140525050.37989533,0.0,1,0.08051799982786179,60,533,0,0,0,0,0.0,0.0
323,Moon,mcet,8,3,SDE-donor fixedF,sde_fixed,0.0,-140525050.37989533,-140525050.37989533,0.0,1,0.08203729975502938,60,469,0,0,0,0,0.735823696039637,0.14391607001055137
324,Moon,mcet,8,4,SDE-donor fixedF,sde_fixed,0.0,-140524999.60073534,-140525050.37989533,3.6135308157269417e-07,0,0.08117050008149818,60,652,0,0,0,0,0.09500000000001023,0.027243118397129215
325,Moon,mcet,8,5,SDE-donor fixedF,sde_fixed,0.0,-140525003.61774594,-140525050.37989533,3.327673554796226e-07,0,0.08065419993363321,60,612,0,0,0,0,0.0,0.0
326,Moon,mcet,8,6,SDE-donor fixedF,sde_fixed,0.0,-140524319.1965231,-140525050.37989533,5.203224409118922e-06,0,0.08201880019623786,60,657,0,0,0,0,1.3650000000000033,0.21093171288357754
327,Moon,mcet,8,7,SDE-donor fixedF,sde_fixed,0.0,-140525000.9215855,-140525050.37989533,3.519536886521621e-07,0,0.08008290006546304,60,613,0,0,0,0,0.0,0.0
328,Moon,mcet,8,8,SDE-donor fixedF,sde_fixed,0.0,-140525045.17663524,-140525050.37989533,3.70272779113823e-08,0,0.08186989976093173,60,623,0,0,0,0,0.18000000000000113,0.037499999999999985
329,Moon,mcet,8,9,SDE-donor fixedF,sde_fixed,0.0,-140525050.37989533,-140525050.37989533,0.0,1,0.08134350000182167,60,635,0,0,0,0,0.255000000000004,0.04463392767839282
330,Moon,mcet,8,0,SDE-donor fixedF+LS,sde_fixed,0.15,-140525050.37989533,-140525050.37989533,0.0,1,0.32229779980843887,60,982,149,196,278,79620,0.0,0.0
331,Moon,mcet,8,1,SDE-donor fixedF+LS,sde_fixed,0.15,-140525050.37989533,-140525050.37989533,0.0,1,0.3244342003017664,60,953,143,197,364,81056,0.0,0.0
332,Moon,mcet,8,2,SDE-donor fixedF+LS,sde_fixed,0.15,-140525050.37989533,-140525050.37989533,0.0,1,0.30018190009286627,60,872,131,174,238,71227,0.0,0.0
333,Moon,mcet,8,3,SDE-donor fixedF+LS,sde_fixed,0.15,-140525050.37989533,-140525050.37989533,0.0,1,0.3182078998652287,60,909,136,192,321,78567,0.0,0.0
334,Moon,mcet,8,4,SDE-donor fixedF+LS,sde_fixed,0.15,-140525050.37989533,-140525050.37989533,0.0,1,0.30581329978303984,60,870,131,182,295,74715,0.0,0.0
335,Moon,mcet,8,5,SDE-donor fixedF+LS,sde_fixed,0.15,-140525050.37989533,-140525050.37989533,0.0,1,0.3462468999787234,60,957,162,213,336,87926,0.0,0.0
336,Moon,mcet,8,6,SDE-donor fixedF+LS,sde_fixed,0.15,-140525050.37989533,-140525050.37989533,0.0,1,0.32718569971621037,60,896,136,194,322,79000,0.0,0.0
337,Moon,mcet,8,7,SDE-donor fixedF+LS,sde_fixed,0.15,-140525050.37989533,-140525050.37989533,0.0,1,0.3181176998768933,60,941,131,191,346,78484,0.0,0.0
338,Moon,mcet,8,8,SDE-donor fixedF+LS,sde_fixed,0.15,-140525050.37989533,-140525050.37989533,0.0,1,0.2901747996802442,60,908,125,171,221,69391,0.0,0.0
339,Moon,mcet,8,9,SDE-donor fixedF+LS,sde_fixed,0.15,-140525050.37989533,-140525050.37989533,0.0,1,0.34633739973651245,60,941,152,214,346,88338,0.0,0.0
340,Moon,mcet,8,0,SDE-donor paper(F=Cr=.25),sde_fixed,0.0,-140525049.80924857,-140525050.37989533,4.060818774341047e-09,1,0.08055979973869398,60,517,0,0,0,0,2.9125094000173126,0.7644528783589968
341,Moon,mcet,8,1,SDE-donor paper(F=Cr=.25),sde_fixed,0.0,-140524606.90516853,-140525050.37989533,3.155841080271887e-06,0,0.0793886001338251,60,520,0,0,0,0,3.3392160690173824,1.901024817920373
342,Moon,mcet,8,2,SDE-donor paper(F=Cr=.25),sde_fixed,0.0,-140525048.3749235,-140525050.37989533,1.426771829376138e-08,0,0.08172370010288432,60,398,0,0,0,0,8.45557433386505,4.0280331777153044
343,Moon,mcet,8,3,SDE-donor paper(F=Cr=.25),sde_fixed,0.0,-140525050.37989533,-140525050.37989533,0.0,1,0.08008900022832677,60,716,0,0,0,0,0.255000000000004,0.04463392767839282
344,Moon,mcet,8,4,SDE-donor paper(F=Cr=.25),sde_fixed,0.0,-140524370.74793714,-140525050.37989533,4.8363758372568436e-06,0,0.07967750012176111,60,315,0,0,0,0,14.556538857861506,5.167695166631967
345,Moon,mcet,8,5,SDE-donor paper(F=Cr=.25),sde_fixed,0.0,-140524479.22890168,-140525050.37989533,4.0644069658836055e-06,0,0.07905549986753613,60,557,0,0,0,0,1.5562642980033232,0.4253069569528109
346,Moon,mcet,8,6,SDE-donor paper(F=Cr=.25),sde_fixed,0.0,-140521154.1937618,-140525050.37989533,2.7725918781034194e-05,0,0.08063880016561598,60,751,0,0,0,0,0.6107530251878897,0.14365505848863216
347,Moon,mcet,8,7,SDE-donor paper(F=Cr=.25),sde_fixed,0.0,-140524992.460511,-140525050.37989533,4.121641242890991e-07,0,0.08100200007902458,60,443,0,0,0,0,8.360573877592348,4.238463188965115
348,Moon,mcet,8,8,SDE-donor paper(F=Cr=.25),sde_fixed,0.0,-140525050.37989533,-140525050.37989533,0.0,1,0.0794549000565894,60,616,0,0,0,0,0.9874705105495455,0.21635847536975025
349,Moon,mcet,8,9,SDE-donor paper(F=Cr=.25),sde_fixed,0.0,-140524503.22166702,-140525050.37989533,3.893670394202138e-06,0,0.08237400028156117,60,507,0,0,0,0,2.609492167879227,0.7872992612472701
350,Moon,mcet,8,0,SDE-donor paper(F=Cr=.25)+LS,sde_fixed,0.15,-140525050.37989533,-140525050.37989533,0.0,1,0.2727531002019532,60,389,66,156,509,64679,9.929808137679474,4.181934183432355
351,Moon,mcet,8,1,SDE-donor paper(F=Cr=.25)+LS,sde_fixed,0.15,-140525050.37989533,-140525050.37989533,0.0,1,0.2303304998204112,60,289,40,117,450,49113,9.760470363031754,4.653879793028417
352,Moon,mcet,8,2,SDE-donor paper(F=Cr=.25)+LS,sde_fixed,0.15,-140525050.37989533,-140525050.37989533,0.0,1,0.2177730001276359,60,238,39,109,445,45333,15.739516192237554,5.325502903898878
353,Moon,mcet,8,3,SDE-donor paper(F=Cr=.25)+LS,sde_fixed,0.15,-140525050.37989533,-140525050.37989533,0.0,1,0.20716579968575388,60,198,32,101,435,42532,16.103105777947356,6.416937382746069
354,Moon,mcet,8,4,SDE-donor paper(F=Cr=.25)+LS,sde_fixed,0.15,-140525050.37989533,-140525050.37989533,0.0,1,0.21690559992566705,60,171,29,105,510,44476,20.166668912681736,8.117400939579852
355,Moon,mcet,8,5,SDE-donor paper(F=Cr=.25)+LS,sde_fixed,0.15,-140525004.44836408,-140525050.37989533,3.26856536441763e-07,0,0.20642289984971285,60,147,25,93,473,39726,18.253460316592687,6.94561923957535
356,Moon,mcet,8,6,SDE-donor paper(F=Cr=.25)+LS,sde_fixed,0.15,-140525050.37989533,-140525050.37989533,0.0,1,0.21593129966640845,60,244,35,108,463,45275,9.883607446607252,3.853051511971075
357,Moon,mcet,8,7,SDE-donor paper(F=Cr=.25)+LS,sde_fixed,0.15,-140525050.37989533,-140525050.37989533,0.0,1,0.22268520022043958,60,252,41,114,447,47971,16.393398042572866,6.242419208849253
358,Moon,mcet,8,8,SDE-donor paper(F=Cr=.25)+LS,sde_fixed,0.15,-140525050.37989533,-140525050.37989533,0.0,1,0.30058919999282807,60,688,108,180,348,73607,3.487941114071888,2.052767118304412
359,Moon,mcet,8,9,SDE-donor paper(F=Cr=.25)+LS,sde_fixed,0.15,-140525050.37989533,-140525050.37989533,0.0,1,0.19771120004588738,60,266,34,95,403,40009,14.846483829876812,6.317699469052622
360,Astronaut,mcet,6,0,SDE-donor fixedF,sde_fixed,0.0,-149428837.09712836,-149428837.09712836,0.0,1,0.07628069986822084,60,692,0,0,0,0,0.0,0.0
361,Astronaut,mcet,6,1,SDE-donor fixedF,sde_fixed,0.0,-149428837.09712836,-149428837.09712836,0.0,1,0.07561019982676953,60,574,0,0,0,0,0.0,0.0
362,Astronaut,mcet,6,2,SDE-donor fixedF,sde_fixed,0.0,-149428782.7731936,-149428837.09712836,3.6354385016300135e-07,0,0.07521319994702935,60,706,0,0,0,0,0.0,0.0
363,Astronaut,mcet,6,3,SDE-donor fixedF,sde_fixed,0.0,-149426743.91622803,-149428837.09712836,1.4007877870151326e-05,0,0.07510409993119538,60,790,0,0,0,0,0.0,0.0
364,Astronaut,mcet,6,4,SDE-donor fixedF,sde_fixed,0.0,-149428837.09712836,-149428837.09712836,0.0,1,0.07439299981342629,60,537,0,0,0,0,0.0,0.0
365,Astronaut,mcet,6,5,SDE-donor fixedF,sde_fixed,0.0,-149428837.09712836,-149428837.09712836,0.0,1,0.07447400043020025,60,713,0,0,0,0,0.0,0.0
366,Astronaut,mcet,6,6,SDE-donor fixedF,sde_fixed,0.0,-149428753.2807658,-149428837.09712836,5.609115629088042e-07,0,0.07505339983617887,60,789,0,0,0,0,0.0,0.0
367,Astronaut,mcet,6,7,SDE-donor fixedF,sde_fixed,0.0,-149428837.09712836,-149428837.09712836,0.0,1,0.07481090008514002,60,673,0,0,0,0,0.0,0.0
368,Astronaut,mcet,6,8,SDE-donor fixedF,sde_fixed,0.0,-149428816.99609798,-149428837.09712836,1.345190846025801e-07,0,0.07756309973774478,60,816,0,0,0,0,0.0,0.0
369,Astronaut,mcet,6,9,SDE-donor fixedF,sde_fixed,0.0,-149428837.09712836,-149428837.09712836,0.0,1,0.07512230006977916,60,743,0,0,0,0,0.0,0.0
370,Astronaut,mcet,6,0,SDE-donor fixedF+LS,sde_fixed,0.15,-149428837.09712836,-149428837.09712836,0.0,1,0.3066790996817872,60,977,136,179,226,76800,0.0,0.0
371,Astronaut,mcet,6,1,SDE-donor fixedF+LS,sde_fixed,0.15,-149428837.09712836,-149428837.09712836,0.0,1,0.32631159969605505,60,897,136,194,268,83688,0.0,0.0
372,Astronaut,mcet,6,2,SDE-donor fixedF+LS,sde_fixed,0.15,-149428837.09712836,-149428837.09712836,0.0,1,0.30801420024363324,60,905,135,181,236,77922,0.0,0.0
373,Astronaut,mcet,6,3,SDE-donor fixedF+LS,sde_fixed,0.15,-149428837.09712836,-149428837.09712836,0.0,1,0.33272059995215386,60,977,157,199,231,85235,0.0,0.0
374,Astronaut,mcet,6,4,SDE-donor fixedF+LS,sde_fixed,0.15,-149428837.09712836,-149428837.09712836,0.0,1,0.3253531001973897,60,899,137,193,279,83147,0.0,0.0
375,Astronaut,mcet,6,5,SDE-donor fixedF+LS,sde_fixed,0.15,-149428837.09712836,-149428837.09712836,0.0,1,0.36221980018308386,60,1027,169,221,242,95252,0.0,0.0
376,Astronaut,mcet,6,6,SDE-donor fixedF+LS,sde_fixed,0.15,-149428837.09712836,-149428837.09712836,0.0,1,0.2739562003989704,60,861,113,152,185,65572,0.0,0.0
377,Astronaut,mcet,6,7,SDE-donor fixedF+LS,sde_fixed,0.15,-149428837.09712836,-149428837.09712836,0.0,1,0.35432460019364953,60,1002,160,214,295,91621,0.0,0.0
378,Astronaut,mcet,6,8,SDE-donor fixedF+LS,sde_fixed,0.15,-149428837.09712836,-149428837.09712836,0.0,1,0.2941036001429893,60,933,129,169,215,72028,0.0,0.0
379,Astronaut,mcet,6,9,SDE-donor fixedF+LS,sde_fixed,0.15,-149428837.09712836,-149428837.09712836,0.0,1,0.33269870007643476,60,989,151,197,193,84312,0.0,0.0
380,Astronaut,mcet,6,0,SDE-donor paper(F=Cr=.25),sde_fixed,0.0,-149426943.4875649,-149428837.09712836,1.2672316804814893e-05,0,0.07444210024550557,60,459,0,0,0,0,4.897164269946525,1.925806656166982
381,Astronaut,mcet,6,1,SDE-donor paper(F=Cr=.25),sde_fixed,0.0,-149405784.92365697,-149428837.09712836,0.00015426857304930605,0,0.07576300000073388,60,778,0,0,0,0,0.5939696961967065,0.1527525231651947
382,Astronaut,mcet,6,2,SDE-donor paper(F=Cr=.25),sde_fixed,0.0,-149426753.47429278,-149428837.09712836,1.3943913879368443e-05,0,0.07637639995664358,60,704,0,0,0,0,0.0,0.0
383,Astronaut,mcet,6,3,SDE-donor paper(F=Cr=.25),sde_fixed,0.0,-149408367.8960859,-149428837.09712836,0.00013698293743106887,0,0.07570180029142648,60,636,0,0,0,0,0.45254833995938676,0.13333333333333333
384,Astronaut,mcet,6,4,SDE-donor paper(F=Cr=.25),sde_fixed,0.0,-149410469.30283284,-149428837.09712836,0.00012292001097204933,0,0.0751498001627624,60,641,0,0,0,0,2.822891270614605,1.0489901137862139
385,Astronaut,mcet,6,5,SDE-donor paper(F=Cr=.25),sde_fixed,0.0,-149428792.8353079,-149428837.09712836,2.9620668490216676e-07,0,0.07352289994014427,60,375,0,0,0,0,9.857220278280963,5.895700263998816
386,Astronaut,mcet,6,6,SDE-donor paper(F=Cr=.25),sde_fixed,0.0,-149407000.53840673,-149428837.09712836,0.0001461334983650984,0,0.07631189993117005,60,858,0,0,0,0,0.0,0.0
387,Astronaut,mcet,6,7,SDE-donor paper(F=Cr=.25),sde_fixed,0.0,-149428642.2373265,-149428837.09712836,1.3040307724004115e-06,0,0.07367360015632585,60,539,0,0,0,0,7.872239967344688,4.585770720373684
388,Astronaut,mcet,6,8,SDE-donor paper(F=Cr=.25),sde_fixed,0.0,-149419521.0779234,-149428837.09712836,6.234418594129048e-05,0,0.07633200014242902,60,666,0,0,0,0,0.22680553322557442,0.12535294339515088
389,Astronaut,mcet,6,9,SDE-donor paper(F=Cr=.25),sde_fixed,0.0,-149409921.7788646,-149428837.09712836,0.00012658412279200327,0,0.07600319990888238,60,673,0,0,0,0,0.0,0.0
390,Astronaut,mcet,6,0,SDE-donor paper(F=Cr=.25)+LS,sde_fixed,0.15,-149428837.09712836,-149428837.09712836,0.0,1,0.2851141996216029,60,478,81,159,372,69046,4.409064526631474,3.7050641020095725
391,Astronaut,mcet,6,1,SDE-donor paper(F=Cr=.25)+LS,sde_fixed,0.15,-149428837.09712836,-149428837.09712836,0.0,1,0.24923560011666268,60,252,36,131,561,58089,13.101743488229015,6.360808875749114
392,Astronaut,mcet,6,2,SDE-donor paper(F=Cr=.25)+LS,sde_fixed,0.15,-149428837.09712836,-149428837.09712836,0.0,1,0.19950849987799302,60,195,31,94,372,41316,15.20604957829421,6.512915402570177
393,Astronaut,mcet,6,3,SDE-donor paper(F=Cr=.25)+LS,sde_fixed,0.15,-149428837.09712836,-149428837.09712836,0.0,1,0.278861399856396,60,553,90,153,332,66479,3.974135126036856,3.341822523381183
394,Astronaut,mcet,6,4,SDE-donor paper(F=Cr=.25)+LS,sde_fixed,0.15,-149428837.09712836,-149428837.09712836,0.0,1,0.22541229979833588,60,217,32,114,424,50231,18.619444831571982,8.237509309746846
395,Astronaut,mcet,6,5,SDE-donor paper(F=Cr=.25)+LS,sde_fixed,0.15,-149428837.09712836,-149428837.09712836,0.0,1,0.25803729967447,60,453,62,139,373,60478,10.918754957154349,6.675758508967018
396,Astronaut,mcet,6,6,SDE-donor paper(F=Cr=.25)+LS,sde_fixed,0.15,-149428837.09712836,-149428837.09712836,0.0,1,0.2248770000296645,60,233,37,111,442,49094,22.236763774655987,11.522249935724835
397,Astronaut,mcet,6,7,SDE-donor paper(F=Cr=.25)+LS,sde_fixed,0.15,-149428837.09712836,-149428837.09712836,0.0,1,0.21712729992577806,60,271,43,108,350,47120,21.94142976481097,10.269703857879419
398,Astronaut,mcet,6,8,SDE-donor paper(F=Cr=.25)+LS,sde_fixed,0.15,-149428837.09712836,-149428837.09712836,0.0,1,0.20866150013171136,60,309,41,98,283,42763,11.296455355680433,6.6719304441081535
399,Astronaut,mcet,6,9,SDE-donor paper(F=Cr=.25)+LS,sde_fixed,0.15,-149428837.09712836,-149428837.09712836,0.0,1,0.2083242000080645,60,192,29,99,425,44088,18.817341769387422,7.533417206569072
400,Astronaut,mcet,7,0,SDE-donor fixedF,sde_fixed,0.0,-149470870.0614952,-149470940.93687743,4.7417499194519535e-07,0,0.07989260012982413,60,763,0,0,0,0,0.0,0.0
401,Astronaut,mcet,7,1,SDE-donor fixedF,sde_fixed,0.0,-149470917.57964268,-149470940.93687743,1.5626605813688992e-07,0,0.07702859991695732,60,685,0,0,0,0,0.0,0.0
402,Astronaut,mcet,7,2,SDE-donor fixedF,sde_fixed,0.0,-149470861.02780938,-149470940.93687743,5.346127317265398e-07,0,0.07873419998213649,60,840,0,0,0,0,0.0,0.0
403,Astronaut,mcet,7,3,SDE-donor fixedF,sde_fixed,0.0,-149470940.93687743,-149470940.93687743,0.0,1,0.07780090003507212,60,812,0,0,0,0,0.0,0.0
404,Astronaut,mcet,7,4,SDE-donor fixedF,sde_fixed,0.0,-149470917.57964268,-149470940.93687743,1.5626605813688992e-07,0,0.07754320005187765,60,698,0,0,0,0,0.0,0.0
405,Astronaut,mcet,7,5,SDE-donor fixedF,sde_fixed,0.0,-149470858.13762054,-149470940.93687743,5.539488570288646e-07,0,0.07693179976195097,60,684,0,0,0,0,0.0,0.0
406,Astronaut,mcet,7,6,SDE-donor fixedF,sde_fixed,0.0,-149470392.3308198,-149470940.93687743,3.6703191550494777e-06,0,0.07837950036628172,60,733,0,0,0,0,0.0,0.0
407,Astronaut,mcet,7,7,SDE-donor fixedF,sde_fixed,0.0,-149470737.31431997,-149470940.93687743,1.36228859057797e-06,0,0.07811110018519685,60,733,0,0,0,0,0.0,0.0
408,Astronaut,mcet,7,8,SDE-donor fixedF,sde_fixed,0.0,-149470812.49817398,-149470940.93687743,8.592887864526179e-07,0,0.0785335999680683,60,777,0,0,0,0,0.0,0.0
409,Astronaut,mcet,7,9,SDE-donor fixedF,sde_fixed,0.0,-149470702.52264553,-149470940.93687743,1.5950540647033484e-06,0,0.0770536998170428,60,792,0,0,0,0,0.0,0.0
410,Astronaut,mcet,7,0,SDE-donor fixedF+LS,sde_fixed,0.15,-149470940.93687743,-149470940.93687743,0.0,1,0.3381529000471346,60,981,153,199,290,86958,0.0,0.0
411,Astronaut,mcet,7,1,SDE-donor fixedF+LS,sde_fixed,0.15,-149470940.93687743,-149470940.93687743,0.0,1,0.34571930003585294,60,1001,151,203,321,88408,0.0,0.0
412,Astronaut,mcet,7,2,SDE-donor fixedF+LS,sde_fixed,0.15,-149470940.93687743,-149470940.93687743,0.0,1,0.3077107999706641,60,965,141,174,196,75978,0.0,0.0
413,Astronaut,mcet,7,3,SDE-donor fixedF+LS,sde_fixed,0.15,-149470940.93687743,-149470940.93687743,0.0,1,0.35773000004701316,60,974,155,214,360,93848,0.0,0.0
414,Astronaut,mcet,7,4,SDE-donor fixedF+LS,sde_fixed,0.15,-149470940.93687743,-149470940.93687743,0.0,1,0.35983059962745756,60,1027,162,214,344,93710,0.0,0.0
415,Astronaut,mcet,7,5,SDE-donor fixedF+LS,sde_fixed,0.15,-149470940.93687743,-149470940.93687743,0.0,1,0.3196385002229363,60,987,144,184,213,80069,0.0,0.0
416,Astronaut,mcet,7,6,SDE-donor fixedF+LS,sde_fixed,0.15,-149470940.93687743,-149470940.93687743,0.0,1,0.3464954999508336,60,1021,155,204,297,89790,0.0,0.0
417,Astronaut,mcet,7,7,SDE-donor fixedF+LS,sde_fixed,0.15,-149470940.93687743,-149470940.93687743,0.0,1,0.3366504002478905,60,988,148,197,306,86147,0.0,0.0
418,Astronaut,mcet,7,8,SDE-donor fixedF+LS,sde_fixed,0.15,-149470940.93687743,-149470940.93687743,0.0,1,0.31703589973039925,60,1023,144,184,189,79892,0.0,0.0
419,Astronaut,mcet,7,9,SDE-donor fixedF+LS,sde_fixed,0.15,-149470940.93687743,-149470940.93687743,0.0,1,0.3037498998455703,60,930,125,171,261,74915,0.0,0.0
420,Astronaut,mcet,7,0,SDE-donor paper(F=Cr=.25),sde_fixed,0.0,-149470820.86040294,-149470940.93687743,8.033432701710938e-07,0,0.07742659986251965,60,381,0,0,0,0,9.374188619442336,4.381675115456783
421,Astronaut,mcet,7,1,SDE-donor paper(F=Cr=.25),sde_fixed,0.0,-149469373.72976306,-149470940.93687743,1.0485028759071766e-05,0,0.077167599927634,60,591,0,0,0,0,0.8590323240102556,0.3105742094107407
422,Astronaut,mcet,7,2,SDE-donor paper(F=Cr=.25),sde_fixed,0.0,-149458784.28220376,-149470940.93687743,8.133122463448998e-05,0,0.07839279982727021,60,565,0,0,0,0,1.8705547391529307,0.6947237630976785
423,Astronaut,mcet,7,3,SDE-donor paper(F=Cr=.25),sde_fixed,0.0,-149470016.76491314,-149470940.93687743,6.182954081208613e-06,0,0.07744510000338778,60,649,0,0,0,0,1.2670590603808098,0.7161958496447614
424,Astronaut,mcet,7,4,SDE-donor paper(F=Cr=.25),sde_fixed,0.0,-149467934.88841438,-149470940.93687743,2.0111256704512384e-05,0,0.07621589995687827,60,557,0,0,0,0,2.8144873165748883,1.0041110621650753
425,Astronaut,mcet,7,5,SDE-donor paper(F=Cr=.25),sde_fixed,0.0,-149470870.0614952,-149470940.93687743,4.7417499194519535e-07,0,0.07879960001446307,60,709,0,0,0,0,0.0,0.0
426,Astronaut,mcet,7,6,SDE-donor paper(F=Cr=.25),sde_fixed,0.0,-149455539.64026403,-149470940.93687743,0.00010303873459858183,0,0.0770116004277952,60,545,0,0,0,0,1.0537158117534742,0.3690254935125331
427,Astronaut,mcet,7,7,SDE-donor paper(F=Cr=.25),sde_fixed,0.0,-149470063.9757374,-149470940.93687743,5.867101220744502e-06,0,0.07671289978316054,60,570,0,0,0,0,0.8548217618206884,0.2536310527282522
428,Astronaut,mcet,7,8,SDE-donor paper(F=Cr=.25),sde_fixed,0.0,-149470670.3750522,-149470940.93687743,1.810129939103525e-06,0,0.07750199997099116,60,487,0,0,0,0,1.8081812814022657,0.5886464491074578
429,Astronaut,mcet,7,9,SDE-donor paper(F=Cr=.25),sde_fixed,0.0,-149470342.0883695,-149470940.93687743,4.006454392989115e-06,0,0.0770236998796463,60,560,0,0,0,0,1.2740475022706859,0.40852288649236584
430,Astronaut,mcet,7,0,SDE-donor paper(F=Cr=.25)+LS,sde_fixed,0.15,-149470940.93687743,-149470940.93687743,0.0,1,0.23782009992282838,60,221,39,118,502,53482,18.57656787629977,8.637632883158116
431,Astronaut,mcet,7,1,SDE-donor paper(F=Cr=.25)+LS,sde_fixed,0.15,-149470940.93687743,-149470940.93687743,0.0,1,0.23623609996866435,60,390,54,119,345,52657,5.357043598883473,4.119924137896026
432,Astronaut,mcet,7,2,SDE-donor paper(F=Cr=.25)+LS,sde_fixed,0.15,-149470940.93687743,-149470940.93687743,0.0,1,0.26110559987137094,60,456,73,138,376,61232,5.280820640840632,4.235172032293582
433,Astronaut,mcet,7,3,SDE-donor paper(F=Cr=.25)+LS,sde_fixed,0.15,-149470940.93687743,-149470940.93687743,0.0,1,0.27930289990035817,60,385,64,150,493,66987,7.660262166475296,6.119596005260861
434,Astronaut,mcet,7,4,SDE-donor paper(F=Cr=.25)+LS,sde_fixed,0.15,-149470940.93687743,-149470940.93687743,0.0,1,0.23481239972170442,60,343,50,118,430,52887,10.503288124820632,6.2888707906178505
435,Astronaut,mcet,7,5,SDE-donor paper(F=Cr=.25)+LS,sde_fixed,0.15,-149470940.93687743,-149470940.93687743,0.0,1,0.2876258999458514,60,512,81,158,440,69897,5.517494259730569,4.404178122386194
436,Astronaut,mcet,7,6,SDE-donor paper(F=Cr=.25)+LS,sde_fixed,0.15,-149470940.93687743,-149470940.93687743,0.0,1,0.2890110000153072,60,340,61,152,551,68307,9.040908597796122,5.5536902053913915
437,Astronaut,mcet,7,7,SDE-donor paper(F=Cr=.25)+LS,sde_fixed,0.15,-149470940.93687743,-149470940.93687743,0.0,1,0.22562470036791638,60,482,55,111,322,49219,5.741463730837481,4.579878102242579
438,Astronaut,mcet,7,8,SDE-donor paper(F=Cr=.25)+LS,sde_fixed,0.15,-149470940.93687743,-149470940.93687743,0.0,1,0.2681166999973357,60,467,71,142,452,62251,5.966681257397649,4.694574267710387
439,Astronaut,mcet,7,9,SDE-donor paper(F=Cr=.25)+LS,sde_fixed,0.15,-149470940.93687743,-149470940.93687743,0.0,1,0.2392295998870395,60,250,44,120,482,53941,12.639715780824819,6.84787923158776
440,Astronaut,mcet,8,0,SDE-donor fixedF,sde_fixed,0.0,-149492754.4372301,-149493500.56290442,4.9910241682606724e-06,0,0.08104330021888018,60,706,0,0,0,0,0.0,0.0
441,Astronaut,mcet,8,1,SDE-donor fixedF,sde_fixed,0.0,-149493460.73492026,-149493500.56290442,2.6641950321756917e-07,0,0.08201370039023459,60,571,0,0,0,0,0.0,0.0
442,Astronaut,mcet,8,2,SDE-donor fixedF,sde_fixed,0.0,-149492754.4372301,-149493500.56290442,4.9910241682606724e-06,0,0.08118589984951541,60,650,0,0,0,0,0.0,0.0
443,Astronaut,mcet,8,3,SDE-donor fixedF,sde_fixed,0.0,-149493442.98067987,-149493500.56290442,3.851821271897593e-07,0,0.08166549971792847,60,642,0,0,0,0,0.0,0.0
444,Astronaut,mcet,8,4,SDE-donor fixedF,sde_fixed,0.0,-149493500.56290442,-149493500.56290442,0.0,1,0.08295819989871234,60,553,0,0,0,0,0.0,0.0
445,Astronaut,mcet,8,5,SDE-donor fixedF,sde_fixed,0.0,-149492754.4372301,-149493500.56290442,4.9910241682606724e-06,0,0.08072109980275854,60,794,0,0,0,0,0.0,0.0
446,Astronaut,mcet,8,6,SDE-donor fixedF,sde_fixed,0.0,-149493444.0660908,-149493500.56290442,3.779215378084236e-07,0,0.0799128002836369,60,708,0,0,0,0,0.0,0.0
447,Astronaut,mcet,8,7,SDE-donor fixedF,sde_fixed,0.0,-149492754.4372301,-149493500.56290442,4.9910241682606724e-06,0,0.08213210001122206,60,614,0,0,0,0,0.0,0.0
448,Astronaut,mcet,8,8,SDE-donor fixedF,sde_fixed,0.0,-149493494.27757818,-149493500.56290442,4.20441438509371e-08,0,0.08023930009221658,60,618,0,0,0,0,0.0,0.0
449,Astronaut,mcet,8,9,SDE-donor fixedF,sde_fixed,0.0,-149493438.02972275,-149493500.56290442,4.183003370170929e-07,0,0.08195349993184209,60,803,0,0,0,0,0.0,0.0
450,Astronaut,mcet,8,0,SDE-donor fixedF+LS,sde_fixed,0.15,-149493500.56290442,-149493500.56290442,0.0,1,0.24631399981444702,60,551,81,126,270,55195,0.0,0.0
451,Astronaut,mcet,8,1,SDE-donor fixedF+LS,sde_fixed,0.15,-149492754.4372301,-149493500.56290442,4.9910241682606724e-06,0,0.3300461998442188,60,893,135,184,303,82494,0.0,0.0
452,Astronaut,mcet,8,2,SDE-donor fixedF+LS,sde_fixed,0.15,-149493497.55096656,-149493500.56290442,2.014761742372084e-08,0,0.32010909978998825,60,781,119,183,415,79598,0.0,0.0
453,Astronaut,mcet,8,3,SDE-donor fixedF+LS,sde_fixed,0.15,-149493500.56290442,-149493500.56290442,0.0,1,0.33050529996398836,60,752,123,184,381,80657,0.0,0.0
454,Astronaut,mcet,8,4,SDE-donor fixedF+LS,sde_fixed,0.15,-149493500.56290442,-149493500.56290442,0.0,1,0.33147060009650886,60,751,116,186,401,81464,0.0,0.0
455,Astronaut,mcet,8,5,SDE-donor fixedF+LS,sde_fixed,0.15,-149492754.4372301,-149493500.56290442,4.9910241682606724e-06,0,0.32778670015977696,60,907,131,179,308,81036,0.0,0.0
456,Astronaut,mcet,8,6,SDE-donor fixedF+LS,sde_fixed,0.15,-149492754.4372301,-149493500.56290442,4.9910241682606724e-06,0,0.3580054002231918,60,998,158,201,297,90707,0.0,0.0
457,Astronaut,mcet,8,7,SDE-donor fixedF+LS,sde_fixed,0.15,-149493500.56290442,-149493500.56290442,0.0,1,0.2832236999529414,60,653,93,152,320,66346,0.0,0.0
458,Astronaut,mcet,8,8,SDE-donor fixedF+LS,sde_fixed,0.15,-149493500.56290442,-149493500.56290442,0.0,1,0.27366950002033263,60,718,98,142,260,62610,0.0,0.0
459,Astronaut,mcet,8,9,SDE-donor fixedF+LS,sde_fixed,0.15,-149493500.56290442,-149493500.56290442,0.0,1,0.30245850002393126,60,684,110,164,341,72388,0.0,0.0
460,Astronaut,mcet,8,0,SDE-donor paper(F=Cr=.25),sde_fixed,0.0,-149492754.4372301,-149493500.56290442,4.9910241682606724e-06,0,0.08096039993688464,60,385,0,0,0,0,13.923638406688235,6.9964284971959145
461,Astronaut,mcet,8,1,SDE-donor paper(F=Cr=.25),sde_fixed,0.0,-149489546.47906178,-149493500.56290442,2.644987125023098e-05,0,0.08320780016947538,60,684,0,0,0,0,0.6118143132232887,0.18296709911129744
462,Astronaut,mcet,8,2,SDE-donor paper(F=Cr=.25),sde_fixed,0.0,-149492428.5932129,-149493500.56290442,7.170677571122241e-06,0,0.083188499964308,60,599,0,0,0,0,1.1716270865308922,0.3689175596613273
463,Astronaut,mcet,8,3,SDE-donor paper(F=Cr=.25),sde_fixed,0.0,-149492633.5260111,-149493500.56290442,5.799830026345043e-06,0,0.08130200020968914,60,480,0,0,0,0,8.252534347562428,5.010766374967776
464,Astronaut,mcet,8,4,SDE-donor paper(F=Cr=.25),sde_fixed,0.0,-149492440.100061,-149493500.56290442,7.093705341202416e-06,0,0.08183460013242438,60,411,0,0,0,0,10.322225893512119,6.833364887779145
465,Astronaut,mcet,8,5,SDE-donor paper(F=Cr=.25),sde_fixed,0.0,-149493466.4248383,-149493500.56290442,2.2835819607174433e-07,0,0.07907940010773018,60,415,0,0,0,0,2.9199516057544064,1.3244301231872444
466,Astronaut,mcet,8,6,SDE-donor paper(F=Cr=.25),sde_fixed,0.0,-149492414.7458691,-149493500.56290442,7.263305971355771e-06,0,0.08058839995646849,60,720,0,0,0,0,0.19000000000000128,0.05448623679425841
467,Astronaut,mcet,8,7,SDE-donor paper(F=Cr=.25),sde_fixed,0.0,-149492581.99581462,-149493500.56290442,6.144528600489547e-06,0,0.0802916997927241,60,607,0,0,0,0,0.255000000000004,0.04463392767839282
468,Astronaut,mcet,8,8,SDE-donor paper(F=Cr=.25),sde_fixed,0.0,-149492618.89834172,-149493500.56290442,5.897678222680918e-06,0,0.07945910008857027,60,351,0,0,0,0,20.60808896591508,8.342037966544737
469,Astronaut,mcet,8,9,SDE-donor paper(F=Cr=.25),sde_fixed,0.0,-149492537.47455162,-149493500.56290442,6.442342638128029e-06,0,0.08022710005752742,60,662,0,0,0,0,0.4154990944663798,0.08136970613365663
470,Astronaut,mcet,8,0,SDE-donor paper(F=Cr=.25)+LS,sde_fixed,0.15,-149492740.68325448,-149493500.56290442,5.083028005069745e-06,0,0.25387950020376593,60,356,62,125,444,57682,13.641260749005511,6.817979130942238
471,Astronaut,mcet,8,1,SDE-donor paper(F=Cr=.25)+LS,sde_fixed,0.15,-149492740.68325448,-149493500.56290442,5.083028005069745e-06,0,0.2875264997128397,60,590,84,150,414,68610,0.36062445840514135,0.08926785535678562
472,Astronaut,mcet,8,2,SDE-donor paper(F=Cr=.25)+LS,sde_fixed,0.15,-149492754.4372301,-149493500.56290442,4.9910241682606724e-06,0,0.19916099996771663,60,251,30,83,345,37686,7.390973307493124,4.0332318887059895
473,Astronaut,mcet,8,3,SDE-donor paper(F=Cr=.25)+LS,sde_fixed,0.15,-149492959.67091185,-149493500.56290442,3.6181639371095682e-06,0,0.27150019991677254,60,335,64,139,517,63454,7.177918103546925,3.124988096072302
474,Astronaut,mcet,8,4,SDE-donor paper(F=Cr=.25)+LS,sde_fixed,0.15,-149492740.68325448,-149493500.56290442,5.083028005069745e-06,0,0.2460549999959767,60,305,46,121,563,56306,5.667393898587424,4.190966680365279
475,Astronaut,mcet,8,5,SDE-donor paper(F=Cr=.25)+LS,sde_fixed,0.15,-149493497.55096656,-149493500.56290442,2.014761742372084e-08,0,0.2601446999469772,60,325,58,133,521,60812,8.005086159800051,3.931910704726307
476,Astronaut,mcet,8,6,SDE-donor paper(F=Cr=.25)+LS,sde_fixed,0.15,-149492740.68325448,-149493500.56290442,5.083028005069745e-06,0,0.367175999970641,60,829,132,207,519,94585,0.1343502884254404,0.05448623679425842
477,Astronaut,mcet,8,7,SDE-donor paper(F=Cr=.25)+LS,sde_fixed,0.15,-149492754.4372301,-149493500.56290442,4.9910241682606724e-06,0,0.243403899949044,60,364,63,120,385,54638,5.586113879506564,3.9423345697893684
478,Astronaut,mcet,8,8,SDE-donor paper(F=Cr=.25)+LS,sde_fixed,0.15,-149493497.55096656,-149493500.56290442,2.014761742372084e-08,0,0.18400809989543632,60,163,22,80,397,35545,16.197727763794603,5.509728692306202
479,Astronaut,mcet,8,9,SDE-donor paper(F=Cr=.25)+LS,sde_fixed,0.15,-149493443.12788296,-149493500.56290442,3.841974483425023e-07,0,0.2147821995895356,60,156,28,100,532,45799,16.54129062008706,5.337455561394137
480,Coffee,mcet,6,0,SDE-donor fixedF,sde_fixed,0.0,-114675081.59276092,-114675081.59276092,0.0,1,0.07546540017938241,60,758,0,0,0,0,0.0,0.0
481,Coffee,mcet,6,1,SDE-donor fixedF,sde_fixed,0.0,-114675081.59276092,-114675081.59276092,0.0,1,0.07527920033317059,60,822,0,0,0,0,0.0,0.0
482,Coffee,mcet,6,2,SDE-donor fixedF,sde_fixed,0.0,-114675081.59276092,-114675081.59276092,0.0,1,0.07797949999803677,60,836,0,0,0,0,0.0,0.0
483,Coffee,mcet,6,3,SDE-donor fixedF,sde_fixed,0.0,-114675081.59276092,-114675081.59276092,0.0,1,0.07448180014034733,60,858,0,0,0,0,0.0,0.0
484,Coffee,mcet,6,4,SDE-donor fixedF,sde_fixed,0.0,-114675081.59276092,-114675081.59276092,0.0,1,0.07924339984310791,60,885,0,0,0,0,0.0,0.0
485,Coffee,mcet,6,5,SDE-donor fixedF,sde_fixed,0.0,-114675081.59276092,-114675081.59276092,0.0,1,0.07571429992094636,60,802,0,0,0,0,0.0,0.0
486,Coffee,mcet,6,6,SDE-donor fixedF,sde_fixed,0.0,-114672377.1215737,-114675081.59276092,2.3583773821267102e-05,0,0.07389120006700978,60,789,0,0,0,0,0.0,0.0
487,Coffee,mcet,6,7,SDE-donor fixedF,sde_fixed,0.0,-114675081.59276092,-114675081.59276092,0.0,1,0.07489049981813878,60,778,0,0,0,0,0.0,0.0
488,Coffee,mcet,6,8,SDE-donor fixedF,sde_fixed,0.0,-114675081.59276092,-114675081.59276092,0.0,1,0.07453429995803162,60,905,0,0,0,0,0.0,0.0
489,Coffee,mcet,6,9,SDE-donor fixedF,sde_fixed,0.0,-114674093.92519629,-114675081.59276092,8.61274786913129e-06,0,0.0749675000552088,60,805,0,0,0,0,0.0,0.0
490,Coffee,mcet,6,0,SDE-donor fixedF+LS,sde_fixed,0.15,-114675081.59276092,-114675081.59276092,0.0,1,0.2885851997998543,60,964,131,169,174,70123,0.0,0.0
491,Coffee,mcet,6,1,SDE-donor fixedF+LS,sde_fixed,0.15,-114675081.59276092,-114675081.59276092,0.0,1,0.3446872001513839,60,1000,173,218,223,90391,0.0,0.0
492,Coffee,mcet,6,2,SDE-donor fixedF+LS,sde_fixed,0.15,-114675081.59276092,-114675081.59276092,0.0,1,0.34851770009845495,60,1026,168,220,253,91001,0.0,0.0
493,Coffee,mcet,6,3,SDE-donor fixedF+LS,sde_fixed,0.15,-114675081.59276092,-114675081.59276092,0.0,1,0.3526617001625709,60,998,171,220,270,90855,0.0,0.0
494,Coffee,mcet,6,4,SDE-donor fixedF+LS,sde_fixed,0.15,-114675081.59276092,-114675081.59276092,0.0,1,0.3494168997858651,60,1037,172,221,237,91598,0.0,0.0
495,Coffee,mcet,6,5,SDE-donor fixedF+LS,sde_fixed,0.15,-114675081.59276092,-114675081.59276092,0.0,1,0.3337216996587813,60,987,159,209,273,86878,0.0,0.0
496,Coffee,mcet,6,6,SDE-donor fixedF+LS,sde_fixed,0.15,-114675081.59276092,-114675081.59276092,0.0,1,0.32050050009274855,60,1004,153,194,183,80180,0.0,0.0
497,Coffee,mcet,6,7,SDE-donor fixedF+LS,sde_fixed,0.15,-114675081.59276092,-114675081.59276092,0.0,1,0.32458020001649857,60,1039,154,202,253,83488,0.0,0.0
498,Coffee,mcet,6,8,SDE-donor fixedF+LS,sde_fixed,0.15,-114675081.59276092,-114675081.59276092,0.0,1,0.3020339004579,60,1023,136,174,198,72180,0.0,0.0
499,Coffee,mcet,6,9,SDE-donor fixedF+LS,sde_fixed,0.15,-114675081.59276092,-114675081.59276092,0.0,1,0.28053300007013604,60,983,121,166,220,68741,0.0,0.0
500,Coffee,mcet,6,0,SDE-donor paper(F=Cr=.25),sde_fixed,0.0,-114674657.54951704,-114675081.59276092,3.6977801802742194e-06,0,0.07538940029917285,60,377,0,0,0,0,9.104663142893862,5.940119495876021
501,Coffee,mcet,6,1,SDE-donor paper(F=Cr=.25),sde_fixed,0.0,-114674792.04058945,-114675081.59276092,2.5249789879984986e-06,0,0.07458529999712482,60,323,0,0,0,0,15.155359223495967,9.103226484900519
502,Coffee,mcet,6,2,SDE-donor paper(F=Cr=.25),sde_fixed,0.0,-114675081.59276092,-114675081.59276092,0.0,1,0.07430919987382367,60,568,0,0,0,0,0.4662713107320836,0.16666666666666666
503,Coffee,mcet,6,3,SDE-donor paper(F=Cr=.25),sde_fixed,0.0,-114672405.402171,-114675081.59276092,2.3337158803370112e-05,0,0.07478589995298535,60,562,0,0,0,0,1.2526215312778013,0.45789715285440136
504,Coffee,mcet,6,4,SDE-donor paper(F=Cr=.25),sde_fixed,0.0,-114674883.83425611,-114675081.59276092,1.7245115683478436e-06,0,0.07475859968690202,60,604,0,0,0,0,0.5600000000000023,0.10671873729054748
505,Coffee,mcet,6,5,SDE-donor paper(F=Cr=.25),sde_fixed,0.0,-114673451.75104526,-114675081.59276092,1.4212692879972263e-05,0,0.07414459978463128,60,515,0,0,0,0,6.940399958597662,5.779762892247945
506,Coffee,mcet,6,6,SDE-donor paper(F=Cr=.25),sde_fixed,0.0,-114666744.9050572,-114675081.59276092,7.269833679577729e-05,0,0.07435839989921078,60,767,0,0,0,0,0.0,0.0
507,Coffee,mcet,6,7,SDE-donor paper(F=Cr=.25),sde_fixed,0.0,-114671493.09697162,-114675081.59276092,3.129272497095748e-05,0,0.07558200001949444,60,520,0,0,0,0,2.0697094184396176,0.8065586626444996
508,Coffee,mcet,6,8,SDE-donor paper(F=Cr=.25),sde_fixed,0.0,-114675081.59276092,-114675081.59276092,0.0,1,0.0737368002301082,60,503,0,0,0,0,0.7052248203104422,0.3507448206400778
509,Coffee,mcet,6,9,SDE-donor paper(F=Cr=.25),sde_fixed,0.0,-114673079.02527805,-114675081.59276092,1.7462969766922872e-05,0,0.0739119999925606,60,484,0,0,0,0,1.6100582372361765,0.6339745077011721
510,Coffee,mcet,6,0,SDE-donor paper(F=Cr=.25)+LS,sde_fixed,0.15,-114675081.59276092,-114675081.59276092,0.0,1,0.228445399843622,60,439,61,122,302,51292,0.7861408589232114,0.2914305076914965
511,Coffee,mcet,6,1,SDE-donor paper(F=Cr=.25)+LS,sde_fixed,0.15,-114675081.59276092,-114675081.59276092,0.0,1,0.28803110029548407,60,572,87,168,417,70566,6.2562088757978795,5.746890268086727
512,Coffee,mcet,6,2,SDE-donor paper(F=Cr=.25)+LS,sde_fixed,0.15,-114675081.59276092,-114675081.59276092,0.0,1,0.23924769973382354,60,440,61,130,324,54691,3.5827294903484885,2.724064976851045
513,Coffee,mcet,6,3,SDE-donor paper(F=Cr=.25)+LS,sde_fixed,0.15,-114675081.59276092,-114675081.59276092,0.0,1,0.2646335000754334,60,477,80,151,379,63356,0.16454482671904627,0.10897247358851685
514,Coffee,mcet,6,4,SDE-donor paper(F=Cr=.25)+LS,sde_fixed,0.15,-114675081.59276092,-114675081.59276092,0.0,1,0.2551592002273537,60,413,60,143,403,60339,5.6471849649414345,5.169429697884847
515,Coffee,mcet,6,5,SDE-donor paper(F=Cr=.25)+LS,sde_fixed,0.15,-114675081.59276092,-114675081.59276092,0.0,1,0.2610727000865154,60,473,69,150,426,62792,0.16454482671904627,0.10897247358851686
516,Coffee,mcet,6,6,SDE-donor paper(F=Cr=.25)+LS,sde_fixed,0.15,-114675081.59276092,-114675081.59276092,0.0,1,0.2586072997073643,60,472,72,145,349,61035,1.655124965936038,1.3144206983178954
517,Coffee,mcet,6,7,SDE-donor paper(F=Cr=.25)+LS,sde_fixed,0.15,-114675081.59276092,-114675081.59276092,0.0,1,0.22759050002787262,60,352,54,121,334,51090,13.917860326244867,8.565456575055327
518,Coffee,mcet,6,8,SDE-donor paper(F=Cr=.25)+LS,sde_fixed,0.15,-114675081.59276092,-114675081.59276092,0.0,1,0.18472919991472736,60,232,28,87,311,36531,7.4190820893464675,5.230375413058671
519,Coffee,mcet,6,9,SDE-donor paper(F=Cr=.25)+LS,sde_fixed,0.15,-114675081.59276092,-114675081.59276092,0.0,1,0.28498350002337247,60,513,86,162,364,68061,0.6188239644102811,0.28547658251042335
520,Coffee,mcet,7,0,SDE-donor fixedF,sde_fixed,0.0,-114707439.88383755,-114707439.88383755,0.0,1,0.07687010010704398,60,691,0,0,0,0,0.0,0.0
521,Coffee,mcet,7,1,SDE-donor fixedF,sde_fixed,0.0,-114706634.96294773,-114707439.88383755,7.017163757117758e-06,0,0.07890389999374747,60,663,0,0,0,0,0.0,0.0
522,Coffee,mcet,7,2,SDE-donor fixedF,sde_fixed,0.0,-114700822.56805989,-114707439.88383755,5.76886362764322e-05,0,0.07687799987616017,60,674,0,0,0,0,0.0,0.0
523,Coffee,mcet,7,3,SDE-donor fixedF,sde_fixed,0.0,-114707382.02252865,-114707439.88383755,5.044250744424016e-07,0,0.07790189993102103,60,737,0,0,0,0,0.0,0.0
524,Coffee,mcet,7,4,SDE-donor fixedF,sde_fixed,0.0,-114707439.88383755,-114707439.88383755,0.0,1,0.07703239988768473,60,675,0,0,0,0,0.0,0.0
525,Coffee,mcet,7,5,SDE-donor fixedF,sde_fixed,0.0,-114707439.88383755,-114707439.88383755,0.0,1,0.08009839989244938,60,532,0,0,0,0,0.0,0.0
526,Coffee,mcet,7,6,SDE-donor fixedF,sde_fixed,0.0,-114707439.88383755,-114707439.88383755,0.0,1,0.07730290037579834,60,798,0,0,0,0,0.0,0.0
527,Coffee,mcet,7,7,SDE-donor fixedF,sde_fixed,0.0,-114707439.88383755,-114707439.88383755,0.0,1,0.07825969974510372,60,757,0,0,0,0,0.0,0.0
528,Coffee,mcet,7,8,SDE-donor fixedF,sde_fixed,0.0,-114707439.88383755,-114707439.88383755,0.0,1,0.07993220054777339,60,791,0,0,0,0,0.0,0.0
529,Coffee,mcet,7,9,SDE-donor fixedF,sde_fixed,0.0,-114707439.88383755,-114707439.88383755,0.0,1,0.07848619983997196,60,659,0,0,0,0,0.0,0.0
530,Coffee,mcet,7,0,SDE-donor fixedF+LS,sde_fixed,0.15,-114707439.88383755,-114707439.88383755,0.0,1,0.2858857999672182,60,858,116,160,266,67199,0.0,0.0
531,Coffee,mcet,7,1,SDE-donor fixedF+LS,sde_fixed,0.15,-114707439.88383755,-114707439.88383755,0.0,1,0.31000009982381016,60,980,149,184,188,75901,0.0,0.0
532,Coffee,mcet,7,2,SDE-donor fixedF+LS,sde_fixed,0.15,-114707439.88383755,-114707439.88383755,0.0,1,0.32293650007341057,60,964,148,194,263,80833,0.0,0.0
533,Coffee,mcet,7,3,SDE-donor fixedF+LS,sde_fixed,0.15,-114707439.88383755,-114707439.88383755,0.0,1,0.32364710001274943,60,913,135,194,350,81419,0.0,0.0
534,Coffee,mcet,7,4,SDE-donor fixedF+LS,sde_fixed,0.15,-114707439.88383755,-114707439.88383755,0.0,1,0.3077213001670316,60,935,137,185,271,76593,0.0,0.0
535,Coffee,mcet,7,5,SDE-donor fixedF+LS,sde_fixed,0.15,-114707439.88383755,-114707439.88383755,0.0,1,0.32154499989701435,60,939,128,190,378,80036,0.0,0.0
536,Coffee,mcet,7,6,SDE-donor fixedF+LS,sde_fixed,0.15,-114707439.88383755,-114707439.88383755,0.0,1,0.34131030016578734,60,990,147,203,373,85232,0.0,0.0
537,Coffee,mcet,7,7,SDE-donor fixedF+LS,sde_fixed,0.15,-114707439.88383755,-114707439.88383755,0.0,1,0.2881760995951481,60,936,122,165,234,68662,0.0,0.0
538,Coffee,mcet,7,8,SDE-donor fixedF+LS,sde_fixed,0.15,-114707439.88383755,-114707439.88383755,0.0,1,0.29377609997754917,60,959,147,174,155,71683,0.0,0.0
539,Coffee,mcet,7,9,SDE-donor fixedF+LS,sde_fixed,0.15,-114707439.88383755,-114707439.88383755,0.0,1,0.34136389970080927,60,944,152,207,340,87053,0.0,0.0
540,Coffee,mcet,7,0,SDE-donor paper(F=Cr=.25),sde_fixed,0.0,-114700773.70859936,-114707439.88383755,5.811458476401194e-05,0,0.07807980017969385,60,754,0,0,0,0,0.09500000000001023,0.03113499245386196
541,Coffee,mcet,7,1,SDE-donor paper(F=Cr=.25),sde_fixed,0.0,-114700862.2749308,-114707439.88383755,5.734247851235241e-05,0,0.07712230016477406,60,537,0,0,0,0,0.976891413421517,0.6192501399758873
542,Coffee,mcet,7,2,SDE-donor paper(F=Cr=.25),sde_fixed,0.0,-114700862.2749308,-114707439.88383755,5.734247851235241e-05,0,0.07916440011467785,60,711,0,0,0,0,0.5518601778409307,0.24542070673957625
543,Coffee,mcet,7,3,SDE-donor paper(F=Cr=.25),sde_fixed,0.0,-114705475.24002346,-114707439.88383755,1.712743145585394e-05,0,0.07832229987252504,60,484,0,0,0,0,5.807686252444897,3.419659265065517
544,Coffee,mcet,7,4,SDE-donor paper(F=Cr=.25),sde_fixed,0.0,-114700862.2749308,-114707439.88383755,5.734247851235241e-05,0,0.07731930015143007,60,458,0,0,0,0,3.360490856874744,2.057476678035768
545,Coffee,mcet,7,5,SDE-donor paper(F=Cr=.25),sde_fixed,0.0,-114701908.04632492,-114707439.88383755,4.822562092074629e-05,0,0.07723499997518957,60,310,0,0,0,0,11.057399616348,3.8957147893380477
546,Coffee,mcet,7,6,SDE-donor paper(F=Cr=.25),sde_fixed,0.0,-114700704.3091551,-114707439.88383755,5.871959734490933e-05,0,0.07863410003483295,60,653,0,0,0,0,0.3754008037800253,0.14213064969792952
547,Coffee,mcet,7,7,SDE-donor paper(F=Cr=.25),sde_fixed,0.0,-114700773.70859936,-114707439.88383755,5.811458476401194e-05,0,0.07710939977550879,60,659,0,0,0,0,0.1899999999999949,0.06226998490772391
548,Coffee,mcet,7,8,SDE-donor paper(F=Cr=.25),sde_fixed,0.0,-114700753.8800764,-114707439.88383755,5.828744646317803e-05,0,0.07787849963642657,60,404,0,0,0,0,10.37052254027826,5.219061826056382
549,Coffee,mcet,7,9,SDE-donor paper(F=Cr=.25),sde_fixed,0.0,-114706482.09833336,-114707439.88383755,8.349811530638714e-06,0,0.07794879993889481,60,324,0,0,0,0,8.117215064552258,3.153753352912625
550,Coffee,mcet,7,0,SDE-donor paper(F=Cr=.25)+LS,sde_fixed,0.15,-114705284.3180419,-114707439.88383755,1.8791856899849092e-05,0,0.20332420011982322,60,198,35,95,391,41858,9.378734677663232,6.2062628315119985
551,Coffee,mcet,7,1,SDE-donor paper(F=Cr=.25)+LS,sde_fixed,0.15,-114707439.88383755,-114707439.88383755,0.0,1,0.16846180008724332,60,177,19,67,319,29317,21.330997967097577,8.006699147583182
552,Coffee,mcet,7,2,SDE-donor paper(F=Cr=.25)+LS,sde_fixed,0.15,-114700896.14114322,-114707439.88383755,5.7047238618174574e-05,0,0.2488451999379322,60,328,58,129,460,56701,2.43218095150553,1.1358913973856692
553,Coffee,mcet,7,3,SDE-donor paper(F=Cr=.25)+LS,sde_fixed,0.15,-114707185.08485252,-114707439.88383755,2.221294323125495e-06,0,0.20151179953245446,60,196,32,93,384,40550,11.874215810035079,5.145952679287253
554,Coffee,mcet,7,4,SDE-donor paper(F=Cr=.25)+LS,sde_fixed,0.15,-114707346.05288544,-114707439.88383755,8.180023214093828e-07,0,0.24489200016250834,60,303,49,124,414,54219,12.246837208437276,5.366309609043697
555,Coffee,mcet,7,5,SDE-donor paper(F=Cr=.25)+LS,sde_fixed,0.15,-114706623.99861623,-114707439.88383755,7.112748938897466e-06,0,0.19097519991919398,60,241,33,86,312,37524,8.579819834842409,4.058552721650557
556,Coffee,mcet,7,6,SDE-donor paper(F=Cr=.25)+LS,sde_fixed,0.15,-114706295.37156983,-114707439.88383755,9.977663775625273e-06,0,0.18597829982172698,60,173,22,82,391,36062,13.212985528486215,5.418455613966382
557,Coffee,mcet,7,7,SDE-donor paper(F=Cr=.25)+LS,sde_fixed,0.15,-114705678.05870643,-114707439.88383755,1.535929258732015e-05,0,0.21149539994075894,60,216,33,100,421,43734,7.700449997012602,3.7387963997491553
558,Coffee,mcet,7,8,SDE-donor paper(F=Cr=.25)+LS,sde_fixed,0.15,-114707439.88383755,-114707439.88383755,0.0,1,0.18608700000913814,60,185,28,84,343,35981,21.244467143685608,7.659112787053289
559,Coffee,mcet,7,9,SDE-donor paper(F=Cr=.25)+LS,sde_fixed,0.15,-114707439.88383755,-114707439.88383755,0.0,1,0.19678690005093813,60,188,24,90,417,39316,19.897539012594294,7.568896727460087
560,Coffee,mcet,8,0,SDE-donor fixedF,sde_fixed,0.0,-114731288.4618545,-114731361.98594882,6.40836934563608e-07,0,0.08345929998904467,60,691,0,0,0,0,0.0,0.0
561,Coffee,mcet,8,1,SDE-donor fixedF,sde_fixed,0.0,-114731352.95527154,-114731361.98594882,7.871149716653328e-08,0,0.08232580008916557,60,765,0,0,0,0,0.0,0.0
562,Coffee,mcet,8,2,SDE-donor fixedF,sde_fixed,0.0,-114731352.95527154,-114731361.98594882,7.871149716653328e-08,0,0.08251240034587681,60,609,0,0,0,0,0.0,0.0
563,Coffee,mcet,8,3,SDE-donor fixedF,sde_fixed,0.0,-114731352.95527154,-114731361.98594882,7.871149716653328e-08,0,0.08263339975383133,60,745,0,0,0,0,0.0,0.0
564,Coffee,mcet,8,4,SDE-donor fixedF,sde_fixed,0.0,-114731352.95527154,-114731361.98594882,7.871149716653328e-08,0,0.08182840043446049,60,685,0,0,0,0,0.0,0.0
565,Coffee,mcet,8,5,SDE-donor fixedF,sde_fixed,0.0,-114731361.98594882,-114731361.98594882,0.0,1,0.08202510030241683,60,679,0,0,0,0,0.0,0.0
566,Coffee,mcet,8,6,SDE-donor fixedF,sde_fixed,0.0,-114731352.95527154,-114731361.98594882,7.871149716653328e-08,0,0.08192200009943917,60,699,0,0,0,0,0.0,0.0
567,Coffee,mcet,8,7,SDE-donor fixedF,sde_fixed,0.0,-114731352.95527154,-114731361.98594882,7.871149716653328e-08,0,0.08387970016337931,60,715,0,0,0,0,0.0,0.0
568,Coffee,mcet,8,8,SDE-donor fixedF,sde_fixed,0.0,-114731302.4147482,-114731361.98594882,5.192233368283631e-07,0,0.08196979988133535,60,670,0,0,0,0,0.0,0.0
569,Coffee,mcet,8,9,SDE-donor fixedF,sde_fixed,0.0,-114731071.82735379,-114731361.98594882,2.5290259786254015e-06,0,0.08247790025779977,60,678,0,0,0,0,0.0,0.0
570,Coffee,mcet,8,0,SDE-donor fixedF+LS,sde_fixed,0.15,-114731361.98594882,-114731361.98594882,0.0,1,0.3146604000357911,60,967,133,178,271,76654,0.0,0.0
571,Coffee,mcet,8,1,SDE-donor fixedF+LS,sde_fixed,0.15,-114731361.98594882,-114731361.98594882,0.0,1,0.3346291997586377,60,954,136,195,371,84558,0.0,0.0
572,Coffee,mcet,8,2,SDE-donor fixedF+LS,sde_fixed,0.15,-114731361.98594882,-114731361.98594882,0.0,1,0.3407246998976916,60,922,153,202,320,86889,0.0,0.0
573,Coffee,mcet,8,3,SDE-donor fixedF+LS,sde_fixed,0.15,-114731361.98594882,-114731361.98594882,0.0,1,0.33442820026539266,60,899,137,194,386,83752,0.0,0.0
574,Coffee,mcet,8,4,SDE-donor fixedF+LS,sde_fixed,0.15,-114731361.98594882,-114731361.98594882,0.0,1,0.37102970003616065,60,982,165,220,356,94711,0.0,0.0
575,Coffee,mcet,8,5,SDE-donor fixedF+LS,sde_fixed,0.15,-114731361.98594882,-114731361.98594882,0.0,1,0.33036699990043417,60,901,139,191,353,82346,0.0,0.0
576,Coffee,mcet,8,6,SDE-donor fixedF+LS,sde_fixed,0.15,-114731361.98594882,-114731361.98594882,0.0,1,0.3163065999979153,60,880,136,175,251,75647,0.0,0.0
577,Coffee,mcet,8,7,SDE-donor fixedF+LS,sde_fixed,0.15,-114731361.98594882,-114731361.98594882,0.0,1,0.3301815000595525,60,968,158,190,212,81751,0.0,0.0
578,Coffee,mcet,8,8,SDE-donor fixedF+LS,sde_fixed,0.15,-114731361.98594882,-114731361.98594882,0.0,1,0.32161349983653054,60,905,135,182,300,78736,0.0,0.0
579,Coffee,mcet,8,9,SDE-donor fixedF+LS,sde_fixed,0.15,-114731361.98594882,-114731361.98594882,0.0,1,0.34593910025432706,60,977,149,202,388,87290,0.0,0.0
580,Coffee,mcet,8,0,SDE-donor paper(F=Cr=.25),sde_fixed,0.0,-114731352.95527154,-114731361.98594882,7.871149716653328e-08,0,0.08021559967892244,60,533,0,0,0,0,1.6871065483327183,0.6110603355865001
581,Coffee,mcet,8,1,SDE-donor paper(F=Cr=.25),sde_fixed,0.0,-114731361.98594882,-114731361.98594882,0.0,1,0.08131029974902049,60,575,0,0,0,0,0.9264976728357025,0.33952939686085143
582,Coffee,mcet,8,2,SDE-donor paper(F=Cr=.25),sde_fixed,0.0,-114731244.5927677,-114731361.98594882,1.0232004491480373e-06,0,0.07988759980071336,60,424,0,0,0,0,5.58896618011748,3.3054814899320073
583,Coffee,mcet,8,3,SDE-donor paper(F=Cr=.25),sde_fixed,0.0,-114729611.53604327,-114731361.98594882,1.5256943482976325e-05,0,0.08179899927927181,60,746,0,0,0,0,0.5140827999742775,0.08848036196670866
584,Coffee,mcet,8,4,SDE-donor paper(F=Cr=.25),sde_fixed,0.0,-114731352.95527154,-114731361.98594882,7.871149716653328e-08,0,0.07938480033772066,60,446,0,0,0,0,4.986379186990291,3.255987507944598
585,Coffee,mcet,8,5,SDE-donor paper(F=Cr=.25),sde_fixed,0.0,-114729034.38328272,-114731361.98594882,2.0287414232735784e-05,0,0.08077940013026819,60,469,0,0,0,0,8.989691636089352,2.5909514039716655
586,Coffee,mcet,8,6,SDE-donor paper(F=Cr=.25),sde_fixed,0.0,-114710475.62580936,-114731361.98594882,0.00018204577874720367,0,0.08172719995491207,60,421,0,0,0,0,9.012453762848589,3.1035146804140004
587,Coffee,mcet,8,7,SDE-donor paper(F=Cr=.25),sde_fixed,0.0,-114731009.32054894,-114731361.98594882,3.073836079122012e-06,0,0.07961339980829507,60,356,0,0,0,0,12.989093570649308,6.313566878505279
588,Coffee,mcet,8,8,SDE-donor paper(F=Cr=.25),sde_fixed,0.0,-114731283.8781449,-114731361.98594882,6.807886053033745e-07,0,0.0802706005051732,60,438,0,0,0,0,2.570461796122321,0.8804127652507502
589,Coffee,mcet,8,9,SDE-donor paper(F=Cr=.25),sde_fixed,0.0,-114731117.08747837,-114731361.98594882,2.1345381612087914e-06,0,0.08214270015014336,60,500,0,0,0,0,2.3179737343001556,0.7081554431850045
590,Coffee,mcet,8,0,SDE-donor paper(F=Cr=.25)+LS,sde_fixed,0.15,-114731361.98594882,-114731361.98594882,0.0,1,0.26899519987637177,60,294,44,139,685,61766,16.210097131707876,6.045360907354948
591,Coffee,mcet,8,1,SDE-donor paper(F=Cr=.25)+LS,sde_fixed,0.15,-114731361.98594882,-114731361.98594882,0.0,1,0.26618509995751083,60,398,60,139,534,61092,4.152766760131898,2.943764371515675
592,Coffee,mcet,8,2,SDE-donor paper(F=Cr=.25)+LS,sde_fixed,0.15,-114731361.98594882,-114731361.98594882,0.0,1,0.27094769990071654,60,536,73,144,407,62741,3.4490893064441375,2.2063298697968956
593,Coffee,mcet,8,3,SDE-donor paper(F=Cr=.25)+LS,sde_fixed,0.15,-114731361.98594882,-114731361.98594882,0.0,1,0.2926531000412069,60,468,78,162,603,70680,6.876847273005207,5.199675064140745
594,Coffee,mcet,8,4,SDE-donor paper(F=Cr=.25)+LS,sde_fixed,0.15,-114731361.98594882,-114731361.98594882,0.0,1,0.23644619988044724,60,342,47,118,470,52400,6.173124630401018,4.465030391293958
595,Coffee,mcet,8,5,SDE-donor paper(F=Cr=.25)+LS,sde_fixed,0.15,-114731361.98594882,-114731361.98594882,0.0,1,0.23901760001899675,60,335,43,120,520,52946,12.639182160146778,5.222415118422916
596,Coffee,mcet,8,6,SDE-donor paper(F=Cr=.25)+LS,sde_fixed,0.15,-114731361.98594882,-114731361.98594882,0.0,1,0.25325060030445457,60,429,69,133,408,58272,3.4760437658414673,2.3428441633052546
597,Coffee,mcet,8,7,SDE-donor paper(F=Cr=.25)+LS,sde_fixed,0.15,-114731361.98594882,-114731361.98594882,0.0,1,0.25141800031997263,60,483,63,130,370,56866,3.985161143543921,2.974118279110085
598,Coffee,mcet,8,8,SDE-donor paper(F=Cr=.25)+LS,sde_fixed,0.15,-114731361.98594882,-114731361.98594882,0.0,1,0.23785919975489378,60,278,47,119,463,52073,8.603662334246646,5.24744231423286
599,Coffee,mcet,8,9,SDE-donor paper(F=Cr=.25)+LS,sde_fixed,0.15,-114731361.98594882,-114731361.98594882,0.0,1,0.23894959985045716,60,338,56,121,391,53117,9.98471419211761,4.444553623730428
600,Cat,mcet,6,0,SDE-donor fixedF,sde_fixed,0.0,-77069225.78529312,-77069237.36816211,1.5029172973323452e-07,0,0.07455619989195839,60,626,0,0,0,0,0.0,0.0
601,Cat,mcet,6,1,SDE-donor fixedF,sde_fixed,0.0,-77069237.36816211,-77069237.36816211,0.0,1,0.07489260024158284,60,761,0,0,0,0,0.0,0.0
602,Cat,mcet,6,2,SDE-donor fixedF,sde_fixed,0.0,-77069237.36816211,-77069237.36816211,0.0,1,0.07487880002008751,60,663,0,0,0,0,0.0,0.0
603,Cat,mcet,6,3,SDE-donor fixedF,sde_fixed,0.0,-77069237.36816211,-77069237.36816211,0.0,1,0.07481330016162246,60,659,0,0,0,0,0.0,0.0
604,Cat,mcet,6,4,SDE-donor fixedF,sde_fixed,0.0,-77069199.57458693,-77069237.36816211,4.903847043667506e-07,0,0.07563849963480607,60,751,0,0,0,0,0.0,0.0
605,Cat,mcet,6,5,SDE-donor fixedF,sde_fixed,0.0,-77069221.34328619,-77069237.36816211,2.0792830539427658e-07,0,0.07429829984903336,60,765,0,0,0,0,0.0,0.0
606,Cat,mcet,6,6,SDE-donor fixedF,sde_fixed,0.0,-77059221.78529252,-77069237.36816211,0.000129955650420473,0,0.07386009994661435,60,813,0,0,0,0,12.9,2.715643979284144
607,Cat,mcet,6,7,SDE-donor fixedF,sde_fixed,0.0,-77069227.50122626,-77069237.36816211,1.2802690393905292e-07,0,0.07382610026979819,60,555,0,0,0,0,0.0,0.0
608,Cat,mcet,6,8,SDE-donor fixedF,sde_fixed,0.0,-77069221.34328619,-77069237.36816211,2.0792830539427658e-07,0,0.07488510006805882,60,684,0,0,0,0,0.0,0.0
609,Cat,mcet,6,9,SDE-donor fixedF,sde_fixed,0.0,-77068586.66464892,-77069237.36816211,8.443103051373399e-06,0,0.0750457001850009,60,736,0,0,0,0,0.0,0.0
610,Cat,mcet,6,0,SDE-donor fixedF+LS,sde_fixed,0.15,-77069237.36816211,-77069237.36816211,0.0,1,0.29766019992530346,60,945,153,216,310,77817,0.0,0.0
611,Cat,mcet,6,1,SDE-donor fixedF+LS,sde_fixed,0.15,-77069237.36816211,-77069237.36816211,0.0,1,0.24011680006515235,60,882,113,164,237,59218,0.0,0.0
612,Cat,mcet,6,2,SDE-donor fixedF+LS,sde_fixed,0.15,-77069237.36816211,-77069237.36816211,0.0,1,0.2761046001687646,60,834,140,198,256,71223,0.0,0.0
613,Cat,mcet,6,3,SDE-donor fixedF+LS,sde_fixed,0.15,-77069237.36816211,-77069237.36816211,0.0,1,0.29815719986800104,60,888,158,218,322,78970,0.0,0.0
614,Cat,mcet,6,4,SDE-donor fixedF+LS,sde_fixed,0.15,-77069237.36816211,-77069237.36816211,0.0,1,0.2741343999514356,60,917,144,200,286,71753,0.0,0.0
615,Cat,mcet,6,5,SDE-donor fixedF+LS,sde_fixed,0.15,-77069237.36816211,-77069237.36816211,0.0,1,0.27964660042198375,60,979,143,200,287,71737,0.0,0.0
616,Cat,mcet,6,6,SDE-donor fixedF+LS,sde_fixed,0.15,-77069237.36816211,-77069237.36816211,0.0,1,0.28824900020845234,60,890,145,202,255,72387,0.0,0.0
617,Cat,mcet,6,7,SDE-donor fixedF+LS,sde_fixed,0.15,-77069237.36816211,-77069237.36816211,0.0,1,0.2463268000865355,60,818,126,168,237,60646,0.0,0.0
618,Cat,mcet,6,8,SDE-donor fixedF+LS,sde_fixed,0.15,-77069237.36816211,-77069237.36816211,0.0,1,0.2673840999486856,60,922,137,189,227,67786,0.0,0.0
619,Cat,mcet,6,9,SDE-donor fixedF+LS,sde_fixed,0.15,-77069237.36816211,-77069237.36816211,0.0,1,0.27077140007168055,60,847,142,192,227,68604,0.0,0.0
620,Cat,mcet,6,0,SDE-donor paper(F=Cr=.25),sde_fixed,0.0,-77068343.39590898,-77069237.36816211,1.1599599057382044e-05,0,0.073939899855759,60,760,0,0,0,0,0.0,0.0
621,Cat,mcet,6,1,SDE-donor paper(F=Cr=.25),sde_fixed,0.0,-77059147.70457602,-77069237.36816211,0.0001309168733290605,0,0.07396580005297437,60,672,0,0,0,0,2.40071190057198,0.5119501608289179
622,Cat,mcet,6,2,SDE-donor paper(F=Cr=.25),sde_fixed,0.0,-77069237.36816211,-77069237.36816211,0.0,1,0.07285150000825524,60,322,0,0,0,0,7.716049174620063,4.583022232977761
623,Cat,mcet,6,3,SDE-donor paper(F=Cr=.25),sde_fixed,0.0,-77066629.72009744,-77069237.36816211,3.383513518131926e-05,0,0.0749121998087503,60,774,0,0,0,0,0.0,0.0
624,Cat,mcet,6,4,SDE-donor paper(F=Cr=.25),sde_fixed,0.0,-77069165.7101351,-77069237.36816211,9.29787674761374e-07,0,0.07507510000141338,60,578,0,0,0,0,0.09499999999999745,0.03632415786283894
625,Cat,mcet,6,5,SDE-donor paper(F=Cr=.25),sde_fixed,0.0,-77069117.5246498,-77069237.36816211,1.5550110057412618e-06,0,0.0747847999446094,60,424,0,0,0,0,2.1414684682690885,0.9495603288127578
626,Cat,mcet,6,6,SDE-donor paper(F=Cr=.25),sde_fixed,0.0,-77059221.78529252,-77069237.36816211,0.000129955650420473,0,0.07254500000271946,60,530,0,0,0,0,3.2504333357029913,1.1611444022511659
627,Cat,mcet,6,7,SDE-donor paper(F=Cr=.25),sde_fixed,0.0,-77064958.11207817,-77069237.36816211,5.552482715630572e-05,0,0.07581929967273027,60,744,0,0,0,0,0.13435028842545846,0.07264831572567791
628,Cat,mcet,6,8,SDE-donor paper(F=Cr=.25),sde_fixed,0.0,-77069237.36816211,-77069237.36816211,0.0,1,0.07458759984001517,60,555,0,0,0,0,0.72579411075461,0.405657790928807
629,Cat,mcet,6,9,SDE-donor paper(F=Cr=.25),sde_fixed,0.0,-77067388.04437898,-77069237.36816211,2.3995615452832073e-05,0,0.07296829984989017,60,680,0,0,0,0,0.4949999999999989,0.082915619758885
630,Cat,mcet,6,0,SDE-donor paper(F=Cr=.25)+LS,sde_fixed,0.15,-77069237.36816211,-77069237.36816211,0.0,1,0.185303499980364,60,228,32,110,418,40191,4.280927888869302,2.210183627714773
631,Cat,mcet,6,1,SDE-donor paper(F=Cr=.25)+LS,sde_fixed,0.15,-77069237.36816211,-77069237.36816211,0.0,1,0.20605589967453852,60,264,44,128,480,46706,5.528634885028811,4.675974428097004
632,Cat,mcet,6,2,SDE-donor paper(F=Cr=.25)+LS,sde_fixed,0.15,-77069237.36816211,-77069237.36816211,0.0,1,0.16642130026593804,60,208,30,92,284,33263,8.166468420925813,5.446283533377033
633,Cat,mcet,6,3,SDE-donor paper(F=Cr=.25)+LS,sde_fixed,0.15,-77069237.36816211,-77069237.36816211,0.0,1,0.19150789960986003,60,289,41,113,382,41295,3.8241396062255495,1.9863607932368559
634,Cat,mcet,6,4,SDE-donor paper(F=Cr=.25)+LS,sde_fixed,0.15,-77069237.36816211,-77069237.36816211,0.0,1,0.18501339969225228,60,210,36,109,386,39997,4.384250555615997,2.643612820226034
635,Cat,mcet,6,5,SDE-donor paper(F=Cr=.25)+LS,sde_fixed,0.15,-77069237.36816211,-77069237.36816211,0.0,1,0.1832091998658143,60,249,37,107,366,39186,5.618494221855167,3.8080535419174417
636,Cat,mcet,6,6,SDE-donor paper(F=Cr=.25)+LS,sde_fixed,0.15,-77069237.36816211,-77069237.36816211,0.0,1,0.19173720001708716,60,259,39,116,373,42802,6.916301223304844,4.58062327202962
637,Cat,mcet,6,7,SDE-donor paper(F=Cr=.25)+LS,sde_fixed,0.15,-77069237.36816211,-77069237.36816211,0.0,1,0.20174980006413534,60,288,46,124,420,45363,3.538320931230815,2.20950454642853
638,Cat,mcet,6,8,SDE-donor paper(F=Cr=.25)+LS,sde_fixed,0.15,-77069219.49922478,-77069237.36816211,2.3185563966459626e-07,0,0.1737792000058107,60,245,34,99,310,35993,4.338918488157538,2.4954584022527375
639,Cat,mcet,6,9,SDE-donor paper(F=Cr=.25)+LS,sde_fixed,0.15,-77069219.49922478,-77069237.36816211,2.3185563966459626e-07,0,0.22050520032644272,60,338,48,139,450,50585,7.923686493247426,5.360282538585948
640,Cat,mcet,7,0,SDE-donor fixedF,sde_fixed,0.0,-77075752.86054154,-77075910.25274462,2.042041444097889e-06,0,0.07778570026857778,60,672,0,0,0,0,0.0,0.0
641,Cat,mcet,7,1,SDE-donor fixedF,sde_fixed,0.0,-77075900.12568237,-77075910.25274462,1.3139075766987527e-07,0,0.07883269991725683,60,705,0,0,0,0,0.0,0.0
642,Cat,mcet,7,2,SDE-donor fixedF,sde_fixed,0.0,-77075907.85895029,-77075910.25274462,3.1057619950574354e-08,0,0.08074280014261603,60,560,0,0,0,0,0.0,0.0
643,Cat,mcet,7,3,SDE-donor fixedF,sde_fixed,0.0,-77069237.36816211,-77075910.25274462,8.6575488510264e-05,0,0.07638479996239766,60,747,0,0,0,0,10.580000000000002,1.9749838542352178
644,Cat,mcet,7,4,SDE-donor fixedF,sde_fixed,0.0,-77075910.25274462,-77075910.25274462,0.0,1,0.07795070006977767,60,506,0,0,0,0,0.0,0.0
645,Cat,mcet,7,5,SDE-donor fixedF,sde_fixed,0.0,-77073616.52219701,-77075910.25274462,2.9759370211593018e-05,0,0.07606300036422908,60,519,0,0,0,0,0.3400000000000034,0.0681385143869247
646,Cat,mcet,7,6,SDE-donor fixedF,sde_fixed,0.0,-77072272.18085758,-77075910.25274462,4.720115370809582e-05,0,0.07623230025637895,60,733,0,0,0,0,23.619999999999997,3.7816082854375326
647,Cat,mcet,7,7,SDE-donor fixedF,sde_fixed,0.0,-77074713.29559016,-77075910.25274462,1.552958830492927e-05,0,0.0761870002024807,60,539,0,0,0,0,0.4473446677616934,0.09660035952465965
648,Cat,mcet,7,8,SDE-donor fixedF,sde_fixed,0.0,-77075788.46536726,-77075910.25274462,1.5800965172921348e-06,0,0.07753430010052398,60,770,0,0,0,0,0.0,0.0
649,Cat,mcet,7,9,SDE-donor fixedF,sde_fixed,0.0,-77075900.71975322,-77075910.25274462,1.236831503272598e-07,0,0.07635460002347827,60,659,0,0,0,0,0.0,0.0
650,Cat,mcet,7,0,SDE-donor fixedF+LS,sde_fixed,0.15,-77075910.25274462,-77075910.25274462,0.0,1,0.2775362999527715,60,881,137,191,338,69879,0.0,0.0
651,Cat,mcet,7,1,SDE-donor fixedF+LS,sde_fixed,0.15,-77075908.97277586,-77075910.25274462,1.6606599250788488e-08,0,0.24040519981645048,60,743,105,158,290,57411,0.0,0.0
652,Cat,mcet,7,2,SDE-donor fixedF+LS,sde_fixed,0.15,-77075910.25274462,-77075910.25274462,0.0,1,0.24624029989354312,60,675,103,160,332,58514,0.0,0.0
653,Cat,mcet,7,3,SDE-donor fixedF+LS,sde_fixed,0.15,-77075910.25274462,-77075910.25274462,0.0,1,0.25097190018277615,60,808,124,168,251,60844,0.0,0.0
654,Cat,mcet,7,4,SDE-donor fixedF+LS,sde_fixed,0.15,-77075910.25274462,-77075910.25274462,0.0,1,0.2730505001381971,60,772,123,187,319,67899,0.0,0.0
655,Cat,mcet,7,5,SDE-donor fixedF+LS,sde_fixed,0.15,-77075910.25274462,-77075910.25274462,0.0,1,0.2790522999712266,60,762,129,191,313,69608,0.0,0.0
656,Cat,mcet,7,6,SDE-donor fixedF+LS,sde_fixed,0.15,-77075910.25274462,-77075910.25274462,0.0,1,0.2834311000769958,60,843,128,191,331,69510,0.0,0.0
657,Cat,mcet,7,7,SDE-donor fixedF+LS,sde_fixed,0.15,-77075910.25274462,-77075910.25274462,0.0,1,0.26741199992829934,60,854,120,183,411,66773,0.0,0.0
658,Cat,mcet,7,8,SDE-donor fixedF+LS,sde_fixed,0.15,-77075910.25274462,-77075910.25274462,0.0,1,0.2739148997934535,60,672,110,168,296,61140,0.0,0.0
659,Cat,mcet,7,9,SDE-donor fixedF+LS,sde_fixed,0.15,-77075910.25274462,-77075910.25274462,0.0,1,0.23121530003845692,60,826,97,145,249,53099,0.0,0.0
660,Cat,mcet,7,0,SDE-donor paper(F=Cr=.25),sde_fixed,0.0,-77069220.0407244,-77075910.25274462,8.680029854049163e-05,0,0.07534060045145452,60,400,0,0,0,0,4.679068916663975,2.4939696763827692
661,Cat,mcet,7,1,SDE-donor paper(F=Cr=.25),sde_fixed,0.0,-77073815.4432134,-77075910.25274462,2.7178524708208147e-05,0,0.07768889988074079,60,362,0,0,0,0,9.295616819170004,4.575931129960522
662,Cat,mcet,7,2,SDE-donor paper(F=Cr=.25),sde_fixed,0.0,-77075376.98529206,-77075910.25274462,6.9187305190978965e-06,0,0.07696069974917918,60,486,0,0,0,0,1.4419270769310042,0.5596459834590625
663,Cat,mcet,7,3,SDE-donor paper(F=Cr=.25),sde_fixed,0.0,-77075406.81162505,-77075910.25274462,6.531757042060137e-06,0,0.07669779984280467,60,789,0,0,0,0,0.0,0.0
664,Cat,mcet,7,4,SDE-donor paper(F=Cr=.25),sde_fixed,0.0,-77074712.3729274,-77075910.25274462,1.5541559136824242e-05,0,0.0770142997498624,60,467,0,0,0,0,8.387816945974924,4.429921133684017
665,Cat,mcet,7,5,SDE-donor paper(F=Cr=.25),sde_fixed,0.0,-77074507.98035559,-77075910.25274462,1.819339381690354e-05,0,0.0763212000601925,60,589,0,0,0,0,0.9720629592459232,0.35454492525150305
666,Cat,mcet,7,6,SDE-donor paper(F=Cr=.25),sde_fixed,0.0,-77067591.17633562,-77075910.25274462,0.00010793354735244196,0,0.07661850028671324,60,662,0,0,0,0,8.01748066773715,1.589134411494919
667,Cat,mcet,7,7,SDE-donor paper(F=Cr=.25),sde_fixed,0.0,-77069217.78329164,-77075910.25274462,8.682958697511934e-05,0,0.07744359964272007,60,721,0,0,0,0,10.570000000000002,1.8405300922310843
668,Cat,mcet,7,8,SDE-donor paper(F=Cr=.25),sde_fixed,0.0,-77075726.0927498,-77075910.25274462,2.3893327267485866e-06,0,0.07838299998547882,60,378,0,0,0,0,5.421414516869145,2.1285281377981518
669,Cat,mcet,7,9,SDE-donor paper(F=Cr=.25),sde_fixed,0.0,-77069237.36816211,-77075910.25274462,8.6575488510264e-05,0,0.07762379996711388,60,445,0,0,0,0,3.78965164951254,1.3528229189049004
670,Cat,mcet,7,0,SDE-donor paper(F=Cr=.25)+LS,sde_fixed,0.15,-77075866.83127086,-77075910.25274462,5.633598567184787e-07,0,0.22581040009390563,60,263,41,139,580,52304,10.298398631549713,5.551930451688804
671,Cat,mcet,7,1,SDE-donor paper(F=Cr=.25)+LS,sde_fixed,0.15,-77075910.25274462,-77075910.25274462,0.0,1,0.19365610007662326,60,169,34,110,483,41173,8.888867897399042,4.330131884103442
672,Cat,mcet,7,2,SDE-donor paper(F=Cr=.25)+LS,sde_fixed,0.15,-77075891.29991639,-77075910.25274462,2.458982082251668e-07,0,0.18564209999749437,60,173,30,104,447,38724,13.070569685961868,7.277121571109016
673,Cat,mcet,7,3,SDE-donor paper(F=Cr=.25)+LS,sde_fixed,0.15,-77075908.97277586,-77075910.25274462,1.6606599250788488e-08,0,0.18789719993947074,60,154,27,105,529,39400,15.4003582494858,6.861374232182435
674,Cat,mcet,7,4,SDE-donor paper(F=Cr=.25)+LS,sde_fixed,0.15,-77075900.71975322,-77075910.25274462,1.236831503272598e-07,0,0.2075774002005346,60,186,31,119,627,44809,10.59729785080375,5.314523324629101
675,Cat,mcet,7,5,SDE-donor paper(F=Cr=.25)+LS,sde_fixed,0.15,-77075896.03128883,-77075910.25274462,1.8451232993574001e-07,0,0.20757049997337162,60,271,44,126,415,46441,4.869660052570043,3.036515520166237
676,Cat,mcet,7,6,SDE-donor paper(F=Cr=.25)+LS,sde_fixed,0.15,-77075833.87294078,-77075910.25274462,9.90968560551328e-07,0,0.21072259987704456,60,291,37,126,568,47434,7.169841599304361,4.596217984950846
677,Cat,mcet,7,7,SDE-donor paper(F=Cr=.25)+LS,sde_fixed,0.15,-77075910.12250154,-77075910.25274462,1.6898026562008173e-09,1,0.18103609990794212,60,258,36,101,384,37317,3.5461161986651932,1.6691896257861851
678,Cat,mcet,7,8,SDE-donor paper(F=Cr=.25)+LS,sde_fixed,0.15,-77075908.97277586,-77075910.25274462,1.6606599250788488e-08,0,0.16551869973773137,60,230,28,87,306,31982,5.364754954259067,2.6655765597598307
679,Cat,mcet,7,9,SDE-donor paper(F=Cr=.25)+LS,sde_fixed,0.15,-77075900.71975322,-77075910.25274462,1.236831503272598e-07,0,0.20652309979777783,60,247,36,122,532,45813,8.378376915731995,4.305947555103027
680,Cat,mcet,8,0,SDE-donor fixedF,sde_fixed,0.0,-77078040.99522302,-77080271.37209173,2.8935768245329104e-05,0,0.08043479971820489,60,681,0,0,0,0,0.0,0.0
681,Cat,mcet,8,1,SDE-donor fixedF,sde_fixed,0.0,-77080250.22275946,-77080271.37209173,2.743806150854276e-07,0,0.07961180014535785,60,489,0,0,0,0,0.0,0.0
682,Cat,mcet,8,2,SDE-donor fixedF,sde_fixed,0.0,-77080009.93307878,-77080271.37209173,3.3917759796491445e-06,0,0.07917970011476427,60,594,0,0,0,0,0.0,0.0
683,Cat,mcet,8,3,SDE-donor fixedF,sde_fixed,0.0,-77080224.32709602,-77080271.37209173,6.10337702148869e-07,0,0.080215499678161,60,555,0,0,0,0,0.0,0.0
684,Cat,mcet,8,4,SDE-donor fixedF,sde_fixed,0.0,-77080257.45372172,-77080271.37209173,1.8056981067542037e-07,0,0.08014470001216978,60,494,0,0,0,0,0.0,0.0
685,Cat,mcet,8,5,SDE-donor fixedF,sde_fixed,0.0,-77080206.6934528,-77080271.37209173,8.391075662923262e-07,0,0.08084130007773638,60,688,0,0,0,0,0.0,0.0
686,Cat,mcet,8,6,SDE-donor fixedF,sde_fixed,0.0,-77072579.02595633,-77080271.37209173,9.979656270616005e-05,0,0.07866970007307827,60,669,0,0,0,0,4.85,0.7840948204777276
687,Cat,mcet,8,7,SDE-donor fixedF,sde_fixed,0.0,-77078776.83619031,-77080271.37209173,1.9389344054041445e-05,0,0.08080889977281913,60,666,0,0,0,0,0.45803696206189837,0.08452531458407722
688,Cat,mcet,8,8,SDE-donor fixedF,sde_fixed,0.0,-77080252.6413613,-77080271.37209173,2.43002912364856e-07,0,0.08148569974582642,60,539,0,0,0,0,0.0,0.0
689,Cat,mcet,8,9,SDE-donor fixedF,sde_fixed,0.0,-77080241.78393501,-77080271.37209173,3.8386160541915727e-07,0,0.07920319959521294,60,623,0,0,0,0,0.0,0.0
690,Cat,mcet,8,0,SDE-donor fixedF+LS,sde_fixed,0.15,-77080271.37209173,-77080271.37209173,0.0,1,0.21826059999875724,60,540,76,131,316,48338,0.0,0.0
691,Cat,mcet,8,1,SDE-donor fixedF+LS,sde_fixed,0.15,-77080271.37209173,-77080271.37209173,0.0,1,0.22774349991232157,60,474,72,140,469,52534,0.0,0.0
692,Cat,mcet,8,2,SDE-donor fixedF+LS,sde_fixed,0.15,-77080270.377294,-77080271.37209173,1.2905996616215199e-08,0,0.1996447998099029,60,564,68,113,265,41616,0.0,0.0
693,Cat,mcet,8,3,SDE-donor fixedF+LS,sde_fixed,0.15,-77080271.37209173,-77080271.37209173,0.0,1,0.2033602999872528,60,478,66,117,273,42890,0.0,0.0
694,Cat,mcet,8,4,SDE-donor fixedF+LS,sde_fixed,0.15,-77080271.37209173,-77080271.37209173,0.0,1,0.2799779998604208,60,696,110,186,508,69083,0.0,0.0
695,Cat,mcet,8,5,SDE-donor fixedF+LS,sde_fixed,0.15,-77080271.37209173,-77080271.37209173,0.0,1,0.22626959974877536,60,505,82,136,358,50712,0.0,0.0
696,Cat,mcet,8,6,SDE-donor fixedF+LS,sde_fixed,0.15,-77080252.6413613,-77080271.37209173,2.43002912364856e-07,0,0.2563079001265578,60,757,108,167,347,61772,0.0,0.0
697,Cat,mcet,8,7,SDE-donor fixedF+LS,sde_fixed,0.15,-77080270.377294,-77080271.37209173,1.2905996616215199e-08,0,0.22870550013612956,60,576,83,143,367,52982,0.0,0.0
698,Cat,mcet,8,8,SDE-donor fixedF+LS,sde_fixed,0.15,-77080270.377294,-77080271.37209173,1.2905996616215199e-08,0,0.1844786997535266,60,486,56,99,224,36538,0.0,0.0
699,Cat,mcet,8,9,SDE-donor fixedF+LS,sde_fixed,0.15,-77080271.37209173,-77080271.37209173,0.0,1,0.269030699681025,60,702,118,181,412,66842,0.0,0.0
700,Cat,mcet,8,0,SDE-donor paper(F=Cr=.25),sde_fixed,0.0,-77075872.80009383,-77080271.37209173,5.706482241950717e-05,0,0.07844270038185641,60,485,0,0,0,0,8.015781635233543,2.3094112013359105
701,Cat,mcet,8,1,SDE-donor paper(F=Cr=.25),sde_fixed,0.0,-77079854.96819828,-77080271.37209173,5.402211046077456e-06,0,0.08085879968712106,60,474,0,0,0,0,4.808314021478217,2.385409122286641
702,Cat,mcet,8,2,SDE-donor paper(F=Cr=.25),sde_fixed,0.0,-77079944.96873622,-77080271.37209173,4.234590118830625e-06,0,0.07973940036026761,60,415,0,0,0,0,5.741058361310628,2.9817623091004446
703,Cat,mcet,8,3,SDE-donor paper(F=Cr=.25),sde_fixed,0.0,-77080119.3882395,-77080271.37209173,1.971760730951322e-06,0,0.08042720024241135,60,597,0,0,0,0,0.4010296621221123,0.11474311839712921
704,Cat,mcet,8,4,SDE-donor paper(F=Cr=.25),sde_fixed,0.0,-77077616.29056211,-77080271.37209173,3.4445669201141766e-05,0,0.07905300037236884,60,636,0,0,0,0,0.26254880972427025,0.09198623679425844
705,Cat,mcet,8,5,SDE-donor paper(F=Cr=.25),sde_fixed,0.0,-77075910.25274462,-77080271.37209173,5.657893089215837e-05,0,0.07944470038637519,60,420,0,0,0,0,4.6291020024464,2.7608988405717647
706,Cat,mcet,8,6,SDE-donor paper(F=Cr=.25),sde_fixed,0.0,-77074553.60611114,-77080271.37209173,7.417937013979725e-05,0,0.07996539969462901,60,563,0,0,0,0,3.4129216907299393,0.9839479484668956
707,Cat,mcet,8,7,SDE-donor paper(F=Cr=.25),sde_fixed,0.0,-77079203.7082959,-77080271.37209173,1.3851323780048157e-05,0,0.08150020003085956,60,573,0,0,0,0,3.2675639708437485,1.1317737594444266
708,Cat,mcet,8,8,SDE-donor paper(F=Cr=.25),sde_fixed,0.0,-77080224.32709602,-77080271.37209173,6.10337702148869e-07,0,0.08143769996240735,60,362,0,0,0,0,6.694358445777956,2.731715826383195
709,Cat,mcet,8,9,SDE-donor paper(F=Cr=.25),sde_fixed,0.0,-77080140.9054057,-77080271.37209173,1.6926080267083705e-06,0,0.07887730008224025,60,365,0,0,0,0,7.456916881217222,2.976091440033728
710,Cat,mcet,8,0,SDE-donor paper(F=Cr=.25)+LS,sde_fixed,0.15,-77080197.13475673,-77080271.37209173,9.631171981491077e-07,0,0.20288329990580678,60,182,32,110,591,42303,10.78652530937437,5.183218295774486
711,Cat,mcet,8,1,SDE-donor paper(F=Cr=.25)+LS,sde_fixed,0.15,-77080205.88477717,-77080271.37209173,8.495989101535462e-07,0,0.19777160009834915,60,243,34,111,516,41934,6.84632598233009,4.453814322936839
712,Cat,mcet,8,2,SDE-donor paper(F=Cr=.25)+LS,sde_fixed,0.15,-77080222.36857682,-77080271.37209173,6.357465279831144e-07,0,0.1824989996966906,60,150,24,95,608,37219,12.595999889906688,5.800268117985352
713,Cat,mcet,8,3,SDE-donor paper(F=Cr=.25)+LS,sde_fixed,0.15,-77080205.88477717,-77080271.37209173,8.495989101535462e-07,0,0.2031358001404442,60,291,41,116,515,43679,3.7292751129443715,2.2359704370658346
714,Cat,mcet,8,4,SDE-donor paper(F=Cr=.25)+LS,sde_fixed,0.15,-77080208.66429935,-77080271.37209173,8.13538811621464e-07,0,0.18385389971081167,60,192,26,99,603,37580,10.492192564471619,4.944595926576029
715,Cat,mcet,8,5,SDE-donor paper(F=Cr=.25)+LS,sde_fixed,0.15,-77080197.13475673,-77080271.37209173,9.631171981491077e-07,0,0.1947226002230309,60,251,32,107,482,40171,4.9216054171311825,3.2130600651944454
716,Cat,mcet,8,6,SDE-donor paper(F=Cr=.25)+LS,sde_fixed,0.15,-77080197.13475673,-77080271.37209173,9.631171981491077e-07,0,0.21449900034349412,60,238,36,126,648,47636,6.763227219727774,3.6574035461414036
717,Cat,mcet,8,7,SDE-donor paper(F=Cr=.25)+LS,sde_fixed,0.15,-77080230.88788413,-77080271.37209173,5.252213942647479e-07,0,0.19468630012124777,60,173,31,107,568,40792,8.234841235832778,4.542269914093132
718,Cat,mcet,8,8,SDE-donor paper(F=Cr=.25)+LS,sde_fixed,0.15,-77080257.45372172,-77080271.37209173,1.8056981067542037e-07,0,0.1640278997947462,60,139,21,80,416,30313,12.954893398565506,5.745785305970811
719,Cat,mcet,8,9,SDE-donor paper(F=Cr=.25)+LS,sde_fixed,0.15,-77080270.377294,-77080271.37209173,1.2905996616215199e-08,0,0.19418869994115084,60,192,30,107,562,40575,6.309699630761289,2.7563854552160976
720,Clock,mcet,6,0,SDE-donor fixedF,sde_fixed,0.0,-88431002.39013681,-88431004.5215968,2.4103084745392558e-08,0,0.07687750004697591,60,775,0,0,0,0,0.0,0.0
721,Clock,mcet,6,1,SDE-donor fixedF,sde_fixed,0.0,-88430971.30245906,-88431004.5215968,3.756503493636395e-07,0,0.07390679989475757,60,689,0,0,0,0,0.0,0.0
722,Clock,mcet,6,2,SDE-donor fixedF,sde_fixed,0.0,-88431004.5215968,-88431004.5215968,0.0,1,0.07411050010705367,60,567,0,0,0,0,0.0,0.0
723,Clock,mcet,6,3,SDE-donor fixedF,sde_fixed,0.0,-88431002.64013867,-88431004.5215968,2.1276000918881314e-08,0,0.07478249986888841,60,750,0,0,0,0,0.0,0.0
724,Clock,mcet,6,4,SDE-donor fixedF,sde_fixed,0.0,-88431002.64013867,-88431004.5215968,2.1276000918881314e-08,0,0.07607379951514304,60,625,0,0,0,0,0.0,0.0
725,Clock,mcet,6,5,SDE-donor fixedF,sde_fixed,0.0,-88431002.64013867,-88431004.5215968,2.1276000918881314e-08,0,0.0750463999575004,60,752,0,0,0,0,0.0,0.0
726,Clock,mcet,6,6,SDE-donor fixedF,sde_fixed,0.0,-88429801.56550115,-88431004.5215968,1.3603329535366791e-05,0,0.07494429999496788,60,733,0,0,0,0,0.0,0.0
727,Clock,mcet,6,7,SDE-donor fixedF,sde_fixed,0.0,-88431002.64013867,-88431004.5215968,2.1276000918881314e-08,0,0.07476390025112778,60,847,0,0,0,0,0.0,0.0
728,Clock,mcet,6,8,SDE-donor fixedF,sde_fixed,0.0,-88431002.64013867,-88431004.5215968,2.1276000918881314e-08,0,0.07486710004741326,60,820,0,0,0,0,0.0,0.0
729,Clock,mcet,6,9,SDE-donor fixedF,sde_fixed,0.0,-88431002.64013867,-88431004.5215968,2.1276000918881314e-08,0,0.07459329994162545,60,763,0,0,0,0,0.0,0.0
730,Clock,mcet,6,0,SDE-donor fixedF+LS,sde_fixed,0.15,-88431004.5215968,-88431004.5215968,0.0,1,0.23936260014306754,60,915,143,186,189,60807,0.0,0.0
731,Clock,mcet,6,1,SDE-donor fixedF+LS,sde_fixed,0.15,-88431004.5215968,-88431004.5215968,0.0,1,0.2252874001278542,60,929,141,171,140,55564,0.0,0.0
732,Clock,mcet,6,2,SDE-donor fixedF+LS,sde_fixed,0.15,-88431004.5215968,-88431004.5215968,0.0,1,0.2355737998150289,60,916,138,182,216,59602,0.0,0.0
733,Clock,mcet,6,3,SDE-donor fixedF+LS,sde_fixed,0.15,-88431004.5215968,-88431004.5215968,0.0,1,0.27567510021617636,60,1018,178,230,234,75049,0.0,0.0
734,Clock,mcet,6,4,SDE-donor fixedF+LS,sde_fixed,0.15,-88431004.5215968,-88431004.5215968,0.0,1,0.23882589989807457,60,931,138,186,253,60984,0.0,0.0
735,Clock,mcet,6,5,SDE-donor fixedF+LS,sde_fixed,0.15,-88431002.64013867,-88431004.5215968,2.1276000918881314e-08,0,0.22727460035821423,60,908,133,172,198,56377,0.0,0.0
736,Clock,mcet,6,6,SDE-donor fixedF+LS,sde_fixed,0.15,-88431002.64013867,-88431004.5215968,2.1276000918881314e-08,0,0.24878909980179742,60,1010,160,193,175,62885,0.0,0.0
737,Clock,mcet,6,7,SDE-donor fixedF+LS,sde_fixed,0.15,-88431004.5215968,-88431004.5215968,0.0,1,0.2354588001035154,60,957,134,179,220,58331,0.0,0.0
738,Clock,mcet,6,8,SDE-donor fixedF+LS,sde_fixed,0.15,-88431004.5215968,-88431004.5215968,0.0,1,0.2428198002744466,60,912,144,187,224,61111,0.0,0.0
739,Clock,mcet,6,9,SDE-donor fixedF+LS,sde_fixed,0.15,-88431004.5215968,-88431004.5215968,0.0,1,0.2596004000515677,60,937,160,208,235,67324,0.0,0.0
740,Clock,mcet,6,0,SDE-donor paper(F=Cr=.25),sde_fixed,0.0,-88431002.39013681,-88431004.5215968,2.4103084745392558e-08,0,0.07604889996582642,60,751,0,0,0,0,0.0,0.0
741,Clock,mcet,6,1,SDE-donor paper(F=Cr=.25),sde_fixed,0.0,-88428979.7383199,-88431004.5215968,2.289675762312699e-05,0,0.0771227001096122,60,798,0,0,0,0,3.405,0.7021296967876456
742,Clock,mcet,6,2,SDE-donor paper(F=Cr=.25),sde_fixed,0.0,-88430753.7053136,-88431004.5215968,2.8362934987338873e-06,0,0.07711400015978143,60,813,0,0,0,0,2.094707542940878,0.5507347002741563
743,Clock,mcet,6,3,SDE-donor paper(F=Cr=.25),sde_fixed,0.0,-88429014.9621152,-88431004.5215968,2.2498438102894027e-05,0,0.07524109986843541,60,769,0,0,0,0,2.0301198106894836,0.517930267089502
744,Clock,mcet,6,4,SDE-donor paper(F=Cr=.25),sde_fixed,0.0,-88429016.93492621,-88431004.5215968,2.2476129060673677e-05,0,0.07417740020900965,60,708,0,0,0,0,2.775,0.6697325336779353
745,Clock,mcet,6,5,SDE-donor paper(F=Cr=.25),sde_fixed,0.0,-88429016.93492621,-88431004.5215968,2.2476129060673677e-05,0,0.07459860004018992,60,549,0,0,0,0,9.074833767029988,1.963667223100721
746,Clock,mcet,6,6,SDE-donor paper(F=Cr=.25),sde_fixed,0.0,-88431004.27159494,-88431004.5215968,2.8270838265112463e-09,1,0.0754530000849627,60,703,0,0,0,0,0.0,0.0
747,Clock,mcet,6,7,SDE-donor paper(F=Cr=.25),sde_fixed,0.0,-88428975.76861557,-88431004.5215968,2.2941648036296482e-05,0,0.07585729972925037,60,871,0,0,0,0,9.749999999999998,1.923159293107741
748,Clock,mcet,6,8,SDE-donor paper(F=Cr=.25),sde_fixed,0.0,-88429016.93492621,-88431004.5215968,2.2476129060673677e-05,0,0.0753473003860563,60,441,0,0,0,0,14.822139225415565,5.355616700024023
749,Clock,mcet,6,9,SDE-donor paper(F=Cr=.25),sde_fixed,0.0,-88431004.5215968,-88431004.5215968,0.0,1,0.07616619998589158,60,559,0,0,0,0,1.1468351216789099,0.42991103005680337
750,Clock,mcet,6,0,SDE-donor paper(F=Cr=.25)+LS,sde_fixed,0.15,-88431004.5215968,-88431004.5215968,0.0,1,0.14729609980713576,60,268,28,81,283,26933,14.898903949508087,6.56058409867731
751,Clock,mcet,6,1,SDE-donor paper(F=Cr=.25)+LS,sde_fixed,0.15,-88431004.5215968,-88431004.5215968,0.0,1,0.15966990019660443,60,388,46,97,218,31840,3.311318095874493,2.721387868246756
752,Clock,mcet,6,2,SDE-donor paper(F=Cr=.25)+LS,sde_fixed,0.15,-88431004.5215968,-88431004.5215968,0.0,1,0.208448400197085,60,594,101,152,214,49756,5.192047537970878,3.2155169068238236
753,Clock,mcet,6,3,SDE-donor paper(F=Cr=.25)+LS,sde_fixed,0.15,-88431004.5215968,-88431004.5215968,0.0,1,0.17781119974097237,60,376,62,116,244,37999,4.143428081793533,3.7937270130006033
754,Clock,mcet,6,4,SDE-donor paper(F=Cr=.25)+LS,sde_fixed,0.15,-88431004.5215968,-88431004.5215968,0.0,1,0.21994490001816303,60,721,117,165,209,53858,0.32908965343808894,0.29059326290271165
755,Clock,mcet,6,5,SDE-donor paper(F=Cr=.25)+LS,sde_fixed,0.15,-88431004.5215968,-88431004.5215968,0.0,1,0.1667873000842519,60,329,46,109,292,35532,9.024054905328557,3.73693818372846
756,Clock,mcet,6,6,SDE-donor paper(F=Cr=.25)+LS,sde_fixed,0.15,-88431004.5215968,-88431004.5215968,0.0,1,0.22047869995003566,60,665,104,164,274,53751,0.554256258422034,0.20000000000000004
757,Clock,mcet,6,7,SDE-donor paper(F=Cr=.25)+LS,sde_fixed,0.15,-88431004.5215968,-88431004.5215968,0.0,1,0.19815410015871748,60,601,86,142,249,46589,0.8347116793806741,0.3111331160799144
758,Clock,mcet,6,8,SDE-donor paper(F=Cr=.25)+LS,sde_fixed,0.15,-88431004.5215968,-88431004.5215968,0.0,1,0.1634921000804752,60,320,50,107,276,34456,10.071825346840141,4.683949815900548
759,Clock,mcet,6,9,SDE-donor paper(F=Cr=.25)+LS,sde_fixed,0.15,-88431004.5215968,-88431004.5215968,0.0,1,0.16259479994187132,60,286,46,105,281,33769,4.820965461050806,3.9911235511272616
760,Clock,mcet,7,0,SDE-donor fixedF,sde_fixed,0.0,-88431621.08517389,-88432150.48043002,5.986456885372727e-06,0,0.07789309992222115,60,669,0,0,0,0,0.0,0.0
761,Clock,mcet,7,1,SDE-donor fixedF,sde_fixed,0.0,-88432150.48043002,-88432150.48043002,0.0,1,0.07795500016072765,60,726,0,0,0,0,0.0,0.0
762,Clock,mcet,7,2,SDE-donor fixedF,sde_fixed,0.0,-88432150.48043002,-88432150.48043002,0.0,1,0.07849800010444596,60,658,0,0,0,0,0.0,0.0
763,Clock,mcet,7,3,SDE-donor fixedF,sde_fixed,0.0,-88432098.53996578,-88432150.48043002,5.873481981509338e-07,0,0.0755798002355732,60,618,0,0,0,0,1.2667325282929107,0.4250198299853642
764,Clock,mcet,7,4,SDE-donor fixedF,sde_fixed,0.0,-88432150.48043002,-88432150.48043002,0.0,1,0.07794360030675307,60,439,0,0,0,0,0.0,0.0
765,Clock,mcet,7,5,SDE-donor fixedF,sde_fixed,0.0,-88432150.48043002,-88432150.48043002,0.0,1,0.07732290006242692,60,716,0,0,0,0,0.0,0.0
766,Clock,mcet,7,6,SDE-donor fixedF,sde_fixed,0.0,-88430865.43597353,-88432150.48043002,1.4531417018759645e-05,0,0.0746806999668479,60,648,0,0,0,0,11.184999999999999,1.9326808070762271
767,Clock,mcet,7,7,SDE-donor fixedF,sde_fixed,0.0,-88432098.78996766,-88432150.48043002,5.8452115079103e-07,0,0.07698179985163733,60,594,0,0,0,0,0.34684911513425665,0.12500233837202518
768,Clock,mcet,7,8,SDE-donor fixedF,sde_fixed,0.0,-88432142.07216594,-88432150.48043002,9.508152905894998e-08,0,0.07606060017133132,60,709,0,0,0,0,0.0,0.0
769,Clock,mcet,7,9,SDE-donor fixedF,sde_fixed,0.0,-88432122.15376902,-88432150.48043002,3.203208431743935e-07,0,0.07836429984308779,60,430,0,0,0,0,0.13435028842545846,0.06226998490772391
770,Clock,mcet,7,0,SDE-donor fixedF+LS,sde_fixed,0.15,-88432150.48043002,-88432150.48043002,0.0,1,0.23265590000664815,60,836,123,178,319,58112,0.0,0.0
771,Clock,mcet,7,1,SDE-donor fixedF+LS,sde_fixed,0.15,-88432150.48043002,-88432150.48043002,0.0,1,0.2438042996218428,60,940,142,189,248,61814,0.0,0.0
772,Clock,mcet,7,2,SDE-donor fixedF+LS,sde_fixed,0.15,-88432150.48043002,-88432150.48043002,0.0,1,0.23928349994821474,60,838,127,185,305,61002,0.0,0.0
773,Clock,mcet,7,3,SDE-donor fixedF+LS,sde_fixed,0.15,-88432150.48043002,-88432150.48043002,0.0,1,0.23731870006304234,60,893,122,182,332,59485,0.0,0.0
774,Clock,mcet,7,4,SDE-donor fixedF+LS,sde_fixed,0.15,-88432150.48043002,-88432150.48043002,0.0,1,0.25619060022290796,60,914,142,201,308,65714,0.0,0.0
775,Clock,mcet,7,5,SDE-donor fixedF+LS,sde_fixed,0.15,-88432150.48043002,-88432150.48043002,0.0,1,0.26132300012977794,60,913,136,207,376,68250,0.0,0.0
776,Clock,mcet,7,6,SDE-donor fixedF+LS,sde_fixed,0.15,-88432150.48043002,-88432150.48043002,0.0,1,0.22689030005130917,60,900,133,170,176,55609,0.0,0.0
777,Clock,mcet,7,7,SDE-donor fixedF+LS,sde_fixed,0.15,-88432150.48043002,-88432150.48043002,0.0,1,0.25677499995799735,60,959,150,199,246,65342,0.0,0.0
778,Clock,mcet,7,8,SDE-donor fixedF+LS,sde_fixed,0.15,-88432150.48043002,-88432150.48043002,0.0,1,0.18816219980362803,60,769,91,126,157,41211,0.0,0.0
779,Clock,mcet,7,9,SDE-donor fixedF+LS,sde_fixed,0.15,-88432150.48043002,-88432150.48043002,0.0,1,0.23115809995215386,60,863,139,177,200,57447,0.0,0.0
780,Clock,mcet,7,0,SDE-donor paper(F=Cr=.25),sde_fixed,0.0,-88432108.213886,-88432150.48043002,4.779544973122664e-07,0,0.08029699989128858,60,539,0,0,0,0,1.7048519984183799,0.7039317340031698
781,Clock,mcet,7,1,SDE-donor paper(F=Cr=.25),sde_fixed,0.0,-88432149.68382755,-88432150.48043002,9.008064016708644e-09,1,0.07729610009118915,60,498,0,0,0,0,1.2462743259301354,0.4825638795086438
782,Clock,mcet,7,2,SDE-donor paper(F=Cr=.25),sde_fixed,0.0,-88432019.96625395,-88432150.48043002,1.4758679435209805e-06,0,0.07605260016862303,60,430,0,0,0,0,2.296084940568325,0.9937901489399849
783,Clock,mcet,7,3,SDE-donor paper(F=Cr=.25),sde_fixed,0.0,-88430969.53298207,-88432150.48043002,1.3354277166616584e-05,0,0.07635949976975098,60,341,0,0,0,0,8.71344856856116,3.9108024838217887
784,Clock,mcet,7,4,SDE-donor paper(F=Cr=.25),sde_fixed,0.0,-88431968.88629213,-88432150.48043002,2.053485490351314e-06,0,0.07599019986810163,60,615,0,0,0,0,0.818829309363859,0.337589754744999
785,Clock,mcet,7,5,SDE-donor paper(F=Cr=.25),sde_fixed,0.0,-88431478.37151077,-88432150.48043002,7.600277903416158e-06,0,0.07564540015300736,60,561,0,0,0,0,36.35550167023638,6.372764810872738
786,Clock,mcet,7,6,SDE-donor paper(F=Cr=.25),sde_fixed,0.0,-88431004.5215968,-88432150.48043002,1.2958622254371399e-05,0,0.0754101001075469,60,673,0,0,0,0,4.265953711335309,0.9307514191477407
787,Clock,mcet,7,7,SDE-donor paper(F=Cr=.25),sde_fixed,0.0,-88432081.4757086,-88432150.48043002,7.803126017306772e-07,0,0.07621090015163645,60,550,0,0,0,0,2.7245509525983804,1.5660186454812912
788,Clock,mcet,7,8,SDE-donor paper(F=Cr=.25),sde_fixed,0.0,-88431002.64013867,-88432150.48043002,1.297989797958262e-05,0,0.07614619977539405,60,618,0,0,0,0,11.799974966505424,4.009914878202867
789,Clock,mcet,7,9,SDE-donor paper(F=Cr=.25),sde_fixed,0.0,-88432121.36271396,-88432150.48043002,3.292661763951159e-07,0,0.07722340017789975,60,417,0,0,0,0,4.145988412675659,2.388226640078006
790,Clock,mcet,7,0,SDE-donor paper(F=Cr=.25)+LS,sde_fixed,0.15,-88432131.15910845,-88432150.48043002,2.1848752373278e-07,0,0.15928129985695705,60,328,44,92,275,30911,12.379046142447399,4.4917295981702
791,Clock,mcet,7,1,SDE-donor paper(F=Cr=.25)+LS,sde_fixed,0.15,-88432150.48043002,-88432150.48043002,0.0,1,0.16381759982323274,60,200,34,99,352,32984,12.470540738961644,4.23089972163426
792,Clock,mcet,7,2,SDE-donor paper(F=Cr=.25)+LS,sde_fixed,0.15,-88432150.48043002,-88432150.48043002,0.0,1,0.14830459986114874,60,234,29,82,297,27205,9.097532132043439,3.6927521373674947
793,Clock,mcet,7,3,SDE-donor paper(F=Cr=.25)+LS,sde_fixed,0.15,-88432150.48043002,-88432150.48043002,0.0,1,0.17208879993995652,60,263,43,111,353,36074,3.5587162495743088,2.253638574207576
794,Clock,mcet,7,4,SDE-donor paper(F=Cr=.25)+LS,sde_fixed,0.15,-88432150.48043002,-88432150.48043002,0.0,1,0.14836369996191934,60,208,25,81,322,27255,13.834143383492641,5.491218461531337
795,Clock,mcet,7,5,SDE-donor paper(F=Cr=.25)+LS,sde_fixed,0.15,-88432150.48043002,-88432150.48043002,0.0,1,0.21273479994852096,60,471,78,154,361,50643,1.3313586182658,0.4596306840984131
796,Clock,mcet,7,6,SDE-donor paper(F=Cr=.25)+LS,sde_fixed,0.15,-88432150.48043002,-88432150.48043002,0.0,1,0.16790240007685497,60,282,40,103,316,34280,6.993884469729555,3.122313806254446
797,Clock,mcet,7,7,SDE-donor paper(F=Cr=.25)+LS,sde_fixed,0.15,-88432150.48043002,-88432150.48043002,0.0,1,0.19689489988377318,60,469,73,137,300,44858,3.0167274149973577,2.087198555453669
798,Clock,mcet,7,8,SDE-donor paper(F=Cr=.25)+LS,sde_fixed,0.15,-88432150.48043002,-88432150.48043002,0.0,1,0.19239240023307502,60,506,78,131,256,43022,3.0994042664326975,2.076956209406749
799,Clock,mcet,7,9,SDE-donor paper(F=Cr=.25)+LS,sde_fixed,0.15,-88432139.74752393,-88432150.48043002,1.2136882378098653e-07,0,0.1582291999948211,60,235,39,94,283,30777,10.43139788042313,3.8789974466502093
800,Clock,mcet,8,0,SDE-donor fixedF,sde_fixed,0.0,-88432883.37057164,-88432899.97376898,1.8774909949941424e-07,0,0.0788168998551555,60,514,0,0,0,0,2.068514581072482,0.5926969814091653
801,Clock,mcet,8,1,SDE-donor fixedF,sde_fixed,0.0,-88432865.17935838,-88432899.97376898,3.9345549689741055e-07,0,0.08068209979683161,60,469,0,0,0,0,1.0234762276733411,0.3137848956619458
802,Clock,mcet,8,2,SDE-donor fixedF,sde_fixed,0.0,-88432866.30672589,-88432899.97376898,3.8070721529943015e-07,0,0.07945069984998554,60,679,0,0,0,0,0.0,0.0
803,Clock,mcet,8,3,SDE-donor fixedF,sde_fixed,0.0,-88432150.48043002,-88432899.97376898,8.475277178287087e-06,0,0.07976399984909222,60,771,0,0,0,0,21.909999999999997,3.0875
804,Clock,mcet,8,4,SDE-donor fixedF,sde_fixed,0.0,-88432780.82377182,-88432899.97376898,1.3473492014304747e-06,0,0.07865359989227727,60,415,0,0,0,0,1.1482508428660445,0.2698962327057581
805,Clock,mcet,8,5,SDE-donor fixedF,sde_fixed,0.0,-88432887.42737268,-88432899.97376898,1.4187475819427123e-07,0,0.08256409969180822,60,614,0,0,0,0,0.0,0.0
806,Clock,mcet,8,6,SDE-donor fixedF,sde_fixed,0.0,-88432818.89935504,-88432899.97376898,9.167901761036766e-07,0,0.08157539996318519,60,475,0,0,0,0,0.0,0.0
807,Clock,mcet,8,7,SDE-donor fixedF,sde_fixed,0.0,-88432677.21092485,-88432899.97376898,2.519004173746116e-06,0,0.0822599001112394,60,724,0,0,0,0,0.0,0.0
808,Clock,mcet,8,8,SDE-donor fixedF,sde_fixed,0.0,-88432098.78996766,-88432899.97376898,9.059793375099347e-06,0,0.07939070009160787,60,648,0,0,0,0,10.279999999999998,1.51703864486044
809,Clock,mcet,8,9,SDE-donor fixedF,sde_fixed,0.0,-88432889.72764164,-88432899.97376898,1.1586329680759698e-07,0,0.0792953998898156,60,624,0,0,0,0,0.0,0.0
810,Clock,mcet,8,0,SDE-donor fixedF+LS,sde_fixed,0.15,-88432899.97376898,-88432899.97376898,0.0,1,0.23879629996372387,60,766,120,177,340,58514,0.0,0.0
811,Clock,mcet,8,1,SDE-donor fixedF+LS,sde_fixed,0.15,-88432899.97376898,-88432899.97376898,0.0,1,0.23047900019446388,60,753,117,172,301,56386,0.0,0.0
812,Clock,mcet,8,2,SDE-donor fixedF+LS,sde_fixed,0.15,-88432893.50852865,-88432899.97376898,7.310899372769339e-08,0,0.2460822998546064,60,980,139,180,230,59952,0.0,0.0
813,Clock,mcet,8,3,SDE-donor fixedF+LS,sde_fixed,0.15,-88432893.50852865,-88432899.97376898,7.310899372769339e-08,0,0.21683869999833405,60,694,106,150,225,49863,0.0,0.0
814,Clock,mcet,8,4,SDE-donor fixedF+LS,sde_fixed,0.15,-88432899.97376898,-88432899.97376898,0.0,1,0.1970997002790682,60,621,85,131,279,42725,0.0,0.0
815,Clock,mcet,8,5,SDE-donor fixedF+LS,sde_fixed,0.15,-88432899.97376898,-88432899.97376898,0.0,1,0.2474401001818478,60,878,132,183,270,59805,0.0,0.0
816,Clock,mcet,8,6,SDE-donor fixedF+LS,sde_fixed,0.15,-88432899.97376898,-88432899.97376898,0.0,1,0.23333050013752654,60,857,126,173,231,56529,0.0,0.0
817,Clock,mcet,8,7,SDE-donor fixedF+LS,sde_fixed,0.15,-88432899.97376898,-88432899.97376898,0.0,1,0.20227850030642003,60,530,76,126,295,41177,0.0,0.0
818,Clock,mcet,8,8,SDE-donor fixedF+LS,sde_fixed,0.15,-88432899.97376898,-88432899.97376898,0.0,1,0.22636429994599894,60,764,106,156,302,50769,0.0,0.0
819,Clock,mcet,8,9,SDE-donor fixedF+LS,sde_fixed,0.15,-88432899.97376898,-88432899.97376898,0.0,1,0.21443780028494075,60,675,95,144,312,46878,0.0,0.0
820,Clock,mcet,8,0,SDE-donor paper(F=Cr=.25),sde_fixed,0.0,-88431663.72073817,-88432899.97376898,1.3979559996036294e-05,0,0.08278339955722913,60,761,0,0,0,0,1.0030673487155028,0.2063860135472882
821,Clock,mcet,8,1,SDE-donor paper(F=Cr=.25),sde_fixed,0.0,-88431989.05861193,-88432899.97376898,1.030063649750365e-05,0,0.07970790023682639,60,338,0,0,0,0,12.95633516138923,4.727785035171967
822,Clock,mcet,8,2,SDE-donor paper(F=Cr=.25),sde_fixed,0.0,-88432847.86509933,-88432899.97376898,5.892452884502419e-07,0,0.08137359993997961,60,560,0,0,0,0,2.7204522738787853,1.0245633683017297
823,Clock,mcet,8,3,SDE-donor paper(F=Cr=.25),sde_fixed,0.0,-88430969.29780649,-88432899.97376898,2.1832100531199383e-05,0,0.0808860999532044,60,840,0,0,0,0,6.284639401839764,1.2412449192322432
824,Clock,mcet,8,4,SDE-donor paper(F=Cr=.25),sde_fixed,0.0,-88432150.48043002,-88432899.97376898,8.475277178287087e-06,0,0.07913259998895228,60,706,0,0,0,0,10.834581034256166,2.012674675044277
825,Clock,mcet,8,5,SDE-donor paper(F=Cr=.25),sde_fixed,0.0,-88432128.24259935,-88432899.97376898,8.726742760387007e-06,0,0.08142850012518466,60,460,0,0,0,0,8.056478974363085,1.8365760381293579
826,Clock,mcet,8,6,SDE-donor paper(F=Cr=.25),sde_fixed,0.0,-88432100.22948682,-88432899.97376898,9.043515279872645e-06,0,0.07854499976383522,60,580,0,0,0,0,4.137888941235237,0.8403982424685968
827,Clock,mcet,8,7,SDE-donor paper(F=Cr=.25),sde_fixed,0.0,-88432874.86476819,-88432899.97376898,2.839327987048574e-07,0,0.07963090005796403,60,493,0,0,0,0,1.6914213893482888,0.6245035539242785
828,Clock,mcet,8,8,SDE-donor paper(F=Cr=.25),sde_fixed,0.0,-88431002.64013867,-88432899.97376898,2.1455065149636585e-05,0,0.08054009964689612,60,585,0,0,0,0,10.048344789348175,3.8239903936111217
829,Clock,mcet,8,9,SDE-donor paper(F=Cr=.25),sde_fixed,0.0,-88432872.73103286,-88432899.97376898,3.080610963129382e-07,0,0.08136269997339696,60,464,0,0,0,0,1.6705383400420424,0.6556806710959863
830,Clock,mcet,8,0,SDE-donor paper(F=Cr=.25)+LS,sde_fixed,0.15,-88432899.97376898,-88432899.97376898,0.0,1,0.15162490017246455,60,163,20,78,379,26462,13.834187685364592,4.802495486070889
831,Clock,mcet,8,1,SDE-donor paper(F=Cr=.25)+LS,sde_fixed,0.15,-88432893.50852865,-88432899.97376898,7.310899372769339e-08,0,0.16602740006055683,60,183,28,96,420,32504,12.335915257934719,4.322557687017914
832,Clock,mcet,8,2,SDE-donor paper(F=Cr=.25)+LS,sde_fixed,0.15,-88432893.50852865,-88432899.97376898,7.310899372769339e-08,0,0.18081059982068837,60,248,44,112,427,38139,9.298668757373155,3.676749922163105
833,Clock,mcet,8,3,SDE-donor paper(F=Cr=.25)+LS,sde_fixed,0.15,-88432899.97376898,-88432899.97376898,0.0,1,0.17263949965126812,60,168,31,106,481,35514,13.288351048340747,4.802322414120624
834,Clock,mcet,8,4,SDE-donor paper(F=Cr=.25)+LS,sde_fixed,0.15,-88432891.07428586,-88432899.97376898,1.006354322556508e-07,0,0.1884469001670368,60,344,52,118,419,39794,7.343823198646428,3.1885190228971227
835,Clock,mcet,8,5,SDE-donor paper(F=Cr=.25)+LS,sde_fixed,0.15,-88432893.50852865,-88432899.97376898,7.310899372769339e-08,0,0.16954119969159365,60,330,41,99,360,33391,5.735488178029746,3.071573146325173
836,Clock,mcet,8,6,SDE-donor paper(F=Cr=.25)+LS,sde_fixed,0.15,-88432899.97376898,-88432899.97376898,0.0,1,0.16772880009375513,60,211,31,98,372,32957,12.538530343564284,5.015307555081636
837,Clock,mcet,8,7,SDE-donor paper(F=Cr=.25)+LS,sde_fixed,0.15,-88432893.50852865,-88432899.97376898,7.310899372769339e-08,0,0.1820278997765854,60,198,33,108,471,36369,12.268713531606345,4.108297540000586
838,Clock,mcet,8,8,SDE-donor paper(F=Cr=.25)+LS,sde_fixed,0.15,-88432893.50852865,-88432899.97376898,7.310899372769339e-08,0,0.18204839999089018,60,248,40,110,470,37050,8.629267689678795,3.128821436725233
839,Clock,mcet,8,9,SDE-donor paper(F=Cr=.25)+LS,sde_fixed,0.15,-88432899.97376898,-88432899.97376898,0.0,1,0.1659504002891481,60,205,27,91,389,30992,12.093567064698432,3.915082166198739
840,Histology,mcet,6,0,SDE-donor fixedF,sde_fixed,0.0,-220062288.99140936,-220062386.1926902,4.4169874967719215e-07,0,0.07618870021542534,60,852,0,0,0,0,0.0,0.0
841,Histology,mcet,6,1,SDE-donor fixedF,sde_fixed,0.0,-220061760.42290455,-220062386.1926902,2.843601746164334e-06,0,0.07579980022273958,60,817,0,0,0,0,0.0,0.0
842,Histology,mcet,6,2,SDE-donor fixedF,sde_fixed,0.0,-220062386.1926902,-220062386.1926902,0.0,1,0.07637149991933256,60,740,0,0,0,0,0.0,0.0
843,Histology,mcet,6,3,SDE-donor fixedF,sde_fixed,0.0,-220062386.1926902,-220062386.1926902,0.0,1,0.08574340015184134,60,618,0,0,0,0,0.0,0.0
844,Histology,mcet,6,4,SDE-donor fixedF,sde_fixed,0.0,-220062377.86320406,-220062386.1926902,3.7850567176776216e-08,0,0.07498760003363714,60,754,0,0,0,0,0.0,0.0
845,Histology,mcet,6,5,SDE-donor fixedF,sde_fixed,0.0,-220062386.1926902,-220062386.1926902,0.0,1,0.07603070006007329,60,666,0,0,0,0,0.0,0.0
846,Histology,mcet,6,6,SDE-donor fixedF,sde_fixed,0.0,-220062386.1926902,-220062386.1926902,0.0,1,0.08435370028018951,60,679,0,0,0,0,0.0,0.0
847,Histology,mcet,6,7,SDE-donor fixedF,sde_fixed,0.0,-220062384.78685242,-220062386.1926902,6.388360130957405e-09,1,0.0801820998894982,60,730,0,0,0,0,0.0,0.0
848,Histology,mcet,6,8,SDE-donor fixedF,sde_fixed,0.0,-220062240.9067933,-220062386.1926902,6.602032242352461e-07,0,0.08018279983662069,60,817,0,0,0,0,0.0,0.0
849,Histology,mcet,6,9,SDE-donor fixedF,sde_fixed,0.0,-220062384.78685242,-220062386.1926902,6.388360130957405e-09,1,0.07786010031122714,60,680,0,0,0,0,0.0,0.0
850,Histology,mcet,6,0,SDE-donor fixedF+LS,sde_fixed,0.15,-220062386.1926902,-220062386.1926902,0.0,1,0.28036609990522265,60,815,122,179,324,66778,0.0,0.0
851,Histology,mcet,6,1,SDE-donor fixedF+LS,sde_fixed,0.15,-220062386.1926902,-220062386.1926902,0.0,1,0.2638770001940429,60,957,132,168,201,62645,0.0,0.0
852,Histology,mcet,6,2,SDE-donor fixedF+LS,sde_fixed,0.15,-220062386.1926902,-220062386.1926902,0.0,1,0.25616949977120385,60,863,126,164,191,60929,0.0,0.0
853,Histology,mcet,6,3,SDE-donor fixedF+LS,sde_fixed,0.15,-220062386.1926902,-220062386.1926902,0.0,1,0.29199609963689,60,922,143,198,312,73453,0.0,0.0
854,Histology,mcet,6,4,SDE-donor fixedF+LS,sde_fixed,0.15,-220062386.1926902,-220062386.1926902,0.0,1,0.2796790002612397,60,928,141,185,205,68806,0.0,0.0
855,Histology,mcet,6,5,SDE-donor fixedF+LS,sde_fixed,0.15,-220062386.1926902,-220062386.1926902,0.0,1,0.2836317999754101,60,921,132,189,300,70368,0.0,0.0
856,Histology,mcet,6,6,SDE-donor fixedF+LS,sde_fixed,0.15,-220062386.1926902,-220062386.1926902,0.0,1,0.2905404003104195,60,947,148,196,243,73120,0.0,0.0
857,Histology,mcet,6,7,SDE-donor fixedF+LS,sde_fixed,0.15,-220062384.78685242,-220062386.1926902,6.388360130957405e-09,1,0.2835132001200691,60,918,147,190,206,70453,0.0,0.0
858,Histology,mcet,6,8,SDE-donor fixedF+LS,sde_fixed,0.15,-220062386.1926902,-220062386.1926902,0.0,1,0.26283849973697215,60,869,127,172,206,64037,0.0,0.0
859,Histology,mcet,6,9,SDE-donor fixedF+LS,sde_fixed,0.15,-220062386.1926902,-220062386.1926902,0.0,1,0.293096199631691,60,950,151,201,231,74559,0.0,0.0
860,Histology,mcet,6,0,SDE-donor paper(F=Cr=.25),sde_fixed,0.0,-220062346.19138688,-220062386.1926902,1.8177256007819923e-07,0,0.07329259987454861,60,745,0,0,0,0,0.21242645786248,0.10897247358851685
861,Histology,mcet,6,1,SDE-donor paper(F=Cr=.25),sde_fixed,0.0,-220062377.86320406,-220062386.1926902,3.7850567176776216e-08,0,0.07493789977161214,60,365,0,0,0,0,1.5369223817475242,0.6962585110118608
862,Histology,mcet,6,2,SDE-donor paper(F=Cr=.25),sde_fixed,0.0,-220062318.55923963,-220062386.1926902,3.07337622470845e-07,0,0.07315879972884431,60,498,0,0,0,0,0.9557919750949043,0.5084906463132712
863,Histology,mcet,6,3,SDE-donor paper(F=Cr=.25),sde_fixed,0.0,-220062377.86320406,-220062386.1926902,3.7850567176776216e-08,0,0.07524860015837476,60,362,0,0,0,0,2.439423773658262,1.112781119926634
864,Histology,mcet,6,4,SDE-donor paper(F=Cr=.25),sde_fixed,0.0,-220062301.4663881,-220062386.1926902,3.8501037616269075e-07,0,0.07493349979631603,60,582,0,0,0,0,0.64117991044186,0.37329291218225347
865,Histology,mcet,6,5,SDE-donor paper(F=Cr=.25),sde_fixed,0.0,-220062257.99964482,-220062386.1926902,5.825304705434005e-07,0,0.07544700015569106,60,488,0,0,0,0,2.215037715874088,1.771332459596321
866,Histology,mcet,6,6,SDE-donor paper(F=Cr=.25),sde_fixed,0.0,-220062384.78685242,-220062386.1926902,6.388360130957405e-09,1,0.0751951999263838,60,552,0,0,0,0,1.1584096611196517,0.7535682261822219
867,Histology,mcet,6,7,SDE-donor paper(F=Cr=.25),sde_fixed,0.0,-220062275.90685946,-220062386.1926902,5.011571156898763e-07,0,0.07547639991389588,60,656,0,0,0,0,0.8804992916387396,0.30285603527002425
868,Histology,mcet,6,8,SDE-donor paper(F=Cr=.25),sde_fixed,0.0,-220062184.97918642,-220062386.1926902,9.143475505250361e-07,0,0.07509000005666167,60,372,0,0,0,0,7.055161948047818,4.3270176034234975
869,Histology,mcet,6,9,SDE-donor paper(F=Cr=.25),sde_fixed,0.0,-220062377.86320406,-220062386.1926902,3.7850567176776216e-08,0,0.07395379990339279,60,569,0,0,0,0,0.23293410386669783,0.08632415786283894
870,Histology,mcet,6,0,SDE-donor paper(F=Cr=.25)+LS,sde_fixed,0.15,-220062386.1926902,-220062386.1926902,0.0,1,0.15668670006562024,60,213,26,77,299,28743,5.762123439643512,4.089408552895832
871,Histology,mcet,6,1,SDE-donor paper(F=Cr=.25)+LS,sde_fixed,0.15,-220062386.1926902,-220062386.1926902,0.0,1,0.19181130005745217,60,264,41,110,386,40788,1.3976113176708846,0.617274970906018
872,Histology,mcet,6,2,SDE-donor paper(F=Cr=.25)+LS,sde_fixed,0.15,-220062386.1926902,-220062386.1926902,0.0,1,0.2169999000034295,60,459,75,129,282,47969,1.7966754706015444,1.596385679751809
873,Histology,mcet,6,3,SDE-donor paper(F=Cr=.25)+LS,sde_fixed,0.15,-220062386.1926902,-220062386.1926902,0.0,1,0.1661677000229247,60,250,32,86,242,31880,7.8495653268224626,5.300143112184493
874,Histology,mcet,6,4,SDE-donor paper(F=Cr=.25)+LS,sde_fixed,0.15,-220062386.1926902,-220062386.1926902,0.0,1,0.20795809983974323,60,347,58,125,325,46561,3.096086317547508,2.6518558916241184
875,Histology,mcet,6,5,SDE-donor paper(F=Cr=.25)+LS,sde_fixed,0.15,-220062386.1926902,-220062386.1926902,0.0,1,0.16231580037856475,60,220,26,82,281,30452,7.842890765993647,5.4141955799946215
876,Histology,mcet,6,6,SDE-donor paper(F=Cr=.25)+LS,sde_fixed,0.15,-220062386.1926902,-220062386.1926902,0.0,1,0.205343299836386,60,307,55,124,340,46109,1.7028333944150735,1.029369656619246
877,Histology,mcet,6,7,SDE-donor paper(F=Cr=.25)+LS,sde_fixed,0.15,-220062386.1926902,-220062386.1926902,0.0,1,0.20354769995901734,60,447,68,119,255,44192,4.713761797244198,3.809003521073634
878,Histology,mcet,6,8,SDE-donor paper(F=Cr=.25)+LS,sde_fixed,0.15,-220062386.1926902,-220062386.1926902,0.0,1,0.18302969995420426,60,263,38,102,317,37808,6.779480640763888,4.0049967808097096
879,Histology,mcet,6,9,SDE-donor paper(F=Cr=.25)+LS,sde_fixed,0.15,-220062386.1926902,-220062386.1926902,0.0,1,0.1631937999627553,60,178,26,83,321,30876,7.97614314341258,5.549302307851545
880,Histology,mcet,7,0,SDE-donor fixedF,sde_fixed,0.0,-220073369.63925344,-220073370.7810644,5.188319466206586e-09,1,0.07703980000223964,60,529,0,0,0,0,0.0,0.0
881,Histology,mcet,7,1,SDE-donor fixedF,sde_fixed,0.0,-220073369.63925344,-220073370.7810644,5.188319466206586e-09,1,0.07794819975970313,60,691,0,0,0,0,0.0,0.0
882,Histology,mcet,7,2,SDE-donor fixedF,sde_fixed,0.0,-220073322.8326492,-220073370.7810644,2.1787467979341302e-07,0,0.0774652999243699,60,638,0,0,0,0,0.0,0.0
883,Histology,mcet,7,3,SDE-donor fixedF,sde_fixed,0.0,-220072703.49204224,-220073370.7810644,3.0321206958360024e-06,0,0.07981790031772107,60,778,0,0,0,0,0.0,0.0
884,Histology,mcet,7,4,SDE-donor fixedF,sde_fixed,0.0,-220073370.7810644,-220073370.7810644,0.0,1,0.0782385001075454,60,500,0,0,0,0,0.09500000000001023,0.031134992453861966
885,Histology,mcet,7,5,SDE-donor fixedF,sde_fixed,0.0,-220073202.7757085,-220073370.7810644,7.634061099636737e-07,0,0.08117270015645772,60,687,0,0,0,0,0.0,0.0
886,Histology,mcet,7,6,SDE-donor fixedF,sde_fixed,0.0,-220073211.86744028,-220073370.7810644,7.220938341782829e-07,0,0.07979340018937364,60,626,0,0,0,0,0.0,0.0
887,Histology,mcet,7,7,SDE-donor fixedF,sde_fixed,0.0,-220072839.79030594,-220073370.7810644,2.412789682660356e-06,0,0.08006189990555868,60,665,0,0,0,0,0.0,0.0
888,Histology,mcet,7,8,SDE-donor fixedF,sde_fixed,0.0,-220073148.22720867,-220073370.7810644,1.011271172551746e-06,0,0.07793229992967099,60,602,0,0,0,0,0.0,0.0
889,Histology,mcet,7,9,SDE-donor fixedF,sde_fixed,0.0,-220073328.16787988,-220073370.7810644,1.936317163699665e-07,0,0.0780668001389131,60,518,0,0,0,0,0.0,0.0
890,Histology,mcet,7,0,SDE-donor fixedF+LS,sde_fixed,0.15,-220073370.7810644,-220073370.7810644,0.0,1,0.2602749997167848,60,794,114,163,266,61386,0.0,0.0
891,Histology,mcet,7,1,SDE-donor fixedF+LS,sde_fixed,0.15,-220073370.7810644,-220073370.7810644,0.0,1,0.2912711002281867,60,850,133,191,268,72233,0.0,0.0
892,Histology,mcet,7,2,SDE-donor fixedF+LS,sde_fixed,0.15,-220073370.7810644,-220073370.7810644,0.0,1,0.2861170002142899,60,788,135,187,318,70461,0.0,0.0
893,Histology,mcet,7,3,SDE-donor fixedF+LS,sde_fixed,0.15,-220073370.7810644,-220073370.7810644,0.0,1,0.2663239001412876,60,806,124,169,261,63719,0.0,0.0
894,Histology,mcet,7,4,SDE-donor fixedF+LS,sde_fixed,0.15,-220073369.90253395,-220073370.7810644,3.991988851702915e-09,1,0.245983800268732,60,812,115,152,198,57217,0.0,0.0
895,Histology,mcet,7,5,SDE-donor fixedF+LS,sde_fixed,0.15,-220073370.7810644,-220073370.7810644,0.0,1,0.21963600028539076,60,741,88,128,185,48262,0.0,0.0
896,Histology,mcet,7,6,SDE-donor fixedF+LS,sde_fixed,0.15,-220073370.7810644,-220073370.7810644,0.0,1,0.23891629982972518,60,726,102,146,246,55024,0.0,0.0
897,Histology,mcet,7,7,SDE-donor fixedF+LS,sde_fixed,0.15,-220073369.90253395,-220073370.7810644,3.991988851702915e-09,1,0.2923182995291427,60,831,145,193,309,72633,0.0,0.0
898,Histology,mcet,7,8,SDE-donor fixedF+LS,sde_fixed,0.15,-220073370.7810644,-220073370.7810644,0.0,1,0.2823347001685761,60,827,139,184,220,69472,0.0,0.0
899,Histology,mcet,7,9,SDE-donor fixedF+LS,sde_fixed,0.15,-220073370.7810644,-220073370.7810644,0.0,1,0.23545169999124482,60,826,106,143,239,53916,0.0,0.0
900,Histology,mcet,7,0,SDE-donor paper(F=Cr=.25),sde_fixed,0.0,-220073261.15938914,-220073370.7810644,4.981142191981481e-07,0,0.07662730012089014,60,513,0,0,0,0,1.024424362036428,0.5720735377429557
901,Histology,mcet,7,1,SDE-donor paper(F=Cr=.25),sde_fixed,0.0,-220073314.75754368,-220073370.7810644,2.545674677006606e-07,0,0.07793060026597232,60,439,0,0,0,0,3.0180046402075544,1.2833242491264734
902,Histology,mcet,7,2,SDE-donor paper(F=Cr=.25),sde_fixed,0.0,-220072842.442366,-220073370.7810644,2.400738883182524e-06,0,0.0760926001239568,60,445,0,0,0,0,3.138518090281391,1.2239046212938713
903,Histology,mcet,7,3,SDE-donor paper(F=Cr=.25),sde_fixed,0.0,-220073243.23961216,-220073370.7810644,5.79540594922341e-07,0,0.07696799997938797,60,431,0,0,0,0,2.452365971682833,1.208840462149833
904,Histology,mcet,7,4,SDE-donor paper(F=Cr=.25),sde_fixed,0.0,-220073250.93749744,-220073370.7810644,5.445618728372179e-07,0,0.07639060012297705,60,375,0,0,0,0,5.837197332353943,2.451456212164316
905,Histology,mcet,7,5,SDE-donor paper(F=Cr=.25),sde_fixed,0.0,-220073349.18178898,-220073370.7810644,9.814579262142048e-08,0,0.07705320010427386,60,440,0,0,0,0,2.103272598459104,0.9549469779324358
906,Histology,mcet,7,6,SDE-donor paper(F=Cr=.25),sde_fixed,0.0,-220073207.3511164,-220073370.7810644,7.426157350254112e-07,0,0.07668129994999617,60,605,0,0,0,0,0.7286532472136257,0.36548852276423144
907,Histology,mcet,7,7,SDE-donor paper(F=Cr=.25),sde_fixed,0.0,-220073280.0589052,-220073370.7810644,4.122359686457387e-07,0,0.07866880012443289,60,574,0,0,0,0,0.7781868771064666,0.35205211466842695
908,Histology,mcet,7,8,SDE-donor paper(F=Cr=.25),sde_fixed,0.0,-220072983.31322008,-220073370.7810644,1.7606302976696226e-06,0,0.07598489994416013,60,362,0,0,0,0,8.925198871697873,4.730885164925735
909,Histology,mcet,7,9,SDE-donor paper(F=Cr=.25),sde_fixed,0.0,-220073055.3665769,-220073370.7810644,1.4332242304540384e-06,0,0.07693650032160804,60,615,0,0,0,0,0.5338100806970247,0.13945750238180254
910,Histology,mcet,7,0,SDE-donor paper(F=Cr=.25)+LS,sde_fixed,0.15,-220073322.8326492,-220073370.7810644,2.1787467979341302e-07,0,0.15362249984173104,60,176,18,69,330,26338,9.040881878358379,4.2284921184242625
911,Histology,mcet,7,1,SDE-donor paper(F=Cr=.25)+LS,sde_fixed,0.15,-220073345.8581426,-220073370.7810644,1.1324823938633456e-07,0,0.16960440028924495,60,175,24,86,366,32409,9.279336167735048,4.4449115021977805
912,Histology,mcet,7,2,SDE-donor paper(F=Cr=.25)+LS,sde_fixed,0.15,-220073370.7810644,-220073370.7810644,0.0,1,0.1576868998236023,60,170,20,72,328,27196,9.362172738619927,4.768668525645965
913,Histology,mcet,7,3,SDE-donor paper(F=Cr=.25)+LS,sde_fixed,0.15,-220073370.7810644,-220073370.7810644,0.0,1,0.19801700004609302,60,157,30,109,484,40705,7.942612999215029,4.232373434427802
914,Histology,mcet,7,4,SDE-donor paper(F=Cr=.25)+LS,sde_fixed,0.15,-220073370.7810644,-220073370.7810644,0.0,1,0.17168970010243356,60,163,25,86,422,32543,9.793797571431687,4.909482118814016
915,Histology,mcet,7,5,SDE-donor paper(F=Cr=.25)+LS,sde_fixed,0.15,-220073360.09111804,-220073370.7810644,4.85744654861955e-08,0,0.15590599999995902,60,177,22,72,343,27130,12.432963709062935,6.179884050831855
916,Histology,mcet,7,6,SDE-donor paper(F=Cr=.25)+LS,sde_fixed,0.15,-220073370.7810644,-220073370.7810644,0.0,1,0.1851235997164622,60,199,32,97,361,36798,4.860661027938164,2.5053993817147324
917,Histology,mcet,7,7,SDE-donor paper(F=Cr=.25)+LS,sde_fixed,0.15,-220073370.7810644,-220073370.7810644,0.0,1,0.18413619976490736,60,162,30,97,401,36759,7.039048138453592,3.819378390553245
918,Histology,mcet,7,8,SDE-donor paper(F=Cr=.25)+LS,sde_fixed,0.15,-220073370.7810644,-220073370.7810644,0.0,1,0.1910653001978062,60,176,30,100,440,37876,7.58568343641214,4.63139328086902
919,Histology,mcet,7,9,SDE-donor paper(F=Cr=.25)+LS,sde_fixed,0.15,-220073359.82783753,-220073370.7810644,4.9770796100699165e-08,0,0.15771590016083792,60,145,21,73,348,27410,14.112356683919694,7.295383965914767
920,Histology,mcet,8,0,SDE-donor fixedF,sde_fixed,0.0,-220081214.50924477,-220081234.15263566,8.925518329433137e-08,0,0.08164800016675144,60,434,0,0,0,0,0.0,0.0
921,Histology,mcet,8,1,SDE-donor fixedF,sde_fixed,0.0,-220078201.6342618,-220081234.15263566,1.377908655207572e-05,0,0.08135300001595169,60,698,0,0,0,0,0.0,0.0
922,Histology,mcet,8,2,SDE-donor fixedF,sde_fixed,0.0,-220081214.50924477,-220081234.15263566,8.925518329433137e-08,0,0.08051639958284795,60,612,0,0,0,0,0.0,0.0
923,Histology,mcet,8,3,SDE-donor fixedF,sde_fixed,0.0,-220081198.2755689,-220081234.15263566,1.6301738264686847e-07,0,0.08230099972570315,60,533,0,0,0,0,0.0,0.0
924,Histology,mcet,8,4,SDE-donor fixedF,sde_fixed,0.0,-220081199.85538766,-220081234.15263566,1.5583903887998198e-07,0,0.0800651996396482,60,565,0,0,0,0,0.0,0.0
925,Histology,mcet,8,5,SDE-donor fixedF,sde_fixed,0.0,-220081207.05777174,-220081234.15263566,1.2311301336402198e-07,0,0.08195660036290064,60,653,0,0,0,0,0.0,0.0
926,Histology,mcet,8,6,SDE-donor fixedF,sde_fixed,0.0,-220081234.15263566,-220081234.15263566,0.0,1,0.08066290005808696,60,540,0,0,0,0,0.0,0.0
927,Histology,mcet,8,7,SDE-donor fixedF,sde_fixed,0.0,-220081213.11922005,-220081234.15263566,9.557114533886637e-08,0,0.08129250007914379,60,690,0,0,0,0,0.0,0.0
928,Histology,mcet,8,8,SDE-donor fixedF,sde_fixed,0.0,-220081148.83703464,-220081234.15263566,3.876550463265824e-07,0,0.08097649994306266,60,522,0,0,0,0,0.0,0.0
929,Histology,mcet,8,9,SDE-donor fixedF,sde_fixed,0.0,-220081214.50924477,-220081234.15263566,8.925518329433137e-08,0,0.07996129954699427,60,407,0,0,0,0,0.0,0.0
930,Histology,mcet,8,0,SDE-donor fixedF+LS,sde_fixed,0.15,-220081234.15263566,-220081234.15263566,0.0,1,0.2605719998246059,60,753,101,157,316,59841,0.0,0.0
931,Histology,mcet,8,1,SDE-donor fixedF+LS,sde_fixed,0.15,-220081234.15263566,-220081234.15263566,0.0,1,0.24945169989950955,60,614,90,149,362,56878,0.0,0.0
932,Histology,mcet,8,2,SDE-donor fixedF+LS,sde_fixed,0.15,-220081234.15263566,-220081234.15263566,0.0,1,0.2778894000221044,60,718,117,175,319,66675,0.0,0.0
933,Histology,mcet,8,3,SDE-donor fixedF+LS,sde_fixed,0.15,-220081234.15263566,-220081234.15263566,0.0,1,0.2801574998884462,60,676,112,179,412,67888,0.0,0.0
934,Histology,mcet,8,4,SDE-donor fixedF+LS,sde_fixed,0.15,-220081234.15263566,-220081234.15263566,0.0,1,0.2538409997941926,60,618,101,154,340,58791,0.0,0.0
935,Histology,mcet,8,5,SDE-donor fixedF+LS,sde_fixed,0.15,-220081234.15263566,-220081234.15263566,0.0,1,0.29497929994249716,60,822,131,190,392,72309,0.0,0.0
936,Histology,mcet,8,6,SDE-donor fixedF+LS,sde_fixed,0.15,-220081234.15263566,-220081234.15263566,0.0,1,0.27911370020592585,60,710,114,176,340,67032,0.0,0.0
937,Histology,mcet,8,7,SDE-donor fixedF+LS,sde_fixed,0.15,-220081234.15263566,-220081234.15263566,0.0,1,0.2371550997486338,60,647,87,137,334,52151,0.0,0.0
938,Histology,mcet,8,8,SDE-donor fixedF+LS,sde_fixed,0.15,-220081234.15263566,-220081234.15263566,0.0,1,0.2315155001124367,60,696,90,132,238,50588,0.0,0.0
939,Histology,mcet,8,9,SDE-donor fixedF+LS,sde_fixed,0.15,-220081234.15263566,-220081234.15263566,0.0,1,0.25864540017209947,60,660,99,157,361,59924,0.0,0.0
940,Histology,mcet,8,0,SDE-donor paper(F=Cr=.25),sde_fixed,0.0,-220081129.30895,-220081234.15263566,4.7638630372307177e-07,0,0.0810802000341937,60,603,0,0,0,0,0.6086082403005693,0.16211459780699633
941,Histology,mcet,8,1,SDE-donor paper(F=Cr=.25),sde_fixed,0.0,-220077025.45420265,-220081234.15263566,1.912338618608827e-05,0,0.08211429981747642,60,541,0,0,0,0,1.255907024088582,0.4054533089740754
942,Histology,mcet,8,2,SDE-donor paper(F=Cr=.25),sde_fixed,0.0,-220081187.92882797,-220081234.15263566,2.1003066377058574e-07,0,0.07995739992475137,60,395,0,0,0,0,3.9683410859829373,1.9904629303600372
943,Histology,mcet,8,3,SDE-donor paper(F=Cr=.25),sde_fixed,0.0,-220078669.46725965,-220081234.15263566,1.1653357842584469e-05,0,0.083448700257577,60,642,0,0,0,0,0.38217306648586863,0.11651097375391485
944,Histology,mcet,8,4,SDE-donor paper(F=Cr=.25),sde_fixed,0.0,-220081159.7360772,-220081234.15263566,3.3813222995056114e-07,0,0.08154859999194741,60,357,0,0,0,0,5.731073206826646,3.0867947743832547
945,Histology,mcet,8,5,SDE-donor paper(F=Cr=.25),sde_fixed,0.0,-220080803.72608846,-220081234.15263566,1.9557621478120602e-06,0,0.08125110011314973,60,295,0,0,0,0,10.102942287522165,4.652561430442283
946,Histology,mcet,8,6,SDE-donor paper(F=Cr=.25),sde_fixed,0.0,-220079988.65429404,-220081234.15263566,5.659266435938661e-06,0,0.08203909988515079,60,675,0,0,0,0,0.21242645786248,0.08172935519138765
947,Histology,mcet,8,7,SDE-donor paper(F=Cr=.25),sde_fixed,0.0,-220080930.6785436,-220081234.15263566,1.378918530854002e-06,0,0.0815025000483729,60,335,0,0,0,0,6.101972291807825,2.553246235892625
948,Histology,mcet,8,8,SDE-donor paper(F=Cr=.25),sde_fixed,0.0,-220077804.23786563,-220081234.15263566,1.558476706677383e-05,0,0.08148819988127798,60,500,0,0,0,0,2.0113430338724627,0.7400133684508416
949,Histology,mcet,8,9,SDE-donor paper(F=Cr=.25),sde_fixed,0.0,-220081198.37017524,-220081234.15263566,1.6258751255687308e-07,0,0.08237109991023317,60,536,0,0,0,0,1.0082394056014516,0.30050634329182674
950,Histology,mcet,8,0,SDE-donor paper(F=Cr=.25)+LS,sde_fixed,0.15,-220081213.11922005,-220081234.15263566,9.557114533886637e-08,0,0.16423119988758117,60,160,21,75,399,28660,12.000729942933289,5.471198002691743
951,Histology,mcet,8,1,SDE-donor paper(F=Cr=.25)+LS,sde_fixed,0.15,-220081234.15263566,-220081234.15263566,0.0,1,0.1776719000772573,60,233,27,84,296,32079,4.338783375205915,2.1362749721842977
952,Histology,mcet,8,2,SDE-donor paper(F=Cr=.25)+LS,sde_fixed,0.15,-220081219.0117161,-220081234.15263566,6.87969586523384e-08,0,0.18909430032363161,60,166,27,95,469,36476,7.839147125005224,3.448221211566085
953,Histology,mcet,8,3,SDE-donor paper(F=Cr=.25)+LS,sde_fixed,0.15,-220081219.0117161,-220081234.15263566,6.87969586523384e-08,0,0.18687019997742027,60,135,23,90,509,34291,14.990655992274423,7.13990195439208
954,Histology,mcet,8,4,SDE-donor paper(F=Cr=.25)+LS,sde_fixed,0.15,-220081234.15263566,-220081234.15263566,0.0,1,0.18743569980142638,60,237,33,93,380,35725,8.008603103065235,3.4732979015166814
955,Histology,mcet,8,5,SDE-donor paper(F=Cr=.25)+LS,sde_fixed,0.15,-220081198.01796383,-220081234.15263566,1.6418788260715823e-07,0,0.18410319980466738,60,147,27,94,414,36028,8.72883818905066,3.467858753510582
956,Histology,mcet,8,6,SDE-donor paper(F=Cr=.25)+LS,sde_fixed,0.15,-220081219.0117161,-220081234.15263566,6.87969586523384e-08,0,0.1724501998978667,60,166,22,83,445,32043,11.948726020154778,6.121766741654289
957,Histology,mcet,8,7,SDE-donor paper(F=Cr=.25)+LS,sde_fixed,0.15,-220081234.15263566,-220081234.15263566,0.0,1,0.1719495995203033,60,204,28,83,373,31585,5.238830574495125,2.2110494336455115
958,Histology,mcet,8,8,SDE-donor paper(F=Cr=.25)+LS,sde_fixed,0.15,-220081234.15263566,-220081234.15263566,0.0,1,0.17436010029632598,60,155,23,86,444,32991,13.015085061352604,6.507863105557125
959,Histology,mcet,8,9,SDE-donor paper(F=Cr=.25)+LS,sde_fixed,0.15,-220081199.85538766,-220081234.15263566,1.5583903887998198e-07,0,0.1748753999127075,60,141,21,84,518,32330,16.04832961149325,6.666391756481393
