image,criterion,n,seed,method,T_target,elapsed_time,objective,optimal_objective,relative_gap,success,starts,LS_calls,LS_sweeps,LS_moves,LS_probes,time_to_success
Cameraman,otsu,6,0,RM-MDE,0.14400930010015145,0.14400930010015145,-5837591046.118002,-5838315793.392514,0.00012413636058065242,0,nan,114,159,189,65213,nan
Cameraman,otsu,6,0,MS-LS-4S,0.14400930010015145,0.1462226999574341,-5838311039.918197,-5838315793.392514,8.141858860958465e-07,0,70,70,280,1346,118214,nan
Cameraman,otsu,6,0,MS-LS-conv,0.14400930010015145,0.14479079999728128,-5838312563.78882,-5838315793.392514,5.53173861821107e-07,0,32,32,278,956,117370,nan
Cameraman,otsu,6,1,RM-MDE,0.15487089997623116,0.15487089997623116,-5838315793.392514,-5838315793.392514,0.0,1,nan,118,167,227,71515,0.009253800148144364
Cameraman,otsu,6,1,MS-LS-4S,0.15487089997623116,0.15542059997096658,-5838315793.392514,-5838315793.392514,0.0,1,74,74,296,1452,123025,0.1387447000015527
Cameraman,otsu,6,1,MS-LS-conv,0.15487089997623116,0.15671690000453964,-5838312563.78882,-5838315793.392514,5.53173861821107e-07,0,36,36,301,1029,126317,nan
Cameraman,otsu,6,2,RM-MDE,0.1581494000274688,0.1581494000274688,-5838315793.392514,-5838315793.392514,0.0,1,nan,123,183,254,77782,0.06353900011163205
Cameraman,otsu,6,2,MS-LS-4S,0.1581494000274688,0.15851619996828958,-5838315793.392514,-5838315793.392514,0.0,1,76,76,304,1454,127291,0.002064800006337464
Cameraman,otsu,6,2,MS-LS-conv,0.1581494000274688,0.16209719999460503,-5838315793.392514,-5838315793.392514,0.0,1,35,35,305,1067,127896,0.0020786999957636
Cameraman,otsu,6,3,RM-MDE,0.14338780008256435,0.14338780008256435,-5838315793.392514,-5838315793.392514,0.0,1,nan,94,148,244,62572,0.06573700002627447
Cameraman,otsu,6,3,MS-LS-4S,0.14338780008256435,0.1443167999968864,-5838315793.392514,-5838315793.392514,0.0,1,68,68,272,1352,113940,0.01286630000686273
Cameraman,otsu,6,3,MS-LS-conv,0.14338780008256435,0.1465157000347972,-5838315793.392514,-5838315793.392514,0.0,1,33,33,287,987,119976,0.025640100007876754
Cameraman,otsu,6,4,RM-MDE,0.12660699989646673,0.12660699989646673,-5837591046.118002,-5838315793.392514,0.00012413636058065242,0,nan,78,127,229,52427,nan
Cameraman,otsu,6,4,MS-LS-4S,0.12660699989646673,0.12677859998075292,-5838315793.392514,-5838315793.392514,0.0,1,60,60,240,1192,101712,0.08497929997975007
Cameraman,otsu,6,4,MS-LS-conv,0.12660699989646673,0.1309902000357397,-5838312563.78882,-5838315793.392514,5.53173861821107e-07,0,29,29,252,878,106293,nan
Cameraman,otsu,6,5,RM-MDE,0.14546649990370497,0.14546649990370497,-5838315793.392514,-5838315793.392514,0.0,1,nan,116,157,181,67274,0.04796389990951866
Cameraman,otsu,6,5,MS-LS-4S,0.14546649990370497,0.14744500000961125,-5838312563.78882,-5838315793.392514,5.53173861821107e-07,0,68,68,272,1331,113679,nan
Cameraman,otsu,6,5,MS-LS-conv,0.14546649990370497,0.14941929996712133,-5838312563.78882,-5838315793.392514,5.53173861821107e-07,0,34,34,296,1028,123905,nan
Cameraman,otsu,6,6,RM-MDE,0.1292992997332476,0.1292992997332476,-5837591046.118002,-5838315793.392514,0.00012413636058065242,0,nan,72,134,242,55282,nan
Cameraman,otsu,6,6,MS-LS-4S,0.1292992997332476,0.13035779999336228,-5838311039.918197,-5838315793.392514,8.141858860958465e-07,0,62,62,248,1190,104432,nan
Cameraman,otsu,6,6,MS-LS-conv,0.1292992997332476,0.1319128000177443,-5838312563.78882,-5838315793.392514,5.53173861821107e-07,0,31,31,258,860,109133,nan
Cameraman,otsu,6,7,RM-MDE,0.1525435002404265,0.1525435002404265,-5838315793.392514,-5838315793.392514,0.0,1,nan,112,173,290,73430,0.05713640007888898
Cameraman,otsu,6,7,MS-LS-4S,0.1525435002404265,0.15323160000843927,-5838315793.392514,-5838315793.392514,0.0,1,74,74,296,1425,123610,0.08706890000030398
Cameraman,otsu,6,7,MS-LS-conv,0.1525435002404265,0.1537436000071466,-5838312563.78882,-5838315793.392514,5.53173861821107e-07,0,35,35,305,1039,127635,nan
Cameraman,otsu,6,8,RM-MDE,0.13928139995550737,0.13928139995550737,-5838315793.392514,-5838315793.392514,0.0,1,nan,91,145,276,61609,0.0647886999649927
Cameraman,otsu,6,8,MS-LS-4S,0.13928139995550737,0.13944260001881048,-5838315793.392514,-5838315793.392514,0.0,1,66,66,264,1280,109807,0.016170800023246557
Cameraman,otsu,6,8,MS-LS-conv,0.13928139995550737,0.14127110003028065,-5838315793.392514,-5838315793.392514,0.0,1,30,30,279,1000,115618,0.03617159998975694
Cameraman,otsu,6,9,RM-MDE,0.1254065001849085,0.1254065001849085,-5838315793.392514,-5838315793.392514,0.0,1,nan,72,119,214,50630,0.07790090021444485
Cameraman,otsu,6,9,MS-LS-4S,0.1254065001849085,0.12695579999126494,-5838312563.78882,-5838315793.392514,5.53173861821107e-07,0,60,60,240,1184,100585,nan
Cameraman,otsu,6,9,MS-LS-conv,0.1254065001849085,0.126677300024312,-5838312563.78882,-5838315793.392514,5.53173861821107e-07,0,26,26,251,897,104631,nan
Cameraman,otsu,7,0,RM-MDE,0.1511370997177437,0.1511370997177437,-5842565729.1443205,-5842565729.1443205,0.0,1,nan,93,160,339,69240,0.06221799994818866
Cameraman,otsu,7,0,MS-LS-4S,0.1511370997177437,0.15321030002087355,-5842559665.014445,-5842565729.1443205,1.037922405379808e-06,0,68,68,272,1550,117988,nan
Cameraman,otsu,7,0,MS-LS-conv,0.1511370997177437,0.15223290002904832,-5842553400.454242,-5842565729.1443205,2.110150000921079e-06,0,27,27,283,1094,122782,nan
Cameraman,otsu,7,1,RM-MDE,0.16833189979661256,0.16833189979661256,-5842565729.1443205,-5842565729.1443205,0.0,1,nan,127,188,379,80560,0.0650917999446392
Cameraman,otsu,7,1,MS-LS-4S,0.16833189979661256,0.1688290999736637,-5842565116.187863,-5842565729.1443205,1.0491220562234611e-07,0,78,78,312,1803,132963,nan
Cameraman,otsu,7,1,MS-LS-conv,0.16833189979661256,0.1749608000391163,-5842565116.187863,-5842565729.1443205,1.0491220562234611e-07,0,33,33,336,1308,143196,nan
Cameraman,otsu,7,2,RM-MDE,0.1613731998950243,0.1613731998950243,-5842562095.725591,-5842565729.1443205,6.21887523088977e-07,0,nan,136,177,231,75780,nan
Cameraman,otsu,7,2,MS-LS-4S,0.1613731998950243,0.1618386999471113,-5842565729.1443205,-5842565729.1443205,0.0,1,77,77,308,1759,131956,0.12644079996971413
Cameraman,otsu,7,2,MS-LS-conv,0.1613731998950243,0.16619650000939146,-5842562095.725591,-5842565729.1443205,6.21887523088977e-07,0,30,30,318,1266,136042,nan
Cameraman,otsu,7,3,RM-MDE,0.16596680000657216,0.16596680000657216,-5842565729.1443205,-5842565729.1443205,0.0,1,nan,128,187,278,80409,0.06055030011339113
Cameraman,otsu,7,3,MS-LS-4S,0.16596680000657216,0.16755399998510256,-5842556924.626216,-5842565729.1443205,1.5069608991532387e-06,0,78,78,312,1776,132605,nan
Cameraman,otsu,7,3,MS-LS-conv,0.16596680000657216,0.17538259999128059,-5842562095.725591,-5842565729.1443205,6.21887523088977e-07,0,30,30,339,1377,144629,nan
Cameraman,otsu,7,4,RM-MDE,0.16944689996307716,0.16944689996307716,-5842565729.1443205,-5842565729.1443205,0.0,1,nan,119,188,389,81109,0.07985450001433492
Cameraman,otsu,7,4,MS-LS-4S,0.16944689996307716,0.17015209997771308,-5842565116.187863,-5842565729.1443205,1.0491220562234611e-07,0,69,69,276,1606,119306,nan
Cameraman,otsu,7,4,MS-LS-conv,0.16944689996307716,0.16997180000180379,-5842562095.725591,-5842565729.1443205,6.21887523088977e-07,0,29,29,311,1218,133915,nan
Cameraman,otsu,7,5,RM-MDE,0.15677529975073412,0.15677529975073412,-5842565729.1443205,-5842565729.1443205,0.0,1,nan,107,167,312,72076,0.06713759974809363
Cameraman,otsu,7,5,MS-LS-4S,0.15677529975073412,0.1588540999800898,-5842561657.110817,-5842565729.1443205,6.969598105195445e-07,0,75,75,300,1681,127453,nan
Cameraman,otsu,7,5,MS-LS-conv,0.15677529975073412,0.16160529997432604,-5842553400.454242,-5842565729.1443205,2.110150000921079e-06,0,29,29,311,1206,132794,nan
Cameraman,otsu,7,6,RM-MDE,0.16069320001406595,0.16069320001406595,-5840857952.338393,-5842565729.1443205,0.00029229911739091225,0,nan,114,164,228,72961,nan
Cameraman,otsu,7,6,MS-LS-4S,0.16069320001406595,0.16110159998061135,-5842537975.100652,-5842565729.1443205,4.750317746585574e-06,0,74,74,296,1707,127688,nan
Cameraman,otsu,7,6,MS-LS-conv,0.16069320001406595,0.16176839999388903,-5842562095.725591,-5842565729.1443205,6.21887523088977e-07,0,30,30,300,1139,129600,nan
Cameraman,otsu,7,7,RM-MDE,0.17071680014487356,0.17071680014487356,-5842565729.1443205,-5842565729.1443205,0.0,1,nan,137,190,294,81479,0.05811720003839582
Cameraman,otsu,7,7,MS-LS-4S,0.17071680014487356,0.17141670000273734,-5842559820.959522,-5842565729.1443205,1.0112312076814155e-06,0,80,80,320,1825,136708,nan
Cameraman,otsu,7,7,MS-LS-conv,0.17071680014487356,0.17236180003965273,-5842565729.1443205,-5842565729.1443205,0.0,1,34,34,325,1241,139461,0.007558000041171908
Cameraman,otsu,7,8,RM-MDE,0.15001500060316175,0.15001500060316175,-5842565729.1443205,-5842565729.1443205,0.0,1,nan,102,159,311,67999,0.0385379001381807
Cameraman,otsu,7,8,MS-LS-4S,0.15001500060316175,0.15148880000924692,-5842551577.323833,-5842565729.1443205,2.4221927733614084e-06,0,71,71,284,1580,120556,nan
Cameraman,otsu,7,8,MS-LS-conv,0.15001500060316175,0.15257330000167713,-5842562095.725591,-5842565729.1443205,6.21887523088977e-07,0,27,27,296,1159,124960,nan
Cameraman,otsu,7,9,RM-MDE,0.15474969992646948,0.15474969992646948,-5842565729.1443205,-5842565729.1443205,0.0,1,nan,106,165,321,70670,0.04735669994261116
Cameraman,otsu,7,9,MS-LS-4S,0.15474969992646948,0.15661290002753958,-5842565729.1443205,-5842565729.1443205,0.0,1,72,72,288,1644,122681,0.11693130002822727
Cameraman,otsu,7,9,MS-LS-conv,0.15474969992646948,0.1601420000079088,-5842553400.454242,-5842565729.1443205,2.110150000921079e-06,0,28,28,300,1226,127866,nan
Cameraman,otsu,8,0,RM-MDE,0.14692910033045337,0.14692910033045337,-5845093730.161653,-5845093730.161653,0.0,1,nan,81,143,346,61631,0.0582109002280049
Cameraman,otsu,8,0,MS-LS-4S,0.14692910033045337,0.14880049997009337,-5845093730.161653,-5845093730.161653,0.0,1,63,63,252,1709,110536,0.007161099987570196
Cameraman,otsu,8,0,MS-LS-conv,0.14692910033045337,0.14980070001911372,-5845093730.161653,-5845093730.161653,0.0,1,18,18,269,1231,118271,0.018630700011271983
Cameraman,otsu,8,1,RM-MDE,0.17381229990860447,0.17381229990860447,-5845093730.161653,-5845093730.161653,0.0,1,nan,122,186,398,79833,0.019189200073014945
Cameraman,otsu,8,1,MS-LS-4S,0.17381229990860447,0.1740476000122726,-5845089992.999176,-5845093730.161653,6.393674163435966e-07,0,79,79,316,2105,136440,nan
Cameraman,otsu,8,1,MS-LS-conv,0.17381229990860447,0.18763520003994927,-5845093730.161653,-5845093730.161653,0.0,1,25,25,351,1570,152610,0.012122900050599128
Cameraman,otsu,8,2,RM-MDE,0.12660560000222176,0.12660560000222176,-5845093730.161653,-5845093730.161653,0.0,1,nan,65,115,307,49097,0.03524689999176189
Cameraman,otsu,8,2,MS-LS-4S,0.12660560000222176,0.12839219998568296,-5845088222.722432,-5845093730.161653,9.42232832299877e-07,0,58,58,232,1529,100306,nan
Cameraman,otsu,8,2,MS-LS-conv,0.12660560000222176,0.13359979999950156,-5845093730.161653,-5845093730.161653,0.0,1,15,15,248,1107,107323,0.007931699976325035
Cameraman,otsu,8,3,RM-MDE,0.1529508997919038,0.1529508997919038,-5845063081.856273,-5845093730.161653,5.243424108276864e-06,0,nan,107,155,288,68995,nan
Cameraman,otsu,8,3,MS-LS-4S,0.1529508997919038,0.15434240002650768,-5845089992.999176,-5845093730.161653,6.393674163435966e-07,0,69,69,276,1778,119466,nan
Cameraman,otsu,8,3,MS-LS-conv,0.1529508997919038,0.16055319999577478,-5845093730.161653,-5845093730.161653,0.0,1,19,19,292,1329,126141,0.008988499990664423
Cameraman,otsu,8,4,RM-MDE,0.13349279999965802,0.13349279999965802,-5845093730.161653,-5845093730.161653,0.0,1,nan,76,129,320,55495,0.06458799995016307
Cameraman,otsu,8,4,MS-LS-4S,0.13349279999965802,0.1344016999937594,-5845088199.359517,-5845093730.161653,9.462298451995172e-07,0,60,60,240,1634,105372,nan
Cameraman,otsu,8,4,MS-LS-conv,0.13349279999965802,0.13972620002459735,-5845093730.161653,-5845093730.161653,0.0,1,16,16,256,1192,111679,0.08781749999616295
Cameraman,otsu,8,5,RM-MDE,0.1562252996955067,0.1562252996955067,-5845093730.161653,-5845093730.161653,0.0,1,nan,93,171,448,73716,0.06885889981640503
Cameraman,otsu,8,5,MS-LS-4S,0.1562252996955067,0.15658340003574267,-5845088222.722432,-5845093730.161653,9.42232832299877e-07,0,72,72,288,1883,124359,nan
Cameraman,otsu,8,5,MS-LS-conv,0.1562252996955067,0.1604869999573566,-5845093730.161653,-5845093730.161653,0.0,1,19,19,295,1338,128429,0.004943299980368465
Cameraman,otsu,8,6,RM-MDE,0.15996080014156178,0.15996080014156178,-5845093730.161653,-5845093730.161653,0.0,1,nan,101,170,415,73911,0.055754999979399145
Cameraman,otsu,8,6,MS-LS-4S,0.15996080014156178,0.1607036999776028,-5845088222.722432,-5845093730.161653,9.42232832299877e-07,0,72,72,288,1885,125913,nan
Cameraman,otsu,8,6,MS-LS-conv,0.15996080014156178,0.17105159995844588,-5845093730.161653,-5845093730.161653,0.0,1,21,21,313,1403,138126,0.021522599970921874
Cameraman,otsu,8,7,RM-MDE,0.13931740022962913,0.13931740022962913,-5845093730.161653,-5845093730.161653,0.0,1,nan,65,116,313,50516,0.010258099995553493
Cameraman,otsu,8,7,MS-LS-4S,0.13931740022962913,0.14090060000307858,-5845072518.38142,-5845093730.161653,3.628988894219643e-06,0,59,59,236,1595,102668,nan
Cameraman,otsu,8,7,MS-LS-conv,0.13931740022962913,0.14894309994997457,-5845093730.161653,-5845093730.161653,0.0,1,18,18,270,1214,117854,0.018359699985012412
Cameraman,otsu,8,8,RM-MDE,0.11756279971450567,0.11756279971450567,-5845093730.161653,-5845093730.161653,0.0,1,nan,44,99,273,43087,0.05367959977593273
Cameraman,otsu,8,8,MS-LS-4S,0.11756279971450567,0.11955960001796484,-5845087902.874341,-5845093730.161653,9.969536128196177e-07,0,53,53,212,1364,91548,nan
Cameraman,otsu,8,8,MS-LS-conv,0.11756279971450567,0.12556700001005083,-5845093730.161653,-5845093730.161653,0.0,1,16,16,236,1048,100199,0.012926800001878291
Cameraman,otsu,8,9,RM-MDE,0.13796600053319708,0.13796600053319708,-5845093730.161653,-5845093730.161653,0.0,1,nan,66,137,480,59431,0.07895250024739653
Cameraman,otsu,8,9,MS-LS-4S,0.13796600053319708,0.139309799997136,-5845056605.41933,-5845093730.161653,6.3514366127872215e-06,0,62,62,248,1685,107164,nan
Cameraman,otsu,8,9,MS-LS-conv,0.13796600053319708,0.13929170003393665,-5845093730.161653,-5845093730.161653,0.0,1,15,15,248,1167,108148,0.05629710003267974
Cameraman,kapur,6,0,RM-MDE,0.38358050014358014,0.38358050014358014,-24.086291954736396,-24.086291954736396,0.0,1,nan,135,192,273,81825,0.1263307001790963
Cameraman,kapur,6,0,MS-LS-4S,0.38358050014358014,0.3864173000329174,-24.086291954736396,-24.086291954736396,0.0,1,61,61,244,1080,106098,0.0510832000290975
Cameraman,kapur,6,0,MS-LS-conv,0.38358050014358014,0.39798120001796633,-24.086291954736396,-24.086291954736396,0.0,1,30,30,255,889,109988,0.0520072000217624
Cameraman,kapur,6,1,RM-MDE,0.3953867998206988,0.3953867998206988,-24.086291954736396,-24.086291954736396,0.0,1,nan,154,201,179,86116,0.04518279997864738
Cameraman,kapur,6,1,MS-LS-4S,0.3953867998206988,0.400456800009124,-24.086291954736396,-24.086291954736396,0.0,1,64,64,256,1143,109443,0.06903219997184351
Cameraman,kapur,6,1,MS-LS-conv,0.3953867998206988,0.4057830000529066,-24.086291954736396,-24.086291954736396,0.0,1,31,31,261,901,111466,0.033750000002328306
Cameraman,kapur,6,2,RM-MDE,0.347903799964115,0.347903799964115,-24.086291954736396,-24.086291954736396,0.0,1,nan,130,171,177,73152,0.062356799899134785
Cameraman,kapur,6,2,MS-LS-4S,0.347903799964115,0.34825589996762574,-24.086291954736396,-24.086291954736396,0.0,1,55,55,220,999,94138,0.006087499961722642
Cameraman,kapur,6,2,MS-LS-conv,0.347903799964115,0.3642169000231661,-24.086291954736396,-24.086291954736396,0.0,1,25,25,234,840,99933,0.007668100006412715
Cameraman,kapur,6,3,RM-MDE,0.34956709999823943,0.34956709999823943,-24.086291954736396,-24.086291954736396,0.0,1,nan,121,169,225,72102,0.07319209992419928
Cameraman,kapur,6,3,MS-LS-4S,0.34956709999823943,0.35122499999124557,-24.086291954736396,-24.086291954736396,0.0,1,54,54,216,955,92683,0.037771500006783754
Cameraman,kapur,6,3,MS-LS-conv,0.34956709999823943,0.36084169999230653,-24.086291954736396,-24.086291954736396,0.0,1,24,24,234,830,99597,0.0234065999975428
Cameraman,kapur,6,4,RM-MDE,0.30038830038392916,0.30038830038392916,-24.086291954736396,-24.086291954736396,0.0,1,nan,109,144,153,61664,0.08490550029091537
Cameraman,kapur,6,4,MS-LS-4S,0.30038830038392916,0.3056520000100136,-24.086291954736396,-24.086291954736396,0.0,1,49,49,195,883,85150,0.2445519999600947
Cameraman,kapur,6,4,MS-LS-conv,0.30038830038392916,0.30397490004543215,-24.086291954736396,-24.086291954736396,0.0,1,23,23,195,676,83868,0.06656310003018007
Cameraman,kapur,6,5,RM-MDE,0.36060960014583543,0.36060960014583543,-24.086291954736396,-24.086291954736396,0.0,1,nan,136,181,193,77673,0.0700070999446325
Cameraman,kapur,6,5,MS-LS-4S,0.36060960014583543,0.3617921000113711,-24.086291954736396,-24.086291954736396,0.0,1,57,57,228,1028,97835,0.29245629999786615
Cameraman,kapur,6,5,MS-LS-conv,0.36060960014583543,0.37491979997139424,-24.086291954736396,-24.086291954736396,0.0,1,26,26,242,855,103450,0.010916100000031292
Cameraman,kapur,6,6,RM-MDE,0.3712575997924432,0.3712575997924432,-24.086291954736396,-24.086291954736396,0.0,1,nan,146,188,164,80488,0.08338119986001402
Cameraman,kapur,6,6,MS-LS-4S,0.3712575997924432,0.37263729999540374,-24.086291954736396,-24.086291954736396,0.0,1,60,60,239,1039,103053,0.01237730000866577
Cameraman,kapur,6,6,MS-LS-conv,0.3712575997924432,0.3735025000059977,-24.086291954736396,-24.086291954736396,0.0,1,31,31,240,832,103402,0.01403369999025017
Cameraman,kapur,6,7,RM-MDE,0.35920450009871274,0.35920450009871274,-24.086291954736396,-24.086291954736396,0.0,1,nan,135,178,169,76382,0.09818550007184967
Cameraman,kapur,6,7,MS-LS-4S,0.35920450009871274,0.3624546000501141,-24.086291954736396,-24.086291954736396,0.0,1,58,58,231,1032,99737,0.031794500013347715
Cameraman,kapur,6,7,MS-LS-conv,0.35920450009871274,0.37315130000934005,-24.086291954736396,-24.086291954736396,0.0,1,27,27,238,837,102050,0.031437700032256544
Cameraman,kapur,6,8,RM-MDE,0.3403630000539124,0.3403630000539124,-24.086291954736396,-24.086291954736396,0.0,1,nan,129,169,160,72223,0.018575500056613237
Cameraman,kapur,6,8,MS-LS-4S,0.3403630000539124,0.34525690000737086,-24.086291954736396,-24.086291954736396,0.0,1,56,56,223,963,95465,0.024150500015821308
Cameraman,kapur,6,8,MS-LS-conv,0.3403630000539124,0.3426052000140771,-24.086291954736396,-24.086291954736396,0.0,1,21,21,226,805,95824,0.0302767000393942
Cameraman,kapur,6,9,RM-MDE,0.3652362996363081,0.3652362996363081,-24.086291954736396,-24.086291954736396,0.0,1,nan,130,184,262,78941,0.09470150002744049
Cameraman,kapur,6,9,MS-LS-4S,0.3652362996363081,0.36574280000058934,-24.086291954736396,-24.086291954736396,0.0,1,59,59,235,1054,101570,0.16132379998452961
Cameraman,kapur,6,9,MS-LS-conv,0.3652362996363081,0.3834768999950029,-24.086291954736396,-24.086291954736396,0.0,1,25,25,252,909,107952,0.029013500025030226
Cameraman,kapur,7,0,RM-MDE,0.26836559956427664,0.26836559956427664,-26.69072456102377,-26.69072456102377,0.0,1,nan,79,124,219,52800,0.12173509981948882
Cameraman,kapur,7,0,MS-LS-4S,0.26836559956427664,0.2729140999726951,-26.69072456102377,-26.69072456102377,0.0,1,43,43,172,844,75654,0.17099959996994585
Cameraman,kapur,7,0,MS-LS-conv,0.26836559956427664,0.2742532000411302,-26.690087957788613,-26.69072456102377,2.385110354357081e-05,0,25,25,175,647,76256,nan
Cameraman,kapur,7,1,RM-MDE,0.327634499699343,0.327634499699343,-26.69072456102377,-26.69072456102377,0.0,1,nan,111,160,246,68252,0.05183499999111518
Cameraman,kapur,7,1,MS-LS-4S,0.327634499699343,0.3312247999710962,-26.69072456102377,-26.69072456102377,0.0,1,53,53,212,1087,91103,0.25732609996339306
Cameraman,kapur,7,1,MS-LS-conv,0.327634499699343,0.33616930001880974,-26.690087957788613,-26.69072456102377,2.385110354357081e-05,0,26,26,214,792,92128,nan
Cameraman,kapur,7,2,RM-MDE,0.31249860004754737,0.31249860004754737,-26.69072456102377,-26.69072456102377,0.0,1,nan,111,151,197,64345,0.04629589995602146
Cameraman,kapur,7,2,MS-LS-4S,0.31249860004754737,0.31357589998515323,-26.69072456102377,-26.69072456102377,0.0,1,50,50,200,1031,86403,0.07530600001337007
Cameraman,kapur,7,2,MS-LS-conv,0.31249860004754737,0.3159529999829829,-26.69072456102377,-26.69072456102377,0.0,1,26,26,202,797,87649,0.12023160001263022
Cameraman,kapur,7,3,RM-MDE,0.26796469994587824,0.26796469994587824,-26.69072456102377,-26.69072456102377,0.0,1,nan,76,120,200,50946,0.13283370016142726
Cameraman,kapur,7,3,MS-LS-4S,0.26796469994587824,0.27039260003948584,-26.68607723954154,-26.69072456102377,0.0001741174718433006,0,42,42,168,876,72562,nan
Cameraman,kapur,7,3,MS-LS-conv,0.26796469994587824,0.2770880000316538,-26.690087957788613,-26.69072456102377,2.385110354357081e-05,0,22,22,180,705,77274,nan
Cameraman,kapur,7,4,RM-MDE,0.29762659955304116,0.29762659955304116,-26.69072456102377,-26.69072456102377,0.0,1,nan,92,139,221,59524,0.06540349981514737
Cameraman,kapur,7,4,MS-LS-4S,0.29762659955304116,0.29993879998801276,-26.69072456102377,-26.69072456102377,0.0,1,47,47,188,936,82828,0.29993879998801276
Cameraman,kapur,7,4,MS-LS-conv,0.29762659955304116,0.313421799975913,-26.690087957788613,-26.69072456102377,2.385110354357081e-05,0,27,27,198,753,86255,nan
Cameraman,kapur,7,5,RM-MDE,0.2659014998935163,0.2659014998935163,-26.69072456102377,-26.69072456102377,0.0,1,nan,85,121,175,51413,0.11233720008749515
Cameraman,kapur,7,5,MS-LS-4S,0.2659014998935163,0.26722089998656884,-26.690063854443586,-26.69072456102377,2.4754164266836387e-05,0,43,43,172,878,74267,nan
Cameraman,kapur,7,5,MS-LS-conv,0.2659014998935163,0.2676903999526985,-26.69072456102377,-26.69072456102377,0.0,1,23,23,173,659,74770,0.09866059996420518
Cameraman,kapur,7,6,RM-MDE,0.32547130004968494,0.32547130004968494,-26.69072456102377,-26.69072456102377,0.0,1,nan,113,159,184,67707,0.008220799965783954
Cameraman,kapur,7,6,MS-LS-4S,0.32547130004968494,0.32809480000287294,-26.690087957788613,-26.69072456102377,2.385110354357081e-05,0,52,52,208,1053,90516,nan
Cameraman,kapur,7,6,MS-LS-conv,0.32547130004968494,0.3335823999950662,-26.690087957788613,-26.69072456102377,2.385110354357081e-05,0,27,27,213,785,92792,nan
Cameraman,kapur,7,7,RM-MDE,0.2699711998575367,0.2699711998575367,-26.69072456102377,-26.69072456102377,0.0,1,nan,78,124,214,53015,0.11187509988667443
Cameraman,kapur,7,7,MS-LS-4S,0.2699711998575367,0.271331200026907,-26.687029231516902,-26.69072456102377,0.00013844995097153407,0,43,43,172,887,74302,nan
Cameraman,kapur,7,7,MS-LS-conv,0.2699711998575367,0.28344900003867224,-26.690087957788613,-26.69072456102377,2.385110354357081e-05,0,22,22,181,693,78284,nan
Cameraman,kapur,7,8,RM-MDE,0.29320299986284226,0.29320299986284226,-26.69072456102377,-26.69072456102377,0.0,1,nan,84,139,277,59049,0.09725480008637533
Cameraman,kapur,7,8,MS-LS-4S,0.29320299986284226,0.29806640004971996,-26.69072456102377,-26.69072456102377,0.0,1,48,48,192,1018,82969,0.2366704000160098
Cameraman,kapur,7,8,MS-LS-conv,0.29320299986284226,0.30428739998023957,-26.690087957788613,-26.69072456102377,2.385110354357081e-05,0,20,20,198,793,85312,nan
Cameraman,kapur,7,9,RM-MDE,0.37115520000224933,0.37115520000224933,-26.69072456102377,-26.69072456102377,0.0,1,nan,134,186,246,79380,0.10351039987290278
Cameraman,kapur,7,9,MS-LS-4S,0.37115520000224933,0.3716998000163585,-26.690087957788613,-26.69072456102377,2.385110354357081e-05,0,59,59,236,1194,102398,nan
Cameraman,kapur,7,9,MS-LS-conv,0.37115520000224933,0.3746167999925092,-26.690087957788613,-26.69072456102377,2.385110354357081e-05,0,30,30,238,952,103520,nan
Cameraman,kapur,8,0,RM-MDE,0.36155430029612035,0.36155430029612035,-29.12665447490945,-29.12665447490945,0.0,1,nan,133,177,266,75618,0.06648550002137199
Cameraman,kapur,8,0,MS-LS-4S,0.36155430029612035,0.36538620002102107,-29.12665447490945,-29.12665447490945,0.0,1,56,56,224,1310,98690,0.26072199997724965
Cameraman,kapur,8,0,MS-LS-conv,0.36155430029612035,0.36413840000750497,-29.12665447490945,-29.12665447490945,0.0,1,29,29,227,936,99284,0.06654869997873902
Cameraman,kapur,8,1,RM-MDE,0.38882310007466003,0.38882310007466003,-29.12665447490945,-29.12665447490945,0.0,1,nan,143,195,300,83259,0.08814270002767444
Cameraman,kapur,8,1,MS-LS-4S,0.38882310007466003,0.38956010004039854,-29.12665447490945,-29.12665447490945,0.0,1,62,62,248,1467,107401,0.2771649000351317
Cameraman,kapur,8,1,MS-LS-conv,0.38882310007466003,0.41720820002956316,-29.12665447490945,-29.12665447490945,0.0,1,31,31,270,1136,116583,0.02153520000865683
Cameraman,kapur,8,2,RM-MDE,0.37786459986818954,0.37786459986818954,-29.12665447490945,-29.12665447490945,0.0,1,nan,122,190,338,81372,0.09482090000528842
Cameraman,kapur,8,2,MS-LS-4S,0.37786459986818954,0.38413640001090243,-29.12665447490945,-29.12665447490945,0.0,1,61,61,244,1420,105937,0.1014121999614872
Cameraman,kapur,8,2,MS-LS-conv,0.37786459986818954,0.4100334999966435,-29.12665447490945,-29.12665447490945,0.0,1,30,30,265,1095,114957,0.029914400016423315
Cameraman,kapur,8,3,RM-MDE,0.39739150006789714,0.39739150006789714,-29.12665447490945,-29.12665447490945,0.0,1,nan,135,200,354,85582,0.04260640003485605
Cameraman,kapur,8,3,MS-LS-4S,0.39739150006789714,0.39839430002029985,-29.12665447490945,-29.12665447490945,0.0,1,63,63,252,1476,108728,0.02506280003581196
Cameraman,kapur,8,3,MS-LS-conv,0.39739150006789714,0.40092210000148043,-29.12665447490945,-29.12665447490945,0.0,1,31,31,257,1087,110327,0.04839230002835393
Cameraman,kapur,8,4,RM-MDE,0.383727399923373,0.383727399923373,-29.12665447490945,-29.12665447490945,0.0,1,nan,146,192,258,82123,0.06232810002984479
Cameraman,kapur,8,4,MS-LS-4S,0.383727399923373,0.38374399999156594,-29.12665447490945,-29.12665447490945,0.0,1,60,60,240,1391,105541,0.1805684000137262
Cameraman,kapur,8,4,MS-LS-conv,0.383727399923373,0.39570829999865964,-29.12665447490945,-29.12665447490945,0.0,1,31,31,252,1044,110238,0.049557299993466586
Cameraman,kapur,8,5,RM-MDE,0.33395480003673583,0.33395480003673583,-29.12665447490945,-29.12665447490945,0.0,1,nan,122,159,215,68039,0.058847400126978755
Cameraman,kapur,8,5,MS-LS-4S,0.33395480003673583,0.3355032000108622,-29.125063297356746,-29.12665447490945,5.462960238276331e-05,0,53,53,212,1277,91891,nan
Cameraman,kapur,8,5,MS-LS-conv,0.33395480003673583,0.33732099999906495,-29.12665447490945,-29.12665447490945,0.0,1,23,23,217,936,94010,0.07061380002414808
Cameraman,kapur,8,6,RM-MDE,0.37163499993039295,0.37163499993039295,-29.12665447490945,-29.12665447490945,0.0,1,nan,122,184,341,78469,0.057850200042594224
Cameraman,kapur,8,6,MS-LS-4S,0.37163499993039295,0.3776786000235006,-29.12665447490945,-29.12665447490945,0.0,1,57,57,228,1331,100272,0.05229459999827668
Cameraman,kapur,8,6,MS-LS-conv,0.37163499993039295,0.37508129997877404,-29.12665447490945,-29.12665447490945,0.0,1,30,30,237,987,103546,0.010725500003900379
Cameraman,kapur,8,7,RM-MDE,0.3259557998389937,0.3259557998389937,-29.12665447490945,-29.12665447490945,0.0,1,nan,100,151,272,64370,0.040623099950607866
Cameraman,kapur,8,7,MS-LS-4S,0.3259557998389937,0.3307440999778919,-29.104645963589533,-29.12665447490945,0.0007556141176075103,0,52,52,208,1230,90079,nan
Cameraman,kapur,8,7,MS-LS-conv,0.3259557998389937,0.341318599996157,-29.12665447490945,-29.12665447490945,0.0,1,24,24,220,939,94896,0.03029749996494502
Cameraman,kapur,8,8,RM-MDE,0.34960960026364774,0.34960960026364774,-29.12665447490945,-29.12665447490945,0.0,1,nan,117,170,294,72479,0.05183979996945709
Cameraman,kapur,8,8,MS-LS-4S,0.34960960026364774,0.3514129999675788,-29.12665447490945,-29.12665447490945,0.0,1,55,55,220,1300,95337,0.24258679995546117
Cameraman,kapur,8,8,MS-LS-conv,0.34960960026364774,0.35351669997908175,-29.12665447490945,-29.12665447490945,0.0,1,22,22,226,979,97441,0.04643659997964278
Cameraman,kapur,8,9,RM-MDE,0.3888342000427656,0.3888342000427656,-29.12665447490945,-29.12665447490945,0.0,1,nan,131,190,346,81274,0.07819350005593151
Cameraman,kapur,8,9,MS-LS-4S,0.3888342000427656,0.3921359999803826,-29.12665447490945,-29.12665447490945,0.0,1,62,62,248,1478,107687,0.25931839999975637
Cameraman,kapur,8,9,MS-LS-conv,0.3888342000427656,0.39334800001233816,-29.12665447490945,-29.12665447490945,0.0,1,27,27,248,1079,107665,0.09854400000767782
Cameraman,mcet,6,0,RM-MDE,0.27363919996423647,0.27363919996423647,-172807242.558218,-172807242.558218,0.0,1,nan,116,163,208,67527,0.09695759997703135
Cameraman,mcet,6,0,MS-LS-4S,0.27363919996423647,0.27448939997702837,-172807242.558218,-172807242.558218,0.0,1,51,51,204,1094,92753,0.139092699973844
Cameraman,mcet,6,0,MS-LS-conv,0.27363919996423647,0.28416129999095574,-172807225.0407741,-172807242.558218,1.0136984790691521e-07,0,25,25,215,890,96149,nan
Cameraman,mcet,6,1,RM-MDE,0.34553160023642704,0.34553160023642704,-172807242.558218,-172807242.558218,0.0,1,nan,144,216,326,90597,0.1562612999114208
Cameraman,mcet,6,1,MS-LS-4S,0.34553160023642704,0.3510869999881834,-172807242.558218,-172807242.558218,0.0,1,66,66,264,1387,116940,0.17910150001989678
Cameraman,mcet,6,1,MS-LS-conv,0.34553160023642704,0.3554126999806613,-172807242.558218,-172807242.558218,0.0,1,32,32,269,1079,118812,0.029256800014991313
Cameraman,mcet,6,2,RM-MDE,0.2999823002028279,0.2999823002028279,-172807242.558218,-172807242.558218,0.0,1,nan,129,183,249,75446,0.02001350000500679
Cameraman,mcet,6,2,MS-LS-4S,0.2999823002028279,0.300884899974335,-172807225.0407741,-172807242.558218,1.0136984790691521e-07,0,56,56,224,1173,99869,nan
Cameraman,mcet,6,2,MS-LS-conv,0.2999823002028279,0.30137010000180453,-172807225.0407741,-172807242.558218,1.0136984790691521e-07,0,27,27,233,943,101893,nan
Cameraman,mcet,6,3,RM-MDE,0.29202629963401705,0.29202629963401705,-172807242.558218,-172807242.558218,0.0,1,nan,117,177,247,72988,0.0480153999524191
Cameraman,mcet,6,3,MS-LS-4S,0.29202629963401705,0.2963886999641545,-172807242.558218,-172807242.558218,0.0,1,55,55,220,1115,98582,0.009844599990174174
Cameraman,mcet,6,3,MS-LS-conv,0.29202629963401705,0.29414539999561384,-172807242.558218,-172807242.558218,0.0,1,29,29,223,876,98114,0.01496269996277988
Cameraman,mcet,6,4,RM-MDE,0.30184830020880327,0.30184830020880327,-172807242.558218,-172807242.558218,0.0,1,nan,134,187,276,77667,0.1143453000113368
Cameraman,mcet,6,4,MS-LS-4S,0.30184830020880327,0.3044852999737486,-172807225.0407741,-172807242.558218,1.0136984790691521e-07,0,56,56,224,1203,102110,nan
Cameraman,mcet,6,4,MS-LS-conv,0.30184830020880327,0.3053728999802843,-172807225.0407741,-172807242.558218,1.0136984790691521e-07,0,27,27,226,954,101440,nan
Cameraman,mcet,6,5,RM-MDE,0.2867383000557311,0.2867383000557311,-172807242.558218,-172807242.558218,0.0,1,nan,104,171,302,71204,0.12097420019563287
Cameraman,mcet,6,5,MS-LS-4S,0.2867383000557311,0.28918739996152,-172807242.558218,-172807242.558218,0.0,1,55,55,220,1131,98319,0.11721419997047633
Cameraman,mcet,6,5,MS-LS-conv,0.2867383000557311,0.29398529999889433,-172807242.558218,-172807242.558218,0.0,1,27,27,229,908,101062,0.2473863000050187
Cameraman,mcet,6,6,RM-MDE,0.3243073998601176,0.3243073998601176,-172807242.558218,-172807242.558218,0.0,1,nan,132,205,339,86191,0.13825769984396175
Cameraman,mcet,6,6,MS-LS-4S,0.3243073998601176,0.32658019999507815,-172807181.197834,-172807242.558218,3.550799322936636e-07,0,61,61,244,1260,110031,nan
Cameraman,mcet,6,6,MS-LS-conv,0.3243073998601176,0.32623639999656007,-172807225.0407741,-172807242.558218,1.0136984790691521e-07,0,30,30,248,1025,111264,nan
Cameraman,mcet,6,7,RM-MDE,0.30998309975257143,0.30998309975257143,-172807242.558218,-172807242.558218,0.0,1,nan,133,195,296,81603,0.13168849993962795
Cameraman,mcet,6,7,MS-LS-4S,0.30998309975257143,0.3134534999844618,-172807180.13753673,-172807242.558218,3.6121565476023093e-07,0,59,59,236,1242,105388,nan
Cameraman,mcet,6,7,MS-LS-conv,0.30998309975257143,0.31260419997852296,-172807225.0407741,-172807242.558218,1.0136984790691521e-07,0,30,30,240,968,106248,nan
Cameraman,mcet,6,8,RM-MDE,0.2990164000657387,0.2990164000657387,-172807242.558218,-172807242.558218,0.0,1,nan,128,185,271,76092,0.11557109991554171
Cameraman,mcet,6,8,MS-LS-4S,0.2990164000657387,0.30108019994804636,-172807225.0407741,-172807242.558218,1.0136984790691521e-07,0,57,57,228,1157,101352,nan
Cameraman,mcet,6,8,MS-LS-conv,0.2990164000657387,0.30534080002689734,-172807225.0407741,-172807242.558218,1.0136984790691521e-07,0,27,27,245,947,105483,nan
Cameraman,mcet,6,9,RM-MDE,0.2945745000615716,0.2945745000615716,-172807242.558218,-172807242.558218,0.0,1,nan,130,186,290,76599,0.10612860013497993
Cameraman,mcet,6,9,MS-LS-4S,0.2945745000615716,0.29821939999237657,-172807181.197834,-172807242.558218,3.550799322936636e-07,0,55,55,220,1129,98867,nan
Cameraman,mcet,6,9,MS-LS-conv,0.2945745000615716,0.29694169998401776,-172807225.0407741,-172807242.558218,1.0136984790691521e-07,0,25,25,231,917,101438,nan
Cameraman,mcet,7,0,RM-MDE,0.21002649975707754,0.21002649975707754,-172823085.43381336,-172823085.43381336,0.0,1,nan,42,107,345,45387,0.1177880999748595
Cameraman,mcet,7,0,MS-LS-4S,0.21002649975707754,0.21115190000273287,-172822943.46722472,-172823085.43381336,8.214561630456649e-07,0,38,38,152,870,70353,nan
Cameraman,mcet,7,0,MS-LS-conv,0.21002649975707754,0.21128530002897605,-172823085.43381336,-172823085.43381336,0.0,1,21,21,155,656,70597,0.08500760002061725
Cameraman,mcet,7,1,RM-MDE,0.229103299905546,0.229103299905546,-172823085.43381336,-172823085.43381336,0.0,1,nan,68,128,301,53236,0.03848619991913438
Cameraman,mcet,7,1,MS-LS-4S,0.229103299905546,0.23377120000077412,-172822224.55746737,-172823085.43381336,4.981257821147864e-06,0,43,43,172,1015,77405,nan
Cameraman,mcet,7,1,MS-LS-conv,0.229103299905546,0.2351795999566093,-172823076.69262776,-172823085.43381336,5.057880770722388e-08,0,20,20,182,771,81261,nan
Cameraman,mcet,7,2,RM-MDE,0.271395800053142,0.271395800053142,-172823085.43381336,-172823085.43381336,0.0,1,nan,91,162,330,67259,0.11392700008582324
Cameraman,mcet,7,2,MS-LS-4S,0.271395800053142,0.2737920999643393,-172822050.62773234,-172823085.43381336,5.9876611879093875e-06,0,52,52,207,1175,93127,nan
Cameraman,mcet,7,2,MS-LS-conv,0.271395800053142,0.2770100000197999,-172823013.78887945,-172823085.43381336,4.145565028499383e-07,0,23,23,210,885,92895,nan
Cameraman,mcet,7,3,RM-MDE,0.2363250000635162,0.2363250000635162,-172823085.43381336,-172823085.43381336,0.0,1,nan,56,132,397,56243,0.1458487000199966
Cameraman,mcet,7,3,MS-LS-4S,0.2363250000635162,0.23739299998851493,-172822825.62358397,-172823085.43381336,1.5033305807421197e-06,0,44,44,176,1031,79980,nan
Cameraman,mcet,7,3,MS-LS-conv,0.2363250000635162,0.23660080000991002,-172823065.2126412,-172823085.43381336,1.170050407513058e-07,0,21,21,183,771,80923,nan
Cameraman,mcet,7,4,RM-MDE,0.27149960002861917,0.27149960002861917,-172823085.43381336,-172823085.43381336,0.0,1,nan,56,159,417,67115,0.2213650000630878
Cameraman,mcet,7,4,MS-LS-4S,0.27149960002861917,0.2731447000405751,-172821626.10112843,-172823085.43381336,8.444084199000281e-06,0,50,50,200,1196,92566,nan
Cameraman,mcet,7,4,MS-LS-conv,0.27149960002861917,0.27501159999519587,-172821814.52365002,-172823085.43381336,7.353821742927263e-06,0,26,26,208,928,94387,nan
Cameraman,mcet,7,5,RM-MDE,0.22769319987855852,0.22769319987855852,-172823076.69262776,-172823085.43381336,5.057880770722388e-08,0,nan,56,127,339,53359,nan
Cameraman,mcet,7,5,MS-LS-4S,0.22769319987855852,0.22848950000479817,-172822651.80890453,-172823085.43381336,2.5090682054786172e-06,0,43,43,172,1038,77814,nan
Cameraman,mcet,7,5,MS-LS-conv,0.22769319987855852,0.23152199998730794,-172823085.43381336,-172823085.43381336,0.0,1,19,19,179,772,79981,0.23152199998730794
Cameraman,mcet,7,6,RM-MDE,0.31257540005026385,0.31257540005026385,-172820288.4459568,-172823085.43381336,1.618411018149585e-05,0,nan,136,180,212,78429,nan
Cameraman,mcet,7,6,MS-LS-4S,0.31257540005026385,0.3180737000075169,-172822897.56895122,-172823085.43381336,1.0870356912817682e-06,0,59,59,236,1387,107738,nan
Cameraman,mcet,7,6,MS-LS-conv,0.31257540005026385,0.32402519998140633,-172823085.43381336,-172823085.43381336,0.0,1,27,27,242,1030,109007,0.25155280000763014
Cameraman,mcet,7,7,RM-MDE,0.2184142000041902,0.2184142000041902,-172823085.43381336,-172823085.43381336,0.0,1,nan,59,116,292,48977,0.10390050004934892
Cameraman,mcet,7,7,MS-LS-4S,0.2184142000041902,0.2202067999751307,-172822554.66433966,-172823085.43381336,3.0711723053051616e-06,0,41,41,164,951,74286,nan
Cameraman,mcet,7,7,MS-LS-conv,0.2184142000041902,0.22248430002946407,-172821016.41085827,-172823085.43381336,1.1971913068767588e-05,0,17,17,171,726,75700,nan
Cameraman,mcet,7,8,RM-MDE,0.271813600207679,0.271813600207679,-172823085.43381336,-172823085.43381336,0.0,1,nan,87,162,378,67657,0.11671810003463179
Cameraman,mcet,7,8,MS-LS-4S,0.271813600207679,0.2749770000227727,-172821871.20028424,-172823085.43381336,7.025875773903497e-06,0,51,51,204,1139,91841,nan
Cameraman,mcet,7,8,MS-LS-conv,0.271813600207679,0.28504460002295673,-172822925.7148488,-172823085.43381336,9.24176097052088e-07,0,25,25,221,922,96658,nan
Cameraman,mcet,7,9,RM-MDE,0.24847790016792715,0.24847790016792715,-172823085.43381336,-172823085.43381336,0.0,1,nan,75,140,332,58443,0.13842790003400296
Cameraman,mcet,7,9,MS-LS-4S,0.24847790016792715,0.24988499999744818,-172822897.56895122,-172823085.43381336,1.0870356912817682e-06,0,46,46,184,1086,83268,nan
Cameraman,mcet,7,9,MS-LS-conv,0.24847790016792715,0.25087129999883473,-172822925.7148488,-172823085.43381336,9.24176097052088e-07,0,20,20,195,856,86457,nan
Cameraman,mcet,8,0,RM-MDE,0.27260809985455126,0.27260809985455126,-172835982.27178964,-172835982.27178964,0.0,1,nan,96,154,344,66470,0.09124809986678883
Cameraman,mcet,8,0,MS-LS-4S,0.27260809985455126,0.2756803000229411,-172835957.94574517,-172835982.27178964,1.4074641258333798e-07,0,50,50,200,1340,92911,nan
Cameraman,mcet,8,0,MS-LS-conv,0.27260809985455126,0.2836850000312552,-172835901.28014353,-172835982.27178964,4.6860407796132275e-07,0,20,20,215,980,97927,nan
Cameraman,mcet,8,1,RM-MDE,0.3440031001227908,0.3440031001227908,-172835982.27178964,-172835982.27178964,0.0,1,nan,136,209,426,91395,0.052103100111708045
Cameraman,mcet,8,1,MS-LS-4S,0.3440031001227908,0.34426379995420575,-172835982.27178964,-172835982.27178964,0.0,1,64,64,256,1661,116028,0.15326619998086244
Cameraman,mcet,8,1,MS-LS-conv,0.3440031001227908,0.3494277999852784,-172835982.27178964,-172835982.27178964,0.0,1,26,26,266,1178,119768,0.032204699993599206
Cameraman,mcet,8,2,RM-MDE,0.2458933001034893,0.2458933001034893,-172835982.27178964,-172835982.27178964,0.0,1,nan,56,136,447,58320,0.13244640006450936
Cameraman,mcet,8,2,MS-LS-4S,0.2458933001034893,0.24748230003751814,-172835886.8346874,-172835982.27178964,5.52183063815528e-07,0,46,46,184,1219,83587,nan
Cameraman,mcet,8,2,MS-LS-conv,0.2458933001034893,0.2606337000033818,-172835901.28014353,-172835982.27178964,4.6860407796132275e-07,0,17,17,201,936,89845,nan
Cameraman,mcet,8,3,RM-MDE,0.3130009997403249,0.3130009997403249,-172835982.27178964,-172835982.27178964,0.0,1,nan,117,182,394,78359,0.07178819994442165
Cameraman,mcet,8,3,MS-LS-4S,0.3130009997403249,0.3174357999814674,-172835679.01573414,-172835982.27178964,1.7545886656124916e-06,0,59,59,236,1527,107640,nan
Cameraman,mcet,8,3,MS-LS-conv,0.3130009997403249,0.3199023999623023,-172835980.72369114,-172835982.27178964,8.957038252074584e-09,1,23,23,242,1108,108344,0.30160499998601153
Cameraman,mcet,8,4,RM-MDE,0.2948584002442658,0.2948584002442658,-172835982.27178964,-172835982.27178964,0.0,1,nan,77,171,474,74762,0.20512930006952956
Cameraman,mcet,8,4,MS-LS-4S,0.2948584002442658,0.2952631000080146,-172835710.55534852,-172835982.27178964,1.5721057476179676e-06,0,54,54,216,1455,100448,nan
Cameraman,mcet,8,4,MS-LS-conv,0.2948584002442658,0.3152797999791801,-172835332.66054213,-172835982.27178964,3.7585417050957898e-06,0,19,19,243,1142,109499,nan
Cameraman,mcet,8,5,RM-MDE,0.2093528998666443,0.2093528998666443,-172835982.27178964,-172835982.27178964,0.0,1,nan,55,103,278,44648,0.112468600156717
Cameraman,mcet,8,5,MS-LS-4S,0.2093528998666443,0.2137934000347741,-172835649.44623536,-172835982.27178964,1.9256728252227896e-06,0,40,40,160,1072,72492,nan
Cameraman,mcet,8,5,MS-LS-conv,0.2093528998666443,0.2194372999947518,-172835957.94574517,-172835982.27178964,1.4074641258333798e-07,0,16,16,166,787,75280,nan
Cameraman,mcet,8,6,RM-MDE,0.27239790005842224,0.27239790005842224,-172835982.27178964,-172835982.27178964,0.0,1,nan,99,152,294,66332,0.08461740001803264
Cameraman,mcet,8,6,MS-LS-4S,0.27239790005842224,0.2764636999927461,-172835980.72369114,-172835982.27178964,8.957038252074584e-09,1,51,51,204,1337,93688,0.1264994999510236
Cameraman,mcet,8,6,MS-LS-conv,0.27239790005842224,0.2749531000154093,-172835901.28014353,-172835982.27178964,4.6860407796132275e-07,0,19,19,207,965,94509,nan
Cameraman,mcet,8,7,RM-MDE,0.24426009983289987,0.24426009983289987,-172835982.27178964,-172835982.27178964,0.0,1,nan,59,128,374,56433,0.10709440003847703
Cameraman,mcet,8,7,MS-LS-4S,0.24426009983289987,0.24988070002291352,-172835963.81270275,-172835982.27178964,1.0680118024244257e-07,0,46,46,184,1240,84294,nan
Cameraman,mcet,8,7,MS-LS-conv,0.24426009983289987,0.24460560001898557,-172835957.94574517,-172835982.27178964,1.4074641258333798e-07,0,19,19,185,847,83985,nan
Cameraman,mcet,8,8,RM-MDE,0.2734320997260511,0.2734320997260511,-172835982.27178964,-172835982.27178964,0.0,1,nan,105,155,291,66505,0.08389369980432093
Cameraman,mcet,8,8,MS-LS-4S,0.2734320997260511,0.27583810000214726,-172835679.01573414,-172835982.27178964,1.7545886656124916e-06,0,51,51,204,1336,92973,nan
Cameraman,mcet,8,8,MS-LS-conv,0.2734320997260511,0.2747455000062473,-172835901.28014353,-172835982.27178964,4.6860407796132275e-07,0,20,20,209,951,92443,nan
Cameraman,mcet,8,9,RM-MDE,0.2690780000993982,0.2690780000993982,-172835982.27178964,-172835982.27178964,0.0,1,nan,89,148,332,64663,0.11548720009159297
Cameraman,mcet,8,9,MS-LS-4S,0.2690780000993982,0.2700677000102587,-172835864.8954548,-172835982.27178964,6.791197834108527e-07,0,50,50,200,1357,91593,nan
Cameraman,mcet,8,9,MS-LS-conv,0.2690780000993982,0.2849034999962896,-172835980.72369114,-172835982.27178964,8.957038252074584e-09,1,18,18,219,1033,97961,0.13989519997267053
Coins,otsu,6,0,RM-MDE,0.14063999999780208,0.14063999999780208,-1431732273.375175,-1431732273.375175,0.0,1,nan,118,167,220,64508,0.046428300032857805
Coins,otsu,6,0,MS-LS-4S,0.14063999999780208,0.14195150003070012,-1431713720.3216395,-1431732273.375175,1.2958465685574257e-05,0,68,68,272,1523,111680,nan
Coins,otsu,6,0,MS-LS-conv,0.14063999999780208,0.14278930000727996,-1431725199.8530254,-1431732273.375175,4.9405341215698575e-06,0,25,25,288,1224,114369,nan
Coins,otsu,6,1,RM-MDE,0.13646469998639077,0.13646469998639077,-1431732273.375175,-1431732273.375175,0.0,1,nan,103,157,286,60770,0.06405140005517751
Coins,otsu,6,1,MS-LS-4S,0.13646469998639077,0.1381552999955602,-1431729969.1367478,-1431732273.375175,1.6094059413287818e-06,0,69,69,276,1518,110554,nan
Coins,otsu,6,1,MS-LS-conv,0.13646469998639077,0.13827360002323985,-1431729969.1367478,-1431732273.375175,1.6094059413287818e-06,0,25,25,286,1186,112236,nan
Coins,otsu,6,2,RM-MDE,0.14665400015655905,0.14665400015655905,-1431732273.375175,-1431732273.375175,0.0,1,nan,134,179,265,69149,0.014986100024543703
Coins,otsu,6,2,MS-LS-4S,0.14665400015655905,0.14743020001333207,-1431726831.6397557,-1431732273.375175,3.800805164812688e-06,0,73,73,292,1637,117604,nan
Coins,otsu,6,2,MS-LS-conv,0.14665400015655905,0.15172919997712597,-1431732273.375175,-1431732273.375175,0.0,1,28,28,317,1334,124402,0.13221979996887967
Coins,otsu,6,3,RM-MDE,0.15358540031593293,0.15358540031593293,-1431732273.375175,-1431732273.375175,0.0,1,nan,139,189,254,73031,0.042244400072377175
Coins,otsu,6,3,MS-LS-4S,0.15358540031593293,0.1548592000035569,-1431720344.4962225,-1431732273.375175,8.331780441312528e-06,0,78,78,312,1744,125513,nan
Coins,otsu,6,3,MS-LS-conv,0.15358540031593293,0.15658509999047965,-1431732273.375175,-1431732273.375175,0.0,1,30,30,331,1386,129620,0.15095650003058836
Coins,otsu,6,4,RM-MDE,0.13558989984449,0.13558989984449,-1431732273.375175,-1431732273.375175,0.0,1,nan,111,150,220,58035,0.03698069998063147
Coins,otsu,6,4,MS-LS-4S,0.13558989984449,0.13770640001166612,-1431729647.2204456,-1431732273.375175,1.834249865147894e-06,0,66,66,264,1477,108619,nan
Coins,otsu,6,4,MS-LS-conv,0.13558989984449,0.13879779999842867,-1431732273.375175,-1431732273.375175,0.0,1,26,26,288,1231,114359,0.09783370001241565
Coins,otsu,6,5,RM-MDE,0.12282360001699999,0.12282360001699999,-1431732273.375175,-1431732273.375175,0.0,1,nan,94,131,187,50403,0.00822579994564876
Coins,otsu,6,5,MS-LS-4S,0.12282360001699999,0.12462260003667325,-1431725199.8530254,-1431732273.375175,4.9405341215698575e-06,0,62,62,248,1380,99655,nan
Coins,otsu,6,5,MS-LS-conv,0.12282360001699999,0.12501389998942614,-1431732273.375175,-1431732273.375175,0.0,1,22,22,265,1113,104232,0.018386000010650605
Coins,otsu,6,6,RM-MDE,0.1391391999204643,0.1391391999204643,-1431732273.375175,-1431732273.375175,0.0,1,nan,118,166,241,64185,0.03903829987393692
Coins,otsu,6,6,MS-LS-4S,0.1391391999204643,0.1391554999863729,-1431726831.6397557,-1431732273.375175,3.800805164812688e-06,0,68,68,272,1541,110628,nan
Coins,otsu,6,6,MS-LS-conv,0.1391391999204643,0.1453919000341557,-1431727191.322718,-1431732273.375175,3.549582943404446e-06,0,26,26,302,1277,119671,nan
Coins,otsu,6,7,RM-MDE,0.14882239990402013,0.14882239990402013,-1431732273.375175,-1431732273.375175,0.0,1,nan,122,179,298,68955,0.05964369996218011
Coins,otsu,6,7,MS-LS-4S,0.14882239990402013,0.1505100000067614,-1431720344.4962225,-1431732273.375175,8.331780441312528e-06,0,75,75,300,1680,121579,nan
Coins,otsu,6,7,MS-LS-conv,0.14882239990402013,0.14981119998265058,-1431732273.375175,-1431732273.375175,0.0,1,28,28,314,1292,123568,0.05061209999257699
Coins,otsu,6,8,RM-MDE,0.12925029959296808,0.12925029959296808,-1431732273.375175,-1431732273.375175,0.0,1,nan,94,147,229,56407,0.037803899962455034
Coins,otsu,6,8,MS-LS-4S,0.12925029959296808,0.1310117999673821,-1431726831.6397557,-1431732273.375175,3.800805164812688e-06,0,66,66,264,1462,105546,nan
Coins,otsu,6,8,MS-LS-conv,0.12925029959296808,0.1297029999550432,-1431732273.375175,-1431732273.375175,0.0,1,23,23,275,1161,106351,0.08519709995016456
Coins,otsu,6,9,RM-MDE,0.1302297994843684,0.1302297994843684,-1431732273.375175,-1431732273.375175,0.0,1,nan,91,144,260,55456,0.06206399970687926
Coins,otsu,6,9,MS-LS-4S,0.1302297994843684,0.13049660000251606,-1431719564.2209938,-1431732273.375175,8.876767268283579e-06,0,65,65,260,1446,105259,nan
Coins,otsu,6,9,MS-LS-conv,0.1302297994843684,0.13578310003504157,-1431729969.1367478,-1431732273.375175,1.6094059413287818e-06,0,25,25,285,1216,112075,nan
Coins,otsu,7,0,RM-MDE,0.16450989997247234,0.16450989997247234,-1433545467.4191067,-1433545467.4191067,0.0,1,nan,144,205,355,80851,0.04067459993530065
Coins,otsu,7,0,MS-LS-4S,0.16450989997247234,0.16645540000172332,-1433540576.9636958,-1433545467.4191067,3.4114407405311676e-06,0,80,80,320,2092,133575,nan
Coins,otsu,7,0,MS-LS-conv,0.16450989997247234,0.1729365999926813,-1433545467.4191067,-1433545467.4191067,0.0,1,20,20,354,1924,141969,0.02375300001585856
Coins,otsu,7,1,RM-MDE,0.15261239995015785,0.15261239995015785,-1433545467.4191067,-1433545467.4191067,0.0,1,nan,126,181,293,71122,0.04217349999817088
Coins,otsu,7,1,MS-LS-4S,0.15261239995015785,0.15410660003544763,-1433539180.0894432,-1433545467.4191067,4.385859957992492e-06,0,75,75,300,1946,122675,nan
Coins,otsu,7,1,MS-LS-conv,0.15261239995015785,0.15402499999618158,-1433544265.1523712,-1433545467.4191067,8.386666226347536e-07,0,17,17,316,1721,125597,nan
Coins,otsu,7,2,RM-MDE,0.13345030008349568,0.13345030008349568,-1433545467.4191067,-1433545467.4191067,0.0,1,nan,89,143,326,56298,0.04051010007970035
Coins,otsu,7,2,MS-LS-4S,0.13345030008349568,0.13393590005580336,-1433527389.6306655,-1433545467.4191067,1.2610544173201323e-05,0,65,65,260,1701,106850,nan
Coins,otsu,7,2,MS-LS-conv,0.13345030008349568,0.13461139996070415,-1433544265.1523712,-1433545467.4191067,8.386666226347536e-07,0,18,18,278,1485,110313,nan
Coins,otsu,7,3,RM-MDE,0.15442690014606342,0.15442690014606342,-1433545467.4191067,-1433545467.4191067,0.0,1,nan,118,183,368,71619,0.06593219988280907
Coins,otsu,7,3,MS-LS-4S,0.15442690014606342,0.15516790002584457,-1433520939.563822,-1433545467.4191067,1.7109924897498888e-05,0,76,76,304,1975,124495,nan
Coins,otsu,7,3,MS-LS-conv,0.15442690014606342,0.15878080000402406,-1433545467.4191067,-1433545467.4191067,0.0,1,22,22,320,1687,127220,0.0314051000168547
Coins,otsu,7,4,RM-MDE,0.14980199985438958,0.14980199985438958,-1433545467.4191067,-1433545467.4191067,0.0,1,nan,120,175,290,68802,0.026849099958781153
Coins,otsu,7,4,MS-LS-4S,0.14980199985438958,0.15027600002940744,-1433539180.0894432,-1433545467.4191067,4.385859957992492e-06,0,71,71,284,1884,119086,nan
Coins,otsu,7,4,MS-LS-conv,0.14980199985438958,0.15527450002264231,-1433544265.1523712,-1433545467.4191067,8.386666226347536e-07,0,18,18,319,1742,127399,nan
Coins,otsu,7,5,RM-MDE,0.1397554996656254,0.1397554996656254,-1433545467.4191067,-1433545467.4191067,0.0,1,nan,93,146,347,57384,0.0446392999147065
Coins,otsu,7,5,MS-LS-4S,0.1397554996656254,0.14056390000041574,-1433542059.4452078,-1433545467.4191067,2.377304366232069e-06,0,69,69,276,1800,113251,nan
Coins,otsu,7,5,MS-LS-conv,0.1397554996656254,0.1456715000094846,-1433545467.4191067,-1433545467.4191067,0.0,1,19,19,295,1597,117907,0.11727649997919798
Coins,otsu,7,6,RM-MDE,0.1470030000200495,0.1470030000200495,-1433545467.4191067,-1433545467.4191067,0.0,1,nan,113,164,283,64685,0.0580564999836497
Coins,otsu,7,6,MS-LS-4S,0.1470030000200495,0.1475127000012435,-1433534176.5000613,-1433545467.4191067,7.87621969589565e-06,0,70,70,280,1859,116732,nan
Coins,otsu,7,6,MS-LS-conv,0.1470030000200495,0.1516838000388816,-1433545467.4191067,-1433545467.4191067,0.0,1,18,18,304,1638,122274,0.012863900046795607
Coins,otsu,7,7,RM-MDE,0.14390240010106936,0.14390240010106936,-1433545467.4191067,-1433545467.4191067,0.0,1,nan,97,164,389,64332,0.031900699948892
Coins,otsu,7,7,MS-LS-4S,0.14390240010106936,0.1440512000117451,-1433521414.6274917,-1433545467.4191067,1.6778534173954674e-05,0,69,69,276,1813,113945,nan
Coins,otsu,7,7,MS-LS-conv,0.14390240010106936,0.14450350002152845,-1433545467.4191067,-1433545467.4191067,0.0,1,19,19,292,1541,116237,0.014123200031463057
Coins,otsu,7,8,RM-MDE,0.13600840006256476,0.13600840006256476,-1433545467.4191067,-1433545467.4191067,0.0,1,nan,97,153,341,59938,0.03426809993106872
Coins,otsu,7,8,MS-LS-4S,0.13600840006256476,0.13738910004030913,-1433527389.6306655,-1433545467.4191067,1.2610544173201323e-05,0,68,68,272,1788,111158,nan
Coins,otsu,7,8,MS-LS-conv,0.13600840006256476,0.14341129997046664,-1433545467.4191067,-1433545467.4191067,0.0,1,17,17,295,1619,115782,0.08231319999322295
Coins,otsu,7,9,RM-MDE,0.1405105001758784,0.1405105001758784,-1433545467.4191067,-1433545467.4191067,0.0,1,nan,99,157,362,61369,0.05011720006586984
Coins,otsu,7,9,MS-LS-4S,0.1405105001758784,0.14127379999263212,-1433537522.5741217,-1433545467.4191067,5.54209487286915e-06,0,69,69,276,1797,113534,nan
Coins,otsu,7,9,MS-LS-conv,0.1405105001758784,0.14430970000103116,-1433545467.4191067,-1433545467.4191067,0.0,1,17,17,300,1646,119751,0.0776707999757491
Coins,otsu,8,0,RM-MDE,0.1433994997642003,0.1433994997642003,-1434730287.1043723,-1434730509.7698057,1.551966950521985e-07,0,nan,92,161,450,63565,nan
Coins,otsu,8,0,MS-LS-4S,0.1433994997642003,0.14353830000618473,-1434711369.392402,-1434730509.7698057,1.3340747459818833e-05,0,67,67,268,2004,113620,nan
Coins,otsu,8,0,MS-LS-conv,0.1433994997642003,0.14979809999931604,-1434729834.3240736,-1434730509.7698057,4.707823019844128e-07,0,18,18,304,1814,123896,nan
Coins,otsu,8,1,RM-MDE,0.10087439988274127,0.10087439988274127,-1434730509.7698057,-1434730509.7698057,0.0,1,nan,29,80,295,31455,0.047786599898245186
Coins,otsu,8,1,MS-LS-4S,0.10087439988274127,0.10170850000577047,-1434683741.2180717,-1434730509.7698057,3.259744698777918e-05,0,49,49,196,1442,81150,nan
Coins,otsu,8,1,MS-LS-conv,0.10087439988274127,0.10423329996410757,-1434716369.800272,-1434730509.7698057,9.855488147352877e-06,0,12,12,212,1237,85723,nan
Coins,otsu,8,2,RM-MDE,0.15055190009297803,0.15055190009297803,-1434728677.8745415,-1434730509.7698057,1.276821850287849e-06,0,nan,100,171,469,67295,nan
Coins,otsu,8,2,MS-LS-4S,0.15055190009297803,0.15172680001705885,-1434636637.5686016,-1434730509.7698057,6.542845542409408e-05,0,73,73,292,2210,121990,nan
Coins,otsu,8,2,MS-LS-conv,0.15055190009297803,0.1525895000086166,-1434723264.8019862,-1434730509.7698057,5.049706387448818e-06,0,17,17,314,1850,126281,nan
Coins,otsu,8,3,RM-MDE,0.12598390015773475,0.12598390015773475,-1434730509.7698057,-1434730509.7698057,0.0,1,nan,72,128,346,50890,0.05421520012896508
Coins,otsu,8,3,MS-LS-4S,0.12598390015773475,0.12657949997810647,-1434706909.19034,-1434730509.7698057,1.6449486021883127e-05,0,60,60,240,1772,99788,nan
Coins,otsu,8,3,MS-LS-conv,0.12598390015773475,0.12735429999884218,-1434728455.209108,-1434730509.7698057,1.4320185453400476e-06,0,16,16,254,1497,102787,nan
Coins,otsu,8,4,RM-MDE,0.13257790013449267,0.13257790013449267,-1434729834.3240736,-1434730509.7698057,4.707823019844128e-07,0,nan,81,141,350,55679,nan
Coins,otsu,8,4,MS-LS-4S,0.13257790013449267,0.1330615999759175,-1434697275.008885,-1434730509.7698057,2.3164462381228195e-05,0,63,63,252,1898,107069,nan
Coins,otsu,8,4,MS-LS-conv,0.13257790013449267,0.13693579996470362,-1434723264.8019862,-1434730509.7698057,5.049706387448818e-06,0,16,16,279,1653,112988,nan
Coins,otsu,8,5,RM-MDE,0.13208000006852672,0.13208000006852672,-1434729834.3240736,-1434730509.7698057,4.707823019844128e-07,0,nan,71,140,444,55989,nan
Coins,otsu,8,5,MS-LS-4S,0.13208000006852672,0.13267250003991649,-1434721902.3363514,-1434730509.7698057,5.999338130514939e-06,0,65,65,260,1924,107933,nan
Coins,otsu,8,5,MS-LS-conv,0.13208000006852672,0.14490650000516325,-1434728455.209108,-1434730509.7698057,1.4320185453400476e-06,0,17,17,294,1719,118457,nan
Coins,otsu,8,6,RM-MDE,0.13396180007839575,0.13396180007839575,-1434729834.3240736,-1434730509.7698057,4.707823019844128e-07,0,nan,90,143,306,56542,nan
Coins,otsu,8,6,MS-LS-4S,0.13396180007839575,0.13519249996170402,-1434674515.521204,-1434730509.7698057,3.902771162973247e-05,0,64,64,256,1919,108667,nan
Coins,otsu,8,6,MS-LS-conv,0.13396180007839575,0.1376767000183463,-1434716369.800272,-1434730509.7698057,9.855488147352877e-06,0,16,16,279,1638,113738,nan
Coins,otsu,8,7,RM-MDE,0.12966249976307154,0.12966249976307154,-1434730509.7698057,-1434730509.7698057,0.0,1,nan,78,135,336,53268,0.06862839992390946
Coins,otsu,8,7,MS-LS-4S,0.12966249976307154,0.13139850000152364,-1434725797.688691,-1434730509.7698057,3.2842970039892776e-06,0,63,63,252,1833,105612,nan
Coins,otsu,8,7,MS-LS-conv,0.12966249976307154,0.13421829999424517,-1434716369.800272,-1434730509.7698057,9.855488147352877e-06,0,17,17,276,1576,111245,nan
Coins,otsu,8,8,RM-MDE,0.1423000997165218,0.1423000997165218,-1434730287.1043723,-1434730509.7698057,1.551966950521985e-07,0,nan,93,158,386,62481,nan
Coins,otsu,8,8,MS-LS-4S,0.1423000997165218,0.14379360002931207,-1434730287.1043723,-1434730509.7698057,1.551966950521985e-07,0,69,69,276,2021,114101,nan
Coins,otsu,8,8,MS-LS-conv,0.1423000997165218,0.1539399999892339,-1434716369.800272,-1434730509.7698057,9.855488147352877e-06,0,17,17,314,1762,124863,nan
Coins,otsu,8,9,RM-MDE,0.14116659999126568,0.14116659999126568,-1434729834.3240736,-1434730509.7698057,4.707823019844128e-07,0,nan,98,156,350,61481,nan
Coins,otsu,8,9,MS-LS-4S,0.14116659999126568,0.14122349995886907,-1434707502.6891813,-1434730509.7698057,1.6035820293549986e-05,0,67,67,268,2023,111438,nan
Coins,otsu,8,9,MS-LS-conv,0.14116659999126568,0.1434616000042297,-1434724613.025621,-1434730509.7698057,4.110001247327302e-06,0,16,16,286,1738,116087,nan
Coins,kapur,6,0,RM-MDE,0.3037162000546232,0.3037162000546232,-24.000256579055097,-24.000256579055097,0.0,1,nan,95,146,206,63224,0.056378699897322804
Coins,kapur,6,0,MS-LS-4S,0.3037162000546232,0.3064780999557115,-23.99943211024705,-24.000256579055097,3.4352499746507095e-05,0,50,50,200,1011,84872,nan
Coins,kapur,6,0,MS-LS-conv,0.3037162000546232,0.30966499994974583,-24.000089024990025,-24.000256579055097,6.98134474189408e-06,0,16,16,206,761,86381,nan
Coins,kapur,6,1,RM-MDE,0.34172880003461614,0.34172880003461614,-24.000256579055097,-24.000256579055097,0.0,1,nan,112,171,260,73337,0.14131949981674552
Coins,kapur,6,1,MS-LS-4S,0.34172880003461614,0.3461570999934338,-24.000256579055097,-24.000256579055097,0.0,1,57,57,228,1121,95622,0.09519349999027327
Coins,kapur,6,1,MS-LS-conv,0.34172880003461614,0.3552997999940999,-24.000256579055097,-24.000256579055097,0.0,1,23,23,235,820,98002,0.2257056999951601
Coins,kapur,6,2,RM-MDE,0.3130301997298375,0.3130301997298375,-24.000256579055097,-24.000256579055097,0.0,1,nan,98,151,219,64804,0.11031809984706342
Coins,kapur,6,2,MS-LS-4S,0.3130301997298375,0.31737710000015795,-24.000089024990025,-24.000256579055097,6.98134474189408e-06,0,52,52,208,1021,87629,nan
Coins,kapur,6,2,MS-LS-conv,0.3130301997298375,0.3167024999856949,-24.000089024990025,-24.000256579055097,6.98134474189408e-06,0,21,21,211,757,88088,nan
Coins,kapur,6,3,RM-MDE,0.2578882999368943,0.2578882999368943,-24.000256579055097,-24.000256579055097,0.0,1,nan,74,117,183,50525,0.09738450002623722
Coins,kapur,6,3,MS-LS-4S,0.2578882999368943,0.25876210001297295,-24.000256579055097,-24.000256579055097,0.0,1,43,43,172,842,72311,0.2227640000055544
Coins,kapur,6,3,MS-LS-conv,0.2578882999368943,0.25856290000956506,-24.000089024990025,-24.000256579055097,6.98134474189408e-06,0,17,17,172,597,72149,nan
Coins,kapur,6,4,RM-MDE,0.34006580006098375,0.34006580006098375,-24.000256579055097,-24.000256579055097,0.0,1,nan,110,168,285,72357,0.1374601000570692
Coins,kapur,6,4,MS-LS-4S,0.34006580006098375,0.3456033999682404,-24.000089024990025,-24.000256579055097,6.98134474189408e-06,0,56,56,224,1121,95245,nan
Coins,kapur,6,4,MS-LS-conv,0.34006580006098375,0.34801979997428134,-24.000089024990025,-24.000256579055097,6.98134474189408e-06,0,21,21,233,816,96702,nan
Coins,kapur,6,5,RM-MDE,0.2652152000227943,0.2652152000227943,-24.000256579055097,-24.000256579055097,0.0,1,nan,74,123,228,53019,0.1260150001035072
Coins,kapur,6,5,MS-LS-4S,0.2652152000227943,0.2672658000374213,-24.000256579055097,-24.000256579055097,0.0,1,44,44,176,855,74134,0.013306800043210387
Coins,kapur,6,5,MS-LS-conv,0.2652152000227943,0.2761742000002414,-24.000256579055097,-24.000256579055097,0.0,1,18,18,183,651,76566,0.02040610002586618
Coins,kapur,6,6,RM-MDE,0.35939330013934523,0.35939330013934523,-24.000256579055097,-24.000256579055097,0.0,1,nan,119,183,290,78591,0.12424719997216016
Coins,kapur,6,6,MS-LS-4S,0.35939330013934523,0.36533369997050613,-24.000256579055097,-24.000256579055097,0.0,1,59,59,236,1164,100161,0.2969543999643065
Coins,kapur,6,6,MS-LS-conv,0.35939330013934523,0.3595076999627054,-24.000089024990025,-24.000256579055097,6.98134474189408e-06,0,22,22,234,828,98391,nan
Coins,kapur,6,7,RM-MDE,0.3403834003256634,0.3403834003256634,-23.95217085617747,-24.000256579055097,0.002003550367023607,0,nan,121,178,275,72123,nan
Coins,kapur,6,7,MS-LS-4S,0.3403834003256634,0.34275679994607344,-24.000256579055097,-24.000256579055097,0.0,1,56,56,224,1101,93734,0.08604019996710122
Coins,kapur,6,7,MS-LS-conv,0.3403834003256634,0.3438764999737032,-24.000256579055097,-24.000256579055097,0.0,1,25,25,231,824,96072,0.1930479999864474
Coins,kapur,6,8,RM-MDE,0.364601599809248,0.364601599809248,-24.000089024990025,-24.000256579055097,6.98134474189408e-06,0,nan,124,187,270,80473,nan
Coins,kapur,6,8,MS-LS-4S,0.364601599809248,0.36897939996561036,-24.000256579055097,-24.000256579055097,0.0,1,61,61,244,1181,101975,0.2168692999985069
Coins,kapur,6,8,MS-LS-conv,0.364601599809248,0.37433670001337305,-24.000089024990025,-24.000256579055097,6.98134474189408e-06,0,22,22,252,910,104824,nan
Coins,kapur,6,9,RM-MDE,0.34226139984093606,0.34226139984093606,-24.000256579055097,-24.000256579055097,0.0,1,nan,114,171,250,73153,0.11248700000578538
Coins,kapur,6,9,MS-LS-4S,0.34226139984093606,0.34851809998508543,-24.000256579055097,-24.000256579055097,0.0,1,57,57,228,1117,95975,0.18302629998652264
Coins,kapur,6,9,MS-LS-conv,0.34226139984093606,0.34473839995916933,-24.000089024990025,-24.000256579055097,6.98134474189408e-06,0,21,21,234,856,97425,nan
Coins,kapur,7,0,RM-MDE,0.2652722997008823,0.2652722997008823,-26.520373781833403,-26.520373781833403,0.0,1,nan,46,120,402,52568,0.19576929975301027
Coins,kapur,7,0,MS-LS-4S,0.2652722997008823,0.270784399996046,-26.51710863700355,-26.520373781833403,0.00012311835635176382,0,43,43,172,971,75044,nan
Coins,kapur,7,0,MS-LS-conv,0.2652722997008823,0.2765989000326954,-26.519713678162777,-26.520373781833403,2.489043616262751e-05,0,16,16,180,707,77679,nan
Coins,kapur,7,1,RM-MDE,0.3399402000941336,0.3399402000941336,-26.520373781833403,-26.520373781833403,0.0,1,nan,98,165,329,71331,0.16108940017875284
Coins,kapur,7,1,MS-LS-4S,0.3399402000941336,0.3447526000090875,-26.520113494596696,-26.520373781833403,9.814614184836454e-06,0,55,55,220,1228,94409,nan
Coins,kapur,7,1,MS-LS-conv,0.3399402000941336,0.3524891000124626,-26.520373781833403,-26.520373781833403,0.0,1,20,20,225,892,97307,0.303126799990423
Coins,kapur,7,2,RM-MDE,0.3775821998133324,0.3775821998133324,-26.520147108497813,-26.520373781833403,8.547139548419154e-06,0,nan,118,185,284,81123,nan
Coins,kapur,7,2,MS-LS-4S,0.3775821998133324,0.38170290004927665,-26.520373781833403,-26.520373781833403,0.0,1,60,60,240,1354,103640,0.24352750001708046
Coins,kapur,7,2,MS-LS-conv,0.3775821998133324,0.380099700007122,-26.51872819409006,-26.520373781833403,6.204994533187555e-05,0,21,21,244,997,104893,nan
Coins,kapur,7,3,RM-MDE,0.3412902998388745,0.3412902998388745,-26.520373781833403,-26.520373781833403,0.0,1,nan,98,167,410,72332,0.1721729999408126
Coins,kapur,7,3,MS-LS-4S,0.3412902998388745,0.3469722999725491,-26.520147108497813,-26.520373781833403,8.547139548419154e-06,0,55,55,220,1230,94963,nan
Coins,kapur,7,3,MS-LS-conv,0.3412902998388745,0.34872240002732724,-26.52033535025871,-26.520373781833403,1.4491339756497852e-06,0,20,20,226,934,97077,nan
Coins,kapur,7,4,RM-MDE,0.18843319994630292,0.18843319994630292,-26.520373781833403,-26.520373781833403,0.0,1,nan,24,71,239,30658,0.1395003998768516
Coins,kapur,7,4,MS-LS-4S,0.18843319994630292,0.19156579999253154,-26.51078616479991,-26.520373781833403,0.000361518925500971,0,30,30,120,688,52079,nan
Coins,kapur,7,4,MS-LS-conv,0.18843319994630292,0.19961959996726364,-26.51872819409006,-26.520373781833403,6.204994533187555e-05,0,11,11,127,495,55059,nan
Coins,kapur,7,5,RM-MDE,0.22720040002604946,0.22720040002604946,-26.520373781833403,-26.520373781833403,0.0,1,nan,35,94,274,40687,0.15862789982929826
Coins,kapur,7,5,MS-LS-4S,0.22720040002604946,0.23089860001346096,-26.52033535025871,-26.520373781833403,1.4491339756497852e-06,0,37,37,148,817,63629,nan
Coins,kapur,7,5,MS-LS-conv,0.22720040002604946,0.240964199998416,-26.52033535025871,-26.520373781833403,1.4491339756497852e-06,0,14,14,155,606,67427,nan
Coins,kapur,7,6,RM-MDE,0.26760419993661344,0.26760419993661344,-26.520373781833403,-26.520373781833403,0.0,1,nan,69,117,212,51023,0.17030529986368492
Coins,kapur,7,6,MS-LS-4S,0.26760419993661344,0.271844599978067,-26.51664139801051,-26.520373781833403,0.00014073647127287376,0,43,43,172,968,75185,nan
Coins,kapur,7,6,MS-LS-conv,0.26760419993661344,0.27642419998301193,-26.519465676899262,-26.520373781833403,3.424178488624672e-05,0,16,16,175,695,76616,nan
Coins,kapur,7,7,RM-MDE,0.27848300006007776,0.27848300006007776,-26.520373781833403,-26.520373781833403,0.0,1,nan,68,124,280,54151,0.1682481000898406
Coins,kapur,7,7,MS-LS-4S,0.27848300006007776,0.2835483999806456,-26.519434015826647,-26.520373781833403,3.543562449332254e-05,0,45,45,180,990,77270,nan
Coins,kapur,7,7,MS-LS-conv,0.27848300006007776,0.27997799997683614,-26.51872819409006,-26.520373781833403,6.204994533187555e-05,0,15,15,179,718,77453,nan
Coins,kapur,7,8,RM-MDE,0.2306044000433758,0.2306044000433758,-26.520373781833403,-26.520373781833403,0.0,1,nan,43,96,253,41709,0.1651482999441214
Coins,kapur,7,8,MS-LS-4S,0.2306044000433758,0.23556430003372952,-26.513675446299867,-26.520373781833403,0.000252573194806314,0,38,38,152,833,64967,nan
Coins,kapur,7,8,MS-LS-conv,0.2306044000433758,0.23112239997135475,-26.51872819409006,-26.520373781833403,6.204994533187555e-05,0,11,11,152,649,64620,nan
Coins,kapur,7,9,RM-MDE,0.27560300001641735,0.27560300001641735,-26.520373781833403,-26.520373781833403,0.0,1,nan,66,121,232,52480,0.12285449990304187
Coins,kapur,7,9,MS-LS-4S,0.27560300001641735,0.2761666000005789,-26.520113494596696,-26.520373781833403,9.814614184836454e-06,0,44,44,176,987,75460,nan
Coins,kapur,7,9,MS-LS-conv,0.27560300001641735,0.2862633000477217,-26.520373781833403,-26.520373781833403,0.0,1,16,16,185,763,79555,0.16650640004081652
Coins,kapur,8,0,RM-MDE,0.2934606000781059,0.2934606000781059,-28.921882285508236,-28.921882285508236,0.0,1,nan,67,131,338,57671,0.13068900001235306
Coins,kapur,8,0,MS-LS-4S,0.2934606000781059,0.295436599990353,-28.921102540347032,-28.921882285508236,2.6960387761283328e-05,0,45,45,180,1151,79673,nan
Coins,kapur,8,0,MS-LS-conv,0.2934606000781059,0.29752859997097403,-28.921102540347032,-28.921882285508236,2.6960387761283328e-05,0,16,16,185,884,81110,nan
Coins,kapur,8,1,RM-MDE,0.3473346000537276,0.3473346000537276,-28.921882285508236,-28.921882285508236,0.0,1,nan,103,164,308,71655,0.1525965001201257
Coins,kapur,8,1,MS-LS-4S,0.3473346000537276,0.34950389998266473,-28.920140234450745,-28.921882285508236,6.023297655020518e-05,0,55,55,220,1416,96005,nan
Coins,kapur,8,1,MS-LS-conv,0.3473346000537276,0.3514143000356853,-28.921882285508236,-28.921882285508236,0.0,1,20,20,221,977,97515,0.2848443000111729
Coins,kapur,8,2,RM-MDE,0.3585338995908387,0.3585338995908387,-28.921882285508236,-28.921882285508236,0.0,1,nan,106,171,363,75180,0.17554269963875413
Coins,kapur,8,2,MS-LS-4S,0.3585338995908387,0.35981579998042434,-28.917209537778348,-28.921882285508236,0.000161564440507711,0,57,57,228,1444,99542,nan
Coins,kapur,8,2,MS-LS-conv,0.3585338995908387,0.37031090003438294,-28.921882285508236,-28.921882285508236,0.0,1,20,20,237,1101,102687,0.040616200014483184
Coins,kapur,8,3,RM-MDE,0.37831759999971837,0.37831759999971837,-28.921882285508236,-28.921882285508236,0.0,1,nan,107,183,390,80172,0.07697369996458292
Coins,kapur,8,3,MS-LS-4S,0.37831759999971837,0.3810558000113815,-28.921102540347032,-28.921882285508236,2.6960387761283328e-05,0,60,60,240,1480,104662,nan
Coins,kapur,8,3,MS-LS-conv,0.37831759999971837,0.381275599997025,-28.920600024490128,-28.921882285508236,4.433532387173642e-05,0,21,21,243,1140,105899,nan
Coins,kapur,8,4,RM-MDE,0.3517334000207484,0.3517334000207484,-28.921882285508236,-28.921882285508236,0.0,1,nan,98,163,343,71402,0.1622739000013098
Coins,kapur,8,4,MS-LS-4S,0.3517334000207484,0.3537239999859594,-28.918553240835735,-28.921882285508236,0.00011510470306316263,0,54,54,216,1406,95293,nan
Coins,kapur,8,4,MS-LS-conv,0.3517334000207484,0.3670453000231646,-28.921102540347032,-28.921882285508236,2.6960387761283328e-05,0,17,17,231,1111,101292,nan
Coins,kapur,8,5,RM-MDE,0.3118039001710713,0.3118039001710713,-28.921882285508236,-28.921882285508236,0.0,1,nan,71,140,417,61625,0.17688650015043095
Coins,kapur,8,5,MS-LS-4S,0.3118039001710713,0.31647580000571907,-28.917435350159312,-28.921882285508236,0.00015375677506133763,0,49,49,196,1278,85301,nan
Coins,kapur,8,5,MS-LS-conv,0.3118039001710713,0.3253299000207335,-28.9203817483494,-28.921882285508236,5.188241705791213e-05,0,17,17,204,952,89927,nan
Coins,kapur,8,6,RM-MDE,0.3390086999279447,0.3390086999279447,-28.921882285508236,-28.921882285508236,0.0,1,nan,95,155,306,68032,0.15275359991937876
Coins,kapur,8,6,MS-LS-4S,0.3390086999279447,0.33910119999200106,-28.920907602758422,-28.921882285508236,3.370052959180194e-05,0,52,52,208,1292,91839,nan
Coins,kapur,8,6,MS-LS-conv,0.3390086999279447,0.35101609997218475,-28.920907602758422,-28.921882285508236,3.370052959180194e-05,0,18,18,221,1037,98047,nan
Coins,kapur,8,7,RM-MDE,0.3558782001491636,0.3558782001491636,-28.921882285508236,-28.921882285508236,0.0,1,nan,87,169,401,74161,0.20441050006775185
Coins,kapur,8,7,MS-LS-4S,0.3558782001491636,0.3569856999674812,-28.921102540347032,-28.921882285508236,2.6960387761283328e-05,0,55,55,220,1368,96636,nan
Coins,kapur,8,7,MS-LS-conv,0.3558782001491636,0.3578713999595493,-28.921882285508236,-28.921882285508236,0.0,1,20,20,227,1008,99674,0.07448889996157959
Coins,kapur,8,8,RM-MDE,0.3116508001112379,0.3116508001112379,-28.921882285508236,-28.921882285508236,0.0,1,nan,88,144,294,63038,0.11492180003551766
Coins,kapur,8,8,MS-LS-4S,0.3116508001112379,0.3163561999681406,-28.919434512198958,-28.921882285508236,8.463395587860923e-05,0,50,50,200,1239,87137,nan
Coins,kapur,8,8,MS-LS-conv,0.3116508001112379,0.32605519995559007,-28.920673250157975,-28.921882285508236,4.180348078059015e-05,0,18,18,209,980,90613,nan
Coins,kapur,8,9,RM-MDE,0.385243600117974,0.385243600117974,-28.921810408770195,-28.921882285508236,2.48520263415078e-06,0,nan,112,186,472,81508,nan
Coins,kapur,8,9,MS-LS-4S,0.385243600117974,0.3857997999875806,-28.91935610923463,-28.921882285508236,8.734480863546196e-05,0,60,60,240,1556,104347,nan
Coins,kapur,8,9,MS-LS-conv,0.385243600117974,0.39710149995516986,-28.921102540347032,-28.921882285508236,2.6960387761283328e-05,0,19,19,256,1269,111087,nan
Coins,mcet,6,0,RM-MDE,0.2827920999843627,0.2827920999843627,-53810725.17645357,-53810725.17645357,0.0,1,nan,153,189,210,72159,0.03341610002098605
Coins,mcet,6,0,MS-LS-4S,0.2827920999843627,0.28461030003381893,-53810725.17645357,-53810725.17645357,0.0,1,57,57,228,1293,96618,0.019393599999602884
Coins,mcet,6,0,MS-LS-conv,0.2827920999843627,0.30101749999448657,-53810725.17645357,-53810725.17645357,0.0,1,18,18,262,1347,104717,0.06028749997494742
Coins,mcet,6,1,RM-MDE,0.2667289998498745,0.2667289998498745,-53810725.17645357,-53810725.17645357,0.0,1,nan,132,176,255,66911,0.07258949993411079
Coins,mcet,6,1,MS-LS-4S,0.2667289998498745,0.2678787999902852,-53810707.53457637,-53810725.17645357,3.278505751200858e-07,0,55,55,220,1264,90500,nan
Coins,mcet,6,1,MS-LS-conv,0.2667289998498745,0.2778014999930747,-53810725.17645357,-53810725.17645357,0.0,1,17,17,239,1221,94815,0.261863199993968
Coins,mcet,6,2,RM-MDE,0.2757317001814954,0.2757317001814954,-53810725.17645357,-53810725.17645357,0.0,1,nan,127,179,306,68628,0.03411520004738122
Coins,mcet,6,2,MS-LS-4S,0.2757317001814954,0.28054020000854507,-53810689.211432435,-53810725.17645357,6.683615769066123e-07,0,57,57,228,1301,94159,nan
Coins,mcet,6,2,MS-LS-conv,0.2757317001814954,0.27662319998489693,-53810725.17645357,-53810725.17645357,0.0,1,17,17,246,1259,96264,0.027712800016161054
Coins,mcet,6,3,RM-MDE,0.3102715000859462,0.3102715000859462,-53810725.17645357,-53810725.17645357,0.0,1,nan,157,210,313,80356,0.09699940000427887
Coins,mcet,6,3,MS-LS-4S,0.3102715000859462,0.31199539999943227,-53810725.17645357,-53810725.17645357,0.0,1,65,65,260,1471,107958,0.27829789998941123
Coins,mcet,6,3,MS-LS-conv,0.3102715000859462,0.3170984999742359,-53810725.17645357,-53810725.17645357,0.0,1,21,21,277,1394,109953,0.008596599975135177
Coins,mcet,6,4,RM-MDE,0.28486359980888665,0.28486359980888665,-53810725.17645357,-53810725.17645357,0.0,1,nan,138,189,291,72880,0.08091509994119406
Coins,mcet,6,4,MS-LS-4S,0.28486359980888665,0.286252899968531,-53810701.26678937,-53810725.17645357,4.4432897197264643e-07,0,57,57,228,1315,96891,nan
Coins,mcet,6,4,MS-LS-conv,0.28486359980888665,0.2973140000249259,-53810725.17645357,-53810725.17645357,0.0,1,18,18,251,1284,99760,0.1413252999773249
Coins,mcet,6,5,RM-MDE,0.2892070000525564,0.2892070000525564,-53810725.17645357,-53810725.17645357,0.0,1,nan,143,190,288,72353,0.07449830003315583
Coins,mcet,6,5,MS-LS-4S,0.2892070000525564,0.2898900000145659,-53810725.17645357,-53810725.17645357,0.0,1,59,59,236,1334,97407,0.19167760002892464
Coins,mcet,6,5,MS-LS-conv,0.2892070000525564,0.29084540001349524,-53810725.17645357,-53810725.17645357,0.0,1,19,19,253,1278,100391,0.024586500017903745
Coins,mcet,6,6,RM-MDE,0.26004019973333925,0.26004019973333925,-53810725.17645357,-53810725.17645357,0.0,1,nan,127,167,224,64417,0.03454680001595989
Coins,mcet,6,6,MS-LS-4S,0.26004019973333925,0.2623615000047721,-53810725.17645357,-53810725.17645357,0.0,1,53,53,212,1213,88633,0.24610910000046715
Coins,mcet,6,6,MS-LS-conv,0.26004019973333925,0.27705520001472905,-53810725.17645357,-53810725.17645357,0.0,1,16,16,238,1222,94744,0.1616781000047922
Coins,mcet,6,7,RM-MDE,0.29084199969656765,0.29084199969656765,-53810725.17645357,-53810725.17645357,0.0,1,nan,150,193,222,73772,0.012686199916061014
Coins,mcet,6,7,MS-LS-4S,0.29084199969656765,0.29350550001254305,-53810723.03371997,-53810725.17645357,3.9819823822090595e-08,0,60,60,240,1353,99637,nan
Coins,mcet,6,7,MS-LS-conv,0.29084199969656765,0.308501299994532,-53810725.17645357,-53810725.17645357,0.0,1,20,20,268,1342,106086,0.09396550001110882
Coins,mcet,6,8,RM-MDE,0.2587802001507953,0.2587802001507953,-53810725.17645357,-53810725.17645357,0.0,1,nan,131,167,182,63739,0.06817039998713881
Coins,mcet,6,8,MS-LS-4S,0.2587802001507953,0.2604022999876179,-53810689.211432435,-53810725.17645357,6.683615769066123e-07,0,54,54,216,1215,88882,nan
Coins,mcet,6,8,MS-LS-conv,0.2587802001507953,0.2727990999701433,-53810725.17645357,-53810725.17645357,0.0,1,18,18,241,1192,93769,0.033253900008276105
Coins,mcet,6,9,RM-MDE,0.30290310020791367,0.30290310020791367,-53810725.17645357,-53810725.17645357,0.0,1,nan,150,202,273,77609,0.0748868000227958
Coins,mcet,6,9,MS-LS-4S,0.30290310020791367,0.3075389000005089,-53810634.52654915,-53810725.17645357,1.6846066303279979e-06,0,62,62,248,1418,103602,nan
Coins,mcet,6,9,MS-LS-conv,0.30290310020791367,0.32441370002925396,-53810725.17645357,-53810725.17645357,0.0,1,20,20,283,1445,112636,0.1149413000093773
Coins,mcet,7,0,RM-MDE,0.1696028002188541,0.1696028002188541,-53818778.27210942,-53818778.27210942,0.0,1,nan,32,85,306,33488,0.09365799999795854
Coins,mcet,7,0,MS-LS-4S,0.1696028002188541,0.1701356999692507,-53818565.20663269,-53818778.27210942,3.958943022697398e-06,0,33,33,132,875,57226,nan
Coins,mcet,7,0,MS-LS-conv,0.1696028002188541,0.18227240000851452,-53818590.2698347,-53818778.27210942,3.493246795222952e-06,0,10,10,155,764,62164,nan
Coins,mcet,7,1,RM-MDE,0.2149124999414198,0.2149124999414198,-53818778.27210942,-53818778.27210942,0.0,1,nan,62,121,375,48279,0.11589390004519373
Coins,mcet,7,1,MS-LS-4S,0.2149124999414198,0.21947709994856268,-53818695.737574145,-53818778.27210942,1.5335638957951143e-06,0,44,44,176,1163,74117,nan
Coins,mcet,7,1,MS-LS-conv,0.2149124999414198,0.21815169998444617,-53818695.737574145,-53818778.27210942,1.5335638957951143e-06,0,11,11,185,977,74676,nan
Coins,mcet,7,2,RM-MDE,0.19490529992617667,0.19490529992617667,-53818778.27210942,-53818778.27210942,0.0,1,nan,54,107,287,41560,0.09952389990212396
Coins,mcet,7,2,MS-LS-4S,0.19490529992617667,0.19940639997366816,-53818508.19180077,-53818778.27210942,5.0183284964298005e-06,0,40,40,160,1049,67264,nan
Coins,mcet,7,2,MS-LS-conv,0.19490529992617667,0.2107572000240907,-53818629.19383643,-53818778.27210942,2.7700047785763177e-06,0,12,12,181,926,72888,nan
Coins,mcet,7,3,RM-MDE,0.24675729998853058,0.24675729998853058,-53818778.27210942,-53818778.27210942,0.0,1,nan,90,149,308,57933,0.1177166998386383
Coins,mcet,7,3,MS-LS-4S,0.24675729998853058,0.24689839995699003,-53818696.328929946,-53818778.27210942,1.5225759874922029e-06,0,49,49,196,1288,82914,nan
Coins,mcet,7,3,MS-LS-conv,0.24675729998853058,0.25568589998874813,-53818629.19383643,-53818778.27210942,2.7700047785763177e-06,0,14,14,220,1139,88585,nan
Coins,mcet,7,4,RM-MDE,0.1879239003174007,0.1879239003174007,-53818778.27210942,-53818778.27210942,0.0,1,nan,40,100,337,39261,0.13713860022835433
Coins,mcet,7,4,MS-LS-4S,0.1879239003174007,0.19243210001150146,-53818570.16654203,-53818778.27210942,3.866783566435646e-06,0,38,38,152,1014,65900,nan
Coins,mcet,7,4,MS-LS-conv,0.1879239003174007,0.1958905000356026,-53818629.19383643,-53818778.27210942,2.7700047785763177e-06,0,9,9,168,891,68264,nan
Coins,mcet,7,5,RM-MDE,0.21418299968354404,0.21418299968354404,-53818778.27210942,-53818778.27210942,0.0,1,nan,62,124,338,48568,0.13344259973382577
Coins,mcet,7,5,MS-LS-4S,0.21418299968354404,0.21479450003243983,-53818627.41097388,-53818778.27210942,2.8031319250621807e-06,0,43,43,172,1134,72500,nan
Coins,mcet,7,5,MS-LS-conv,0.21418299968354404,0.23622269998304546,-53818706.8848164,-53818778.27210942,1.3264383791371907e-06,0,12,12,201,1033,81080,nan
Coins,mcet,7,6,RM-MDE,0.24852390034357086,0.24852390034357086,-53818662.58953192,-53818778.27210942,2.1494835299560768e-06,0,nan,85,151,382,59373,nan
Coins,mcet,7,6,MS-LS-4S,0.24852390034357086,0.24980649998178706,-53818766.66294304,-53818778.27210942,2.157084710767011e-07,0,50,50,199,1308,85131,nan
Coins,mcet,7,6,MS-LS-conv,0.24852390034357086,0.25725490000331774,-53818629.19383643,-53818778.27210942,2.7700047785763177e-06,0,13,13,221,1154,89289,nan
Coins,mcet,7,7,RM-MDE,0.19262429984519258,0.19262429984519258,-53818778.27210942,-53818778.27210942,0.0,1,nan,49,103,301,40269,0.10333829990122467
Coins,mcet,7,7,MS-LS-4S,0.19262429984519258,0.19541500002378598,-53818679.687989354,-53818778.27210942,1.8317792270669812e-06,0,39,39,156,1023,66051,nan
Coins,mcet,7,7,MS-LS-conv,0.19262429984519258,0.1988932999665849,-53818706.8848164,-53818778.27210942,1.3264383791371907e-06,0,12,12,169,855,68026,nan
Coins,mcet,7,8,RM-MDE,0.2207828998216428,0.2207828998216428,-53818778.27210942,-53818778.27210942,0.0,1,nan,62,129,289,50340,0.12916299980133772
Coins,mcet,7,8,MS-LS-4S,0.2207828998216428,0.22527970001101494,-53818697.13380878,-53818778.27210942,1.507620634421194e-06,0,46,46,184,1199,77159,nan
Coins,mcet,7,8,MS-LS-conv,0.2207828998216428,0.22925969999050722,-53818766.66294304,-53818778.27210942,2.157084710767011e-07,0,14,14,201,1035,79445,nan
Coins,mcet,7,9,RM-MDE,0.18607030052226037,0.18607030052226037,-53818778.27210942,-53818778.27210942,0.0,1,nan,39,101,300,39003,0.17687720048706979
Coins,mcet,7,9,MS-LS-4S,0.18607030052226037,0.1898646000190638,-53818610.099455394,-53818778.27210942,3.124795088713654e-06,0,38,38,152,1005,64840,nan
Coins,mcet,7,9,MS-LS-conv,0.18607030052226037,0.1949908999959007,-53818629.19383643,-53818778.27210942,2.7700047785763177e-06,0,10,10,157,808,63493,nan
Coins,mcet,8,0,RM-MDE,0.24778869980946183,0.24778869980946183,-53825612.242427446,-53825612.242427446,0.0,1,nan,88,146,358,57682,0.09879879973595962
Coins,mcet,8,0,MS-LS-4S,0.24778869980946183,0.24780050001572818,-53825370.44617899,-53825612.242427446,4.4922154785586e-06,0,48,48,192,1456,84091,nan
Coins,mcet,8,0,MS-LS-conv,0.24778869980946183,0.2705862000002526,-53825579.64204633,-53825612.242427446,6.056667031813512e-07,0,12,12,226,1390,92685,nan
Coins,mcet,8,1,RM-MDE,0.2318115000380203,0.2318115000380203,-53825612.242427446,-53825612.242427446,0.0,1,nan,75,133,360,52263,0.11374410009011626
Coins,mcet,8,1,MS-LS-4S,0.2318115000380203,0.23546599998371676,-53825410.39246194,-53825612.242427446,3.7500728202808244e-06,0,46,46,184,1362,78340,nan
Coins,mcet,8,1,MS-LS-conv,0.2318115000380203,0.250548499985598,-53825590.186972454,-53825612.242427446,4.0975762416637966e-07,0,11,11,210,1261,85915,nan
Coins,mcet,8,2,RM-MDE,0.16525350004667416,0.16525350004667416,-53825612.242427446,-53825612.242427446,0.0,1,nan,26,79,320,31097,0.15093880001222715
Coins,mcet,8,2,MS-LS-4S,0.16525350004667416,0.16870019998168573,-53825256.54451024,-53825612.242427446,6.608339457543607e-06,0,33,33,132,985,56478,nan
Coins,mcet,8,2,MS-LS-conv,0.16525350004667416,0.17891939997207373,-53825585.135008305,-53825612.242427446,5.036156211014688e-07,0,9,9,152,913,61872,nan
Coins,mcet,8,3,RM-MDE,0.25028810027288273,0.25028810027288273,-53825612.242427446,-53825612.242427446,0.0,1,nan,86,146,442,58396,0.10942850005812943
Coins,mcet,8,3,MS-LS-4S,0.25028810027288273,0.25040860002627596,-53825579.64204633,-53825612.242427446,6.056667031813512e-07,0,49,49,196,1464,84320,nan
Coins,mcet,8,3,MS-LS-conv,0.25028810027288273,0.2595831999788061,-53825579.64204633,-53825612.242427446,6.056667031813512e-07,0,12,12,215,1294,87675,nan
Coins,mcet,8,4,RM-MDE,0.19353050040081143,0.19353050040081143,-53825612.242427446,-53825612.242427446,0.0,1,nan,43,99,392,39547,0.14462660043500364
Coins,mcet,8,4,MS-LS-4S,0.19353050040081143,0.19749339995905757,-53825334.92543956,-53825612.242427446,5.152138105517596e-06,0,38,38,152,1175,67148,nan
Coins,mcet,8,4,MS-LS-conv,0.19353050040081143,0.19817769998917356,-53825004.387411065,-53825612.242427446,1.1293044167204353e-05,0,8,8,166,1027,68227,nan
Coins,mcet,8,5,RM-MDE,0.3209816997987218,0.3209816997987218,-53825612.242427446,-53825612.242427446,0.0,1,nan,105,204,652,81570,0.1259241999941878
Coins,mcet,8,5,MS-LS-4S,0.3209816997987218,0.32246329996269196,-53825585.135008305,-53825612.242427446,5.036156211014688e-07,0,64,64,256,1924,109176,nan
Coins,mcet,8,5,MS-LS-conv,0.3209816997987218,0.32750499999383464,-53825585.135008305,-53825612.242427446,5.036156211014688e-07,0,16,16,276,1672,112890,nan
Coins,mcet,8,6,RM-MDE,0.20824839983833954,0.20824839983833954,-53825612.242427446,-53825612.242427446,0.0,1,nan,42,112,473,44581,0.15788489999249578
Coins,mcet,8,6,MS-LS-4S,0.20824839983833954,0.211899199988693,-53825325.18824786,-53825612.242427446,5.333040677616349e-06,0,41,41,164,1231,71284,nan
Coins,mcet,8,6,MS-LS-conv,0.20824839983833954,0.22207860002527013,-53825585.135008305,-53825612.242427446,5.036156211014688e-07,0,10,10,187,1112,76300,nan
Coins,mcet,8,7,RM-MDE,0.23816790024284273,0.23816790024284273,-53825612.242427446,-53825612.242427446,0.0,1,nan,71,134,434,53109,0.13943030021619052
Coins,mcet,8,7,MS-LS-4S,0.23816790024284273,0.23953820002498105,-53825597.68134798,-53825612.242427446,2.705232482869038e-07,0,46,46,184,1367,79141,nan
Coins,mcet,8,7,MS-LS-conv,0.23816790024284273,0.24693780002417043,-53825597.12618058,-53825612.242427446,2.8083743471633796e-07,0,12,12,208,1246,84393,nan
Coins,mcet,8,8,RM-MDE,0.20128919964190573,0.20128919964190573,-53825612.242427446,-53825612.242427446,0.0,1,nan,36,107,407,42288,0.17833309952402487
Coins,mcet,8,8,MS-LS-4S,0.20128919964190573,0.20613539998885244,-53825265.05407867,-53825612.242427446,6.450244304029017e-06,0,40,40,160,1199,68321,nan
Coins,mcet,8,8,MS-LS-conv,0.20128919964190573,0.20769340003607795,-53825567.94207795,-53825612.242427446,8.230347533582856e-07,0,11,11,178,1030,70865,nan
Coins,mcet,8,9,RM-MDE,0.22401739982888103,0.22401739982888103,-53825612.242427446,-53825612.242427446,0.0,1,nan,58,128,442,50237,0.12360869988333434
Coins,mcet,8,9,MS-LS-4S,0.22401739982888103,0.225735199986957,-53825272.61111311,-53825612.242427446,6.309845818521744e-06,0,44,44,176,1329,75728,nan
Coins,mcet,8,9,MS-LS-conv,0.22401739982888103,0.2462015000055544,-53825579.64204633,-53825612.242427446,6.056667031813512e-07,0,11,11,206,1287,84269,nan
Moon,otsu,6,0,RM-MDE,0.13075729983393103,0.13075729983393103,-3399909671.1162934,-3399909671.1162934,0.0,1,nan,96,147,217,56454,0.05246239993721247
Moon,otsu,6,0,MS-LS-4S,0.13075729983393103,0.1317712999880314,-3399894189.858039,-3399909671.1162934,4.553432223817017e-06,0,61,61,244,1262,102429,nan
Moon,otsu,6,0,MS-LS-conv,0.13075729983393103,0.1354299999657087,-3399896956.244158,-3399909671.1162934,3.7397676307866474e-06,0,28,28,277,918,109601,nan
Moon,otsu,6,1,RM-MDE,0.1537208998342976,0.1537208998342976,-3399909671.1162934,-3399909671.1162934,0.0,1,nan,130,182,220,69621,0.03334959992207587
Moon,otsu,6,1,MS-LS-4S,0.1537208998342976,0.1538416999974288,-3399909671.1162934,-3399909671.1162934,0.0,1,76,76,304,1487,123753,0.040653000003658235
Moon,otsu,6,1,MS-LS-conv,0.1537208998342976,0.15599950001342222,-3399909671.1162934,-3399909671.1162934,0.0,1,35,35,326,1043,127717,0.09036660002311692
Moon,otsu,6,2,RM-MDE,0.14834870025515556,0.14834870025515556,-3399909671.1162934,-3399909671.1162934,0.0,1,nan,123,186,298,69833,0.05138670006999746
Moon,otsu,6,2,MS-LS-4S,0.14834870025515556,0.148549500037916,-3399909671.1162934,-3399909671.1162934,0.0,1,71,71,284,1419,116488,0.09949150000466034
Moon,otsu,6,2,MS-LS-conv,0.14834870025515556,0.15128170000389218,-3399896956.244158,-3399909671.1162934,3.7397676307866474e-06,0,32,32,312,1061,121896,nan
Moon,otsu,6,3,RM-MDE,0.14258140028687194,0.14258140028687194,-3399909671.1162934,-3399909671.1162934,0.0,1,nan,114,172,230,65265,0.02959650004049763
Moon,otsu,6,3,MS-LS-4S,0.14258140028687194,0.1444113000179641,-3399909671.1162934,-3399909671.1162934,0.0,1,69,69,276,1382,113594,0.01828320004278794
Moon,otsu,6,3,MS-LS-conv,0.14258140028687194,0.1432855000020936,-3399909671.1162934,-3399909671.1162934,0.0,1,33,33,294,996,115184,0.037267600011546165
Moon,otsu,6,4,RM-MDE,0.15686699975049123,0.15686699975049123,-3399909671.1162934,-3399909671.1162934,0.0,1,nan,136,187,211,71183,0.017054099938832223
Moon,otsu,6,4,MS-LS-4S,0.15686699975049123,0.1575219999649562,-3399909671.1162934,-3399909671.1162934,0.0,1,73,73,292,1489,123019,0.1137929999968037
Moon,otsu,6,4,MS-LS-conv,0.15686699975049123,0.16106240003136918,-3399896956.244158,-3399909671.1162934,3.7397676307866474e-06,0,33,33,324,1058,128235,nan
Moon,otsu,6,5,RM-MDE,0.14613289997214451,0.14613289997214451,-3399909671.1162934,-3399909671.1162934,0.0,1,nan,118,175,227,66371,0.03864930005511269
Moon,otsu,6,5,MS-LS-4S,0.14613289997214451,0.14633560000220314,-3399903389.1134267,-3399909671.1162934,1.8476969903386942e-06,0,70,70,280,1360,114674,nan
Moon,otsu,6,5,MS-LS-conv,0.14613289997214451,0.14746250002644956,-3399896956.244158,-3399909671.1162934,3.7397676307866474e-06,0,34,34,311,1021,121321,nan
Moon,otsu,6,6,RM-MDE,0.163517200096976,0.163517200096976,-3399909671.1162934,-3399909671.1162934,0.0,1,nan,145,207,257,79099,0.04182840010616928
Moon,otsu,6,6,MS-LS-4S,0.163517200096976,0.16356429998995736,-3399909671.1162934,-3399909671.1162934,0.0,1,77,77,308,1589,128053,0.10826080001424998
Moon,otsu,6,6,MS-LS-conv,0.163517200096976,0.1642598999897018,-3399896956.244158,-3399909671.1162934,3.7397676307866474e-06,0,35,35,340,1147,133364,nan
Moon,otsu,6,7,RM-MDE,0.14933980000205338,0.14933980000205338,-3399909671.1162934,-3399909671.1162934,0.0,1,nan,117,181,266,68854,0.049271400028374046
Moon,otsu,6,7,MS-LS-4S,0.14933980000205338,0.15108480001799762,-3399896956.244158,-3399909671.1162934,3.7397676307866474e-06,0,71,71,284,1479,117377,nan
Moon,otsu,6,7,MS-LS-conv,0.14933980000205338,0.14998829999240115,-3399896956.244158,-3399909671.1162934,3.7397676307866474e-06,0,31,31,310,1018,121478,nan
Moon,otsu,6,8,RM-MDE,0.15751420019660145,0.15751420019660145,-3399909671.1162934,-3399909671.1162934,0.0,1,nan,145,200,267,76370,0.024336200032848865
Moon,otsu,6,8,MS-LS-4S,0.15751420019660145,0.15864520001923665,-3399909671.1162934,-3399909671.1162934,0.0,1,77,77,308,1561,125207,0.007906700018793344
Moon,otsu,6,8,MS-LS-conv,0.15751420019660145,0.16211530001601204,-3399909671.1162934,-3399909671.1162934,0.0,1,34,34,337,1196,129919,0.01613030000589788
Moon,otsu,6,9,RM-MDE,0.1320391001063399,0.1320391001063399,-3399909671.1162934,-3399909671.1162934,0.0,1,nan,97,147,199,56127,0.037641000002622604
Moon,otsu,6,9,MS-LS-4S,0.1320391001063399,0.13394430000334978,-3399896956.244158,-3399909671.1162934,3.7397676307866474e-06,0,65,65,260,1311,107392,nan
Moon,otsu,6,9,MS-LS-conv,0.1320391001063399,0.1350664999918081,-3399896956.244158,-3399909671.1162934,3.7397676307866474e-06,0,29,29,280,943,109633,nan
Moon,otsu,7,0,RM-MDE,0.16148869990138337,0.16148869990138337,-3400925681.5452294,-3400925681.5452294,0.0,1,nan,141,200,329,78060,0.017172099906019866
Moon,otsu,7,0,MS-LS-4S,0.16148869990138337,0.16252800001529977,-3400922805.346711,-3400925681.5452294,8.457104881425688e-07,0,75,75,300,1864,129730,nan
Moon,otsu,7,0,MS-LS-conv,0.16148869990138337,0.1660903000156395,-3400925681.5452294,-3400925681.5452294,0.0,1,30,30,333,1430,134627,0.036221800022758543
Moon,otsu,7,1,RM-MDE,0.1401786997448653,0.1401786997448653,-3400925681.5452294,-3400925681.5452294,0.0,1,nan,113,159,269,62115,0.028296699980273843
Moon,otsu,7,1,MS-LS-4S,0.1401786997448653,0.14060440001776442,-3400925681.5452294,-3400925681.5452294,0.0,1,67,67,268,1570,113093,0.13009760004933923
Moon,otsu,7,1,MS-LS-conv,0.1401786997448653,0.14086520002456382,-3400925681.5452294,-3400925681.5452294,0.0,1,26,26,292,1248,116416,0.017215900006704032
Moon,otsu,7,2,RM-MDE,0.14041610021376982,0.14041610021376982,-3400925681.5452294,-3400925681.5452294,0.0,1,nan,112,157,259,61222,0.050897100067231804
Moon,otsu,7,2,MS-LS-4S,0.14041610021376982,0.14058920001843944,-3400910437.172705,-3400925681.5452294,4.482418597672828e-06,0,66,66,264,1603,112020,nan
Moon,otsu,7,2,MS-LS-conv,0.14041610021376982,0.1427499000565149,-3400925681.5452294,-3400925681.5452294,0.0,1,26,26,291,1264,116499,0.005078200018033385
Moon,otsu,7,3,RM-MDE,0.15645450016018003,0.15645450016018003,-3400925681.5452294,-3400925681.5452294,0.0,1,nan,138,193,326,74150,0.01771409995853901
Moon,otsu,7,3,MS-LS-4S,0.15645450016018003,0.15715650003403425,-3400917559.5460157,-3400925681.5452294,2.3881730958629036e-06,0,73,73,292,1773,123529,nan
Moon,otsu,7,3,MS-LS-conv,0.15645450016018003,0.16148539999267086,-3400925681.5452294,-3400925681.5452294,0.0,1,31,31,321,1323,128744,0.0034556000027805567
Moon,otsu,7,4,RM-MDE,0.16269569989526644,0.16269569989526644,-3400925681.5452294,-3400925681.5452294,0.0,1,nan,135,206,413,80471,0.0534723000600934
Moon,otsu,7,4,MS-LS-4S,0.16269569989526644,0.16289119998691604,-3400917559.5460157,-3400925681.5452294,2.3881730958629036e-06,0,76,76,304,1840,131473,nan
Moon,otsu,7,4,MS-LS-conv,0.16269569989526644,0.16511739999987185,-3400925681.5452294,-3400925681.5452294,0.0,1,31,31,342,1502,138393,0.05938719998812303
Moon,otsu,7,5,RM-MDE,0.15455169999040663,0.15455169999040663,-3400925681.5452294,-3400925681.5452294,0.0,1,nan,138,190,275,73956,0.011883499915711582
Moon,otsu,7,5,MS-LS-4S,0.15455169999040663,0.15504110004985705,-3400915690.3479896,-3400925681.5452294,2.937787583566436e-06,0,72,72,288,1749,121810,nan
Moon,otsu,7,5,MS-LS-conv,0.15455169999040663,0.15760700003011152,-3400925681.5452294,-3400925681.5452294,0.0,1,30,30,315,1313,126112,0.036965500039514154
Moon,otsu,7,6,RM-MDE,0.15413809986785054,0.15413809986785054,-3400925681.5452294,-3400925681.5452294,0.0,1,nan,125,189,358,74017,0.0202473999815993
Moon,otsu,7,6,MS-LS-4S,0.15413809986785054,0.15542299998924136,-3400922267.4902263,-3400925681.5452294,1.0038605141218505e-06,0,71,71,284,1761,122673,nan
Moon,otsu,7,6,MS-LS-conv,0.15413809986785054,0.1541709000011906,-3400925681.5452294,-3400925681.5452294,0.0,1,28,28,305,1303,123260,0.009787900024093688
Moon,otsu,7,7,RM-MDE,0.150434399896767,0.150434399896767,-3400925681.5452294,-3400925681.5452294,0.0,1,nan,117,177,336,69039,0.04860339983133599
Moon,otsu,7,7,MS-LS-4S,0.150434399896767,0.15098540001781657,-3400922805.346711,-3400925681.5452294,8.457104881425688e-07,0,71,71,284,1737,121470,nan
Moon,otsu,7,7,MS-LS-conv,0.150434399896767,0.15167570003541186,-3400925681.5452294,-3400925681.5452294,0.0,1,29,29,314,1354,126043,0.022709700046107173
Moon,otsu,7,8,RM-MDE,0.1405711000552401,0.1405711000552401,-3400925681.5452294,-3400925681.5452294,0.0,1,nan,123,162,259,62687,0.020267600018996745
Moon,otsu,7,8,MS-LS-4S,0.1405711000552401,0.14211439999053255,-3400922805.346711,-3400925681.5452294,8.457104881425688e-07,0,68,68,272,1685,114451,nan
Moon,otsu,7,8,MS-LS-conv,0.1405711000552401,0.1407723999582231,-3400925681.5452294,-3400925681.5452294,0.0,1,24,24,287,1269,112977,0.01484409999102354
Moon,otsu,7,9,RM-MDE,0.15177880006376654,0.15177880006376654,-3400925681.5452294,-3400925681.5452294,0.0,1,nan,117,174,309,67891,0.04129349999129772
Moon,otsu,7,9,MS-LS-4S,0.15177880006376654,0.1524333999841474,-3400892447.4349856,-3400925681.5452294,9.772077768161403e-06,0,69,69,276,1679,117158,nan
Moon,otsu,7,9,MS-LS-conv,0.15177880006376654,0.15526540001155809,-3400925681.5452294,-3400925681.5452294,0.0,1,29,29,318,1372,127707,0.03634190000593662
Moon,otsu,8,0,RM-MDE,0.12588639999739826,0.12588639999739826,-3401486001.1514874,-3401486001.1514874,0.0,1,nan,62,124,376,49310,0.07499979995191097
Moon,otsu,8,0,MS-LS-4S,0.12588639999739826,0.12589299998944625,-3401476118.016959,-3401486001.1514874,2.90553438256527e-06,0,57,57,228,1648,101309,nan
Moon,otsu,8,0,MS-LS-conv,0.12588639999739826,0.1293368000187911,-3401472471.4510107,-3401486001.1514874,3.977585229533882e-06,0,18,18,255,1253,104435,nan
Moon,otsu,8,1,RM-MDE,0.1271916002733633,0.1271916002733633,-3401486001.1514874,-3401486001.1514874,0.0,1,nan,78,127,295,50003,0.05259199999272823
Moon,otsu,8,1,MS-LS-4S,0.1271916002733633,0.12845189997460693,-3401466549.7876654,-3401486001.1514874,5.718490040940509e-06,0,58,58,232,1629,100180,nan
Moon,otsu,8,1,MS-LS-conv,0.1271916002733633,0.1355906999669969,-3401479689.781109,-3401486001.1514874,1.8554744533294294e-06,0,19,19,267,1301,108345,nan
Moon,otsu,8,2,RM-MDE,0.14608760009286925,0.14608760009286925,-3401486001.1514874,-3401486001.1514874,0.0,1,nan,104,165,383,65324,0.05811179999727756
Moon,otsu,8,2,MS-LS-4S,0.14608760009286925,0.14707389997784048,-3401371796.866105,-3401486001.1514874,3.357482151730445e-05,0,66,66,264,1881,114880,nan
Moon,otsu,8,2,MS-LS-conv,0.14608760009286925,0.1514200999517925,-3401479689.781109,-3401486001.1514874,1.8554744533294294e-06,0,21,21,307,1541,124266,nan
Moon,otsu,8,3,RM-MDE,0.1379345000605099,0.1379345000605099,-3401486001.1514874,-3401486001.1514874,0.0,1,nan,93,148,320,58198,0.0666966000571847
Moon,otsu,8,3,MS-LS-4S,0.1379345000605099,0.1381004999857396,-3401453034.029656,-3401486001.1514874,9.69197633630034e-06,0,63,63,252,1763,109392,nan
Moon,otsu,8,3,MS-LS-conv,0.1379345000605099,0.14294849999714643,-3401479689.781109,-3401486001.1514874,1.8554744533294294e-06,0,21,21,286,1357,115847,nan
Moon,otsu,8,4,RM-MDE,0.1339414000394754,0.1339414000394754,-3401486001.1514874,-3401486001.1514874,0.0,1,nan,73,140,405,55400,0.06270099995890632
Moon,otsu,8,4,MS-LS-4S,0.1339414000394754,0.13488699996378273,-3401429818.4429564,-3401486001.1514874,1.6517107085516044e-05,0,60,60,240,1715,106694,nan
Moon,otsu,8,4,MS-LS-conv,0.1339414000394754,0.13730800000485033,-3401479689.781109,-3401486001.1514874,1.8554744533294294e-06,0,17,17,270,1347,109444,nan
Moon,otsu,8,5,RM-MDE,0.1324031997937709,0.1324031997937709,-3401486001.1514874,-3401486001.1514874,0.0,1,nan,72,140,401,55384,0.07309499999973923
Moon,otsu,8,5,MS-LS-4S,0.1324031997937709,0.13412380003137514,-3401469595.2524924,-3401486001.1514874,4.823156405573574e-06,0,61,61,244,1696,105385,nan
Moon,otsu,8,5,MS-LS-conv,0.1324031997937709,0.13993699999991804,-3401479689.781109,-3401486001.1514874,1.8554744533294294e-06,0,19,19,283,1398,114473,nan
Moon,otsu,8,6,RM-MDE,0.10848760005319491,0.10848760005319491,-3401486001.1514874,-3401486001.1514874,0.0,1,nan,48,88,248,34849,0.06498179992195219
Moon,otsu,8,6,MS-LS-4S,0.10848760005319491,0.10853319999296218,-3401383005.781615,-3401486001.1514874,3.0279521902398996e-05,0,48,48,192,1396,84942,nan
Moon,otsu,8,6,MS-LS-conv,0.10848760005319491,0.11693890002788976,-3401479689.781109,-3401486001.1514874,1.8554744533294294e-06,0,16,16,231,1133,94634,nan
Moon,otsu,8,7,RM-MDE,0.1360680001671426,0.1360680001671426,-3401485185.503088,-3401486001.1514874,2.3979178484841924e-07,0,nan,94,142,295,55969,nan
Moon,otsu,8,7,MS-LS-4S,0.1360680001671426,0.1366367000155151,-3401462480.2537713,-3401486001.1514874,6.914888877415039e-06,0,62,62,248,1729,108559,nan
Moon,otsu,8,7,MS-LS-conv,0.1360680001671426,0.1398549999576062,-3401479689.781109,-3401486001.1514874,1.8554744533294294e-06,0,20,20,275,1318,111842,nan
Moon,otsu,8,8,RM-MDE,0.133703000145033,0.133703000145033,-3401486001.1514874,-3401486001.1514874,0.0,1,nan,78,138,303,53482,0.06429490016307682
Moon,otsu,8,8,MS-LS-4S,0.133703000145033,0.1347849000012502,-3401441620.4173403,-3401486001.1514874,1.3047454592506881e-05,0,60,60,240,1704,103361,nan
Moon,otsu,8,8,MS-LS-conv,0.133703000145033,0.13614140002755448,-3401479689.781109,-3401486001.1514874,1.8554744533294294e-06,0,19,19,260,1269,104704,nan
Moon,otsu,8,9,RM-MDE,0.15557030006311834,0.15557030006311834,-3401486001.1514874,-3401486001.1514874,0.0,1,nan,117,180,349,70421,0.06442210008390248
Moon,otsu,8,9,MS-LS-4S,0.15557030006311834,0.15688600001158193,-3401433892.728847,-3401486001.1514874,1.531931121359419e-05,0,71,71,284,2005,123359,nan
Moon,otsu,8,9,MS-LS-conv,0.15557030006311834,0.1573668000055477,-3401472471.4510107,-3401486001.1514874,3.977585229533882e-06,0,22,22,322,1559,130434,nan
Moon,kapur,6,0,RM-MDE,0.3173636001884006,0.3173636001884006,-21.471876980091757,-21.471876980091757,0.0,1,nan,116,169,187,65641,0.07988070003921166
Moon,kapur,6,0,MS-LS-4S,0.3173636001884006,0.32026730000507087,-21.471876980091757,-21.471876980091757,0.0,1,54,54,215,783,87381,0.0351717000012286
Moon,kapur,6,0,MS-LS-conv,0.3173636001884006,0.3209419999620877,-21.471876980091757,-21.471876980091757,0.0,1,40,40,218,665,87959,0.05015189998084679
Moon,kapur,6,1,RM-MDE,0.31524359981995076,0.31524359981995076,-21.471876980091757,-21.471876980091757,0.0,1,nan,123,167,152,64459,0.028670899977441877
Moon,kapur,6,1,MS-LS-4S,0.31524359981995076,0.3189095999696292,-21.469766113702818,-21.471876980091757,9.830842412596077e-05,0,54,54,214,746,85661,nan
Moon,kapur,6,1,MS-LS-conv,0.31524359981995076,0.32006850000470877,-21.471876980091757,-21.471876980091757,0.0,1,41,41,217,632,86715,0.14433849998749793
Moon,kapur,6,2,RM-MDE,0.2862895997823216,0.2862895997823216,-21.471876980091757,-21.471876980091757,0.0,1,nan,106,149,139,57910,0.061646899848710746
Moon,kapur,6,2,MS-LS-4S,0.2862895997823216,0.2917050000396557,-21.45320024160879,-21.471876980091757,0.0008698232809494542,0,50,50,198,711,78849,nan
Moon,kapur,6,2,MS-LS-conv,0.2862895997823216,0.2881692000082694,-21.471876980091757,-21.471876980091757,0.0,1,36,36,197,597,78515,0.2636615000083111
Moon,kapur,6,3,RM-MDE,0.27324749977560714,0.27324749977560714,-21.471876980091757,-21.471876980091757,0.0,1,nan,101,140,138,54264,0.06953939999220893
Moon,kapur,6,3,MS-LS-4S,0.27324749977560714,0.2765804000082426,-21.466305581868745,-21.471876980091757,0.0002594742056401192,0,50,50,192,686,76890,nan
Moon,kapur,6,3,MS-LS-conv,0.27324749977560714,0.2760056999977678,-21.466305581868745,-21.471876980091757,0.0002594742056401192,0,38,38,190,574,75476,nan
Moon,kapur,6,4,RM-MDE,0.2737427001702599,0.2737427001702599,-21.471876980091757,-21.471876980091757,0.0,1,nan,93,141,182,54465,0.07448030012892559
Moon,kapur,6,4,MS-LS-4S,0.2737427001702599,0.2744904999854043,-21.466305581868745,-21.471876980091757,0.0002594742056401192,0,47,47,185,673,75804,nan
Moon,kapur,6,4,MS-LS-conv,0.2737427001702599,0.2774681000155397,-21.471876980091757,-21.471876980091757,0.0,1,35,35,189,581,76394,0.2492350999964401
Moon,kapur,6,5,RM-MDE,0.2858147001825273,0.2858147001825273,-21.471876980091757,-21.471876980091757,0.0,1,nan,104,146,139,56468,0.059386099921539426
Moon,kapur,6,5,MS-LS-4S,0.2858147001825273,0.2868697000085376,-21.466305581868745,-21.471876980091757,0.0002594742056401192,0,50,50,196,685,78860,nan
Moon,kapur,6,5,MS-LS-conv,0.2858147001825273,0.2905431000399403,-21.471876980091757,-21.471876980091757,0.0,1,38,38,199,576,79399,0.16036460001487285
Moon,kapur,6,6,RM-MDE,0.3005321000237018,0.3005321000237018,-21.471876980091757,-21.471876980091757,0.0,1,nan,115,155,149,60416,0.0659532998688519
Moon,kapur,6,6,MS-LS-4S,0.3005321000237018,0.3049658999661915,-21.466305581868745,-21.471876980091757,0.0002594742056401192,0,52,52,206,745,82862,nan
Moon,kapur,6,6,MS-LS-conv,0.3005321000237018,0.3048113999539055,-21.466305581868745,-21.471876980091757,0.0002594742056401192,0,38,38,211,655,84394,nan
Moon,kapur,6,7,RM-MDE,0.30442039988702163,0.30442039988702163,-21.471876980091757,-21.471876980091757,0.0,1,nan,114,160,161,62374,0.09441369981504977
Moon,kapur,6,7,MS-LS-4S,0.30442039988702163,0.3067000999581069,-21.466305581868745,-21.471876980091757,0.0002594742056401192,0,53,53,209,731,83622,nan
Moon,kapur,6,7,MS-LS-conv,0.30442039988702163,0.3090008999570273,-21.413458160153954,-21.471876980091757,0.002720713237690736,0,38,38,212,639,84263,nan
Moon,kapur,6,8,RM-MDE,0.31518419994972646,0.31518419994972646,-21.471876980091757,-21.471876980091757,0.0,1,nan,124,169,180,65151,0.038311999989673495
Moon,kapur,6,8,MS-LS-4S,0.31518419994972646,0.31881279998924583,-21.471876980091757,-21.471876980091757,0.0,1,55,55,218,775,86483,0.3131111999973655
Moon,kapur,6,8,MS-LS-conv,0.31518419994972646,0.32262320001609623,-21.471876980091757,-21.471876980091757,0.0,1,38,38,224,677,88316,0.21294610004406422
Moon,kapur,6,9,RM-MDE,0.31288830016274005,0.31288830016274005,-21.471876980091757,-21.471876980091757,0.0,1,nan,117,167,171,64441,0.07085119996918365
Moon,kapur,6,9,MS-LS-4S,0.31288830016274005,0.3165900000021793,-21.471876980091757,-21.471876980091757,0.0,1,55,55,216,765,86366,0.27646109997294843
Moon,kapur,6,9,MS-LS-conv,0.31288830016274005,0.3143530000234023,-21.413458160153954,-21.471876980091757,0.002720713237690736,0,38,38,215,655,85600,nan
Moon,kapur,7,0,RM-MDE,0.25019109999993816,0.25019109999993816,-23.558406862321313,-23.56452999216703,0.00025984519308274264,0,nan,66,119,223,47470,nan
Moon,kapur,7,0,MS-LS-4S,0.25019109999993816,0.2557723000063561,-23.56452999216703,-23.56452999216703,0.0,1,42,42,168,770,71051,0.2557723000063561
Moon,kapur,7,0,MS-LS-conv,0.25019109999993816,0.25120140000944957,-23.50497309133483,-23.56452999216703,0.002527396084369149,0,27,27,168,601,70206,nan
Moon,kapur,7,1,RM-MDE,0.1877556997933425,0.1877556997933425,-23.56452999216703,-23.56452999216703,0.0,1,nan,28,78,178,30708,0.05744019983103499
Moon,kapur,7,1,MS-LS-4S,0.1877556997933425,0.18792080000275746,-23.563165216618586,-23.56452999216703,5.791651897573452e-05,0,31,31,124,564,51574,nan
Moon,kapur,7,1,MS-LS-conv,0.1877556997933425,0.18966919998638332,-23.43213786061103,-23.56452999216703,0.005618280169390632,0,21,21,129,453,52861,nan
Moon,kapur,7,2,RM-MDE,0.3102314999559894,0.3102314999559894,-23.563165216618586,-23.56452999216703,5.791651897573452e-05,0,nan,101,158,241,62694,nan
Moon,kapur,7,2,MS-LS-4S,0.3102314999559894,0.3146081000450067,-23.557262930856652,-23.56452999216703,0.00030838982626834406,0,52,52,208,946,85594,nan
Moon,kapur,7,2,MS-LS-conv,0.3102314999559894,0.3189486999763176,-23.558406862321313,-23.56452999216703,0.00025984519308274264,0,33,33,213,749,87422,nan
Moon,kapur,7,3,RM-MDE,0.25339060003170744,0.25339060003170744,-23.56452999216703,-23.56452999216703,0.0,1,nan,67,119,212,47222,0.06582009990233928
Moon,kapur,7,3,MS-LS-4S,0.25339060003170744,0.2588265999802388,-23.56452999216703,-23.56452999216703,0.0,1,43,43,169,735,69367,0.011378500028513372
Moon,kapur,7,3,MS-LS-conv,0.25339060003170744,0.25692200002959,-23.56452999216703,-23.56452999216703,0.0,1,31,31,172,590,70230,0.014496500021778047
Moon,kapur,7,4,RM-MDE,0.23384780011838302,0.23384780011838302,-23.56452999216703,-23.56452999216703,0.0,1,nan,63,107,176,42062,0.06175670010270551
Moon,kapur,7,4,MS-LS-4S,0.23384780011838302,0.23988259996986017,-23.518718848002408,-23.56452999216703,0.0019440720515050245,0,39,39,155,733,65394,nan
Moon,kapur,7,4,MS-LS-conv,0.23384780011838302,0.24475640000309795,-23.5528354640983,-23.56452999216703,0.0004962767376483941,0,27,27,164,580,67830,nan
Moon,kapur,7,5,RM-MDE,0.25772360037080944,0.25772360037080944,-23.56452999216703,-23.56452999216703,0.0,1,nan,71,122,193,48266,0.1367810001829639
Moon,kapur,7,5,MS-LS-4S,0.25772360037080944,0.26164019998395815,-23.56452999216703,-23.56452999216703,0.0,1,44,44,175,766,71947,0.22700750001240522
Moon,kapur,7,5,MS-LS-conv,0.25772360037080944,0.2584647000185214,-23.558406862321313,-23.56452999216703,0.00025984519308274264,0,29,29,174,577,70625,nan
Moon,kapur,7,6,RM-MDE,0.2688380003673956,0.2688380003673956,-23.56452999216703,-23.56452999216703,0.0,1,nan,77,129,198,51398,0.09803820023080334
Moon,kapur,7,6,MS-LS-4S,0.2688380003673956,0.2698424000409432,-23.50497309133483,-23.56452999216703,0.002527396084369149,0,44,44,176,812,73308,nan
Moon,kapur,7,6,MS-LS-conv,0.2688380003673956,0.27532049996079877,-23.558406862321313,-23.56452999216703,0.00025984519308274264,0,29,29,183,657,75541,nan
Moon,kapur,7,7,RM-MDE,0.2852473998791538,0.2852473998791538,-23.56452999216703,-23.56452999216703,0.0,1,nan,94,141,196,55857,0.0944688999443315
Moon,kapur,7,7,MS-LS-4S,0.2852473998791538,0.2857312000123784,-23.56452999216703,-23.56452999216703,0.0,1,47,47,187,843,77595,0.030252400028984994
Moon,kapur,7,7,MS-LS-conv,0.2852473998791538,0.28896530001657084,-23.56452999216703,-23.56452999216703,0.0,1,32,32,193,665,79210,0.04154760000528768
Moon,kapur,7,8,RM-MDE,0.18947780039161444,0.18947780039161444,-23.56452999216703,-23.56452999216703,0.0,1,nan,25,78,235,30702,0.07108919991878793
Moon,kapur,7,8,MS-LS-4S,0.18947780039161444,0.1925586000434123,-23.537561181773825,-23.56452999216703,0.0011444662975315626,0,32,32,127,567,51940,nan
Moon,kapur,7,8,MS-LS-conv,0.18947780039161444,0.19751490000635386,-23.5528354640983,-23.56452999216703,0.0004962767376483941,0,23,23,137,473,54784,nan
Moon,kapur,7,9,RM-MDE,0.27401110011851415,0.27401110011851415,-23.563165216618586,-23.56452999216703,5.791651897573452e-05,0,nan,89,133,188,52435,nan
Moon,kapur,7,9,MS-LS-4S,0.27401110011851415,0.2772641000337899,-23.55862770640509,-23.56452999216703,0.0002504733072929111,0,45,45,180,848,74265,nan
Moon,kapur,7,9,MS-LS-conv,0.27401110011851415,0.2768715000129305,-23.55862770640509,-23.56452999216703,0.0002504733072929111,0,28,28,188,668,76725,nan
Moon,kapur,8,0,RM-MDE,0.2991369999945164,0.2991369999945164,-25.518667742840577,-25.524459985147374,0.00022692908332505045,0,nan,90,142,259,58980,nan
Moon,kapur,8,0,MS-LS-4S,0.2991369999945164,0.29920660000061616,-25.523095209598928,-25.524459985147374,5.346932116251497e-05,0,48,48,192,1042,82501,nan
Moon,kapur,8,0,MS-LS-conv,0.2991369999945164,0.30103700002655387,-25.523095209598928,-25.524459985147374,5.346932116251497e-05,0,31,31,195,798,83061,nan
Moon,kapur,8,1,RM-MDE,0.2627818998298608,0.2627818998298608,-25.524459985147374,-25.524459985147374,0.0,1,nan,65,118,237,48797,0.05888349999440834
Moon,kapur,8,1,MS-LS-4S,0.2627818998298608,0.26813749998109415,-25.524459985147374,-25.524459985147374,0.0,1,44,44,172,908,72660,0.09212039998965338
Moon,kapur,8,1,MS-LS-conv,0.2627818998298608,0.2635219999938272,-25.524459985147374,-25.524459985147374,0.0,1,29,29,171,675,71970,0.13170030002947897
Moon,kapur,8,2,RM-MDE,0.21838410006603226,0.21838410006603226,-25.523095209598928,-25.524459985147374,5.346932116251497e-05,0,nan,33,90,236,36683,nan
Moon,kapur,8,2,MS-LS-4S,0.21838410006603226,0.2209413000382483,-25.47287341797149,-25.524459985147374,0.0020210639992345927,0,36,36,144,763,60640,nan
Moon,kapur,8,2,MS-LS-conv,0.21838410006603226,0.2267419000272639,-25.50555724419296,-25.524459985147374,0.000740573589623937,0,22,22,148,573,61858,nan
Moon,kapur,8,3,RM-MDE,0.23890370008302853,0.23890370008302853,-25.524459985147374,-25.524459985147374,0.0,1,nan,41,104,224,42268,0.19656220002798364
Moon,kapur,8,3,MS-LS-4S,0.23890370008302853,0.24223269999492913,-25.524459985147374,-25.524459985147374,0.0,1,39,39,154,782,64729,0.17435330001171678
Moon,kapur,8,3,MS-LS-conv,0.23890370008302853,0.24460460001137108,-25.518667742840577,-25.524459985147374,0.00022692908332505045,0,27,27,158,608,65990,nan
Moon,kapur,8,4,RM-MDE,0.22371770010795444,0.22371770010795444,-25.524459985147374,-25.524459985147374,0.0,1,nan,33,93,273,37220,0.09569720010040328
Moon,kapur,8,4,MS-LS-4S,0.22371770010795444,0.2241416999604553,-25.484551126744684,-25.524459985147374,0.0015635534865737707,0,36,36,142,802,60909,nan
Moon,kapur,8,4,MS-LS-conv,0.22371770010795444,0.22700010001426563,-25.458222246617005,-25.524459985147374,0.002595069144221351,0,23,23,145,595,61243,nan
Moon,kapur,8,5,RM-MDE,0.29236209992086515,0.29236209992086515,-25.524459985147374,-25.524459985147374,0.0,1,nan,75,137,270,56157,0.10062759986612946
Moon,kapur,8,5,MS-LS-4S,0.29236209992086515,0.2947705999831669,-25.524459985147374,-25.524459985147374,0.0,1,47,47,188,986,78897,0.038109100016299635
Moon,kapur,8,5,MS-LS-conv,0.29236209992086515,0.29468910000286996,-25.524459985147374,-25.524459985147374,0.0,1,30,30,196,771,80669,0.053446099977009
Moon,kapur,8,6,RM-MDE,0.32777279982110485,0.32777279982110485,-25.524459985147374,-25.524459985147374,0.0,1,nan,105,157,236,64312,0.045121900155209005
Moon,kapur,8,6,MS-LS-4S,0.32777279982110485,0.3293318999931216,-25.524459985147374,-25.524459985147374,0.0,1,53,53,212,1157,90573,0.006230600003618747
Moon,kapur,8,6,MS-LS-conv,0.32777279982110485,0.3407269000308588,-25.524459985147374,-25.524459985147374,0.0,1,35,35,219,873,92732,0.00786450004670769
Moon,kapur,8,7,RM-MDE,0.26450569985900074,0.26450569985900074,-25.524459985147374,-25.524459985147374,0.0,1,nan,77,120,181,49231,0.045992699917405844
Moon,kapur,8,7,MS-LS-4S,0.26450569985900074,0.26749460003338754,-25.523095209598928,-25.524459985147374,5.346932116251497e-05,0,43,43,172,909,72901,nan
Moon,kapur,8,7,MS-LS-conv,0.26450569985900074,0.2652256000437774,-25.523095209598928,-25.524459985147374,5.346932116251497e-05,0,27,27,174,693,72764,nan
Moon,kapur,8,8,RM-MDE,0.17666360014118254,0.17666360014118254,-25.524459985147374,-25.524459985147374,0.0,1,nan,19,65,204,26108,0.1083180001587607
Moon,kapur,8,8,MS-LS-4S,0.17666360014118254,0.17672819999279454,-25.513866495927253,-25.524459985147374,0.00041503284403606643,0,29,29,116,603,48814,nan
Moon,kapur,8,8,MS-LS-conv,0.17666360014118254,0.18146359996171668,-25.518667742840577,-25.524459985147374,0.00022692908332505045,0,20,20,121,463,50052,nan
Moon,kapur,8,9,RM-MDE,0.2505654997075908,0.2505654997075908,-25.523095209598928,-25.524459985147374,5.346932116251497e-05,0,nan,60,114,211,46251,nan
Moon,kapur,8,9,MS-LS-4S,0.2505654997075908,0.2512574000284076,-25.50998471095131,-25.524459985147374,0.0005671138274614015,0,41,41,164,862,68933,nan
Moon,kapur,8,9,MS-LS-conv,0.2505654997075908,0.25982570002088323,-25.458222246617005,-25.524459985147374,0.002595069144221351,0,26,26,172,678,71697,nan
Moon,mcet,6,0,RM-MDE,0.2063922000816092,0.2063922000816092,-140515568.22904932,-140515568.22904932,0.0,1,nan,66,124,211,46188,0.06949159991927445
Moon,mcet,6,0,MS-LS-4S,0.2063922000816092,0.2109389000106603,-140515129.1658545,-140515568.22904932,3.124658714653192e-06,0,41,41,164,851,71531,nan
Moon,mcet,6,0,MS-LS-conv,0.2063922000816092,0.22523099998943508,-140515564.54615635,-140515568.22904932,2.620985720377991e-08,0,16,16,189,713,76226,nan
Moon,mcet,6,1,RM-MDE,0.20895960018970072,0.20895960018970072,-140515568.22904932,-140515568.22904932,0.0,1,nan,74,121,185,45227,0.026321900077164173
Moon,mcet,6,1,MS-LS-4S,0.20895960018970072,0.21159919997444376,-140515417.7314052,-140515568.22904932,1.0710389320071248e-06,0,42,42,168,870,71400,nan
Moon,mcet,6,1,MS-LS-conv,0.20895960018970072,0.220165700011421,-140515568.22904932,-140515568.22904932,0.0,1,14,14,187,712,74818,0.044880200002808124
Moon,mcet,6,2,RM-MDE,0.2577770996140316,0.2577770996140316,-140515568.22904932,-140515568.22904932,0.0,1,nan,90,170,338,63957,0.08689029997913167
Moon,mcet,6,2,MS-LS-4S,0.2577770996140316,0.2578944999841042,-140515023.28738812,-140515568.22904932,3.878158613147964e-06,0,51,51,204,1029,86217,nan
Moon,mcet,6,2,MS-LS-conv,0.2577770996140316,0.2681038999580778,-140514889.20667326,-140515568.22904932,4.8323640192924116e-06,0,19,19,227,847,89699,nan
Moon,mcet,6,3,RM-MDE,0.27527519984869286,0.27527519984869286,-140515568.22904932,-140515568.22904932,0.0,1,nan,119,181,269,67648,0.06286179984454066
Moon,mcet,6,3,MS-LS-4S,0.27527519984869286,0.27889720001257956,-140515385.25509852,-140515568.22904932,1.3021614124992946e-06,0,55,55,220,1154,93871,nan
Moon,mcet,6,3,MS-LS-conv,0.27527519984869286,0.2781809999723919,-140515549.80021548,-140515568.22904932,1.3115154480418393e-07,0,21,21,234,884,93688,nan
Moon,mcet,6,4,RM-MDE,0.24845770001411438,0.24845770001411438,-140515568.22904932,-140515568.22904932,0.0,1,nan,93,159,319,59716,0.08929849986452609
Moon,mcet,6,4,MS-LS-4S,0.24845770001411438,0.2515720000374131,-140515070.79159153,-140515568.22904932,3.540087864065402e-06,0,47,47,188,977,82471,nan
Moon,mcet,6,4,MS-LS-conv,0.24845770001411438,0.26028749998658895,-140515023.28738812,-140515568.22904932,3.878158613147964e-06,0,18,18,221,847,88461,nan
Moon,mcet,6,5,RM-MDE,0.22403469978598878,0.22403469978598878,-140515568.22904932,-140515568.22904932,0.0,1,nan,83,136,242,51317,0.08525999973062426
Moon,mcet,6,5,MS-LS-4S,0.22403469978598878,0.22599859995534644,-140515549.80021548,-140515568.22904932,1.3115154480418393e-07,0,45,45,180,908,75882,nan
Moon,mcet,6,5,MS-LS-conv,0.22403469978598878,0.2262881000060588,-140514571.47328752,-140515568.22904932,7.0935610506689274e-06,0,16,16,191,713,76870,nan
Moon,mcet,6,6,RM-MDE,0.26472399989143014,0.26472399989143014,-140515564.54615635,-140515568.22904932,2.620985720377991e-08,0,nan,108,171,296,65074,nan
Moon,mcet,6,6,MS-LS-4S,0.26472399989143014,0.2651033000438474,-140515409.67140996,-140515568.22904932,1.1283990902842083e-06,0,51,51,204,1045,87477,nan
Moon,mcet,6,6,MS-LS-conv,0.26472399989143014,0.2771671999944374,-140514889.20667326,-140515568.22904932,4.8323640192924116e-06,0,20,20,233,862,93886,nan
Moon,mcet,6,7,RM-MDE,0.2294934003148228,0.2294934003148228,-140515568.22904932,-140515568.22904932,0.0,1,nan,67,142,318,54076,0.13386040029581636
Moon,mcet,6,7,MS-LS-4S,0.2294934003148228,0.2325338000082411,-140515070.79159153,-140515568.22904932,3.540087864065402e-06,0,46,46,184,946,78166,nan
Moon,mcet,6,7,MS-LS-conv,0.2294934003148228,0.24463199998717755,-140514987.81082252,-140515568.22904932,4.130632883768373e-06,0,18,18,206,771,82175,nan
Moon,mcet,6,8,RM-MDE,0.22720409999601543,0.22720409999601543,-140515568.22904932,-140515568.22904932,0.0,1,nan,88,138,242,51716,0.029067200026474893
Moon,mcet,6,8,MS-LS-4S,0.22720409999601543,0.22881959995720536,-140515216.3224505,-140515568.22904932,2.5043957994928603e-06,0,45,45,180,932,75923,nan
Moon,mcet,6,8,MS-LS-conv,0.22720409999601543,0.2306877999799326,-140515549.80021548,-140515568.22904932,1.3115154480418393e-07,0,18,18,198,725,77730,nan
Moon,mcet,6,9,RM-MDE,0.2656064000329934,0.2656064000329934,-140515568.22904932,-140515568.22904932,0.0,1,nan,115,171,281,64894,0.058381700015161186
Moon,mcet,6,9,MS-LS-4S,0.2656064000329934,0.27020569995511323,-140515549.80021548,-140515568.22904932,1.3115154480418393e-07,0,53,53,212,1125,90686,nan
Moon,mcet,6,9,MS-LS-conv,0.2656064000329934,0.2699786000302993,-140515549.80021548,-140515568.22904932,1.3115154480418393e-07,0,19,19,230,881,91855,nan
Moon,mcet,7,0,RM-MDE,0.22183930006576702,0.22183930006576702,-140520584.76795024,-140520584.76795024,0.0,1,nan,61,128,304,49984,0.11569710000185296
Moon,mcet,7,0,MS-LS-4S,0.22183930006576702,0.22477279999293387,-140520089.37065402,-140520584.76795024,3.525442888229809e-06,0,42,42,168,1056,76382,nan
Moon,mcet,7,0,MS-LS-conv,0.22183930006576702,0.224681599996984,-140520551.47883964,-140520584.76795024,2.368984633526865e-07,0,17,17,183,876,76790,nan
Moon,mcet,7,1,RM-MDE,0.22037349978927523,0.22037349978927523,-140520584.76795024,-140520584.76795024,0.0,1,nan,52,128,313,49947,0.12913119979202747
Moon,mcet,7,1,MS-LS-4S,0.22037349978927523,0.22430629999144003,-140520176.80836928,-140520584.76795024,2.903201560337774e-06,0,43,43,172,1054,75213,nan
Moon,mcet,7,1,MS-LS-conv,0.22037349978927523,0.22427600005175918,-140520551.47883964,-140520584.76795024,2.368984633526865e-07,0,16,16,184,855,75692,nan
Moon,mcet,7,2,RM-MDE,0.2013707001460716,0.2013707001460716,-140520584.76795024,-140520584.76795024,0.0,1,nan,49,112,264,43668,0.09026500018080696
Moon,mcet,7,2,MS-LS-4S,0.2013707001460716,0.20491390000097454,-140520038.0814644,-140520584.76795024,3.890437025505866e-06,0,40,40,160,958,70335,nan
Moon,mcet,7,2,MS-LS-conv,0.2013707001460716,0.20721680001588538,-140520551.47883964,-140520584.76795024,2.368984633526865e-07,0,18,18,172,758,70938,nan
Moon,mcet,7,3,RM-MDE,0.2013424001634121,0.2013424001634121,-140520584.76795024,-140520584.76795024,0.0,1,nan,45,109,274,42948,0.13745500019285828
Moon,mcet,7,3,MS-LS-4S,0.2013424001634121,0.20385610003722832,-140520048.70127115,-140520584.76795024,3.814862284949208e-06,0,39,39,156,952,68937,nan
Moon,mcet,7,3,MS-LS-conv,0.2013424001634121,0.21283860004041344,-140520177.42133823,-140520584.76795024,2.8988394310990157e-06,0,18,18,172,768,71830,nan
Moon,mcet,7,4,RM-MDE,0.2207991005270742,0.2207991005270742,-140520364.732936,-140520584.76795024,1.5658560957833356e-06,0,nan,68,128,286,50587,nan
Moon,mcet,7,4,MS-LS-4S,0.2207991005270742,0.22123660001670942,-140520048.70127115,-140520584.76795024,3.814862284949208e-06,0,41,41,164,1015,74514,nan
Moon,mcet,7,4,MS-LS-conv,0.2207991005270742,0.23798610002268106,-140520048.70127115,-140520584.76795024,3.814862284949208e-06,0,18,18,197,902,81902,nan
Moon,mcet,7,5,RM-MDE,0.21251779998419806,0.21251779998419806,-140520584.76795024,-140520584.76795024,0.0,1,nan,56,122,261,47237,0.10248070006491616
Moon,mcet,7,5,MS-LS-4S,0.21251779998419806,0.21662369999103248,-140520044.51899964,-140520584.76795024,3.84462498140588e-06,0,41,41,164,1008,71759,nan
Moon,mcet,7,5,MS-LS-conv,0.21251779998419806,0.2129543999908492,-140520177.42133823,-140520584.76795024,2.8988394310990157e-06,0,18,18,171,763,71788,nan
Moon,mcet,7,6,RM-MDE,0.2397367999656126,0.2397367999656126,-140520177.42133823,-140520584.76795024,2.8988394310990157e-06,0,nan,88,138,276,56363,nan
Moon,mcet,7,6,MS-LS-4S,0.2397367999656126,0.24178039998514578,-140520350.61802995,-140520584.76795024,1.666303343893803e-06,0,46,46,184,1132,82322,nan
Moon,mcet,7,6,MS-LS-conv,0.2397367999656126,0.2551914000068791,-140520048.70127115,-140520584.76795024,3.814862284949208e-06,0,20,20,207,960,87062,nan
Moon,mcet,7,7,RM-MDE,0.19889519992284477,0.19889519992284477,-140520584.76795024,-140520584.76795024,0.0,1,nan,47,111,269,43505,0.11841009993804619
Moon,mcet,7,7,MS-LS-4S,0.19889519992284477,0.20206209999741986,-140520048.70127115,-140520584.76795024,3.814862284949208e-06,0,39,39,156,968,68855,nan
Moon,mcet,7,7,MS-LS-conv,0.19889519992284477,0.21444170002359897,-140520177.42133823,-140520584.76795024,2.8988394310990157e-06,0,18,18,175,801,72814,nan
Moon,mcet,7,8,RM-MDE,0.19966500013833866,0.19966500013833866,-140520584.76795024,-140520584.76795024,0.0,1,nan,56,112,211,43462,0.10241230012616143
Moon,mcet,7,8,MS-LS-4S,0.19966500013833866,0.2003516999538988,-140520030.32773688,-140520584.76795024,3.945615614025667e-06,0,39,39,156,946,68274,nan
Moon,mcet,7,8,MS-LS-conv,0.19966500013833866,0.2025955999852158,-140520551.47883964,-140520584.76795024,2.368984633526865e-07,0,16,16,173,739,69573,nan
Moon,mcet,7,9,RM-MDE,0.21389490005094558,0.21389490005094558,-140520584.76795024,-140520584.76795024,0.0,1,nan,53,125,318,47955,0.11216200009221211
Moon,mcet,7,9,MS-LS-4S,0.21389490005094558,0.21493089996511117,-140520036.02974778,-140520584.76795024,3.905037851634497e-06,0,41,41,164,1013,72729,nan
Moon,mcet,7,9,MS-LS-conv,0.21389490005094558,0.2227398999966681,-140520551.47883964,-140520584.76795024,2.368984633526865e-07,0,17,17,181,821,75257,nan
Moon,mcet,8,0,RM-MDE,0.3123775000567548,0.3123775000567548,-140525050.37989533,-140525050.37989533,0.0,1,nan,129,190,357,77850,0.09752710012253374
Moon,mcet,8,0,MS-LS-4S,0.3123775000567548,0.3138724999735132,-140524897.19157615,-140525050.37989533,1.090113960196465e-06,0,57,57,228,1660,105877,nan
Moon,mcet,8,0,MS-LS-conv,0.3123775000567548,0.31750319997081533,-140525050.37989533,-140525050.37989533,0.0,1,13,13,262,1279,110165,0.16544840001733974
Moon,mcet,8,1,RM-MDE,0.3263984000077471,0.3263984000077471,-140525050.37989533,-140525050.37989533,0.0,1,nan,136,203,432,83770,0.08241790009196848
Moon,mcet,8,1,MS-LS-4S,0.3263984000077471,0.3299879999831319,-140525004.44836408,-140525050.37989533,3.26856536441763e-07,0,62,62,248,1735,111518,nan
Moon,mcet,8,1,MS-LS-conv,0.3263984000077471,0.3337982000084594,-140525050.37989533,-140525050.37989533,0.0,1,16,16,274,1313,114588,0.06139190000249073
Moon,mcet,8,2,RM-MDE,0.2894816001644358,0.2894816001644358,-140525050.37989533,-140525050.37989533,0.0,1,nan,117,173,340,71171,0.08438560011563823
Moon,mcet,8,2,MS-LS-4S,0.2894816001644358,0.2928797999629751,-140525007.27305,-140525050.37989533,3.06755594128848e-07,0,55,55,220,1538,99576,nan
Moon,mcet,8,2,MS-LS-conv,0.2894816001644358,0.3102239000145346,-140525050.37989533,-140525050.37989533,0.0,1,15,15,253,1250,105273,0.01665599999250844
Moon,mcet,8,3,RM-MDE,0.30595119995996356,0.30595119995996356,-140525050.37989533,-140525050.37989533,0.0,1,nan,123,188,418,77424,0.09092070010956377
Moon,mcet,8,3,MS-LS-4S,0.30595119995996356,0.3083638999960385,-140524743.98355865,-140525050.37989533,2.1803680969789984e-06,0,58,58,232,1649,104733,nan
Moon,mcet,8,3,MS-LS-conv,0.30595119995996356,0.32595470000524074,-140525050.37989533,-140525050.37989533,0.0,1,15,15,263,1248,109900,0.009407599980477244
Moon,mcet,8,4,RM-MDE,0.3355652001919225,0.3355652001919225,-140525050.37989533,-140525050.37989533,0.0,1,nan,138,208,385,85551,0.08168180007487535
Moon,mcet,8,4,MS-LS-4S,0.3355652001919225,0.3366503000142984,-140524956.59938502,-140525050.37989533,6.673579554167187e-07,0,61,61,244,1759,113350,nan
Moon,mcet,8,4,MS-LS-conv,0.3355652001919225,0.340376699983608,-140525050.37989533,-140525050.37989533,0.0,1,15,15,278,1380,116419,0.2188620999804698
Moon,mcet,8,5,RM-MDE,0.27606989990454167,0.27606989990454167,-140525050.37989533,-140525050.37989533,0.0,1,nan,107,159,368,66092,0.10621679987525567
Moon,mcet,8,5,MS-LS-4S,0.27606989990454167,0.2773567999829538,-140524999.86900163,-140525050.37989533,3.594440533268332e-07,0,52,52,208,1472,93161,nan
Moon,mcet,8,5,MS-LS-conv,0.27606989990454167,0.28464939998229966,-140525004.44836408,-140525050.37989533,3.26856536441763e-07,0,13,13,232,1124,97629,nan
Moon,mcet,8,6,RM-MDE,0.2813096001627855,0.2813096001627855,-140525050.37989533,-140525050.37989533,0.0,1,nan,104,165,360,68295,0.08617309998953715
Moon,mcet,8,6,MS-LS-4S,0.2813096001627855,0.2822613999596797,-140524929.1901853,-140525050.37989533,8.624064513294591e-07,0,52,52,208,1487,95772,nan
Moon,mcet,8,6,MS-LS-conv,0.2813096001627855,0.2927114999620244,-140525050.37989533,-140525050.37989533,0.0,1,13,13,238,1134,100211,0.05986989999655634
Moon,mcet,8,7,RM-MDE,0.27504450018750504,0.27504450018750504,-140525050.37989533,-140525050.37989533,0.0,1,nan,107,160,375,66013,0.05216989998007193
Moon,mcet,8,7,MS-LS-4S,0.27504450018750504,0.27619720000075176,-140525009.1402441,-140525050.37989533,2.934683255510003e-07,0,51,51,204,1444,93117,nan
Moon,mcet,8,7,MS-LS-conv,0.27504450018750504,0.27997440000763163,-140525050.37989533,-140525050.37989533,0.0,1,13,13,232,1091,96508,0.14791800000239164
Moon,mcet,8,8,RM-MDE,0.28740620001917705,0.28740620001917705,-140525050.37989533,-140525050.37989533,0.0,1,nan,125,174,284,70944,0.08167890011100098
Moon,mcet,8,8,MS-LS-4S,0.28740620001917705,0.29139230004511774,-140525008.6773209,-140525050.37989533,2.9676256524482646e-07,0,55,55,220,1568,98628,nan
Moon,mcet,8,8,MS-LS-conv,0.28740620001917705,0.3036968999658711,-140525050.37989533,-140525050.37989533,0.0,1,15,15,253,1151,104668,0.03656629996839911
Moon,mcet,8,9,RM-MDE,0.28212629997869954,0.28212629997869954,-140525050.37989533,-140525050.37989533,0.0,1,nan,111,168,321,69097,0.08768990013049915
Moon,mcet,8,9,MS-LS-4S,0.28212629997869954,0.2841346000204794,-140524984.66535687,-140525050.37989533,4.6763575801863667e-07,0,53,53,212,1490,96182,nan
Moon,mcet,8,9,MS-LS-conv,0.28212629997869954,0.288422699959483,-140525050.37989533,-140525050.37989533,0.0,1,12,12,235,1135,98515,0.11798889999045059
Astronaut,otsu,6,0,RM-MDE,0.12805369967827573,0.12805369967827573,-4850420667.592925,-4850420667.592925,0.0,1,nan,80,128,211,54377,0.05426229990553111
Astronaut,otsu,6,0,MS-LS-4S,0.12805369967827573,0.1293244999833405,-4850414181.951849,-4850420667.592925,1.3371296059783868e-06,0,57,57,228,1255,100588,nan
Astronaut,otsu,6,0,MS-LS-conv,0.12805369967827573,0.1300486999680288,-4850420208.101491,-4850420667.592925,9.47322852154425e-08,0,23,23,238,1027,104274,nan
Astronaut,otsu,6,1,RM-MDE,0.15267360012512654,0.15267360012512654,-4850420208.101491,-4850420667.592925,9.47322852154425e-08,0,nan,116,170,288,72749,nan
Astronaut,otsu,6,1,MS-LS-4S,0.15267360012512654,0.1532450999948196,-4850413308.987876,-4850420667.592925,1.5171065673330742e-06,0,71,71,284,1548,122554,nan
Astronaut,otsu,6,1,MS-LS-conv,0.15267360012512654,0.15323320002062246,-4850420208.101491,-4850420667.592925,9.47322852154425e-08,0,31,31,286,1199,124436,nan
Astronaut,otsu,6,2,RM-MDE,0.16418239986523986,0.16418239986523986,-4850420667.592925,-4850420667.592925,0.0,1,nan,134,190,275,81303,0.025694900075905025
Astronaut,otsu,6,2,MS-LS-4S,0.16418239986523986,0.16456420003669336,-4850419468.424064,-4850420667.592925,2.4722986799911127e-07,0,75,75,300,1645,129924,nan
Astronaut,otsu,6,2,MS-LS-conv,0.16418239986523986,0.16921839996939525,-4850420208.101491,-4850420667.592925,9.47322852154425e-08,0,32,32,318,1351,138135,nan
Astronaut,otsu,6,3,RM-MDE,0.16292179975425825,0.16292179975425825,-4850420667.592925,-4850420667.592925,0.0,1,nan,143,186,230,79389,0.02838919998612255
Astronaut,otsu,6,3,MS-LS-4S,0.16292179975425825,0.1634547000285238,-4850407046.441437,-4850420667.592925,2.8082412684967766e-06,0,75,75,300,1621,130098,nan
Astronaut,otsu,6,3,MS-LS-conv,0.16292179975425825,0.16734169999836013,-4850420208.101491,-4850420667.592925,9.47322852154425e-08,0,31,31,309,1284,133737,nan
Astronaut,otsu,6,4,RM-MDE,0.1452819998958148,0.1452819998958148,-4850420667.592925,-4850420667.592925,0.0,1,nan,105,153,235,65725,0.0527994999429211
Astronaut,otsu,6,4,MS-LS-4S,0.1452819998958148,0.14646239997819066,-4850419468.424064,-4850420667.592925,2.4722986799911127e-07,0,66,66,264,1431,116536,nan
Astronaut,otsu,6,4,MS-LS-conv,0.1452819998958148,0.15024430002085865,-4850420208.101491,-4850420667.592925,9.47322852154425e-08,0,28,28,279,1205,122456,nan
Astronaut,otsu,6,5,RM-MDE,0.15884369978448376,0.15884369978448376,-4850420667.592925,-4850420667.592925,0.0,1,nan,112,178,327,75940,0.05241689982358366
Astronaut,otsu,6,5,MS-LS-4S,0.15884369978448376,0.1589729000115767,-4850419468.424064,-4850420667.592925,2.4722986799911127e-07,0,73,73,292,1587,126387,nan
Astronaut,otsu,6,5,MS-LS-conv,0.15884369978448376,0.16200140002183616,-4850420208.101491,-4850420667.592925,9.47322852154425e-08,0,30,30,302,1265,131065,nan
Astronaut,otsu,6,6,RM-MDE,0.17062580009223893,0.17062580009223893,-4850420667.592925,-4850420667.592925,0.0,1,nan,118,202,347,86957,0.0801554000354372
Astronaut,otsu,6,6,MS-LS-4S,0.17062580009223893,0.17151439998997375,-4850414181.951849,-4850420667.592925,1.3371296059783868e-06,0,80,80,320,1756,140201,nan
Astronaut,otsu,6,6,MS-LS-conv,0.17062580009223893,0.17316760000539944,-4850420208.101491,-4850420667.592925,9.47322852154425e-08,0,31,31,320,1390,140334,nan
Astronaut,otsu,6,7,RM-MDE,0.1381904999143444,0.1381904999143444,-4850420667.592925,-4850420667.592925,0.0,1,nan,82,141,258,60548,0.07849639997584745
Astronaut,otsu,6,7,MS-LS-4S,0.1381904999143444,0.13846360001480207,-4850407046.441437,-4850420667.592925,2.8082412684967766e-06,0,64,64,256,1386,111050,nan
Astronaut,otsu,6,7,MS-LS-conv,0.1381904999143444,0.14418949995888397,-4850420208.101491,-4850420667.592925,9.47322852154425e-08,0,31,31,272,1151,118773,nan
Astronaut,otsu,6,8,RM-MDE,0.13582499994663522,0.13582499994663522,-4850420667.592925,-4850420667.592925,0.0,1,nan,95,140,242,59496,0.04327770014060661
Astronaut,otsu,6,8,MS-LS-4S,0.13582499994663522,0.1375399000244215,-4850419468.424064,-4850420667.592925,2.4722986799911127e-07,0,64,64,256,1394,110282,nan
Astronaut,otsu,6,8,MS-LS-conv,0.13582499994663522,0.13639719999628142,-4850420208.101491,-4850420667.592925,9.47322852154425e-08,0,24,24,261,1079,111509,nan
Astronaut,otsu,6,9,RM-MDE,0.1338736002217047,0.1338736002217047,-4850420667.592925,-4850420667.592925,0.0,1,nan,92,138,243,58953,0.03341459995135665
Astronaut,otsu,6,9,MS-LS-4S,0.1338736002217047,0.1341456000227481,-4850413308.987876,-4850420667.592925,1.5171065673330742e-06,0,63,63,252,1374,109832,nan
Astronaut,otsu,6,9,MS-LS-conv,0.1338736002217047,0.13695439998991787,-4850420208.101491,-4850420667.592925,9.47322852154425e-08,0,25,25,263,1119,113989,nan
Astronaut,otsu,7,0,RM-MDE,0.16787519986974075,0.16787519986974075,-4858006518.511109,-4858006518.511109,0.0,1,nan,143,193,324,84957,0.034103799960576
Astronaut,otsu,7,0,MS-LS-4S,0.16787519986974075,0.1700126000214368,-4858006518.511109,-4858006518.511109,0.0,1,76,76,304,1946,136263,0.03604000003542751
Astronaut,otsu,7,0,MS-LS-conv,0.16787519986974075,0.16898509999737144,-4858006518.511109,-4858006518.511109,0.0,1,27,27,309,1613,138094,0.004233499988913536
Astronaut,otsu,7,1,RM-MDE,0.16171719983685762,0.16171719983685762,-4858006518.511109,-4858006518.511109,0.0,1,nan,116,173,350,75466,0.05011080019176006
Astronaut,otsu,7,1,MS-LS-4S,0.16171719983685762,0.16319029999431223,-4858006518.511109,-4858006518.511109,0.0,1,75,75,300,1917,131686,0.004445799975655973
Astronaut,otsu,7,1,MS-LS-conv,0.16171719983685762,0.1678306999965571,-4858006518.511109,-4858006518.511109,0.0,1,27,27,312,1654,137578,0.007045999984256923
Astronaut,otsu,7,2,RM-MDE,0.175982300308533,0.175982300308533,-4858006518.511109,-4858006518.511109,0.0,1,nan,151,208,333,91048,0.021811299899127334
Astronaut,otsu,7,2,MS-LS-4S,0.175982300308533,0.1768397999694571,-4857997097.05323,-4858006518.511109,1.9393670723097286e-06,0,81,81,324,2081,142885,nan
Astronaut,otsu,7,2,MS-LS-conv,0.175982300308533,0.1779689000104554,-4858006518.511109,-4858006518.511109,0.0,1,28,28,337,1725,148439,0.0143404999980703
Astronaut,otsu,7,3,RM-MDE,0.15700149961048737,0.15700149961048737,-4858006518.511109,-4858006518.511109,0.0,1,nan,124,173,298,75837,0.034359199984464794
Astronaut,otsu,7,3,MS-LS-4S,0.15700149961048737,0.15789649996440858,-4858006518.511109,-4858006518.511109,0.0,1,72,72,288,1830,126641,0.05483969999477267
Astronaut,otsu,7,3,MS-LS-conv,0.15700149961048737,0.16297929995926097,-4858006518.511109,-4858006518.511109,0.0,1,27,27,307,1566,134881,0.019139999989420176
Astronaut,otsu,7,4,RM-MDE,0.15147180017083883,0.15147180017083883,-4858006518.511109,-4858006518.511109,0.0,1,nan,117,160,252,70629,0.029843099997378886
Astronaut,otsu,7,4,MS-LS-4S,0.15147180017083883,0.15272410004399717,-4857998809.07592,-4858006518.511109,1.5869544760532625e-06,0,69,69,276,1768,124130,nan
Astronaut,otsu,7,4,MS-LS-conv,0.15147180017083883,0.15210289997048676,-4858006518.511109,-4858006518.511109,0.0,1,22,22,280,1501,124717,0.008568299992475659
Astronaut,otsu,7,5,RM-MDE,0.16002230026060715,0.16002230026060715,-4858006518.511109,-4858006518.511109,0.0,1,nan,125,173,250,76420,0.028932500048540533
Astronaut,otsu,7,5,MS-LS-4S,0.16002230026060715,0.16047830000752583,-4857991221.644581,-4858006518.511109,3.148794977986003e-06,0,73,73,292,1875,128223,nan
Astronaut,otsu,7,5,MS-LS-conv,0.16002230026060715,0.16996769997058436,-4858006518.511109,-4858006518.511109,0.0,1,26,26,312,1631,137168,0.0084820999763906
Astronaut,otsu,7,6,RM-MDE,0.16100380005082116,0.16100380005082116,-4858006518.511109,-4858006518.511109,0.0,1,nan,129,179,275,78998,0.01926379994256422
Astronaut,otsu,7,6,MS-LS-4S,0.16100380005082116,0.16289229999529198,-4858006518.511109,-4858006518.511109,0.0,1,74,74,296,1903,132217,0.0022231999901123345
Astronaut,otsu,7,6,MS-LS-conv,0.16100380005082116,0.16761349997250363,-4858006518.511109,-4858006518.511109,0.0,1,27,27,310,1629,138112,0.0027858999674208462
Astronaut,otsu,7,7,RM-MDE,0.14963179983897135,0.14963179983897135,-4858006518.511109,-4858006518.511109,0.0,1,nan,111,155,260,68394,0.0143716000020504
Astronaut,otsu,7,7,MS-LS-4S,0.14963179983897135,0.15039289998821914,-4858006518.511109,-4858006518.511109,0.0,1,69,69,276,1765,122141,0.09755150001728907
Astronaut,otsu,7,7,MS-LS-conv,0.14963179983897135,0.15091680001933128,-4858006518.511109,-4858006518.511109,0.0,1,23,23,277,1433,122095,0.006600800028536469
Astronaut,otsu,7,8,RM-MDE,0.16050040017580613,0.16050040017580613,-4858006518.511109,-4858006518.511109,0.0,1,nan,130,177,273,77789,0.03393279999727383
Astronaut,otsu,7,8,MS-LS-4S,0.16050040017580613,0.16157370002474636,-4857998809.07592,-4858006518.511109,1.5869544760532625e-06,0,73,73,292,1879,128183,nan
Astronaut,otsu,7,8,MS-LS-conv,0.16050040017580613,0.1687648000079207,-4858006518.511109,-4858006518.511109,0.0,1,23,23,308,1628,133723,0.006675500015262514
Astronaut,otsu,7,9,RM-MDE,0.15271699998993427,0.15271699998993427,-4858006518.511109,-4858006518.511109,0.0,1,nan,114,163,317,70855,0.0383363000000827
Astronaut,otsu,7,9,MS-LS-4S,0.15271699998993427,0.15433359995950013,-4858006518.511109,-4858006518.511109,0.0,1,71,71,284,1830,125185,0.06773069995688275
Astronaut,otsu,7,9,MS-LS-conv,0.15271699998993427,0.15509160002693534,-4858006518.511109,-4858006518.511109,0.0,1,22,22,290,1556,127257,0.009503200009930879
Astronaut,otsu,8,0,RM-MDE,0.14476809982443228,0.14476809982443228,-4861762852.287766,-4861762852.287766,0.0,1,nan,91,145,339,64305,0.04005120001966134
Astronaut,otsu,8,0,MS-LS-4S,0.14476809982443228,0.14527490001637489,-4861761975.750126,-4861762852.287766,1.802921424189022e-07,0,63,63,252,1824,113867,nan
Astronaut,otsu,8,0,MS-LS-conv,0.14476809982443228,0.1464682999649085,-4861762852.287766,-4861762852.287766,0.0,1,26,26,265,1447,119333,0.04710580001119524
Astronaut,otsu,8,1,RM-MDE,0.1338505998137407,0.1338505998137407,-4861627241.126795,-4861762852.287766,2.7893413375320833e-05,0,nan,61,126,375,55139,nan
Astronaut,otsu,8,1,MS-LS-4S,0.1338505998137407,0.13553349999710917,-4861739365.336584,-4861762852.287766,4.830953688190143e-06,0,60,60,240,1722,106542,nan
Astronaut,otsu,8,1,MS-LS-conv,0.1338505998137407,0.14346089999889955,-4861762852.287766,-4861762852.287766,0.0,1,25,25,254,1332,112784,0.12593320000451058
Astronaut,otsu,8,2,RM-MDE,0.15536519984016195,0.15536519984016195,-4861762852.287766,-4861762852.287766,0.0,1,nan,96,161,364,71145,0.039027600025292486
Astronaut,otsu,8,2,MS-LS-4S,0.15536519984016195,0.15680960001191124,-4861749770.094803,-4861762852.287766,2.69083321442636e-06,0,69,69,276,1991,123023,nan
Astronaut,otsu,8,2,MS-LS-conv,0.15536519984016195,0.1559251999715343,-4861761975.750126,-4861762852.287766,1.802921424189022e-07,0,24,24,279,1504,123896,nan
Astronaut,otsu,8,3,RM-MDE,0.1478803000645712,0.1478803000645712,-4861762852.287766,-4861762852.287766,0.0,1,nan,101,153,251,67993,0.06281880009919405
Astronaut,otsu,8,3,MS-LS-4S,0.1478803000645712,0.14796829997794703,-4861759135.76149,-4861762852.287766,7.644400579595484e-07,0,65,65,260,1816,115861,nan
Astronaut,otsu,8,3,MS-LS-conv,0.1478803000645712,0.15156279999064282,-4861762852.287766,-4861762852.287766,0.0,1,26,26,276,1410,122338,0.15156279999064282
Astronaut,otsu,8,4,RM-MDE,0.1697657997137867,0.1697657997137867,-4861762852.287766,-4861762852.287766,0.0,1,nan,130,191,345,85050,0.05344419984612614
Astronaut,otsu,8,4,MS-LS-4S,0.1697657997137867,0.1703912999946624,-4861737156.956415,-4861762852.287766,5.2851881368892634e-06,0,76,76,304,2225,137327,nan
Astronaut,otsu,8,4,MS-LS-conv,0.1697657997137867,0.17138750001322478,-4861761975.750126,-4861762852.287766,1.802921424189022e-07,0,29,29,312,1753,140949,nan
Astronaut,otsu,8,5,RM-MDE,0.1417895999038592,0.1417895999038592,-4861762852.287766,-4861762852.287766,0.0,1,nan,76,142,390,63005,0.08695549995172769
Astronaut,otsu,8,5,MS-LS-4S,0.1417895999038592,0.14188949996605515,-4861760319.587473,-4861762852.287766,5.209427877275337e-07,0,65,65,260,1892,115151,nan
Astronaut,otsu,8,5,MS-LS-conv,0.1417895999038592,0.14283940003952011,-4861761975.750126,-4861762852.287766,1.802921424189022e-07,0,23,23,265,1494,117087,nan
Astronaut,otsu,8,6,RM-MDE,0.1314124998752959,0.1314124998752959,-4861762852.287766,-4861762852.287766,0.0,1,nan,56,122,334,53839,0.08243419980863109
Astronaut,otsu,8,6,MS-LS-4S,0.1314124998752959,0.13179489999311045,-4861753866.800725,-4861762852.287766,1.8481952564274396e-06,0,58,58,232,1671,104472,nan
Astronaut,otsu,8,6,MS-LS-conv,0.1314124998752959,0.13380599999800324,-4861762852.287766,-4861762852.287766,0.0,1,23,23,237,1274,106587,0.076064899971243
Astronaut,otsu,8,7,RM-MDE,0.1066758997621946,0.1066758997621946,-4861762852.287766,-4861762852.287766,0.0,1,nan,43,79,195,35175,0.028679699928034097
Astronaut,otsu,8,7,MS-LS-4S,0.1066758997621946,0.10839619999751449,-4861738340.782398,-4861762852.287766,5.0416908666572485e-06,0,48,48,192,1418,85709,nan
Astronaut,otsu,8,7,MS-LS-conv,0.1066758997621946,0.11336040002061054,-4861738340.782398,-4861762852.287766,5.0416908666572485e-06,0,18,18,205,1131,91049,nan
Astronaut,otsu,8,8,RM-MDE,0.1550905000185594,0.1550905000185594,-4861762852.287766,-4861762852.287766,0.0,1,nan,97,163,441,71985,0.07756289996905252
Astronaut,otsu,8,8,MS-LS-4S,0.1550905000185594,0.15682890004245564,-4861761975.750126,-4861762852.287766,1.802921424189022e-07,0,71,71,284,2029,125584,nan
Astronaut,otsu,8,8,MS-LS-conv,0.1550905000185594,0.15905099996598437,-4861762852.287766,-4861762852.287766,0.0,1,25,25,301,1631,132181,0.004431599983945489
Astronaut,otsu,8,9,RM-MDE,0.1472934001358226,0.1472934001358226,-4861762852.287766,-4861762852.287766,0.0,1,nan,92,146,290,64607,0.06899530004011467
Astronaut,otsu,8,9,MS-LS-4S,0.1472934001358226,0.1483551999554038,-4861758426.971872,-4861762852.287766,9.102286616148917e-07,0,66,66,264,1930,117315,nan
Astronaut,otsu,8,9,MS-LS-conv,0.1472934001358226,0.15166810003574938,-4861762852.287766,-4861762852.287766,0.0,1,23,23,278,1551,123373,0.04249240003991872
Astronaut,kapur,6,0,RM-MDE,0.3248856003046967,0.3248856003046967,-23.969891323425227,-23.969891323425227,0.0,1,nan,113,162,236,67899,0.07002199999988079
Astronaut,kapur,6,0,MS-LS-4S,0.3248856003046967,0.3277756000170484,-23.969891323425227,-23.969891323425227,0.0,1,53,53,212,1125,90118,0.20032430003629997
Astronaut,kapur,6,0,MS-LS-conv,0.3248856003046967,0.35074569995049387,-23.969722845298918,-23.969891323425227,7.028739681604787e-06,0,18,18,230,947,97433,nan
Astronaut,kapur,6,1,RM-MDE,0.3369135000393726,0.3369135000393726,-23.969891323425227,-23.969891323425227,0.0,1,nan,125,168,201,70418,0.0667735998868011
Astronaut,kapur,6,1,MS-LS-4S,0.3369135000393726,0.33902069996111095,-23.969722845298918,-23.969891323425227,7.028739681604787e-06,0,56,56,224,1167,93412,nan
Astronaut,kapur,6,1,MS-LS-conv,0.3369135000393726,0.33949839998967946,-23.969891323425227,-23.969891323425227,0.0,1,20,20,223,861,93849,0.2933898000046611
Astronaut,kapur,6,2,RM-MDE,0.3307012997684069,0.3307012997684069,-23.969891323425227,-23.969891323425227,0.0,1,nan,123,167,199,69878,0.032130799954757094
Astronaut,kapur,6,2,MS-LS-4S,0.3307012997684069,0.3326152000227012,-23.969891323425227,-23.969891323425227,0.0,1,55,55,220,1149,91939,0.04855350003344938
Astronaut,kapur,6,2,MS-LS-conv,0.3307012997684069,0.33901760005392134,-23.969891323425227,-23.969891323425227,0.0,1,20,20,221,891,92611,0.11994100001174957
Astronaut,kapur,6,3,RM-MDE,0.31706469994969666,0.31706469994969666,-23.969891323425227,-23.969891323425227,0.0,1,nan,132,160,140,66723,0.066483199945651
Astronaut,kapur,6,3,MS-LS-4S,0.31706469994969666,0.3199316000100225,-23.969722845298918,-23.969891323425227,7.028739681604787e-06,0,52,52,208,1093,87099,nan
Astronaut,kapur,6,3,MS-LS-conv,0.31706469994969666,0.3439145000302233,-23.969722845298918,-23.969891323425227,7.028739681604787e-06,0,21,21,229,913,96195,nan
Astronaut,kapur,6,4,RM-MDE,0.3485602001892403,0.3485602001892403,-23.969891323425227,-23.969891323425227,0.0,1,nan,127,174,251,72758,0.10931060009170324
Astronaut,kapur,6,4,MS-LS-4S,0.3485602001892403,0.3532905000029132,-23.969722845298918,-23.969891323425227,7.028739681604787e-06,0,57,57,228,1204,96776,nan
Astronaut,kapur,6,4,MS-LS-conv,0.3485602001892403,0.34921439999016,-23.969722845298918,-23.969891323425227,7.028739681604787e-06,0,21,21,230,909,97099,nan
Astronaut,kapur,6,5,RM-MDE,0.3727700997260399,0.3727700997260399,-23.969891323425227,-23.969891323425227,0.0,1,nan,140,195,285,81318,0.0552771000075154
Astronaut,kapur,6,5,MS-LS-4S,0.3727700997260399,0.37410499999532476,-23.969891323425227,-23.969891323425227,0.0,1,61,61,244,1270,102114,0.006848599994555116
Astronaut,kapur,6,5,MS-LS-conv,0.3727700997260399,0.3768512000096962,-23.969891323425227,-23.969891323425227,0.0,1,21,21,249,1006,104957,0.00756960001308471
Astronaut,kapur,6,6,RM-MDE,0.35283989988965914,0.35283989988965914,-23.969891323425227,-23.969891323425227,0.0,1,nan,138,179,213,74829,0.02162720006890595
Astronaut,kapur,6,6,MS-LS-4S,0.35283989988965914,0.3576390000525862,-23.969891323425227,-23.969891323425227,0.0,1,58,58,232,1208,98103,0.351577699999325
Astronaut,kapur,6,6,MS-LS-conv,0.35283989988965914,0.3711487999535166,-23.969722845298918,-23.969891323425227,7.028739681604787e-06,0,21,21,245,967,103917,nan
Astronaut,kapur,6,7,RM-MDE,0.3567765997722745,0.3567765997722745,-23.969891323425227,-23.969891323425227,0.0,1,nan,147,184,168,76930,0.01416539994534105
Astronaut,kapur,6,7,MS-LS-4S,0.3567765997722745,0.35701560002053156,-23.969722845298918,-23.969891323425227,7.028739681604787e-06,0,58,58,232,1198,97521,nan
Astronaut,kapur,6,7,MS-LS-conv,0.3567765997722745,0.3657400000374764,-23.969722845298918,-23.969891323425227,7.028739681604787e-06,0,24,24,242,941,101815,nan
Astronaut,kapur,6,8,RM-MDE,0.25109180057188496,0.25109180057188496,-23.969891323425227,-23.969891323425227,0.0,1,nan,88,116,121,48447,0.07310880027944222
Astronaut,kapur,6,8,MS-LS-4S,0.25109180057188496,0.2535209999768995,-23.969722845298918,-23.969891323425227,7.028739681604787e-06,0,42,42,168,904,70143,nan
Astronaut,kapur,6,8,MS-LS-conv,0.25109180057188496,0.2541852999711409,-23.969722845298918,-23.969891323425227,7.028739681604787e-06,0,15,15,172,710,71141,nan
Astronaut,kapur,6,9,RM-MDE,0.3762122999760322,0.3762122999760322,-23.969891323425227,-23.969891323425227,0.0,1,nan,140,193,276,80915,0.05659390002256259
Astronaut,kapur,6,9,MS-LS-4S,0.3762122999760322,0.3803808000520803,-23.969722845298918,-23.969891323425227,7.028739681604787e-06,0,62,62,248,1306,104603,nan
Astronaut,kapur,6,9,MS-LS-conv,0.3762122999760322,0.37743870000122115,-23.969722845298918,-23.969891323425227,7.028739681604787e-06,0,21,21,252,1042,106382,nan
Astronaut,kapur,7,0,RM-MDE,0.39599399984581396,0.39599399984581396,-26.432286915810703,-26.432286915810703,0.0,1,nan,146,206,357,86575,0.06630790012422949
Astronaut,kapur,7,0,MS-LS-4S,0.39599399984581396,0.3993379999883473,-26.43163950367064,-26.432286915810703,2.4493232164267294e-05,0,64,64,256,1590,110443,nan
Astronaut,kapur,7,0,MS-LS-conv,0.39599399984581396,0.40316480002366006,-26.432286915810703,-26.432286915810703,0.0,1,17,17,262,1210,111746,0.06179599999450147
Astronaut,kapur,7,1,RM-MDE,0.33100820012623444,0.33100820012623444,-26.432286915810703,-26.432286915810703,0.0,1,nan,98,161,355,67459,0.08991790004074574
Astronaut,kapur,7,1,MS-LS-4S,0.33100820012623444,0.3335022999672219,-26.432194952939295,-26.432286915810703,3.4791870904541385e-06,0,54,54,216,1299,91712,nan
Astronaut,kapur,7,1,MS-LS-conv,0.33100820012623444,0.3353550999891013,-26.432286915810703,-26.432286915810703,0.0,1,15,15,218,968,92410,0.04026599996723235
Astronaut,kapur,7,2,RM-MDE,0.31174280057894066,0.31174280057894066,-26.432286915810703,-26.432286915810703,0.0,1,nan,109,151,243,63222,0.0690908000105992
Astronaut,kapur,7,2,MS-LS-4S,0.31174280057894066,0.3166948999860324,-26.43152986294839,-26.432286915810703,2.8641216884610243e-05,0,51,51,204,1250,86720,nan
Astronaut,kapur,7,2,MS-LS-conv,0.31174280057894066,0.33620110002812,-26.432286915810703,-26.432286915810703,0.0,1,13,13,220,1011,92821,0.033144400047603995
Astronaut,kapur,7,3,RM-MDE,0.3074741998570971,0.3074741998570971,-26.432286915810703,-26.432286915810703,0.0,1,nan,100,149,279,62175,0.09642499999608845
Astronaut,kapur,7,3,MS-LS-4S,0.3074741998570971,0.31172609998611733,-26.426172574808756,-26.432286915810703,0.00023132092283280673,0,50,50,200,1217,85001,nan
Astronaut,kapur,7,3,MS-LS-conv,0.3074741998570971,0.31059989996720105,-26.432286915810703,-26.432286915810703,0.0,1,13,13,205,914,86615,0.03403719997731969
Astronaut,kapur,7,4,RM-MDE,0.3252766996738501,0.3252766996738501,-26.432286915810703,-26.432286915810703,0.0,1,nan,112,160,260,67326,0.09101219987496734
Astronaut,kapur,7,4,MS-LS-4S,0.3252766996738501,0.3284394000074826,-26.43075129738558,-26.432286915810703,5.8096313422075925e-05,0,52,52,208,1302,90044,nan
Astronaut,kapur,7,4,MS-LS-conv,0.3252766996738501,0.3381814999738708,-26.432286915810703,-26.432286915810703,0.0,1,14,14,221,998,93775,0.11981589999049902
Astronaut,kapur,7,5,RM-MDE,0.32421370007796213,0.32421370007796213,-26.432286915810703,-26.432286915810703,0.0,1,nan,99,158,328,66307,0.10657559987157583
Astronaut,kapur,7,5,MS-LS-4S,0.32421370007796213,0.3243538000388071,-26.431945879911638,-26.432286915810703,1.2902247170359337e-05,0,52,52,208,1278,88710,nan
Astronaut,kapur,7,5,MS-LS-conv,0.32421370007796213,0.3361560000339523,-26.432286915810703,-26.432286915810703,0.0,1,15,15,223,1010,94558,0.021340599982067943
Astronaut,kapur,7,6,RM-MDE,0.3020065999007784,0.3020065999007784,-26.432286915810703,-26.432286915810703,0.0,1,nan,98,146,279,61290,0.10625069995876402
Astronaut,kapur,7,6,MS-LS-4S,0.3020065999007784,0.30422300001373515,-26.431506154330282,-26.432286915810703,2.9538173632403432e-05,0,48,48,192,1153,82495,nan
Astronaut,kapur,7,6,MS-LS-conv,0.3020065999007784,0.3233301000436768,-26.432286915810703,-26.432286915810703,0.0,1,15,15,207,938,88060,0.040195100009441376
Astronaut,kapur,7,7,RM-MDE,0.31295569986104965,0.31295569986104965,-26.432286915810703,-26.432286915810703,0.0,1,nan,99,148,296,62082,0.08413409988861531
Astronaut,kapur,7,7,MS-LS-4S,0.31295569986104965,0.31665330001851544,-26.430745144543412,-26.432286915810703,5.832909094101717e-05,0,50,50,200,1226,85599,nan
Astronaut,kapur,7,7,MS-LS-conv,0.31295569986104965,0.3198688999982551,-26.432286915810703,-26.432286915810703,0.0,1,11,11,206,934,86881,0.0425796999479644
Astronaut,kapur,7,8,RM-MDE,0.28340409992961213,0.28340409992961213,-26.432286915810703,-26.432286915810703,0.0,1,nan,83,130,259,54506,0.060172999917995185
Astronaut,kapur,7,8,MS-LS-4S,0.28340409992961213,0.2892126999795437,-26.426182408485396,-26.432286915810703,0.00023094889007338167,0,45,45,180,1123,76421,nan
Astronaut,kapur,7,8,MS-LS-conv,0.28340409992961213,0.29195029998663813,-26.432286915810703,-26.432286915810703,0.0,1,10,10,191,870,79684,0.06577440002001822
Astronaut,kapur,7,9,RM-MDE,0.3205188000574708,0.3205188000574708,-26.432286915810703,-26.432286915810703,0.0,1,nan,84,154,329,64623,0.09444119990803301
Astronaut,kapur,7,9,MS-LS-4S,0.3205188000574708,0.3223316000076011,-26.432263207192598,-26.432286915810703,8.969567476587809e-07,0,51,51,204,1270,87202,nan
Astronaut,kapur,7,9,MS-LS-conv,0.3205188000574708,0.34036360000027344,-26.432286915810703,-26.432286915810703,0.0,1,14,14,223,1041,94565,0.06425309996120632
Astronaut,kapur,8,0,RM-MDE,0.33197869994910434,0.33197869994910434,-28.742046310319804,-28.742046310319804,0.0,1,nan,95,158,354,66975,0.12894170003710315
Astronaut,kapur,8,0,MS-LS-4S,0.33197869994910434,0.33671280002454296,-28.735345924824337,-28.742046310319804,0.00023312137984626602,0,53,53,212,1481,92684,nan
Astronaut,kapur,8,0,MS-LS-conv,0.33197869994910434,0.3334201999823563,-28.741488077654473,-28.742046310319804,1.9422161501770346e-05,0,18,18,214,1098,92567,nan
Astronaut,kapur,8,1,RM-MDE,0.25092700019013137,0.25092700019013137,-28.742046310319804,-28.742046310319804,0.0,1,nan,45,110,336,46397,0.17247450008289889
Astronaut,kapur,8,1,MS-LS-4S,0.25092700019013137,0.2552158000180498,-28.739295186937863,-28.742046310319804,9.571772838433109e-05,0,41,41,164,1145,70452,nan
Astronaut,kapur,8,1,MS-LS-conv,0.25092700019013137,0.26334499998483807,-28.739295186937863,-28.742046310319804,9.571772838433109e-05,0,14,14,169,791,72498,nan
Astronaut,kapur,8,2,RM-MDE,0.3195822996785864,0.3195822996785864,-28.742046310319804,-28.742046310319804,0.0,1,nan,84,153,380,64692,0.11266349989455193
Astronaut,kapur,8,2,MS-LS-4S,0.3195822996785864,0.32222999999066815,-28.738042410191316,-28.742046310319804,0.00013930463006214602,0,51,51,204,1395,88007,nan
Astronaut,kapur,8,2,MS-LS-conv,0.3195822996785864,0.3325765000190586,-28.741488077654473,-28.742046310319804,1.9422161501770346e-05,0,15,15,215,1062,92115,nan
Astronaut,kapur,8,3,RM-MDE,0.289279900083784,0.289279900083784,-28.742046310319804,-28.742046310319804,0.0,1,nan,64,135,425,56712,0.20360220008296892
Astronaut,kapur,8,3,MS-LS-4S,0.289279900083784,0.2917617000057362,-28.736513521835512,-28.742046310319804,0.0001924980714509943,0,46,46,184,1267,79031,nan
Astronaut,kapur,8,3,MS-LS-conv,0.289279900083784,0.3127536000101827,-28.7410899786851,-28.742046310319804,3.327291398736386e-05,0,17,17,206,986,87596,nan
Astronaut,kapur,8,4,RM-MDE,0.2618759002070874,0.2618759002070874,-28.742046310319804,-28.742046310319804,0.0,1,nan,70,116,249,48908,0.08305969997309148
Astronaut,kapur,8,4,MS-LS-4S,0.2618759002070874,0.26582880003843457,-28.7299438867321,-28.742046310319804,0.00042107035306518663,0,41,41,164,1174,71663,nan
Astronaut,kapur,8,4,MS-LS-conv,0.2618759002070874,0.2818659999757074,-28.740273840753282,-28.742046310319804,6.166817586280025e-05,0,14,14,185,884,78891,nan
Astronaut,kapur,8,5,RM-MDE,0.29731610021553934,0.29731610021553934,-28.742046310319804,-28.742046310319804,0.0,1,nan,77,140,358,59209,0.14033260016003624
Astronaut,kapur,8,5,MS-LS-4S,0.29731610021553934,0.29997190000722185,-28.7406721502885,-28.742046310319804,4.781009732110068e-05,0,48,48,192,1378,82384,nan
Astronaut,kapur,8,5,MS-LS-conv,0.29731610021553934,0.3325890999985859,-28.74105030996737,-28.742046310319804,3.46530772958848e-05,0,17,17,218,1099,93429,nan
Astronaut,kapur,8,6,RM-MDE,0.33875319972867146,0.33875319972867146,-28.742046310319804,-28.742046310319804,0.0,1,nan,93,163,419,68983,0.11704789992654696
Astronaut,kapur,8,6,MS-LS-4S,0.33875319972867146,0.34350580000318587,-28.741057252392906,-28.742046310319804,3.4411534802325797e-05,0,54,54,216,1479,94069,nan
Astronaut,kapur,8,6,MS-LS-conv,0.33875319972867146,0.3544581000460312,-28.741488077654473,-28.742046310319804,1.9422161501770346e-05,0,21,21,226,1147,97895,nan
Astronaut,kapur,8,7,RM-MDE,0.2777905997936614,0.2777905997936614,-28.742046310319804,-28.742046310319804,0.0,1,nan,63,126,350,53589,0.16105699981562793
Astronaut,kapur,8,7,MS-LS-4S,0.2777905997936614,0.2836758000194095,-28.729641010857563,-28.742046310319804,0.0004316080813559504,0,45,45,180,1245,77863,nan
Astronaut,kapur,8,7,MS-LS-conv,0.2777905997936614,0.30407069995999336,-28.738042410191316,-28.742046310319804,0.00013930463006214602,0,13,13,196,953,83592,nan
Astronaut,kapur,8,8,RM-MDE,0.3134677000925876,0.3134677000925876,-28.742046310319804,-28.742046310319804,0.0,1,nan,79,147,393,61909,0.14772139996057376
Astronaut,kapur,8,8,MS-LS-4S,0.3134677000925876,0.3175918000051752,-28.741355895619435,-28.742046310319804,2.4021069791432988e-05,0,49,49,196,1337,84032,nan
Astronaut,kapur,8,8,MS-LS-conv,0.3134677000925876,0.33358270005555823,-28.742046310319804,-28.742046310319804,0.0,1,13,13,214,1021,90801,0.239483300014399
Astronaut,kapur,8,9,RM-MDE,0.25500659976387396,0.25500659976387396,-28.742046310319804,-28.742046310319804,0.0,1,nan,42,109,419,46289,0.13633959990693256
Astronaut,kapur,8,9,MS-LS-4S,0.25500659976387396,0.2570896999677643,-28.73883428056444,-28.742046310319804,0.00011175369076664061,0,40,40,160,1126,69280,nan
Astronaut,kapur,8,9,MS-LS-conv,0.25500659976387396,0.28275219997158274,-28.740273840753282,-28.742046310319804,6.166817586280025e-05,0,14,14,182,908,77965,nan
Astronaut,mcet,6,0,RM-MDE,0.2940223001060076,0.2940223001060076,-149428837.09712836,-149428837.09712836,0.0,1,nan,115,173,317,74522,0.11073509993730113
Astronaut,mcet,6,0,MS-LS-4S,0.2940223001060076,0.29415799997514114,-149428827.74424484,-149428837.09712836,6.259088740456976e-08,0,52,52,208,1174,99130,nan
Astronaut,mcet,6,0,MS-LS-conv,0.2940223001060076,0.32164570002350956,-149428837.09712836,-149428837.09712836,0.0,1,14,14,249,1095,110735,0.09247130004223436
Astronaut,mcet,6,1,RM-MDE,0.27471850032452494,0.27471850032452494,-149428837.09712836,-149428837.09712836,0.0,1,nan,109,159,279,68114,0.11738690012134612
Astronaut,mcet,6,1,MS-LS-4S,0.27471850032452494,0.2798863000352867,-149428728.52181157,-149428837.09712836,7.266021665964808e-07,0,51,51,204,1160,94405,nan
Astronaut,mcet,6,1,MS-LS-conv,0.27471850032452494,0.28013729996746406,-149428753.2807658,-149428837.09712836,5.609115629088042e-07,0,11,11,216,964,96003,nan
Astronaut,mcet,6,2,RM-MDE,0.31479549990035594,0.31479549990035594,-149428837.09712836,-149428837.09712836,0.0,1,nan,124,191,359,82357,0.08642749988939613
Astronaut,mcet,6,2,MS-LS-4S,0.31479549990035594,0.3189926999621093,-149428816.99609798,-149428837.09712836,1.345190846025801e-07,0,58,58,232,1313,107309,nan
Astronaut,mcet,6,2,MS-LS-conv,0.31479549990035594,0.3282390999956988,-149428837.09712836,-149428837.09712836,0.0,1,14,14,257,1144,113984,0.24751100002322346
Astronaut,mcet,6,3,RM-MDE,0.28795260010519996,0.28795260010519996,-149428837.09712836,-149428837.09712836,0.0,1,nan,117,169,244,73074,0.07351509999716654
Astronaut,mcet,6,3,MS-LS-4S,0.28795260010519996,0.2923046000069007,-149428665.4951867,-149428837.09712836,1.1483857132837546e-06,0,53,53,212,1202,99149,nan
Astronaut,mcet,6,3,MS-LS-conv,0.28795260010519996,0.2941245000110939,-149428753.2807658,-149428837.09712836,5.609115629088042e-07,0,12,12,219,963,97448,nan
Astronaut,mcet,6,4,RM-MDE,0.32219799963058904,0.32219799963058904,-149428837.09712836,-149428837.09712836,0.0,1,nan,133,192,307,82962,0.10542389983311296
Astronaut,mcet,6,4,MS-LS-4S,0.32219799963058904,0.32454270002199337,-149428753.2807658,-149428837.09712836,5.609115629088042e-07,0,57,57,228,1300,108729,nan
Astronaut,mcet,6,4,MS-LS-conv,0.32219799963058904,0.3224017999600619,-149428753.2807658,-149428837.09712836,5.609115629088042e-07,0,13,13,249,1125,111358,nan
Astronaut,mcet,6,5,RM-MDE,0.2407248998642899,0.2407248998642899,-149428837.09712836,-149428837.09712836,0.0,1,nan,90,133,239,57314,0.02265669999178499
Astronaut,mcet,6,5,MS-LS-4S,0.2407248998642899,0.24382319999858737,-149428753.2807658,-149428837.09712836,5.609115629088042e-07,0,45,45,180,993,82968,nan
Astronaut,mcet,6,5,MS-LS-conv,0.2407248998642899,0.24236979999113828,-149428753.2807658,-149428837.09712836,5.609115629088042e-07,0,11,11,188,820,83508,nan
Astronaut,mcet,6,6,RM-MDE,0.280261599982623,0.280261599982623,-149428837.09712836,-149428837.09712836,0.0,1,nan,116,165,290,71689,0.06900559988571331
Astronaut,mcet,6,6,MS-LS-4S,0.280261599982623,0.28364839998539537,-149428837.09712836,-149428837.09712836,0.0,1,51,51,204,1158,95430,0.054965099960099906
Astronaut,mcet,6,6,MS-LS-conv,0.280261599982623,0.29356139997253194,-149428837.09712836,-149428837.09712836,0.0,1,12,12,229,1022,101693,0.23678799998015165
Astronaut,mcet,6,7,RM-MDE,0.3105650001671165,0.3105650001671165,-149428837.09712836,-149428837.09712836,0.0,1,nan,130,188,319,81419,0.0696319000562653
Astronaut,mcet,6,7,MS-LS-4S,0.3105650001671165,0.3124738999758847,-149428837.09712836,-149428837.09712836,0.0,1,57,57,228,1298,106509,0.24021339998580515
Astronaut,mcet,6,7,MS-LS-conv,0.3105650001671165,0.325237900018692,-149428816.99609798,-149428837.09712836,1.345190846025801e-07,0,15,15,253,1105,112233,nan
Astronaut,mcet,6,8,RM-MDE,0.3149404997820966,0.3149404997820966,-149428837.09712836,-149428837.09712836,0.0,1,nan,139,194,254,82934,0.08313739986624569
Astronaut,mcet,6,8,MS-LS-4S,0.3149404997820966,0.3189739999943413,-149428827.74424484,-149428837.09712836,6.259088740456976e-08,0,59,59,236,1317,108835,nan
Astronaut,mcet,6,8,MS-LS-conv,0.3149404997820966,0.33612200000789016,-149428816.99609798,-149428837.09712836,1.345190846025801e-07,0,17,17,261,1144,114348,nan
Astronaut,mcet,6,9,RM-MDE,0.3068103998666629,0.3068103998666629,-149428837.09712836,-149428837.09712836,0.0,1,nan,128,185,262,79806,0.01865629997337237
Astronaut,mcet,6,9,MS-LS-4S,0.3068103998666629,0.31100859999423847,-149428753.2807658,-149428837.09712836,5.609115629088042e-07,0,56,56,224,1277,104831,nan
Astronaut,mcet,6,9,MS-LS-conv,0.3068103998666629,0.318596700031776,-149428753.2807658,-149428837.09712836,5.609115629088042e-07,0,14,14,247,1093,110048,nan
Astronaut,mcet,7,0,RM-MDE,0.3156040998874232,0.3156040998874232,-149470940.93687743,-149470940.93687743,0.0,1,nan,129,175,290,76889,0.08114960009697825
Astronaut,mcet,7,0,MS-LS-4S,0.3156040998874232,0.3176958999829367,-149470926.61332852,-149470940.93687743,9.58283183555454e-08,0,56,56,224,1489,107837,nan
Astronaut,mcet,7,0,MS-LS-conv,0.3156040998874232,0.3295437000342645,-149470940.93687743,-149470940.93687743,0.0,1,17,17,246,1433,113661,0.14968000003136694
Astronaut,mcet,7,1,RM-MDE,0.2850257999380119,0.2850257999380119,-149470940.93687743,-149470940.93687743,0.0,1,nan,111,164,337,71876,0.11085490009281784
Astronaut,mcet,7,1,MS-LS-4S,0.2850257999380119,0.28710059996228665,-149470870.0614952,-149470940.93687743,4.7417499194519535e-07,0,52,52,208,1333,97138,nan
Astronaut,mcet,7,1,MS-LS-conv,0.2850257999380119,0.2985933999880217,-149470940.93687743,-149470940.93687743,0.0,1,15,15,227,1307,103890,0.05396330001531169
Astronaut,mcet,7,2,RM-MDE,0.32857229991350323,0.32857229991350323,-149470940.93687743,-149470940.93687743,0.0,1,nan,148,198,280,86500,0.01974649995099753
Astronaut,mcet,7,2,MS-LS-4S,0.32857229991350323,0.3293337999493815,-149470770.2075236,-149470940.93687743,1.1422243865275277e-06,0,60,60,240,1533,113046,nan
Astronaut,mcet,7,2,MS-LS-conv,0.32857229991350323,0.34571750002214685,-149470940.93687743,-149470940.93687743,0.0,1,22,22,259,1445,118453,0.20163440000033006
Astronaut,mcet,7,3,RM-MDE,0.34644580027088523,0.34644580027088523,-149470940.93687743,-149470940.93687743,0.0,1,nan,154,209,315,91477,0.06041520001599565
Astronaut,mcet,7,3,MS-LS-4S,0.34644580027088523,0.3501096999971196,-149470940.93687743,-149470940.93687743,0.0,1,62,62,248,1592,116715,0.2739358000108041
Astronaut,mcet,7,3,MS-LS-conv,0.34644580027088523,0.36158700002124533,-149470940.93687743,-149470940.93687743,0.0,1,23,23,270,1506,123670,0.3230885000084527
Astronaut,mcet,7,4,RM-MDE,0.3164247000240721,0.3164247000240721,-149470940.93687743,-149470940.93687743,0.0,1,nan,123,186,407,81722,0.05222260003210977
Astronaut,mcet,7,4,MS-LS-4S,0.3164247000240721,0.32016860001021996,-149470940.93687743,-149470940.93687743,0.0,1,56,56,224,1456,108078,0.06393230002140626
Astronaut,mcet,7,4,MS-LS-conv,0.3164247000240721,0.3337072999565862,-149470940.93687743,-149470940.93687743,0.0,1,18,18,249,1426,114581,0.22259689995553344
Astronaut,mcet,7,5,RM-MDE,0.2914055999717675,0.2914055999717675,-149470940.93687743,-149470940.93687743,0.0,1,nan,115,167,323,73292,0.08066970010986552
Astronaut,mcet,7,5,MS-LS-4S,0.2914055999717675,0.29147150000790134,-149470926.61332852,-149470940.93687743,9.58283183555454e-08,0,52,52,208,1337,97623,nan
Astronaut,mcet,7,5,MS-LS-conv,0.2914055999717675,0.3117598000098951,-149470940.93687743,-149470940.93687743,0.0,1,18,18,231,1318,106401,0.10680989996762946
Astronaut,mcet,7,6,RM-MDE,0.2545217996230349,0.2545217996230349,-149470940.93687743,-149470940.93687743,0.0,1,nan,96,138,237,60563,0.05879490001825616
Astronaut,mcet,7,6,MS-LS-4S,0.2545217996230349,0.2596250000060536,-149470940.93687743,-149470940.93687743,0.0,1,46,46,184,1203,87795,0.12621100002434105
Astronaut,mcet,7,6,MS-LS-conv,0.2545217996230349,0.2738686000229791,-149470759.3594945,-149470940.93687743,1.2148005611261514e-06,0,14,14,202,1156,93274,nan
Astronaut,mcet,7,7,RM-MDE,0.301910899754148,0.301910899754148,-149470940.93687743,-149470940.93687743,0.0,1,nan,125,175,350,77181,0.06660239992197603
Astronaut,mcet,7,7,MS-LS-4S,0.301910899754148,0.3063010000041686,-149470940.93687743,-149470940.93687743,0.0,1,55,55,220,1417,104004,0.20708170003490523
Astronaut,mcet,7,7,MS-LS-conv,0.301910899754148,0.3233163999975659,-149470940.93687743,-149470940.93687743,0.0,1,20,20,243,1365,111506,0.14705079997656867
Astronaut,mcet,7,8,RM-MDE,0.2884709994541481,0.2884709994541481,-149470940.93687743,-149470940.93687743,0.0,1,nan,116,166,313,72601,0.024770400021225214
Astronaut,mcet,7,8,MS-LS-4S,0.2884709994541481,0.2890491999569349,-149470746.11246604,-149470940.93687743,1.3034266739144135e-06,0,53,53,212,1365,99181,nan
Astronaut,mcet,7,8,MS-LS-conv,0.2884709994541481,0.30123689997708425,-149470940.93687743,-149470940.93687743,0.0,1,17,17,229,1264,102820,0.042816300003323704
Astronaut,mcet,7,9,RM-MDE,0.32330329983960837,0.32330329983960837,-149470940.93687743,-149470940.93687743,0.0,1,nan,133,186,306,81877,0.08414920000359416
Astronaut,mcet,7,9,MS-LS-4S,0.32330329983960837,0.3243061000248417,-149470870.0614952,-149470940.93687743,4.7417499194519535e-07,0,57,57,228,1480,108021,nan
Astronaut,mcet,7,9,MS-LS-conv,0.32330329983960837,0.345375899982173,-149470940.93687743,-149470940.93687743,0.0,1,18,18,253,1445,116340,0.12121379998279735
Astronaut,mcet,8,0,RM-MDE,0.22385599988047034,0.22385599988047034,-149493500.56290442,-149493500.56290442,0.0,1,nan,58,110,301,48833,0.09142189990961924
Astronaut,mcet,8,0,MS-LS-4S,0.22385599988047034,0.22773189999861643,-149493208.28375545,-149493500.56290442,1.9551294729571717e-06,0,39,39,156,1161,76359,nan
Astronaut,mcet,8,0,MS-LS-conv,0.22385599988047034,0.23354619997553527,-149493302.30500883,-149493500.56290442,1.326197425589423e-06,0,15,15,167,1040,79070,nan
Astronaut,mcet,8,1,RM-MDE,0.24244360020384192,0.24244360020384192,-149493500.56290442,-149493500.56290442,0.0,1,nan,71,125,293,55376,0.1262947001378052
Astronaut,mcet,8,1,MS-LS-4S,0.24244360020384192,0.24393999995663762,-149492959.67091185,-149493500.56290442,3.6181639371095682e-06,0,43,43,172,1263,81242,nan
Astronaut,mcet,8,1,MS-LS-conv,0.24244360020384192,0.25771350000286475,-149493302.30500883,-149493500.56290442,1.326197425589423e-06,0,17,17,184,1109,85935,nan
Astronaut,mcet,8,2,RM-MDE,0.25713260017801076,0.25713260017801076,-149493500.56290442,-149493500.56290442,0.0,1,nan,67,134,368,59454,0.1437695001368411
Astronaut,mcet,8,2,MS-LS-4S,0.25713260017801076,0.2591126000043005,-149493367.11081368,-149493500.56290442,8.926949348145701e-07,0,46,46,184,1356,87073,nan
Astronaut,mcet,8,2,MS-LS-conv,0.25713260017801076,0.2640512000070885,-149493440.82153797,-149493500.56290442,3.996251758174599e-07,0,17,17,193,1168,89494,nan
Astronaut,mcet,8,3,RM-MDE,0.26184099982492626,0.26184099982492626,-149493500.56290442,-149493500.56290442,0.0,1,nan,68,142,382,62802,0.14525139989564195
Astronaut,mcet,8,3,MS-LS-4S,0.26184099982492626,0.26551800000015646,-149493424.73239958,-149493500.56290442,5.072495095045534e-07,0,47,47,188,1383,89849,nan
Astronaut,mcet,8,3,MS-LS-conv,0.26184099982492626,0.26784619997488335,-149493493.383613,-149493500.56290442,4.802410405872153e-08,0,20,20,198,1217,92491,nan
Astronaut,mcet,8,4,RM-MDE,0.22117420024005696,0.22117420024005696,-149493500.56290442,-149493500.56290442,0.0,1,nan,48,110,328,48417,0.13543390011182055
Astronaut,mcet,8,4,MS-LS-4S,0.22117420024005696,0.224681599996984,-149492685.36946183,-149493500.56290442,5.4530360150344065e-06,0,38,38,152,1137,74620,nan
Astronaut,mcet,8,4,MS-LS-conv,0.22117420024005696,0.23606850003125146,-149492754.4372301,-149493500.56290442,4.9910241682606724e-06,0,15,15,167,1045,78435,nan
Astronaut,mcet,8,5,RM-MDE,0.18507100030547008,0.18507100030547008,-149493500.56290442,-149493500.56290442,0.0,1,nan,28,81,300,35800,0.106266500253696
Astronaut,mcet,8,5,MS-LS-4S,0.18507100030547008,0.18887249997351319,-149493493.383613,-149493500.56290442,4.802410405872153e-08,0,34,34,136,958,63957,nan
Astronaut,mcet,8,5,MS-LS-conv,0.18507100030547008,0.19035270001040772,-149492754.4372301,-149493500.56290442,4.9910241682606724e-06,0,13,13,139,847,65478,nan
Astronaut,mcet,8,6,RM-MDE,0.2676456001936458,0.2676456001936458,-149493500.56290442,-149493500.56290442,0.0,1,nan,71,147,383,65052,0.14285230019595474
Astronaut,mcet,8,6,MS-LS-4S,0.2676456001936458,0.2681967999669723,-149493430.42131722,-149493500.56290442,4.69194894317604e-07,0,47,47,188,1380,90600,nan
Astronaut,mcet,8,6,MS-LS-conv,0.2676456001936458,0.2687912000110373,-149493430.42131722,-149493500.56290442,4.69194894317604e-07,0,18,18,194,1236,92055,nan
Astronaut,mcet,8,7,RM-MDE,0.2850475998711772,0.2850475998711772,-149492754.4372301,-149493500.56290442,4.9910241682606724e-06,0,nan,103,150,289,67938,nan
Astronaut,mcet,8,7,MS-LS-4S,0.2850475998711772,0.2894054999924265,-149493409.4557464,-149493500.56290442,6.094389231784775e-07,0,51,51,204,1498,97543,nan
Astronaut,mcet,8,7,MS-LS-conv,0.2850475998711772,0.2936645000008866,-149493371.85421103,-149493500.56290442,8.6096514497609e-07,0,21,21,216,1341,101319,nan
Astronaut,mcet,8,8,RM-MDE,0.19047569984104484,0.19047569984104484,-149493500.56290442,-149493500.56290442,0.0,1,nan,34,89,292,39078,0.12304949999088421
Astronaut,mcet,8,8,MS-LS-4S,0.19047569984104484,0.19456669996725395,-149492904.4679526,-149493500.56290442,3.987430554264301e-06,0,35,35,140,1027,66359,nan
Astronaut,mcet,8,8,MS-LS-conv,0.19047569984104484,0.19096500001614913,-149493406.97822124,-149493500.56290442,6.260117184189987e-07,0,15,15,142,864,65169,nan
Astronaut,mcet,8,9,RM-MDE,0.29613349959254265,0.29613349959254265,-149493500.56290442,-149493500.56290442,0.0,1,nan,90,162,452,72601,0.14210209995508194
Astronaut,mcet,8,9,MS-LS-4S,0.29613349959254265,0.30000600003404543,-149492740.68325448,-149493500.56290442,5.083028005069745e-06,0,53,53,212,1573,101158,nan
Astronaut,mcet,8,9,MS-LS-conv,0.29613349959254265,0.31585059995995834,-149493442.98067987,-149493500.56290442,3.851821271897593e-07,0,21,21,232,1437,108406,nan
Coffee,otsu,6,0,RM-MDE,0.1349282996961847,0.1349282996961847,-3201671703.2107673,-3201671703.2107673,0.0,1,nan,93,145,228,59548,0.04507599992211908
Coffee,otsu,6,0,MS-LS-4S,0.1349282996961847,0.13665100000798702,-3201665878.236563,-3201671703.2107673,1.819353995046367e-06,0,63,63,252,1376,109247,nan
Coffee,otsu,6,0,MS-LS-conv,0.1349282996961847,0.1415302999666892,-3201665878.236563,-3201671703.2107673,1.819353995046367e-06,0,26,26,277,1146,117172,nan
Coffee,otsu,6,1,RM-MDE,0.15845059987623245,0.15845059987623245,-3201671703.2107673,-3201671703.2107673,0.0,1,nan,128,192,323,79899,0.06195670005399734
Coffee,otsu,6,1,MS-LS-4S,0.15845059987623245,0.15976160002173856,-3201652280.1659265,-3201671703.2107673,6.066532312271261e-06,0,75,75,300,1655,126743,nan
Coffee,otsu,6,1,MS-LS-conv,0.15845059987623245,0.1647250999812968,-3201665878.236563,-3201671703.2107673,1.819353995046367e-06,0,31,31,325,1298,136111,nan
Coffee,otsu,6,2,RM-MDE,0.16736759996274486,0.16736759996274486,-3201671703.2107673,-3201671703.2107673,0.0,1,nan,151,209,288,86131,0.01487069996073842
Coffee,otsu,6,2,MS-LS-4S,0.16736759996274486,0.169336499995552,-3201671703.2107673,-3201671703.2107673,0.0,1,80,80,320,1735,135972,0.040360899991355836
Coffee,otsu,6,2,MS-LS-conv,0.16736759996274486,0.16916769999079406,-3201671703.2107673,-3201671703.2107673,0.0,1,31,31,338,1383,141504,0.10283490002620965
Coffee,otsu,6,3,RM-MDE,0.14640789962140843,0.14640789962140843,-3201671703.2107673,-3201671703.2107673,0.0,1,nan,127,168,201,69468,0.009454799990635365
Coffee,otsu,6,3,MS-LS-4S,0.14640789962140843,0.14759720000438392,-3201652280.1659265,-3201671703.2107673,6.066532312271261e-06,0,69,69,276,1505,117673,nan
Coffee,otsu,6,3,MS-LS-conv,0.14640789962140843,0.1508155000046827,-3201665878.236563,-3201671703.2107673,1.819353995046367e-06,0,26,26,292,1162,122134,nan
Coffee,otsu,6,4,RM-MDE,0.14396290003787726,0.14396290003787726,-3201671703.2107673,-3201671703.2107673,0.0,1,nan,118,160,227,66018,0.026813399977982044
Coffee,otsu,6,4,MS-LS-4S,0.14396290003787726,0.1453705999883823,-3201665878.236563,-3201671703.2107673,1.819353995046367e-06,0,68,68,272,1490,118057,nan
Coffee,otsu,6,4,MS-LS-conv,0.14396290003787726,0.14901809999719262,-3201671703.2107673,-3201671703.2107673,0.0,1,28,28,292,1175,123392,0.05489019997185096
Coffee,otsu,6,5,RM-MDE,0.14739809971069917,0.14739809971069917,-3201671703.2107673,-3201671703.2107673,0.0,1,nan,110,170,307,70225,0.04981169995153323
Coffee,otsu,6,5,MS-LS-4S,0.14739809971069917,0.14827890001470223,-3201665878.236563,-3201671703.2107673,1.819353995046367e-06,0,70,70,280,1531,118635,nan
Coffee,otsu,6,5,MS-LS-conv,0.14739809971069917,0.150374099961482,-3201665878.236563,-3201671703.2107673,1.819353995046367e-06,0,27,27,296,1203,124146,nan
Coffee,otsu,6,6,RM-MDE,0.15040450013475493,0.15040450013475493,-3201671703.2107673,-3201671703.2107673,0.0,1,nan,124,173,244,71998,0.032114700006786734
Coffee,otsu,6,6,MS-LS-4S,0.15040450013475493,0.1508060999913141,-3201671703.2107673,-3201671703.2107673,0.0,1,71,71,284,1546,122125,0.012521299999207258
Coffee,otsu,6,6,MS-LS-conv,0.15040450013475493,0.15277859999332577,-3201671703.2107673,-3201671703.2107673,0.0,1,28,28,293,1195,123832,0.024706600001081824
Coffee,otsu,6,7,RM-MDE,0.1381360997329466,0.1381360997329466,-3201671703.2107673,-3201671703.2107673,0.0,1,nan,95,142,264,58490,0.041531800001394004
Coffee,otsu,6,7,MS-LS-4S,0.1381360997329466,0.13923470000736415,-3201671703.2107673,-3201671703.2107673,0.0,1,65,65,260,1420,111137,0.08837419998599216
Coffee,otsu,6,7,MS-LS-conv,0.1381360997329466,0.13884170004166663,-3201665878.236563,-3201671703.2107673,1.819353995046367e-06,0,27,27,272,1076,114308,nan
Coffee,otsu,6,8,RM-MDE,0.13918769953306764,0.13918769953306764,-3201671703.2107673,-3201671703.2107673,0.0,1,nan,98,155,276,63855,0.03999449987895787
Coffee,otsu,6,8,MS-LS-4S,0.13918769953306764,0.14123780000954866,-3201665878.236563,-3201671703.2107673,1.819353995046367e-06,0,67,67,268,1465,113250,nan
Coffee,otsu,6,8,MS-LS-conv,0.13918769953306764,0.1411783000221476,-3201665878.236563,-3201671703.2107673,1.819353995046367e-06,0,23,23,284,1169,117650,nan
Coffee,otsu,6,9,RM-MDE,0.16582959989318624,0.16582959989318624,-3201671703.2107673,-3201671703.2107673,0.0,1,nan,132,193,314,80089,0.05690870003309101
Coffee,otsu,6,9,MS-LS-4S,0.16582959989318624,0.1666454000514932,-3201671703.2107673,-3201671703.2107673,0.0,1,77,77,308,1669,131357,0.10202420002315193
Coffee,otsu,6,9,MS-LS-conv,0.16582959989318624,0.1681253999704495,-3201665878.236563,-3201671703.2107673,1.819353995046367e-06,0,31,31,331,1327,139385,nan
Coffee,otsu,7,0,RM-MDE,0.15695230022538453,0.15695230022538453,-3207059090.470672,-3207059090.470672,0.0,1,nan,130,179,298,75733,0.03629680012818426
Coffee,otsu,7,0,MS-LS-4S,0.15695230022538453,0.15764049999415874,-3207058361.437176,-3207059090.470672,2.273215040125816e-07,0,72,72,288,1828,126956,nan
Coffee,otsu,7,0,MS-LS-conv,0.15695230022538453,0.16123339999467134,-3207059090.470672,-3207059090.470672,0.0,1,20,20,310,1564,132935,0.06285230000503361
Coffee,otsu,7,1,RM-MDE,0.15503510017879307,0.15503510017879307,-3207059090.470672,-3207059090.470672,0.0,1,nan,123,176,344,74456,0.03580979991238564
Coffee,otsu,7,1,MS-LS-4S,0.15503510017879307,0.15551710000727326,-3207058361.437176,-3207059090.470672,2.273215040125816e-07,0,72,72,288,1831,124410,nan
Coffee,otsu,7,1,MS-LS-conv,0.15503510017879307,0.16492230002768338,-3207059090.470672,-3207059090.470672,0.0,1,20,20,321,1642,136573,0.026401200040709227
Coffee,otsu,7,2,RM-MDE,0.14524819975486025,0.14524819975486025,-3207059090.470672,-3207059090.470672,0.0,1,nan,111,155,277,65521,0.031923300004564226
Coffee,otsu,7,2,MS-LS-4S,0.14524819975486025,0.14705619995947927,-3207058361.437176,-3207059090.470672,2.273215040125816e-07,0,69,69,276,1759,119680,nan
Coffee,otsu,7,2,MS-LS-conv,0.14524819975486025,0.15612990001682192,-3207059090.470672,-3207059090.470672,0.0,1,22,22,302,1522,128705,0.004010399978142232
Coffee,otsu,7,3,RM-MDE,0.1587450997903943,0.1587450997903943,-3207059090.470672,-3207059090.470672,0.0,1,nan,132,179,310,75370,0.03124539996497333
Coffee,otsu,7,3,MS-LS-4S,0.1587450997903943,0.16042740002740175,-3207053816.459753,-3207059090.470672,1.6445006999606188e-06,0,74,74,296,1887,128015,nan
Coffee,otsu,7,3,MS-LS-conv,0.1587450997903943,0.1674623999861069,-3207059090.470672,-3207059090.470672,0.0,1,23,23,325,1597,138156,0.004489000013563782
Coffee,otsu,7,4,RM-MDE,0.15801730006933212,0.15801730006933212,-3207059090.470672,-3207059090.470672,0.0,1,nan,128,183,356,77430,0.01194619998568669
Coffee,otsu,7,4,MS-LS-4S,0.15801730006933212,0.15967929997714236,-3207038139.453299,-3207059090.470672,6.532781835962438e-06,0,75,75,300,1946,131933,nan
Coffee,otsu,7,4,MS-LS-conv,0.15801730006933212,0.16431089997058734,-3207059090.470672,-3207059090.470672,0.0,1,19,19,323,1635,137728,0.06538139999611303
Coffee,otsu,7,5,RM-MDE,0.158083499642089,0.158083499642089,-3207059090.470672,-3207059090.470672,0.0,1,nan,127,183,381,77589,0.04327039985219017
Coffee,otsu,7,5,MS-LS-4S,0.158083499642089,0.1589189000078477,-3207058361.437176,-3207059090.470672,2.273215040125816e-07,0,75,75,300,1909,129539,nan
Coffee,otsu,7,5,MS-LS-conv,0.158083499642089,0.16425140004139394,-3207059090.470672,-3207059090.470672,0.0,1,22,22,324,1626,138111,0.03279260004637763
Coffee,otsu,7,6,RM-MDE,0.1521904002293013,0.1521904002293013,-3207059090.470672,-3207059090.470672,0.0,1,nan,120,170,287,72334,0.037798600271344185
Coffee,otsu,7,6,MS-LS-4S,0.1521904002293013,0.1534997000126168,-3207057801.3565626,-3207059090.470672,4.019614460321502e-07,0,69,69,276,1776,121341,nan
Coffee,otsu,7,6,MS-LS-conv,0.1521904002293013,0.1535699999658391,-3207059090.470672,-3207059090.470672,0.0,1,19,19,294,1486,126023,0.12142669997410849
Coffee,otsu,7,7,RM-MDE,0.1391879000584595,0.1391879000584595,-3207059090.470672,-3207059090.470672,0.0,1,nan,101,147,289,62198,0.04779369983589277
Coffee,otsu,7,7,MS-LS-4S,0.1391879000584595,0.14059419999830425,-3207058361.437176,-3207059090.470672,2.273215040125816e-07,0,65,65,260,1686,113592,nan
Coffee,otsu,7,7,MS-LS-conv,0.1391879000584595,0.1457047999720089,-3207059090.470672,-3207059090.470672,0.0,1,20,20,282,1422,120198,0.02864649996627122
Coffee,otsu,7,8,RM-MDE,0.14984390017343685,0.14984390017343685,-3207053816.459753,-3207059090.470672,1.6445006999606188e-06,0,nan,119,166,330,70462,nan
Coffee,otsu,7,8,MS-LS-4S,0.14984390017343685,0.15086799999698997,-3207059090.470672,-3207059090.470672,0.0,1,69,69,276,1751,118864,0.15086799999698997
Coffee,otsu,7,8,MS-LS-conv,0.14984390017343685,0.15021699998760596,-3207059090.470672,-3207059090.470672,0.0,1,18,18,287,1476,120598,0.021115500014275312
Coffee,otsu,7,9,RM-MDE,0.15268409991404042,0.15268409991404042,-3207059090.470672,-3207059090.470672,0.0,1,nan,116,172,356,72380,0.03815710003254935
Coffee,otsu,7,9,MS-LS-4S,0.15268409991404042,0.1527442000224255,-3207040144.1471252,-3207059090.470672,5.9076939377833095e-06,0,71,71,284,1833,123309,nan
Coffee,otsu,7,9,MS-LS-conv,0.15268409991404042,0.15772149997064844,-3207059090.470672,-3207059090.470672,0.0,1,19,19,302,1556,128900,0.017226099967956543
Coffee,otsu,8,0,RM-MDE,0.14741530030732974,0.14741530030732974,-3210284555.942582,-3210284555.942582,0.0,1,nan,108,157,322,66607,0.043258100165985525
Coffee,otsu,8,0,MS-LS-4S,0.14741530030732974,0.1481165000004694,-3210273535.7694473,-3210284555.942582,3.432771439031548e-06,0,66,66,264,1938,117597,nan
Coffee,otsu,8,0,MS-LS-conv,0.14741530030732974,0.14744380000047386,-3210278896.067174,-3210284555.942582,1.7630447736153385e-06,0,18,18,276,1675,120114,nan
Coffee,otsu,8,1,RM-MDE,0.16922680009156466,0.16922680009156466,-3210284555.942582,-3210284555.942582,0.0,1,nan,129,198,402,83978,0.062235900142695755
Coffee,otsu,8,1,MS-LS-4S,0.16922680009156466,0.1693159999558702,-3210284555.942582,-3210284555.942582,0.0,1,78,78,312,2277,136387,0.03480879997368902
Coffee,otsu,8,1,MS-LS-conv,0.16922680009156466,0.1757494000485167,-3210284555.942582,-3210284555.942582,0.0,1,24,24,332,1932,143865,0.1133778000366874
Coffee,otsu,8,2,RM-MDE,0.1459768001222983,0.1459768001222983,-3210284555.942582,-3210284555.942582,0.0,1,nan,95,152,385,64776,0.07851789996493608
Coffee,otsu,8,2,MS-LS-4S,0.1459768001222983,0.14771309995558113,-3210162454.886546,-3210284555.942582,3.803434054154897e-05,0,67,67,268,1958,117786,nan
Coffee,otsu,8,2,MS-LS-conv,0.1459768001222983,0.14940310001838952,-3210284555.942582,-3210284555.942582,0.0,1,19,19,279,1649,120506,0.1421011000056751
Coffee,otsu,8,3,RM-MDE,0.14754429936874658,0.14754429936874658,-3210284555.942582,-3210284555.942582,0.0,1,nan,92,152,317,64391,0.0802007996244356
Coffee,otsu,8,3,MS-LS-4S,0.14754429936874658,0.14787849999265745,-3210251270.0211515,-3210284555.942582,1.0368526792733045e-05,0,67,67,268,1955,117390,nan
Coffee,otsu,8,3,MS-LS-conv,0.14754429936874658,0.1477296000230126,-3210278896.067174,-3210284555.942582,1.7630447736153385e-06,0,20,20,283,1634,122039,nan
Coffee,otsu,8,4,RM-MDE,0.1409156998852268,0.1409156998852268,-3210284555.942582,-3210284555.942582,0.0,1,nan,91,142,357,60215,0.03074159997049719
Coffee,otsu,8,4,MS-LS-4S,0.1409156998852268,0.1413196999928914,-3210236157.39194,-3210284555.942582,1.5076093660427275e-05,0,62,62,248,1822,110837,nan
Coffee,otsu,8,4,MS-LS-conv,0.1409156998852268,0.14154039998538792,-3210278896.067174,-3210284555.942582,1.7630447736153385e-06,0,17,17,267,1651,115567,nan
Coffee,otsu,8,5,RM-MDE,0.14488369971513748,0.14488369971513748,-3210284555.942582,-3210284555.942582,0.0,1,nan,83,150,461,64113,0.039685700088739395
Coffee,otsu,8,5,MS-LS-4S,0.14488369971513748,0.146415299968794,-3210264208.172973,-3210284555.942582,6.338307166979496e-06,0,68,68,272,1968,118450,nan
Coffee,otsu,8,5,MS-LS-conv,0.14488369971513748,0.15121779998298734,-3210278896.067174,-3210284555.942582,1.7630447736153385e-06,0,19,19,287,1736,123914,nan
Coffee,otsu,8,6,RM-MDE,0.13745029974961653,0.13745029974961653,-3210284555.942582,-3210284555.942582,0.0,1,nan,87,137,315,58359,0.032872999901883304
Coffee,otsu,8,6,MS-LS-4S,0.13745029974961653,0.13967770000454038,-3210241829.5451937,-3210284555.942582,1.3309224351893384e-05,0,62,62,248,1813,110426,nan
Coffee,otsu,8,6,MS-LS-conv,0.13745029974961653,0.1456194000202231,-3210278896.067174,-3210284555.942582,1.7630447736153385e-06,0,18,18,275,1670,119919,nan
Coffee,otsu,8,7,RM-MDE,0.15372039971407503,0.15372039971407503,-3210282568.145797,-3210284555.942582,6.191964452730486e-07,0,nan,114,170,369,72223,nan
Coffee,otsu,8,7,MS-LS-4S,0.15372039971407503,0.15440320002380759,-3210278896.067174,-3210284555.942582,1.7630447736153385e-06,0,71,71,284,2080,124822,nan
Coffee,otsu,8,7,MS-LS-conv,0.15372039971407503,0.1611335999914445,-3210278896.067174,-3210284555.942582,1.7630447736153385e-06,0,21,21,305,1818,131962,nan
Coffee,otsu,8,8,RM-MDE,0.1488161000306718,0.1488161000306718,-3210284555.942582,-3210284555.942582,0.0,1,nan,103,157,343,67044,0.052105700015090406
Coffee,otsu,8,8,MS-LS-4S,0.1488161000306718,0.14899940002942458,-3210270648.0927672,-3210284555.942582,4.3322794514109e-06,0,67,67,268,1935,116924,nan
Coffee,otsu,8,8,MS-LS-conv,0.1488161000306718,0.14999220002209768,-3210278896.067174,-3210284555.942582,1.7630447736153385e-06,0,21,21,282,1609,121146,nan
Coffee,otsu,8,9,RM-MDE,0.1413440999458544,0.1413440999458544,-3210284555.942582,-3210284555.942582,0.0,1,nan,73,144,444,61272,0.08328719990095124
Coffee,otsu,8,9,MS-LS-4S,0.1413440999458544,0.14330659998813644,-3210276393.031744,-3210284555.942582,2.5427374726071276e-06,0,65,65,260,1899,114087,nan
Coffee,otsu,8,9,MS-LS-conv,0.1413440999458544,0.1452712999889627,-3210278896.067174,-3210284555.942582,1.7630447736153385e-06,0,19,19,276,1660,119227,nan
Coffee,kapur,6,0,RM-MDE,0.23841670010006055,0.23841670010006055,-24.53724016336429,-24.53724016336429,0.0,1,nan,63,107,177,44772,0.11114029993768781
Coffee,kapur,6,0,MS-LS-4S,0.23841670010006055,0.2430824000039138,-24.53724016336429,-24.53724016336429,0.0,1,40,40,159,759,67438,0.13472259999252856
Coffee,kapur,6,0,MS-LS-conv,0.23841670010006055,0.24495059996843338,-24.53724016336429,-24.53724016336429,0.0,1,22,22,160,550,67469,0.0832319000037387
Coffee,kapur,6,1,RM-MDE,0.37090739991981536,0.37090739991981536,-24.53724016336429,-24.53724016336429,0.0,1,nan,134,193,277,80518,0.11084770003799349
Coffee,kapur,6,1,MS-LS-4S,0.37090739991981536,0.37119029997847974,-24.53724016336429,-24.53724016336429,0.0,1,62,62,248,1223,102967,0.04258439998375252
Coffee,kapur,6,1,MS-LS-conv,0.37090739991981536,0.3745871999999508,-24.53724016336429,-24.53724016336429,0.0,1,30,30,247,873,103302,0.035223200044129044
Coffee,kapur,6,2,RM-MDE,0.38259679987095296,0.38259679987095296,-24.53724016336429,-24.53724016336429,0.0,1,nan,149,201,228,83789,0.07274989987490699
Coffee,kapur,6,2,MS-LS-4S,0.38259679987095296,0.387371200020425,-24.53724016336429,-24.53724016336429,0.0,1,64,64,256,1200,106944,0.17592579999472946
Coffee,kapur,6,2,MS-LS-conv,0.38259679987095296,0.38855360000161454,-24.53724016336429,-24.53724016336429,0.0,1,33,33,258,867,107914,0.01375519996508956
Coffee,kapur,6,3,RM-MDE,0.34211159974802285,0.34211159974802285,-24.53724016336429,-24.53724016336429,0.0,1,nan,131,174,204,72295,0.04051550000440329
Coffee,kapur,6,3,MS-LS-4S,0.34211159974802285,0.3437998000299558,-24.53724016336429,-24.53724016336429,0.0,1,56,56,224,1059,93524,0.024006200022995472
Coffee,kapur,6,3,MS-LS-conv,0.34211159974802285,0.3516679999884218,-24.53724016336429,-24.53724016336429,0.0,1,30,30,233,820,96935,0.040741999982856214
Coffee,kapur,6,4,RM-MDE,0.3297878999146633,0.3297878999146633,-24.53707692733424,-24.53724016336429,6.652583133408659e-06,0,nan,115,167,209,69553,nan
Coffee,kapur,6,4,MS-LS-4S,0.3297878999146633,0.3311437999946065,-24.53646754454387,-24.53724016336429,3.1487600694955297e-05,0,53,53,212,1029,90161,nan
Coffee,kapur,6,4,MS-LS-conv,0.3297878999146633,0.3355155999888666,-24.53724016336429,-24.53724016336429,0.0,1,26,26,222,759,93380,0.061278299952391535
Coffee,kapur,6,5,RM-MDE,0.2968135998235084,0.2968135998235084,-24.53724016336429,-24.53724016336429,0.0,1,nan,99,144,207,59993,0.06419000000460073
Coffee,kapur,6,5,MS-LS-4S,0.2968135998235084,0.3006629000301473,-24.53724016336429,-24.53724016336429,0.0,1,50,50,200,954,83062,0.024450500030070543
Coffee,kapur,6,5,MS-LS-conv,0.2968135998235084,0.29741109994938597,-24.53724016336429,-24.53724016336429,0.0,1,27,27,198,702,82461,0.013620999990962446
Coffee,kapur,6,6,RM-MDE,0.34834720013896003,0.34834720013896003,-24.53724016336429,-24.53724016336429,0.0,1,nan,111,169,230,70301,0.14949010021518916
Coffee,kapur,6,6,MS-LS-4S,0.34834720013896003,0.3541247000102885,-24.53724016336429,-24.53724016336429,0.0,1,57,57,228,1073,95704,0.024618100025691092
Coffee,kapur,6,6,MS-LS-conv,0.34834720013896003,0.356963399972301,-24.53724016336429,-24.53724016336429,0.0,1,29,29,237,810,99853,0.02270989998942241
Coffee,kapur,6,7,RM-MDE,0.3289297000155784,0.3289297000155784,-24.53724016336429,-24.53724016336429,0.0,1,nan,113,166,264,69301,0.07946179999271408
Coffee,kapur,6,7,MS-LS-4S,0.3289297000155784,0.33280289999675006,-24.53724016336429,-24.53724016336429,0.0,1,55,55,220,1102,91803,0.05452280002646148
Coffee,kapur,6,7,MS-LS-conv,0.3289297000155784,0.3307404000079259,-24.53724016336429,-24.53724016336429,0.0,1,27,27,216,762,90423,0.03003359999274835
Coffee,kapur,6,8,RM-MDE,0.31907730002421886,0.31907730002421886,-24.53724016336429,-24.53724016336429,0.0,1,nan,125,158,179,65628,0.037691400037147105
Coffee,kapur,6,8,MS-LS-4S,0.31907730002421886,0.3244989000377245,-24.53724016336429,-24.53724016336429,0.0,1,53,53,212,1028,88108,0.08883419999619946
Coffee,kapur,6,8,MS-LS-conv,0.31907730002421886,0.33158699999330565,-24.53724016336429,-24.53724016336429,0.0,1,29,29,220,818,90522,0.1698066999670118
Coffee,kapur,6,9,RM-MDE,0.37362270028097555,0.37362270028097555,-24.53724016336429,-24.53724016336429,0.0,1,nan,146,193,218,80383,0.09178600006271154
Coffee,kapur,6,9,MS-LS-4S,0.37362270028097555,0.37979650002671406,-24.53724016336429,-24.53724016336429,0.0,1,62,62,248,1191,103833,0.1761819000239484
Coffee,kapur,6,9,MS-LS-conv,0.37362270028097555,0.37597599998116493,-24.53724016336429,-24.53724016336429,0.0,1,28,28,243,854,101345,0.1185094999964349
Coffee,kapur,7,0,RM-MDE,0.4394144003163092,0.4394144003163092,-27.0850540594787,-27.0850540594787,0.0,1,nan,176,222,221,96190,0.05104829999618232
Coffee,kapur,7,0,MS-LS-4S,0.4394144003163092,0.4421577000175603,-27.0850540594787,-27.0850540594787,0.0,1,70,70,280,1501,120634,0.05001140001695603
Coffee,kapur,7,0,MS-LS-conv,0.4394144003163092,0.4425074000027962,-27.0850540594787,-27.0850540594787,0.0,1,38,38,282,1100,121849,0.07033239997690544
Coffee,kapur,7,1,RM-MDE,0.3256902001448907,0.3256902001448907,-27.0850540594787,-27.0850540594787,0.0,1,nan,105,156,248,66849,0.06618820002768189
Coffee,kapur,7,1,MS-LS-4S,0.3256902001448907,0.3299144000047818,-27.0850540594787,-27.0850540594787,0.0,1,54,54,216,1227,91623,0.08151429996360093
Coffee,kapur,7,1,MS-LS-conv,0.3256902001448907,0.3339191999984905,-27.0850540594787,-27.0850540594787,0.0,1,24,24,220,950,93647,0.13639399997191504
Coffee,kapur,7,2,RM-MDE,0.36270509980386123,0.36270509980386123,-27.0850540594787,-27.0850540594787,0.0,1,nan,126,180,279,77458,0.008447199943475425
Coffee,kapur,7,2,MS-LS-4S,0.36270509980386123,0.3674016000004485,-27.0850540594787,-27.0850540594787,0.0,1,60,60,239,1291,101631,0.2870048999902792
Coffee,kapur,7,2,MS-LS-conv,0.36270509980386123,0.36517689999891445,-27.0850540594787,-27.0850540594787,0.0,1,26,26,240,1023,102213,0.03294040000764653
Coffee,kapur,7,3,RM-MDE,0.41234080004505813,0.41234080004505813,-27.0850540594787,-27.0850540594787,0.0,1,nan,156,210,302,90393,0.04508679994614795
Coffee,kapur,7,3,MS-LS-4S,0.41234080004505813,0.4166933000087738,-27.0850540594787,-27.0850540594787,0.0,1,68,68,271,1504,114804,0.23209740000311285
Coffee,kapur,7,3,MS-LS-conv,0.41234080004505813,0.4253152000019327,-27.0850540594787,-27.0850540594787,0.0,1,31,31,274,1150,116559,0.06201269995654002
Coffee,kapur,7,4,RM-MDE,0.3577662000898272,0.3577662000898272,-27.0850540594787,-27.0850540594787,0.0,1,nan,132,173,199,75150,0.022237200057134032
Coffee,kapur,7,4,MS-LS-4S,0.3577662000898272,0.3629136999952607,-27.0850540594787,-27.0850540594787,0.0,1,58,58,231,1301,99855,0.23926010000286624
Coffee,kapur,7,4,MS-LS-conv,0.3577662000898272,0.36648590001277626,-27.0850540594787,-27.0850540594787,0.0,1,24,24,234,1009,100713,0.07685890002176166
Coffee,kapur,7,5,RM-MDE,0.30314790044212714,0.30314790044212714,-27.0850540594787,-27.0850540594787,0.0,1,nan,97,142,249,60892,0.12348850024864078
Coffee,kapur,7,5,MS-LS-4S,0.30314790044212714,0.3089689000044018,-27.0850540594787,-27.0850540594787,0.0,1,50,50,200,1136,85012,0.037464599998202175
Coffee,kapur,7,5,MS-LS-conv,0.30314790044212714,0.30992289999267086,-27.0850540594787,-27.0850540594787,0.0,1,22,22,198,845,84628,0.07308980001835153
Coffee,kapur,7,6,RM-MDE,0.33121530001517385,0.33121530001517385,-27.0850540594787,-27.0850540594787,0.0,1,nan,113,158,237,68606,0.06890729995211586
Coffee,kapur,7,6,MS-LS-4S,0.33121530001517385,0.3334853999549523,-27.0850540594787,-27.0850540594787,0.0,1,53,53,212,1153,91249,0.0063078999519348145
Coffee,kapur,7,6,MS-LS-conv,0.33121530001517385,0.33563809999031946,-27.0850540594787,-27.0850540594787,0.0,1,27,27,215,855,92858,0.00796230003470555
Coffee,kapur,7,7,RM-MDE,0.3529102003085427,0.3529102003085427,-27.0850540594787,-27.0850540594787,0.0,1,nan,133,171,187,73982,0.045063900062814355
Coffee,kapur,7,7,MS-LS-4S,0.3529102003085427,0.3566692000022158,-27.0850540594787,-27.0850540594787,0.0,1,57,57,228,1276,97173,0.10574159998213872
Coffee,kapur,7,7,MS-LS-conv,0.3529102003085427,0.35608569998294115,-27.0850540594787,-27.0850540594787,0.0,1,25,25,233,1016,99449,0.19020710000768304
Coffee,kapur,7,8,RM-MDE,0.35633030004100874,0.35633030004100874,-27.0850540594787,-27.0850540594787,0.0,1,nan,126,175,234,75625,0.04360090015688911
Coffee,kapur,7,8,MS-LS-4S,0.35633030004100874,0.3592015999602154,-27.0850540594787,-27.0850540594787,0.0,1,58,58,232,1298,98217,0.1920467999880202
Coffee,kapur,7,8,MS-LS-conv,0.35633030004100874,0.3674030000111088,-27.0850540594787,-27.0850540594787,0.0,1,23,23,242,1124,101848,0.11289119999855757
Coffee,kapur,7,9,RM-MDE,0.3646259002853185,0.3646259002853185,-27.08457796493017,-27.0850540594787,1.757775884390296e-05,0,nan,127,180,239,77705,nan
Coffee,kapur,7,9,MS-LS-4S,0.3646259002853185,0.3652725999709219,-27.0850540594787,-27.0850540594787,0.0,1,59,59,236,1311,100539,0.033338200009893626
Coffee,kapur,7,9,MS-LS-conv,0.3646259002853185,0.36747290001949295,-27.0850540594787,-27.0850540594787,0.0,1,26,26,240,1057,102075,0.02935199998319149
Coffee,kapur,8,0,RM-MDE,0.3536012000986375,0.3536012000986375,-29.46997912597513,-29.46997912597513,0.0,1,nan,129,166,214,71881,0.04816839995328337
Coffee,kapur,8,0,MS-LS-4S,0.3536012000986375,0.3572983000194654,-29.469317997783445,-29.46997912597513,2.2433955207699227e-05,0,55,55,220,1413,96116,nan
Coffee,kapur,8,0,MS-LS-conv,0.3536012000986375,0.3627884999732487,-29.469317997783445,-29.46997912597513,2.2433955207699227e-05,0,19,19,225,982,98412,nan
Coffee,kapur,8,1,RM-MDE,0.30141149990959093,0.30141149990959093,-29.46997912597513,-29.46997912597513,0.0,1,nan,88,139,307,59921,0.13353879988426343
Coffee,kapur,8,1,MS-LS-4S,0.30141149990959093,0.3047511000186205,-29.467414952724663,-29.46997912597513,8.700967311530589e-05,0,49,49,196,1261,83852,nan
Coffee,kapur,8,1,MS-LS-conv,0.30141149990959093,0.30989810003666207,-29.46997912597513,-29.46997912597513,0.0,1,18,18,198,853,85596,0.11357840005075559
Coffee,kapur,8,2,RM-MDE,0.36308809992624447,0.36308809992624447,-29.46997912597513,-29.46997912597513,0.0,1,nan,123,168,288,72794,0.12148550007259473
Coffee,kapur,8,2,MS-LS-4S,0.36308809992624447,0.36411110003245994,-29.468763636176227,-29.46997912597513,4.124501730069856e-05,0,58,58,232,1471,99855,nan
Coffee,kapur,8,2,MS-LS-conv,0.36308809992624447,0.36976019997382537,-29.46997912597513,-29.46997912597513,0.0,1,21,21,237,1092,102558,0.14744759997120127
Coffee,kapur,8,3,RM-MDE,0.33172230003401637,0.33172230003401637,-29.46997912597513,-29.46997912597513,0.0,1,nan,104,155,364,66475,0.13107609981670976
Coffee,kapur,8,3,MS-LS-4S,0.33172230003401637,0.3361468999646604,-29.469012365617864,-29.46997912597513,3.280492168428653e-05,0,53,53,212,1388,91431,nan
Coffee,kapur,8,3,MS-LS-conv,0.33172230003401637,0.33952769997995347,-29.469317997783445,-29.46997912597513,2.2433955207699227e-05,0,18,18,218,1006,93967,nan
Coffee,kapur,8,4,RM-MDE,0.348289999703411,0.348289999703411,-29.46997912597513,-29.46997912597513,0.0,1,nan,109,167,352,72504,0.1558847997803241
Coffee,kapur,8,4,MS-LS-4S,0.348289999703411,0.3532401999691501,-29.46656772868284,-29.46997912597513,0.00011575838848432454,0,55,55,220,1379,96121,nan
Coffee,kapur,8,4,MS-LS-conv,0.348289999703411,0.3605536000104621,-29.469317997783445,-29.46997912597513,2.2433955207699227e-05,0,20,20,230,1048,100605,nan
Coffee,kapur,8,5,RM-MDE,0.34179720032261685,0.34179720032261685,-29.46997912597513,-29.46997912597513,0.0,1,nan,113,163,321,70756,0.1438572001643479
Coffee,kapur,8,5,MS-LS-4S,0.34179720032261685,0.3470221000025049,-29.46769557737368,-29.46997912597513,7.748728262376014e-05,0,56,56,224,1452,96230,nan
Coffee,kapur,8,5,MS-LS-conv,0.34179720032261685,0.3566094000125304,-29.46997912597513,-29.46997912597513,0.0,1,21,21,227,1013,98303,0.21716770000057295
Coffee,kapur,8,6,RM-MDE,0.3340431000688113,0.3340431000688113,-29.46997912597513,-29.46997912597513,0.0,1,nan,110,156,293,67671,0.12515690020518377
Coffee,kapur,8,6,MS-LS-4S,0.3340431000688113,0.3400911000207998,-29.469365640096253,-29.46997912597513,2.081731636977938e-05,0,54,54,216,1364,93964,nan
Coffee,kapur,8,6,MS-LS-conv,0.3340431000688113,0.3383964999811724,-29.46997912597513,-29.46997912597513,0.0,1,22,22,213,908,93614,0.10077670001192018
Coffee,kapur,8,7,RM-MDE,0.34515820047818124,0.34515820047818124,-29.46997912597513,-29.46997912597513,0.0,1,nan,108,159,310,68730,0.13347540033282712
Coffee,kapur,8,7,MS-LS-4S,0.34515820047818124,0.3453118000179529,-29.46761270770507,-29.46997912597513,8.029928558635772e-05,0,55,55,220,1422,94983,nan
Coffee,kapur,8,7,MS-LS-conv,0.34515820047818124,0.35344760003499687,-29.469317997783445,-29.46997912597513,2.2433955207699227e-05,0,18,18,227,1023,98419,nan
Coffee,kapur,8,8,RM-MDE,0.355852100008633,0.355852100008633,-29.46997912597513,-29.46997912597513,0.0,1,nan,126,172,341,74510,0.12021170003572479
Coffee,kapur,8,8,MS-LS-4S,0.355852100008633,0.35789460001979023,-29.468290486664923,-29.46997912597513,5.730032257531727e-05,0,56,56,224,1432,95862,nan
Coffee,kapur,8,8,MS-LS-conv,0.355852100008633,0.3734149999800138,-29.469317997783445,-29.46997912597513,2.2433955207699227e-05,0,22,22,242,1105,103486,nan
Coffee,kapur,8,9,RM-MDE,0.37402380001731217,0.37402380001731217,-29.46997912597513,-29.46997912597513,0.0,1,nan,136,186,297,80331,0.13157299999147654
Coffee,kapur,8,9,MS-LS-4S,0.37402380001731217,0.3763150000013411,-29.469317997783445,-29.46997912597513,2.2433955207699227e-05,0,59,59,236,1522,101646,nan
Coffee,kapur,8,9,MS-LS-conv,0.37402380001731217,0.3980969999684021,-29.469317997783445,-29.46997912597513,2.2433955207699227e-05,0,19,19,252,1203,108876,nan
Coffee,mcet,6,0,RM-MDE,0.27238350006518885,0.27238350006518885,-114675065.87303956,-114675081.59276092,1.37080533483458e-07,0,nan,119,167,236,68716,nan
Coffee,mcet,6,0,MS-LS-4S,0.27238350006518885,0.27727259998209774,-114675065.87303956,-114675081.59276092,1.37080533483458e-07,0,52,52,208,1186,94626,nan
Coffee,mcet,6,0,MS-LS-conv,0.27238350006518885,0.2749401000328362,-114675065.87303956,-114675081.59276092,1.37080533483458e-07,0,16,16,214,960,92670,nan
Coffee,mcet,6,1,RM-MDE,0.3014426998561248,0.3014426998561248,-114675081.59276092,-114675081.59276092,0.0,1,nan,134,181,228,75096,0.0682382999220863
Coffee,mcet,6,1,MS-LS-4S,0.3014426998561248,0.301484800002072,-114675065.87303956,-114675081.59276092,1.37080533483458e-07,0,57,57,228,1276,100292,nan
Coffee,mcet,6,1,MS-LS-conv,0.3014426998561248,0.30353080003988,-114675065.87303956,-114675081.59276092,1.37080533483458e-07,0,17,17,229,1035,98543,nan
Coffee,mcet,6,2,RM-MDE,0.2976107000140473,0.2976107000140473,-114675081.59276092,-114675081.59276092,0.0,1,nan,121,173,264,71665,0.09318580006947741
Coffee,mcet,6,2,MS-LS-4S,0.2976107000140473,0.299064900027588,-114674935.55939937,-114675081.59276092,1.2734533041166324e-06,0,56,56,224,1251,99024,nan
Coffee,mcet,6,2,MS-LS-conv,0.2976107000140473,0.30589339998550713,-114674935.55939937,-114675081.59276092,1.2734533041166324e-06,0,19,19,244,1068,103897,nan
Coffee,mcet,6,3,RM-MDE,0.3539519000914879,0.3539519000914879,-114675081.59276092,-114675081.59276092,0.0,1,nan,152,217,382,90764,0.11449089989764616
Coffee,mcet,6,3,MS-LS-4S,0.3539519000914879,0.35656760004349053,-114675081.59276092,-114675081.59276092,0.0,1,57,57,228,1267,101338,0.1269967000116594
Coffee,mcet,6,3,MS-LS-conv,0.3539519000914879,0.3581605000072159,-114675081.59276092,-114675081.59276092,0.0,1,24,24,282,1244,120985,0.20566239999607205
Coffee,mcet,6,4,RM-MDE,0.30505930009530857,0.30505930009530857,-114675081.59276092,-114675081.59276092,0.0,1,nan,130,193,340,79912,0.09528609999688342
Coffee,mcet,6,4,MS-LS-4S,0.30505930009530857,0.3077482000226155,-114675065.87303956,-114675081.59276092,1.37080533483458e-07,0,57,57,228,1296,103734,nan
Coffee,mcet,6,4,MS-LS-conv,0.30505930009530857,0.31487070000730455,-114675065.87303956,-114675081.59276092,1.37080533483458e-07,0,18,18,249,1143,107132,nan
Coffee,mcet,6,5,RM-MDE,0.2782645001425408,0.2782645001425408,-114675081.59276092,-114675081.59276092,0.0,1,nan,119,166,241,69344,0.053471699939109385
Coffee,mcet,6,5,MS-LS-4S,0.2782645001425408,0.27855330001330003,-114675065.87303956,-114675081.59276092,1.37080533483458e-07,0,53,53,212,1184,93312,nan
Coffee,mcet,6,5,MS-LS-conv,0.2782645001425408,0.28045590000692755,-114675065.87303956,-114675081.59276092,1.37080533483458e-07,0,17,17,223,1010,96318,nan
Coffee,mcet,6,6,RM-MDE,0.2593957001226954,0.2593957001226954,-114675081.59276092,-114675081.59276092,0.0,1,nan,110,153,215,63527,0.04114109999500215
Coffee,mcet,6,6,MS-LS-4S,0.2593957001226954,0.26020359998801723,-114675065.87303956,-114675081.59276092,1.37080533483458e-07,0,49,49,196,1090,87960,nan
Coffee,mcet,6,6,MS-LS-conv,0.2593957001226954,0.2600955999805592,-114674935.55939937,-114675081.59276092,1.2734533041166324e-06,0,15,15,206,938,89006,nan
Coffee,mcet,6,7,RM-MDE,0.2833613997208886,0.2833613997208886,-114675081.59276092,-114675081.59276092,0.0,1,nan,129,172,228,71279,0.03438760002609342
Coffee,mcet,6,7,MS-LS-4S,0.2833613997208886,0.2862484999932349,-114674935.55939937,-114675081.59276092,1.2734533041166324e-06,0,54,54,216,1219,96221,nan
Coffee,mcet,6,7,MS-LS-conv,0.2833613997208886,0.29301359999226406,-114675065.87303956,-114675081.59276092,1.37080533483458e-07,0,18,18,232,1026,99346,nan
Coffee,mcet,6,8,RM-MDE,0.30041519994847476,0.30041519994847476,-114675081.59276092,-114675081.59276092,0.0,1,nan,128,183,261,75946,0.015427000063937157
Coffee,mcet,6,8,MS-LS-4S,0.30041519994847476,0.3032107999897562,-114675081.59276092,-114675081.59276092,0.0,1,58,58,232,1298,101922,0.11823739996179938
Coffee,mcet,6,8,MS-LS-conv,0.30041519994847476,0.30431249999674037,-114675065.87303956,-114675081.59276092,1.37080533483458e-07,0,20,20,245,1060,103802,nan
Coffee,mcet,6,9,RM-MDE,0.2895334998611361,0.2895334998611361,-114675081.59276092,-114675081.59276092,0.0,1,nan,118,173,310,72853,0.09365449997130781
Coffee,mcet,6,9,MS-LS-4S,0.2895334998611361,0.2903175000101328,-114675016.6295856,-114675081.59276092,5.664977467143716e-07,0,55,55,220,1239,98076,nan
Coffee,mcet,6,9,MS-LS-conv,0.2895334998611361,0.29489969997666776,-114675081.59276092,-114675081.59276092,0.0,1,17,17,232,1069,100097,0.1240303999511525
Coffee,mcet,7,0,RM-MDE,0.29984949971549213,0.29984949971549213,-114707439.88383755,-114707439.88383755,0.0,1,nan,124,179,294,75081,0.11675669997930527
Coffee,mcet,7,0,MS-LS-4S,0.29984949971549213,0.30031489999964833,-114707016.71021055,-114707439.88383755,3.6891558859004156e-06,0,55,55,220,1459,101787,nan
Coffee,mcet,7,0,MS-LS-conv,0.29984949971549213,0.30138089996762574,-114707389.98033276,-114707439.88383755,4.3505028827608817e-07,0,23,23,234,1248,104659,nan
Coffee,mcet,7,1,RM-MDE,0.2878445000387728,0.2878445000387728,-114707439.88383755,-114707439.88383755,0.0,1,nan,116,173,324,72143,0.09247399988817051
Coffee,mcet,7,1,MS-LS-4S,0.2878445000387728,0.2882852999609895,-114707439.88383755,-114707439.88383755,0.0,1,54,54,216,1426,96959,0.11196730000665411
Coffee,mcet,7,1,MS-LS-conv,0.2878445000387728,0.28892660001292825,-114707439.88383755,-114707439.88383755,0.0,1,22,22,222,1185,98211,0.21443859999999404
Coffee,mcet,7,2,RM-MDE,0.27324090007459745,0.27324090007459745,-114707439.88383755,-114707439.88383755,0.0,1,nan,106,159,281,66964,0.08110039995517582
Coffee,mcet,7,2,MS-LS-4S,0.27324090007459745,0.27619020000565797,-114706136.3384637,-114707439.88383755,1.136408741383385e-05,0,51,51,204,1321,92107,nan
Coffee,mcet,7,2,MS-LS-conv,0.27324090007459745,0.2818916999967769,-114707389.98033276,-114707439.88383755,4.3505028827608817e-07,0,21,21,220,1104,96571,nan
Coffee,mcet,7,3,RM-MDE,0.2871822000015527,0.2871822000015527,-114707439.88383755,-114707439.88383755,0.0,1,nan,122,171,255,71353,0.07767259993124753
Coffee,mcet,7,3,MS-LS-4S,0.2871822000015527,0.29041610000422224,-114707403.37567279,-114707439.88383755,3.182719865461375e-07,0,53,53,212,1360,96222,nan
Coffee,mcet,7,3,MS-LS-conv,0.2871822000015527,0.29267140000592917,-114707389.98033276,-114707439.88383755,4.3505028827608817e-07,0,22,22,226,1146,99284,nan
Coffee,mcet,7,4,RM-MDE,0.2858222998911515,0.2858222998911515,-114707439.88383755,-114707439.88383755,0.0,1,nan,107,169,403,71108,0.08959310001228005
Coffee,mcet,7,4,MS-LS-4S,0.2858222998911515,0.28990979999070987,-114707146.03613114,-114707439.88383755,2.5617144511714636e-06,0,52,52,208,1388,96518,nan
Coffee,mcet,7,4,MS-LS-conv,0.2858222998911515,0.2932033999823034,-114707346.05288544,-114707439.88383755,8.180023214093828e-07,0,20,20,226,1210,100398,nan
Coffee,mcet,7,5,RM-MDE,0.2846287001739256,0.2846287001739256,-114707439.88383755,-114707439.88383755,0.0,1,nan,100,168,392,71183,0.12701100000413135
Coffee,mcet,7,5,MS-LS-4S,0.2846287001739256,0.2890072999871336,-114707287.49377197,-114707439.88383755,1.3285107377074192e-06,0,54,54,216,1416,97040,nan
Coffee,mcet,7,5,MS-LS-conv,0.2846287001739256,0.285039099981077,-114707439.88383755,-114707439.88383755,0.0,1,22,22,222,1156,98380,0.24299180001253262
Coffee,mcet,7,6,RM-MDE,0.2841838000458665,0.2841838000458665,-114707439.88383755,-114707439.88383755,0.0,1,nan,112,170,341,71749,0.09666720021050423
Coffee,mcet,7,6,MS-LS-4S,0.2841838000458665,0.286833000020124,-114707389.98033276,-114707439.88383755,4.3505028827608817e-07,0,53,53,212,1376,97271,nan
Coffee,mcet,7,6,MS-LS-conv,0.2841838000458665,0.29056380002293736,-114707346.05288544,-114707439.88383755,8.180023214093828e-07,0,20,20,223,1182,99581,nan
Coffee,mcet,7,7,RM-MDE,0.25669159973040223,0.25669159973040223,-114707439.88383755,-114707439.88383755,0.0,1,nan,102,149,275,62655,0.0781050999648869
Coffee,mcet,7,7,MS-LS-4S,0.25669159973040223,0.25692489999346435,-114707346.05288544,-114707439.88383755,8.180023214093828e-07,0,48,48,192,1263,87360,nan
Coffee,mcet,7,7,MS-LS-conv,0.25669159973040223,0.2694914000458084,-114707439.88383755,-114707439.88383755,0.0,1,20,20,209,1073,92274,0.13175590004539117
Coffee,mcet,7,8,RM-MDE,0.28258870041463524,0.28258870041463524,-114707439.88383755,-114707439.88383755,0.0,1,nan,115,168,305,70268,0.09950600017327815
Coffee,mcet,7,8,MS-LS-4S,0.28258870041463524,0.2879454999929294,-114707403.37567279,-114707439.88383755,3.182719865461375e-07,0,54,54,216,1391,96592,nan
Coffee,mcet,7,8,MS-LS-conv,0.28258870041463524,0.29365629999665543,-114707403.37567279,-114707439.88383755,3.182719865461375e-07,0,22,22,231,1216,100511,nan
Coffee,mcet,7,9,RM-MDE,0.2949205001350492,0.2949205001350492,-114707439.88383755,-114707439.88383755,0.0,1,nan,124,178,304,74408,0.09746009996160865
Coffee,mcet,7,9,MS-LS-4S,0.2949205001350492,0.29741349996766075,-114707219.11225569,-114707439.88383755,1.9246491952219358e-06,0,56,56,224,1446,101783,nan
Coffee,mcet,7,9,MS-LS-conv,0.2949205001350492,0.2980506999883801,-114707439.88383755,-114707439.88383755,0.0,1,22,22,233,1214,102803,0.0949786999844946
Coffee,mcet,8,0,RM-MDE,0.31686910009011626,0.31686910009011626,-114731361.98594882,-114731361.98594882,0.0,1,nan,121,187,483,81001,0.12018309987615794
Coffee,mcet,8,0,MS-LS-4S,0.31686910009011626,0.3209846999961883,-114731361.98594882,-114731361.98594882,0.0,1,58,58,232,1746,108660,0.2542600000160746
Coffee,mcet,8,0,MS-LS-conv,0.31686910009011626,0.32008229999337345,-114731338.79526402,-114731361.98594882,2.0213030154928179e-07,0,16,16,244,1439,109723,nan
Coffee,mcet,8,1,RM-MDE,0.28455539990682155,0.28455539990682155,-114731361.98594882,-114731361.98594882,0.0,1,nan,107,161,321,69651,0.13073929998790845
Coffee,mcet,8,1,MS-LS-4S,0.28455539990682155,0.28484099998604506,-114731155.77349548,-114731361.98594882,1.7973503475081077e-06,0,53,53,212,1576,96620,nan
Coffee,mcet,8,1,MS-LS-conv,0.28455539990682155,0.28468680003425106,-114731338.79526402,-114731361.98594882,2.0213030154928179e-07,0,15,15,222,1270,98892,nan
Coffee,mcet,8,2,RM-MDE,0.3122031001839787,0.3122031001839787,-114731361.98594882,-114731361.98594882,0.0,1,nan,134,183,334,79068,0.05126989999553189
Coffee,mcet,8,2,MS-LS-4S,0.3122031001839787,0.31535509997047484,-114731338.79526402,-114731361.98594882,2.0213030154928179e-07,0,57,57,228,1686,104378,nan
Coffee,mcet,8,2,MS-LS-conv,0.3122031001839787,0.3274315999587998,-114731338.79526402,-114731361.98594882,2.0213030154928179e-07,0,17,17,251,1473,111347,nan
Coffee,mcet,8,3,RM-MDE,0.32648240018170327,0.32648240018170327,-114731361.98594882,-114731361.98594882,0.0,1,nan,126,193,463,83887,0.11203380004735664
Coffee,mcet,8,3,MS-LS-4S,0.32648240018170327,0.3286789000267163,-114731164.14312196,-114731361.98594882,1.724400577432287e-06,0,61,61,244,1801,111520,nan
Coffee,mcet,8,3,MS-LS-conv,0.32648240018170327,0.3281806000159122,-114731361.98594882,-114731361.98594882,0.0,1,19,19,252,1454,112261,0.30904939997708425
Coffee,mcet,8,4,RM-MDE,0.285757300152909,0.285757300152909,-114731361.98594882,-114731361.98594882,0.0,1,nan,100,160,402,69327,0.10968090011738241
Coffee,mcet,8,4,MS-LS-4S,0.285757300152909,0.29018899996299297,-114731338.79526402,-114731361.98594882,2.0213030154928179e-07,0,52,52,208,1563,97505,nan
Coffee,mcet,8,4,MS-LS-conv,0.285757300152909,0.29283160000341013,-114731338.79526402,-114731361.98594882,2.0213030154928179e-07,0,15,15,223,1313,99932,nan
Coffee,mcet,8,5,RM-MDE,0.30782930011628196,0.30782930011628196,-114731361.98594882,-114731361.98594882,0.0,1,nan,118,181,421,78571,0.09023690002504736
Coffee,mcet,8,5,MS-LS-4S,0.30782930011628196,0.31309030001284555,-114731315.8635521,-114731361.98594882,4.0200339230771595e-07,0,58,58,232,1676,105773,nan
Coffee,mcet,8,5,MS-LS-conv,0.30782930011628196,0.3192321000387892,-114731338.79526402,-114731361.98594882,2.0213030154928179e-07,0,17,17,242,1389,107843,nan
Coffee,mcet,8,6,RM-MDE,0.30176450015278533,0.30176450015278533,-114731361.98594882,-114731361.98594882,0.0,1,nan,122,175,331,76207,0.08517790015321225
Coffee,mcet,8,6,MS-LS-4S,0.30176450015278533,0.3059293999685906,-114731338.79526402,-114731361.98594882,2.0213030154928179e-07,0,56,56,224,1669,103979,nan
Coffee,mcet,8,6,MS-LS-conv,0.30176450015278533,0.3068848000257276,-114731338.79526402,-114731361.98594882,2.0213030154928179e-07,0,15,15,235,1359,105628,nan
Coffee,mcet,8,7,RM-MDE,0.2564955997513607,0.2564955997513607,-114731338.79526402,-114731361.98594882,2.0213030154928179e-07,0,nan,104,140,251,60830,nan
Coffee,mcet,8,7,MS-LS-4S,0.2564955997513607,0.25749390001874417,-114731361.98594882,-114731361.98594882,0.0,1,47,47,188,1384,86458,0.2360686000320129
Coffee,mcet,8,7,MS-LS-conv,0.2564955997513607,0.26609829999506474,-114731361.98594882,-114731361.98594882,0.0,1,15,15,202,1175,90276,0.11822709999978542
Coffee,mcet,8,8,RM-MDE,0.29266519978409633,0.29266519978409633,-114731361.98594882,-114731361.98594882,0.0,1,nan,121,170,251,73224,0.09635959984734654
Coffee,mcet,8,8,MS-LS-4S,0.29266519978409633,0.29433659999631345,-114731142.54389462,-114731361.98594882,1.9126597156936683e-06,0,54,54,216,1590,98475,nan
Coffee,mcet,8,8,MS-LS-conv,0.29266519978409633,0.2961681000306271,-114731338.79526402,-114731361.98594882,2.0213030154928179e-07,0,17,17,229,1295,100962,nan
Coffee,mcet,8,9,RM-MDE,0.33201520005241036,0.33201520005241036,-114731361.98594882,-114731361.98594882,0.0,1,nan,130,196,419,85081,0.13371109997387975
Coffee,mcet,8,9,MS-LS-4S,0.33201520005241036,0.3323777000186965,-114731176.51652128,-114731361.98594882,1.6165538727206326e-06,0,61,61,244,1806,111945,nan
Coffee,mcet,8,9,MS-LS-conv,0.33201520005241036,0.34217240003636107,-114731338.79526402,-114731361.98594882,2.0213030154928179e-07,0,17,17,260,1560,116201,nan
Cat,otsu,6,0,RM-MDE,0.12923369981581345,0.12923369981581345,-2029498512.8328743,-2029498512.8328743,0.0,1,nan,99,154,297,54132,0.04603069991571829
Cat,otsu,6,0,MS-LS-4S,0.12923369981581345,0.13091459998395294,-2029457595.2416534,-2029498512.8328743,2.0161429516763192e-05,0,72,72,288,1660,110853,nan
Cat,otsu,6,0,MS-LS-conv,0.12923369981581345,0.13094440003624186,-2029498512.8328743,-2029498512.8328743,0.0,1,19,19,311,1392,111830,0.02663610002491623
Cat,otsu,6,1,RM-MDE,0.1366541000897996,0.1366541000897996,-2029498512.8328743,-2029498512.8328743,0.0,1,nan,110,168,311,59297,0.05478829989442602
Cat,otsu,6,1,MS-LS-4S,0.1366541000897996,0.13847889995668083,-2029487000.5169454,-2029498512.8328743,5.672492911988659e-06,0,75,75,300,1687,112710,nan
Cat,otsu,6,1,MS-LS-conv,0.1366541000897996,0.14258380001410842,-2029497525.8565125,-2029498512.8328743,4.863153904822951e-07,0,21,21,335,1481,119870,nan
Cat,otsu,6,2,RM-MDE,0.13092430011602119,0.13092430011602119,-2029498512.8328743,-2029498512.8328743,0.0,1,nan,110,164,255,57555,0.03791280009318143
Cat,otsu,6,2,MS-LS-4S,0.13092430011602119,0.13099650002550334,-2029489817.590683,-2029498512.8328743,4.284428954410737e-06,0,72,72,288,1651,108911,nan
Cat,otsu,6,2,MS-LS-conv,0.13092430011602119,0.13792199996532872,-2029494545.4392548,-2029498512.8328743,1.9548640190918244e-06,0,20,20,324,1476,115514,nan
Cat,otsu,6,3,RM-MDE,0.14597220002906397,0.14597220002906397,-2029498512.8328743,-2029498512.8328743,0.0,1,nan,123,199,395,70251,0.03962059994228184
Cat,otsu,6,3,MS-LS-4S,0.14597220002906397,0.14729489997262135,-2029492962.8674293,-2029498512.8328743,2.734648687815366e-06,0,80,80,320,1814,120553,nan
Cat,otsu,6,3,MS-LS-conv,0.14597220002906397,0.14875659998506308,-2029498512.8328743,-2029498512.8328743,0.0,1,25,25,354,1549,126451,0.018410999968182296
Cat,otsu,6,4,RM-MDE,0.13593860022956505,0.13593860022956505,-2029498512.8328743,-2029498512.8328743,0.0,1,nan,114,177,323,62522,0.056344700045883656
Cat,otsu,6,4,MS-LS-4S,0.13593860022956505,0.13636299996869639,-2029465615.8294451,-2029498512.8328743,1.6209424752548926e-05,0,75,75,300,1718,115474,nan
Cat,otsu,6,4,MS-LS-conv,0.13593860022956505,0.13843279995489866,-2029498512.8328743,-2029498512.8328743,0.0,1,21,21,329,1471,117929,0.08389259997056797
Cat,otsu,6,5,RM-MDE,0.1362903996487148,0.1362903996487148,-2029498512.8328743,-2029498512.8328743,0.0,1,nan,116,174,282,61207,0.04297359986230731
Cat,otsu,6,5,MS-LS-4S,0.1362903996487148,0.13717399997403845,-2029475021.3945374,-2029498512.8328743,1.157499657590717e-05,0,76,76,304,1731,114976,nan
Cat,otsu,6,5,MS-LS-conv,0.1362903996487148,0.13869160000467673,-2029498512.8328743,-2029498512.8328743,0.0,1,21,21,327,1457,117297,0.009664400015026331
Cat,otsu,6,6,RM-MDE,0.12322380009572953,0.12322380009572953,-2029498512.8328743,-2029498512.8328743,0.0,1,nan,90,149,262,52431,0.05991890007862821
Cat,otsu,6,6,MS-LS-4S,0.12322380009572953,0.12408730003517121,-2029470022.6356597,-2029498512.8328743,1.4038047840121548e-05,0,67,67,268,1513,102311,nan
Cat,otsu,6,6,MS-LS-conv,0.12322380009572953,0.12425609998172149,-2029494545.4392548,-2029498512.8328743,1.9548640190918244e-06,0,17,17,287,1295,103104,nan
Cat,otsu,6,7,RM-MDE,0.13031239964766428,0.13031239964766428,-2029498512.8328743,-2029498512.8328743,0.0,1,nan,106,160,288,56217,0.05207809986313805
Cat,otsu,6,7,MS-LS-4S,0.13031239964766428,0.13150710001355037,-2029476335.7696733,-2029498512.8328743,1.092736114893466e-05,0,71,71,284,1624,107983,nan
Cat,otsu,6,7,MS-LS-conv,0.13031239964766428,0.13358840002911165,-2029498512.8328743,-2029498512.8328743,0.0,1,21,21,317,1395,113498,0.04220399999758229
Cat,otsu,6,8,RM-MDE,0.1259923000470735,0.1259923000470735,-2029498512.8328743,-2029498512.8328743,0.0,1,nan,96,158,281,55862,0.039368900121189654
Cat,otsu,6,8,MS-LS-4S,0.1259923000470735,0.12736210000002757,-2029484864.8917198,-2029498512.8328743,6.724784998945138e-06,0,72,72,288,1640,108185,nan
Cat,otsu,6,8,MS-LS-conv,0.1259923000470735,0.12827079999260604,-2029498512.8328743,-2029498512.8328743,0.0,1,20,20,308,1383,109333,0.017160699993837625
Cat,otsu,6,9,RM-MDE,0.13023169978987426,0.13023169978987426,-2029498512.8328743,-2029498512.8328743,0.0,1,nan,111,164,270,57751,0.05089139990741387
Cat,otsu,6,9,MS-LS-4S,0.13023169978987426,0.13122480001766235,-2029476335.7696733,-2029498512.8328743,1.092736114893466e-05,0,71,71,284,1623,107787,nan
Cat,otsu,6,9,MS-LS-conv,0.13023169978987426,0.1363740000524558,-2029497525.8565125,-2029498512.8328743,4.863153904822951e-07,0,20,20,324,1454,116177,nan
Cat,otsu,7,0,RM-MDE,0.11754460009979084,0.11754460009979084,-2030720204.5363243,-2030723461.729787,1.60395717301368e-06,0,nan,71,128,350,46009,nan
Cat,otsu,7,0,MS-LS-4S,0.11754460009979084,0.11907680000877008,-2030679533.8818693,-2030723461.729787,2.163162476114649e-05,0,62,62,248,1670,98115,nan
Cat,otsu,7,0,MS-LS-conv,0.11754460009979084,0.11940860003232956,-2030702971.7351408,-2030723461.729787,1.008999749717633e-05,0,19,19,274,1423,100930,nan
Cat,otsu,7,1,RM-MDE,0.1184427997795865,0.1184427997795865,-2030723461.729787,-2030723461.729787,0.0,1,nan,67,129,357,46486,0.041399899986572564
Cat,otsu,7,1,MS-LS-4S,0.1184427997795865,0.11891839996678755,-2030707474.6620362,-2030723461.729787,7.87259715673589e-06,0,63,63,252,1643,97223,nan
Cat,otsu,7,1,MS-LS-conv,0.1184427997795865,0.12074939999729395,-2030686021.8758426,-2030723461.729787,1.8436707237650392e-05,0,18,18,278,1416,101466,nan
Cat,otsu,7,2,RM-MDE,0.13919040001928806,0.13919040001928806,-2030723461.729787,-2030723461.729787,0.0,1,nan,94,173,411,62126,0.08711770008085296
Cat,otsu,7,2,MS-LS-4S,0.13919040001928806,0.13982490001944825,-2030651739.563373,-2030723461.729787,3.531852946285897e-05,0,74,74,296,1980,115083,nan
Cat,otsu,7,2,MS-LS-conv,0.13919040001928806,0.14449490001425147,-2030720079.1996942,-2030723461.729787,1.6656773591778806e-06,0,24,24,330,1650,120790,nan
Cat,otsu,7,3,RM-MDE,0.12612290011020377,0.12612290011020377,-2030723461.729787,-2030723461.729787,0.0,1,nan,87,144,282,51369,0.046098000137135386
Cat,otsu,7,3,MS-LS-4S,0.12612290011020377,0.12720699998317286,-2030695042.2184587,-2030723461.729787,1.3994771747134299e-05,0,68,68,272,1812,104951,nan
Cat,otsu,7,3,MS-LS-conv,0.12612290011020377,0.12910800002282485,-2030720204.5363243,-2030723461.729787,1.60395717301368e-06,0,23,23,292,1480,106937,nan
Cat,otsu,7,4,RM-MDE,0.1210637999465689,0.1210637999465689,-2030723461.729787,-2030723461.729787,0.0,1,nan,92,137,236,48634,0.03664190007839352
Cat,otsu,7,4,MS-LS-4S,0.1210637999465689,0.12165579997235909,-2030665106.6537106,-2030723461.729787,2.8736101776654627e-05,0,63,63,252,1686,99639,nan
Cat,otsu,7,4,MS-LS-conv,0.1210637999465689,0.12150569999357685,-2030720204.5363243,-2030723461.729787,1.60395717301368e-06,0,19,19,281,1434,103042,nan
Cat,otsu,7,5,RM-MDE,0.10872870031744242,0.10872870031744242,-2030723461.729787,-2030723461.729787,0.0,1,nan,55,109,301,39050,0.04927929997211322
Cat,otsu,7,5,MS-LS-4S,0.10872870031744242,0.10907000000588596,-2030676851.691634,-2030723461.729787,2.2952430023863872e-05,0,58,58,232,1521,89899,nan
Cat,otsu,7,5,MS-LS-conv,0.10872870031744242,0.11253139999462292,-2030720204.5363243,-2030723461.729787,1.60395717301368e-06,0,20,20,261,1319,95893,nan
Cat,otsu,7,6,RM-MDE,0.12609670002711937,0.12609670002711937,-2030722133.9203198,-2030723461.729787,6.538603075894118e-07,0,nan,83,147,295,52588,nan
Cat,otsu,7,6,MS-LS-4S,0.12609670002711937,0.12746920000063255,-2030699077.0354733,-2030723461.729787,1.2007885255333331e-05,0,66,66,264,1765,103842,nan
Cat,otsu,7,6,MS-LS-conv,0.12609670002711937,0.1327434999984689,-2030702971.7351408,-2030723461.729787,1.008999749717633e-05,0,21,21,301,1556,111052,nan
Cat,otsu,7,7,RM-MDE,0.11213150015100837,0.11213150015100837,-2030723461.729787,-2030723461.729787,0.0,1,nan,52,111,309,40174,0.08232710015727207
Cat,otsu,7,7,MS-LS-4S,0.11213150015100837,0.11381740000797436,-2030713289.2549865,-2030723461.729787,5.009286095469494e-06,0,59,59,236,1578,92164,nan
Cat,otsu,7,7,MS-LS-conv,0.11213150015100837,0.116914700018242,-2030713289.2549865,-2030723461.729787,5.009286095469494e-06,0,20,20,269,1359,98592,nan
Cat,otsu,7,8,RM-MDE,0.11065880005480722,0.11065880005480722,-2030723461.729787,-2030723461.729787,0.0,1,nan,49,113,322,40217,0.09780579997459427
Cat,otsu,7,8,MS-LS-4S,0.11065880005480722,0.11089569999603555,-2030604887.13999,-2030723461.729787,5.839031853998335e-05,0,59,59,236,1562,91119,nan
Cat,otsu,7,8,MS-LS-conv,0.11065880005480722,0.11202210001647472,-2030720204.5363243,-2030723461.729787,1.60395717301368e-06,0,18,18,262,1315,94739,nan
Cat,otsu,7,9,RM-MDE,0.13159270014148206,0.13159270014148206,-2030723461.729787,-2030723461.729787,0.0,1,nan,101,159,350,57005,0.06553750013699755
Cat,otsu,7,9,MS-LS-4S,0.13159270014148206,0.1323724000249058,-2030677669.491096,-2030723461.729787,2.254971666702729e-05,0,71,71,284,1893,110313,nan
Cat,otsu,7,9,MS-LS-conv,0.13159270014148206,0.1344680999754928,-2030720079.1996942,-2030723461.729787,1.6656773591778806e-06,0,22,22,313,1585,114346,nan
Cat,otsu,8,0,RM-MDE,0.13486430025659502,0.13486430025659502,-2031633346.3915324,-2031633346.3915324,0.0,1,nan,103,156,326,56565,0.05713340011425316
Cat,otsu,8,0,MS-LS-4S,0.13486430025659502,0.1360442999866791,-2031588233.9258733,-2031633346.3915324,2.2205023233777713e-05,0,69,69,276,2087,110932,nan
Cat,otsu,8,0,MS-LS-conv,0.13486430025659502,0.13920440000947565,-2031628617.9944465,-2031633346.3915324,2.3273870230095287e-06,0,18,18,320,1946,119116,nan
Cat,otsu,8,1,RM-MDE,0.13053139997646213,0.13053139997646213,-2031633346.3915324,-2031633346.3915324,0.0,1,nan,81,141,402,51676,0.07317829981911927
Cat,otsu,8,1,MS-LS-4S,0.13053139997646213,0.13229239999782294,-2031602209.2121503,-2031633346.3915324,1.532618050269249e-05,0,68,68,272,2038,107328,nan
Cat,otsu,8,1,MS-LS-conv,0.13053139997646213,0.13357329997234046,-2031620333.3233235,-2031633346.3915324,6.405224757728023e-06,0,17,17,301,1779,111420,nan
Cat,otsu,8,2,RM-MDE,0.11142030003247783,0.11142030003247783,-2031633346.3915324,-2031633346.3915324,0.0,1,nan,49,107,326,38875,0.06189939979230985
Cat,otsu,8,2,MS-LS-4S,0.11142030003247783,0.11298159998841584,-2031512856.5086493,-2031633346.3915324,5.930690353014678e-05,0,58,58,232,1757,91943,nan
Cat,otsu,8,2,MS-LS-conv,0.11142030003247783,0.11820740002440289,-2031628617.9944465,-2031633346.3915324,2.3273870230095287e-06,0,16,16,270,1609,99669,nan
Cat,otsu,8,3,RM-MDE,0.153198599582538,0.153198599582538,-2031627032.545566,-2031633346.3915324,3.107768425613506e-06,0,nan,126,195,469,70844,nan
Cat,otsu,8,3,MS-LS-4S,0.153198599582538,0.15449079999234527,-2031615773.5737374,-2031633346.3915324,8.64960098545834e-06,0,82,82,328,2472,129119,nan
Cat,otsu,8,3,MS-LS-conv,0.153198599582538,0.1608165000216104,-2031628617.9944465,-2031633346.3915324,2.3273870230095287e-06,0,23,23,362,2120,134038,nan
Cat,otsu,8,4,RM-MDE,0.12069160002283752,0.12069160002283752,-2031633346.3915324,-2031633346.3915324,0.0,1,nan,70,128,381,46745,0.08482540003024042
Cat,otsu,8,4,MS-LS-4S,0.12069160002283752,0.12239599996246397,-2031474039.0351396,-2031633346.3915324,7.841343846605626e-05,0,62,62,248,1887,99963,nan
Cat,otsu,8,4,MS-LS-conv,0.12069160002283752,0.12721210002200678,-2031627024.745624,-2031633346.3915324,3.111607672508353e-06,0,16,16,287,1755,106287,nan
Cat,otsu,8,5,RM-MDE,0.12595219997456297,0.12595219997456297,-2031633346.3915324,-2031633346.3915324,0.0,1,nan,73,140,465,50970,0.032071199908386916
Cat,otsu,8,5,MS-LS-4S,0.12595219997456297,0.12634180003078654,-2031602494.3172622,-2031633346.3915324,1.5185847547268336e-05,0,66,66,264,1974,104028,nan
Cat,otsu,8,5,MS-LS-conv,0.12595219997456297,0.1280696999747306,-2031627024.745624,-2031633346.3915324,3.111607672508353e-06,0,17,17,294,1765,108796,nan
Cat,otsu,8,6,RM-MDE,0.12927430012496188,0.12927430012496188,-2031633346.3915324,-2031633346.3915324,0.0,1,nan,76,142,403,51893,0.08138320007128641
Cat,otsu,8,6,MS-LS-4S,0.12927430012496188,0.13103619997855276,-2031562068.9207206,-2031633346.3915324,3.508382599569096e-05,0,66,66,264,2009,106112,nan
Cat,otsu,8,6,MS-LS-conv,0.12927430012496188,0.13138899998739362,-2031615652.0737774,-2031633346.3915324,8.709405063867211e-06,0,16,16,295,1773,109877,nan
Cat,otsu,8,7,RM-MDE,0.10864130005938932,0.10864130005938932,-2031633346.3915324,-2031633346.3915324,0.0,1,nan,31,99,435,36646,0.0686038002022542
Cat,otsu,8,7,MS-LS-4S,0.10864130005938932,0.10942380002234131,-2031615305.4771674,-2031633346.3915324,8.880005044756913e-06,0,56,56,224,1700,89097,nan
Cat,otsu,8,7,MS-LS-conv,0.10864130005938932,0.11149440001463518,-2031620333.3233235,-2031633346.3915324,6.405224757728023e-06,0,15,15,251,1491,92913,nan
Cat,otsu,8,8,RM-MDE,0.12120850023347884,0.12120850023347884,-2031633346.3915324,-2031633346.3915324,0.0,1,nan,74,126,318,45961,0.0722010001190938
Cat,otsu,8,8,MS-LS-4S,0.12120850023347884,0.12160620000213385,-2031616261.8995075,-2031633346.3915324,8.409239814478827e-06,0,63,63,252,1903,99187,nan
Cat,otsu,8,8,MS-LS-conv,0.12120850023347884,0.1261915999930352,-2031611923.539753,-2031633346.3915324,1.0544644690692303e-05,0,17,17,284,1680,104284,nan
Cat,otsu,8,9,RM-MDE,0.13618700031656772,0.13618700031656772,-2031633346.3915324,-2031633346.3915324,0.0,1,nan,81,157,495,57474,0.0630509001784958
Cat,otsu,8,9,MS-LS-4S,0.13618700031656772,0.13729550002608448,-2031562948.3331068,-2031633346.3915324,3.4650966204458986e-05,0,72,72,288,2154,113790,nan
Cat,otsu,8,9,MS-LS-conv,0.13618700031656772,0.1385275999782607,-2031624858.9706528,-2031633346.3915324,4.177634165474439e-06,0,17,17,315,1934,116537,nan
Cat,kapur,6,0,RM-MDE,0.2849569000536576,0.2849569000536576,-22.57671091874672,-22.57671091874672,0.0,1,nan,100,156,226,60369,0.05381269991630688
Cat,kapur,6,0,MS-LS-4S,0.2849569000536576,0.2852977000293322,-22.57577678577556,-22.57671091874672,4.137595482894862e-05,0,50,50,200,1049,83321,nan
Cat,kapur,6,0,MS-LS-conv,0.2849569000536576,0.2974077999824658,-22.574823949608582,-22.57671091874672,8.35803383818285e-05,0,20,20,220,886,87370,nan
Cat,kapur,6,1,RM-MDE,0.31714200013084337,0.31714200013084337,-22.57671091874672,-22.57671091874672,0.0,1,nan,129,181,217,70221,0.08498490002239123
Cat,kapur,6,1,MS-LS-4S,0.31714200013084337,0.31904129998292774,-22.571863225350654,-22.57671091874672,0.00021472097567765765,0,58,58,232,1187,94114,nan
Cat,kapur,6,1,MS-LS-conv,0.31714200013084337,0.3206633999943733,-22.574823949608582,-22.57671091874672,8.35803383818285e-05,0,23,23,240,942,94647,nan
Cat,kapur,6,2,RM-MDE,0.27398819976951927,0.27398819976951927,-22.57671091874672,-22.57671091874672,0.0,1,nan,108,151,158,58376,0.035891100007575005
Cat,kapur,6,2,MS-LS-4S,0.27398819976951927,0.2750486000441015,-22.574823949608582,-22.57671091874672,8.35803383818285e-05,0,49,49,196,985,79369,nan
Cat,kapur,6,2,MS-LS-conv,0.27398819976951927,0.2762741000042297,-22.574823949608582,-22.57671091874672,8.35803383818285e-05,0,20,20,211,831,82654,nan
Cat,kapur,6,3,RM-MDE,0.3123998999944888,0.3123998999944888,-22.57671091874672,-22.57671091874672,0.0,1,nan,129,180,248,69614,0.09334690007381141
Cat,kapur,6,3,MS-LS-4S,0.3123998999944888,0.31248239998240024,-22.57671091874672,-22.57671091874672,0.0,1,57,57,228,1172,93141,0.010424999985843897
Cat,kapur,6,3,MS-LS-conv,0.3123998999944888,0.32905589998699725,-22.57671091874672,-22.57671091874672,0.0,1,25,25,247,952,97143,0.021609599993098527
Cat,kapur,6,4,RM-MDE,0.2609181997831911,0.2609181997831911,-22.57671091874672,-22.57671091874672,0.0,1,nan,92,141,216,54575,0.09444690000964329
Cat,kapur,6,4,MS-LS-4S,0.2609181997831911,0.2652802999946289,-22.57671091874672,-22.57671091874672,0.0,1,47,47,188,987,78440,0.15737289999378845
Cat,kapur,6,4,MS-LS-conv,0.2609181997831911,0.26983299996936694,-22.574823949608582,-22.57671091874672,8.35803383818285e-05,0,20,20,204,814,80746,nan
Cat,kapur,6,5,RM-MDE,0.24111950007500127,0.24111950007500127,-22.57671091874672,-22.57671091874672,0.0,1,nan,71,120,195,46433,0.08192000008421019
Cat,kapur,6,5,MS-LS-4S,0.24111950007500127,0.2450099000125192,-22.57671091874672,-22.57671091874672,0.0,1,44,44,176,875,71570,0.04390119999879971
Cat,kapur,6,5,MS-LS-conv,0.24111950007500127,0.257946300029289,-22.57671091874672,-22.57671091874672,0.0,1,19,19,193,750,76267,0.10173569998005405
Cat,kapur,6,6,RM-MDE,0.32372359989676625,0.32372359989676625,-22.572044571372054,-22.57671091874672,0.00020668853808955272,0,nan,138,187,267,72264,nan
Cat,kapur,6,6,MS-LS-4S,0.32372359989676625,0.32389979995787144,-22.574569334586336,-22.57671091874672,9.485811144464516e-05,0,58,58,232,1184,95340,nan
Cat,kapur,6,6,MS-LS-conv,0.32372359989676625,0.33469160000095144,-22.574823949608582,-22.57671091874672,8.35803383818285e-05,0,23,23,252,991,99928,nan
Cat,kapur,6,7,RM-MDE,0.2786864001536742,0.2786864001536742,-22.57671091874672,-22.57671091874672,0.0,1,nan,95,155,220,59674,0.11882510012947023
Cat,kapur,6,7,MS-LS-4S,0.2786864001536742,0.284249699965585,-22.574823949608582,-22.57671091874672,8.35803383818285e-05,0,51,51,204,1030,83626,nan
Cat,kapur,6,7,MS-LS-conv,0.2786864001536742,0.2807636000216007,-22.574823949608582,-22.57671091874672,8.35803383818285e-05,0,22,22,213,818,84059,nan
Cat,kapur,6,8,RM-MDE,0.28083979996154085,0.28083979996154085,-22.57671091874672,-22.57671091874672,0.0,1,nan,108,156,200,60157,0.05009109998354688
Cat,kapur,6,8,MS-LS-4S,0.28083979996154085,0.28457040002103895,-22.574823949608582,-22.57671091874672,8.35803383818285e-05,0,52,52,208,1071,84342,nan
Cat,kapur,6,8,MS-LS-conv,0.28083979996154085,0.2890748000354506,-22.574823949608582,-22.57671091874672,8.35803383818285e-05,0,22,22,216,839,84233,nan
Cat,kapur,6,9,RM-MDE,0.2685220998246223,0.2685220998246223,-22.57671091874672,-22.57671091874672,0.0,1,nan,92,144,227,55789,0.06755660008639097
Cat,kapur,6,9,MS-LS-4S,0.2685220998246223,0.2690571000566706,-22.57671091874672,-22.57671091874672,0.0,1,49,49,196,1011,80294,0.13912650005659088
Cat,kapur,6,9,MS-LS-conv,0.2685220998246223,0.2709348000353202,-22.574823949608582,-22.57671091874672,8.35803383818285e-05,0,18,18,202,806,79784,nan
Cat,kapur,7,0,RM-MDE,0.29510270012542605,0.29510270012542605,-24.86903358420533,-24.86903358420533,0.0,1,nan,95,162,321,63431,0.11072630010312423
Cat,kapur,7,0,MS-LS-4S,0.29510270012542605,0.30065029999241233,-24.86519568198369,-24.86903358420533,0.0001543245421518061,0,52,52,208,1293,88012,nan
Cat,kapur,7,0,MS-LS-conv,0.29510270012542605,0.3176549000199884,-24.864775453493746,-24.86903358420533,0.0001712222027915179,0,14,14,236,1002,93858,nan
Cat,kapur,7,1,RM-MDE,0.23361550027038902,0.23361550027038902,-24.86877403004557,-24.86903358420533,1.0436841418828404e-05,0,nan,60,117,289,45953,nan
Cat,kapur,7,1,MS-LS-4S,0.23361550027038902,0.23877330002142116,-24.86303265501487,-24.86903358420533,0.00024130126207522545,0,43,43,172,1065,71002,nan
Cat,kapur,7,1,MS-LS-conv,0.23361550027038902,0.24804259999655187,-24.864775453493746,-24.86903358420533,0.0001712222027915179,0,10,10,182,781,71941,nan
Cat,kapur,7,2,RM-MDE,0.22541529993759468,0.22541529993759468,-24.86903358420533,-24.86903358420533,0.0,1,nan,52,108,251,41972,0.0752911000745371
Cat,kapur,7,2,MS-LS-4S,0.22541529993759468,0.22988479997729883,-24.86345326931844,-24.86903358420533,0.00022438808761882876,0,41,41,164,1001,67819,nan
Cat,kapur,7,2,MS-LS-conv,0.22541529993759468,0.23204299999633804,-24.86519568198369,-24.86903358420533,0.0001543245421518061,0,12,12,175,748,69407,nan
Cat,kapur,7,3,RM-MDE,0.2618317000451498,0.2618317000451498,-24.86903358420533,-24.86903358420533,0.0,1,nan,75,132,318,51840,0.13279690011404455
Cat,kapur,7,3,MS-LS-4S,0.2618317000451498,0.26596089999657124,-24.864775453493746,-24.86903358420533,0.0001712222027915179,0,47,47,188,1159,78093,nan
Cat,kapur,7,3,MS-LS-conv,0.2618317000451498,0.2689754000166431,-24.864459001700865,-24.86903358420533,0.00018394693500954764,0,13,13,199,859,78872,nan
Cat,kapur,7,4,RM-MDE,0.2738518000696786,0.2738518000696786,-24.86903358420533,-24.86903358420533,0.0,1,nan,90,146,260,56703,0.12731220002751797
Cat,kapur,7,4,MS-LS-4S,0.2738518000696786,0.2784156000125222,-24.861266552626958,-24.86903358420533,0.0003123173866838268,0,49,49,196,1225,82952,nan
Cat,kapur,7,4,MS-LS-conv,0.2738518000696786,0.2755722999572754,-24.86519568198369,-24.86903358420533,0.0001543245421518061,0,12,12,208,907,82549,nan
Cat,kapur,7,5,RM-MDE,0.3248735998640768,0.3248735998640768,-24.86903358420533,-24.86903358420533,0.0,1,nan,111,181,378,71013,0.08362439996562898
Cat,kapur,7,5,MS-LS-4S,0.3248735998640768,0.3275048999930732,-24.867415080161095,-24.86903358420533,6.508109930184036e-05,0,57,57,228,1376,94493,nan
Cat,kapur,7,5,MS-LS-conv,0.3248735998640768,0.3411572000477463,-24.867415080161095,-24.86903358420533,6.508109930184036e-05,0,17,17,256,1070,101664,nan
Cat,kapur,7,6,RM-MDE,0.27148009999655187,0.27148009999655187,-24.86903358420533,-24.86903358420533,0.0,1,nan,80,142,332,55680,0.11060809984337538
Cat,kapur,7,6,MS-LS-4S,0.27148009999655187,0.2725775999715552,-24.858376958115453,-24.86903358420533,0.00042850985961288477,0,48,48,192,1207,80492,nan
Cat,kapur,7,6,MS-LS-conv,0.27148009999655187,0.28984300000593066,-24.864459001700865,-24.86903358420533,0.00018394693500954764,0,13,13,216,923,85704,nan
Cat,kapur,7,7,RM-MDE,0.2437084998236969,0.2437084998236969,-24.86903358420533,-24.86903358420533,0.0,1,nan,76,120,236,46835,0.11217759997816756
Cat,kapur,7,7,MS-LS-4S,0.2437084998236969,0.24821560003329068,-24.86519568198369,-24.86903358420533,0.0001543245421518061,0,43,43,172,1069,71794,nan
Cat,kapur,7,7,MS-LS-conv,0.2437084998236969,0.2588279999908991,-24.86519568198369,-24.86903358420533,0.0001543245421518061,0,14,14,190,800,75405,nan
Cat,kapur,7,8,RM-MDE,0.22881520009832457,0.22881520009832457,-24.86903358420533,-24.86903358420533,0.0,1,nan,60,112,287,43837,0.12344090006081387
Cat,kapur,7,8,MS-LS-4S,0.22881520009832457,0.22962449997430667,-24.86519568198369,-24.86903358420533,0.0001543245421518061,0,41,41,164,1041,67583,nan
Cat,kapur,7,8,MS-LS-conv,0.22881520009832457,0.23035700002219528,-24.86519568198369,-24.86903358420533,0.0001543245421518061,0,12,12,176,769,68584,nan
Cat,kapur,7,9,RM-MDE,0.33751480013597757,0.33751480013597757,-24.86519568198369,-24.86903358420533,0.0001543245421518061,0,nan,128,191,339,75100,nan
Cat,kapur,7,9,MS-LS-4S,0.33751480013597757,0.34168330003740266,-24.867065751276044,-24.86903358420533,7.912784075915799e-05,0,61,61,244,1506,101641,nan
Cat,kapur,7,9,MS-LS-conv,0.33751480013597757,0.3424659000011161,-24.864775453493746,-24.86903358420533,0.0001712222027915179,0,16,16,258,1136,102257,nan
Cat,kapur,8,0,RM-MDE,0.27328389999456704,0.27328389999456704,-27.043727278194947,-27.043727278194947,0.0,1,nan,75,139,411,55063,0.15326980012468994
Cat,kapur,8,0,MS-LS-4S,0.27328389999456704,0.27627759997267276,-27.027398827106676,-27.043727278194947,0.0006037796092344068,0,48,48,192,1377,82232,nan
Cat,kapur,8,0,MS-LS-conv,0.27328389999456704,0.28776670002844185,-27.04175824951413,-27.043727278194947,7.280907178806486e-05,0,14,14,212,1208,85823,nan
Cat,kapur,8,1,RM-MDE,0.3467476000660099,0.3467476000660099,-27.043727278194947,-27.043727278194947,0.0,1,nan,128,195,384,77278,0.10973989992635325
Cat,kapur,8,1,MS-LS-4S,0.3467476000660099,0.34833280002931133,-27.035818530855767,-27.043727278194947,0.0002924429483341296,0,62,62,248,1773,103751,nan
Cat,kapur,8,1,MS-LS-conv,0.3467476000660099,0.3605131999938749,-27.04175824951413,-27.043727278194947,7.280907178806486e-05,0,19,19,266,1515,106798,nan
Cat,kapur,8,2,RM-MDE,0.35242279985686764,0.35242279985686764,-27.043727278194947,-27.043727278194947,0.0,1,nan,138,200,365,78891,0.09464739996474236
Cat,kapur,8,2,MS-LS-4S,0.35242279985686764,0.3561236999812536,-27.03997221743672,-27.043727278194947,0.00013885145045278244,0,63,63,252,1787,105797,nan
Cat,kapur,8,2,MS-LS-conv,0.35242279985686764,0.3700019000098109,-27.043727278194947,-27.043727278194947,0.0,1,18,18,273,1526,109256,0.15435049997176975
Cat,kapur,8,3,RM-MDE,0.36303910019341856,0.36303910019341856,-27.043727278194947,-27.043727278194947,0.0,1,nan,140,199,339,78436,0.14346850011497736
Cat,kapur,8,3,MS-LS-4S,0.36303910019341856,0.36622329999227077,-27.03997221743672,-27.043727278194947,0.00013885145045278244,0,65,65,260,1861,108787,nan
Cat,kapur,8,3,MS-LS-conv,0.36303910019341856,0.37089099996956065,-27.04175824951413,-27.043727278194947,7.280907178806486e-05,0,21,21,277,1566,111088,nan
Cat,kapur,8,4,RM-MDE,0.31979739997768775,0.31979739997768775,-27.043727278194947,-27.043727278194947,0.0,1,nan,109,176,401,69219,0.15905060002114624
Cat,kapur,8,4,MS-LS-4S,0.31979739997768775,0.32214060000842437,-27.00586882130168,-27.043727278194947,0.0013998978951319666,0,55,55,220,1617,94391,nan
Cat,kapur,8,4,MS-LS-conv,0.31979739997768775,0.3291843999759294,-27.04175824951413,-27.043727278194947,7.280907178806486e-05,0,16,16,246,1420,98706,nan
Cat,kapur,8,5,RM-MDE,0.3093440000084229,0.3093440000084229,-27.043727278194947,-27.043727278194947,0.0,1,nan,99,167,480,66407,0.1334156000521034
Cat,kapur,8,5,MS-LS-4S,0.3093440000084229,0.3108949000015855,-27.04281244154916,-27.043727278194947,3.3828053225666064e-05,0,55,55,220,1565,91942,nan
Cat,kapur,8,5,MS-LS-conv,0.3093440000084229,0.3431761999963783,-27.043727278194947,-27.043727278194947,0.0,1,17,17,254,1428,101711,0.2657904999796301
Cat,kapur,8,6,RM-MDE,0.35625339980470017,0.35625339980470017,-27.043727278194947,-27.043727278194947,0.0,1,nan,127,200,514,79114,0.11491039994871244
Cat,kapur,8,6,MS-LS-4S,0.35625339980470017,0.35930630000075325,-27.00996336988476,-27.043727278194947,0.001248493151955864,0,62,62,248,1800,105610,nan
Cat,kapur,8,6,MS-LS-conv,0.35625339980470017,0.3767801999929361,-27.04175824951413,-27.043727278194947,7.280907178806486e-05,0,18,18,275,1591,111218,nan
Cat,kapur,8,7,RM-MDE,0.33445599995320663,0.33445599995320663,-27.043727278194947,-27.043727278194947,0.0,1,nan,113,185,435,73183,0.11241390003124252
Cat,kapur,8,7,MS-LS-4S,0.33445599995320663,0.3355133999721147,-27.04191774837905,-27.043727278194947,6.691125810000872e-05,0,59,59,236,1671,99727,nan
Cat,kapur,8,7,MS-LS-conv,0.33445599995320663,0.33797019999474287,-27.04175824951413,-27.043727278194947,7.280907178806486e-05,0,18,18,249,1389,100045,nan
Cat,kapur,8,8,RM-MDE,0.29865979973692447,0.29865979973692447,-27.043727278194947,-27.043727278194947,0.0,1,nan,112,158,248,62370,0.06188189995009452
Cat,kapur,8,8,MS-LS-4S,0.29865979973692447,0.3026578999706544,-27.034396365434976,-27.043727278194947,0.0003450305745204881,0,53,53,212,1508,88417,nan
Cat,kapur,8,8,MS-LS-conv,0.29865979973692447,0.32503710000310093,-27.04175824951413,-27.043727278194947,7.280907178806486e-05,0,17,17,244,1318,96978,nan
Cat,kapur,8,9,RM-MDE,0.3392563001252711,0.3392563001252711,-27.043727278194947,-27.043727278194947,0.0,1,nan,119,190,435,74970,0.12954590003937483
Cat,kapur,8,9,MS-LS-4S,0.3392563001252711,0.33974560000933707,-27.006789488643093,-27.043727278194947,0.0013658542393908755,0,60,60,240,1713,100660,nan
Cat,kapur,8,9,MS-LS-conv,0.3392563001252711,0.34240439999848604,-27.04175824951413,-27.043727278194947,7.280907178806486e-05,0,17,17,250,1472,100474,nan
Cat,mcet,6,0,RM-MDE,0.23843000002671033,0.23843000002671033,-77069237.36816211,-77069237.36816211,0.0,1,nan,110,166,261,60023,0.0504636000841856
Cat,mcet,6,0,MS-LS-4S,0.23843000002671033,0.23931510001420975,-77069102.97153881,-77069237.36816211,1.7438426522440987e-06,0,54,54,216,1248,86133,nan
Cat,mcet,6,0,MS-LS-conv,0.23843000002671033,0.24626389995682985,-77069171.24010472,-77069237.36816211,8.580344070949564e-07,0,18,18,246,1204,91750,nan
Cat,mcet,6,1,RM-MDE,0.2289110001293011,0.2289110001293011,-77069237.36816211,-77069237.36816211,0.0,1,nan,95,158,340,57410,0.09365840000100434
Cat,mcet,6,1,MS-LS-4S,0.2289110001293011,0.22923689999151975,-77069078.31316163,-77069237.36816211,2.0637936213664486e-06,0,52,52,208,1187,81016,nan
Cat,mcet,6,1,MS-LS-conv,0.2289110001293011,0.24373950000153854,-77069177.30610481,-77069237.36816211,7.793259587412784e-07,0,18,18,242,1167,89709,nan
Cat,mcet,6,2,RM-MDE,0.281646600109525,0.281646600109525,-77069237.36816211,-77069237.36816211,0.0,1,nan,129,211,379,75905,0.10100000002421439
Cat,mcet,6,2,MS-LS-4S,0.281646600109525,0.283153600001242,-77069137.23200637,-77069237.36816211,1.2993012407930433e-06,0,65,65,260,1495,101465,nan
Cat,mcet,6,2,MS-LS-conv,0.281646600109525,0.2906905999989249,-77069237.36816211,-77069237.36816211,0.0,1,21,21,288,1344,105967,0.2199164999765344
Cat,mcet,6,3,RM-MDE,0.29629029956413433,0.29629029956413433,-77069237.36816211,-77069237.36816211,0.0,1,nan,140,225,448,80985,0.09261949989013374
Cat,mcet,6,3,MS-LS-4S,0.29629029956413433,0.3000824000337161,-77069135.98149236,-77069237.36816211,1.3155270924850957e-06,0,69,69,276,1589,107773,nan
Cat,mcet,6,3,MS-LS-conv,0.29629029956413433,0.3054491000366397,-77069219.49922478,-77069237.36816211,2.3185563966459626e-07,0,25,25,301,1396,111139,nan
Cat,mcet,6,4,RM-MDE,0.25921080028638244,0.25921080028638244,-77069237.36816211,-77069237.36816211,0.0,1,nan,114,185,359,66934,0.08184009999968112
Cat,mcet,6,4,MS-LS-4S,0.25921080028638244,0.26008390000788495,-77069040.80186489,-77069237.36816211,2.5505156652738148e-06,0,59,59,236,1381,93955,nan
Cat,mcet,6,4,MS-LS-conv,0.25921080028638244,0.26943970000138506,-77069102.97153881,-77069237.36816211,1.7438426522440987e-06,0,20,20,266,1282,98656,nan
Cat,mcet,6,5,RM-MDE,0.2252177998307161,0.2252177998307161,-77069237.36816211,-77069237.36816211,0.0,1,nan,97,153,264,55319,0.06216070015216246
Cat,mcet,6,5,MS-LS-4S,0.2252177998307161,0.2271513000014238,-77069117.81625885,-77069237.36816211,1.5512272775145198e-06,0,53,53,212,1204,82642,nan
Cat,mcet,6,5,MS-LS-conv,0.2252177998307161,0.22766959998989478,-77069171.24010472,-77069237.36816211,8.580344070949564e-07,0,18,18,225,1074,83694,nan
Cat,mcet,6,6,RM-MDE,0.2150896000675857,0.2150896000675857,-77069237.36816211,-77069237.36816211,0.0,1,nan,92,146,260,52453,0.07890170015161857
Cat,mcet,6,6,MS-LS-4S,0.2150896000675857,0.21648000000277534,-77069117.81625885,-77069237.36816211,1.5512272775145198e-06,0,50,50,200,1153,78970,nan
Cat,mcet,6,6,MS-LS-conv,0.2150896000675857,0.22528250003233552,-77069102.97153881,-77069237.36816211,1.7438426522440987e-06,0,16,16,223,1092,82988,nan
Cat,mcet,6,7,RM-MDE,0.21012350003002211,0.21012350003002211,-77069237.36816211,-77069237.36816211,0.0,1,nan,88,142,279,51075,0.07793800003128126
Cat,mcet,6,7,MS-LS-4S,0.21012350003002211,0.213921400019899,-77069043.3050015,-77069237.36816211,2.518036602414184e-06,0,50,50,200,1146,78332,nan
Cat,mcet,6,7,MS-LS-conv,0.21012350003002211,0.22108099999604747,-77069177.30610481,-77069237.36816211,7.793259587412784e-07,0,18,18,221,1036,81833,nan
Cat,mcet,6,8,RM-MDE,0.22229239961598068,0.22229239961598068,-77069237.36816211,-77069237.36816211,0.0,1,nan,102,153,220,54786,0.07441030000336468
Cat,mcet,6,8,MS-LS-4S,0.22229239961598068,0.22355990001233295,-77069046.27048793,-77069237.36816211,2.4795583906353903e-06,0,52,52,208,1205,80893,nan
Cat,mcet,6,8,MS-LS-conv,0.22229239961598068,0.23498329997528344,-77069171.24010472,-77069237.36816211,8.580344070949564e-07,0,18,18,238,1088,87020,nan
Cat,mcet,6,9,RM-MDE,0.21932069986360148,0.21932069986360148,-77069237.36816211,-77069237.36816211,0.0,1,nan,92,147,195,52807,0.09514929977012798
Cat,mcet,6,9,MS-LS-4S,0.21932069986360148,0.22324449999723583,-77069171.24010472,-77069237.36816211,8.580344070949564e-07,0,50,50,200,1147,78486,nan
Cat,mcet,6,9,MS-LS-conv,0.21932069986360148,0.23375870002200827,-77069219.49922478,-77069237.36816211,2.3185563966459626e-07,0,17,17,232,1133,86137,nan
Cat,mcet,7,0,RM-MDE,0.17061770020518452,0.17061770020518452,-77075910.25274462,-77075910.25274462,0.0,1,nan,40,95,322,34903,0.0846286999876611
Cat,mcet,7,0,MS-LS-4S,0.17061770020518452,0.17286290001356974,-77075083.41723512,-77075910.25274462,1.0727547774429353e-05,0,38,38,152,1023,62472,nan
Cat,mcet,7,0,MS-LS-conv,0.17061770020518452,0.17850300000282004,-77075835.03172113,-77075910.25274462,9.759342865806238e-07,0,10,10,174,838,65091,nan
Cat,mcet,7,1,RM-MDE,0.1974867997923866,0.1974867997923866,-77075910.25274462,-77075910.25274462,0.0,1,nan,62,125,316,45657,0.08539160003419966
Cat,mcet,7,1,MS-LS-4S,0.1974867997923866,0.19968630000948906,-77075542.29492767,-77075910.25274462,4.773966544630248e-06,0,45,45,180,1191,71904,nan
Cat,mcet,7,1,MS-LS-conv,0.1974867997923866,0.19978100003208965,-77075835.03172113,-77075910.25274462,9.759342865806238e-07,0,10,10,193,1000,72402,nan
Cat,mcet,7,2,RM-MDE,0.22140149999177083,0.22140149999177083,-77075910.25274462,-77075910.25274462,0.0,1,nan,91,148,325,54297,0.08750869997311383
Cat,mcet,7,2,MS-LS-4S,0.22140149999177083,0.22365920001175255,-77075237.33922882,-77075910.25274462,8.730529598478987e-06,0,51,51,204,1359,81556,nan
Cat,mcet,7,2,MS-LS-conv,0.22140149999177083,0.2250746000208892,-77075835.03172113,-77075910.25274462,9.759342865806238e-07,0,13,13,220,1089,82301,nan
Cat,mcet,7,3,RM-MDE,0.24643710011150688,0.24643710011150688,-77075908.97277586,-77075910.25274462,1.6606599250788488e-08,0,nan,105,170,374,61876,nan
Cat,mcet,7,3,MS-LS-4S,0.24643710011150688,0.24695700005395338,-77075529.58132063,-77075910.25274462,4.938915709698008e-06,0,56,56,224,1495,89811,nan
Cat,mcet,7,3,MS-LS-conv,0.24643710011150688,0.25572230003308505,-77075815.06311527,-77075910.25274462,1.235011419702859e-06,0,15,15,252,1259,94399,nan
Cat,mcet,7,4,RM-MDE,0.21752630005357787,0.21752630005357787,-77075910.25274462,-77075910.25274462,0.0,1,nan,83,144,365,52777,0.07330900011584163
Cat,mcet,7,4,MS-LS-4S,0.21752630005357787,0.22176769998623058,-77075707.31048314,-77075910.25274462,2.633018031274146e-06,0,49,49,196,1318,80495,nan
Cat,mcet,7,4,MS-LS-conv,0.21752630005357787,0.2247765000211075,-77075857.34501936,-77075910.25274462,6.864365933035176e-07,0,12,12,218,1131,82119,nan
Cat,mcet,7,5,RM-MDE,0.24306429969146848,0.24306429969146848,-77075910.25274462,-77075910.25274462,0.0,1,nan,98,168,404,61403,0.08915829990291968
Cat,mcet,7,5,MS-LS-4S,0.24306429969146848,0.24655510002048686,-77075527.90495804,-77075910.25274462,4.9606652107224475e-06,0,56,56,224,1503,89698,nan
Cat,mcet,7,5,MS-LS-conv,0.24306429969146848,0.251306599995587,-77075857.34501936,-77075910.25274462,6.864365933035176e-07,0,14,14,248,1238,93285,nan
Cat,mcet,7,6,RM-MDE,0.20039110019570217,0.20039110019570217,-77075910.25274462,-77075910.25274462,0.0,1,nan,62,125,315,45623,0.12808590003987774
Cat,mcet,7,6,MS-LS-4S,0.20039110019570217,0.20129699999233708,-77075417.20693187,-77075910.25274462,6.396886019563616e-06,0,45,45,180,1213,73096,nan
Cat,mcet,7,6,MS-LS-conv,0.20039110019570217,0.2005197000107728,-77075703.71485011,-77075910.25274462,2.6796685738126262e-06,0,11,11,194,954,72905,nan
Cat,mcet,7,7,RM-MDE,0.2163566000526771,0.2163566000526771,-77075908.97277586,-77075910.25274462,1.6606599250788488e-08,0,nan,75,139,356,51253,nan
Cat,mcet,7,7,MS-LS-4S,0.2163566000526771,0.2184218000038527,-77075363.18620211,-77075910.25274462,7.09776298083664e-06,0,49,49,196,1308,78901,nan
Cat,mcet,7,7,MS-LS-conv,0.2163566000526771,0.2276595999719575,-77075857.34501936,-77075910.25274462,6.864365933035176e-07,0,14,14,225,1103,84202,nan
Cat,mcet,7,8,RM-MDE,0.19015420018695295,0.19015420018695295,-77075907.85895029,-77075910.25274462,3.1057619950574354e-08,0,nan,70,119,297,42930,nan
Cat,mcet,7,8,MS-LS-4S,0.19015420018695295,0.19270529999630526,-77075570.09851776,-77075910.25274462,4.41323658376556e-06,0,44,44,176,1180,70212,nan
Cat,mcet,7,8,MS-LS-conv,0.19015420018695295,0.1909758999827318,-77075835.03172113,-77075910.25274462,9.759342865806238e-07,0,11,11,190,957,69926,nan
Cat,mcet,7,9,RM-MDE,0.22904010000638664,0.22904010000638664,-77075910.25274462,-77075910.25274462,0.0,1,nan,79,154,425,56423,0.11019829992437735
Cat,mcet,7,9,MS-LS-4S,0.22904010000638664,0.23146410001209006,-77075815.06311527,-77075910.25274462,1.235011419702859e-06,0,51,51,204,1367,82064,nan
Cat,mcet,7,9,MS-LS-conv,0.22904010000638664,0.24770250002620742,-77075835.03172113,-77075910.25274462,9.759342865806238e-07,0,13,13,241,1236,90410,nan
Cat,mcet,8,0,RM-MDE,0.18362280004657805,0.18362280004657805,-77080271.37209173,-77080271.37209173,0.0,1,nan,34,103,430,38866,0.18016139999963343
Cat,mcet,8,0,MS-LS-4S,0.18362280004657805,0.18701920000603423,-77080202.43655202,-77080271.37209173,8.943344189172224e-07,0,40,40,160,1235,67121,nan
Cat,mcet,8,0,MS-LS-conv,0.18362280004657805,0.20606479997513816,-77080193.68884052,-77080271.37209173,1.0078227517791676e-06,0,12,12,197,1205,75707,nan
Cat,mcet,8,1,RM-MDE,0.1779013000195846,0.1779013000195846,-77080271.37209173,-77080271.37209173,0.0,1,nan,48,99,333,36874,0.11001590004889295
Cat,mcet,8,1,MS-LS-4S,0.1779013000195846,0.18129920004867017,-77079897.93950737,-77080271.37209173,4.844723269817778e-06,0,40,40,160,1210,65273,nan
Cat,mcet,8,1,MS-LS-conv,0.1779013000195846,0.18441729998448864,-77080222.36857682,-77080271.37209173,6.357465279831144e-07,0,11,11,174,1081,66856,nan
Cat,mcet,8,2,RM-MDE,0.1637263000011444,0.1637263000011444,-77080271.37209173,-77080271.37209173,0.0,1,nan,25,88,398,32612,0.14031889993930236
Cat,mcet,8,2,MS-LS-4S,0.1637263000011444,0.16391960001783445,-77079492.45894903,-77080271.37209173,1.0105220555542079e-05,0,36,36,144,1070,58817,nan
Cat,mcet,8,2,MS-LS-conv,0.1637263000011444,0.17082349996780977,-77080247.80483088,-77080271.37209173,3.057495832199233e-07,0,11,11,166,1016,63387,nan
Cat,mcet,8,3,RM-MDE,0.21681110019562766,0.21681110019562766,-77080271.37209173,-77080271.37209173,0.0,1,nan,70,139,411,51578,0.13130000000819564
Cat,mcet,8,3,MS-LS-4S,0.21681110019562766,0.22041670000180602,-77079948.98317473,-77080271.37209173,4.1825088477286844e-06,0,49,49,196,1511,80218,nan
Cat,mcet,8,3,MS-LS-conv,0.21681110019562766,0.2189174999948591,-77080204.46627964,-77080271.37209173,8.680017713183515e-07,0,14,14,210,1288,80138,nan
Cat,mcet,8,4,RM-MDE,0.17111540003679693,0.17111540003679693,-77080271.37209173,-77080271.37209173,0.0,1,nan,28,94,444,35890,0.08558409998659045
Cat,mcet,8,4,MS-LS-4S,0.17111540003679693,0.17141929996432737,-77079473.19184189,-77080271.37209173,1.0355182144947876e-05,0,37,37,148,1137,62103,nan
Cat,mcet,8,4,MS-LS-conv,0.17111540003679693,0.18279290001373738,-77080152.95815071,-77080271.37209173,1.536241880094193e-06,0,11,11,173,1096,66532,nan
Cat,mcet,8,5,RM-MDE,0.1784213000210002,0.1784213000210002,-77080270.377294,-77080271.37209173,1.2905996616215199e-08,0,nan,31,102,470,38506,nan
Cat,mcet,8,5,MS-LS-4S,0.1784213000210002,0.18226339999819174,-77079875.24520826,-77080271.37209173,5.139147494043413e-06,0,40,40,160,1218,65066,nan
Cat,mcet,8,5,MS-LS-conv,0.1784213000210002,0.18960689997766167,-77080197.13475673,-77080271.37209173,9.631171981491077e-07,0,12,12,181,1129,69586,nan
Cat,mcet,8,6,RM-MDE,0.19145910016959533,0.19145910016959533,-77080253.881063,-77080271.37209173,2.2691965680382722e-07,0,nan,54,113,387,41995,nan
Cat,mcet,8,6,MS-LS-4S,0.19145910016959533,0.1939307000138797,-77079802.60080335,-77080271.37209173,6.081598832431637e-06,0,42,42,168,1298,69714,nan
Cat,mcet,8,6,MS-LS-conv,0.19145910016959533,0.2040786999859847,-77080211.2886078,-77080271.37209173,7.794923765830902e-07,0,12,12,193,1179,74265,nan
Cat,mcet,8,7,RM-MDE,0.1931388996890746,0.1931388996890746,-77080271.37209173,-77080271.37209173,0.0,1,nan,48,114,362,42659,0.11419350001960993
Cat,mcet,8,7,MS-LS-4S,0.1931388996890746,0.1947910999879241,-77080148.09076265,-77080271.37209173,1.599388882342449e-06,0,43,43,172,1304,70581,nan
Cat,mcet,8,7,MS-LS-conv,0.1931388996890746,0.21358400001190603,-77080247.80483088,-77080271.37209173,3.057495832199233e-07,0,14,14,206,1228,78699,nan
Cat,mcet,8,8,RM-MDE,0.16675000020768493,0.16675000020768493,-77080270.377294,-77080271.37209173,1.2905996616215199e-08,0,nan,29,88,381,32896,nan
Cat,mcet,8,8,MS-LS-4S,0.16675000020768493,0.17076770000858232,-77080070.25996155,-77080271.37209173,2.6091258709919054e-06,0,37,37,148,1121,60389,nan
Cat,mcet,8,8,MS-LS-conv,0.16675000020768493,0.1761817999649793,-77080211.2886078,-77080271.37209173,7.794923765830902e-07,0,12,12,171,938,64611,nan
Cat,mcet,8,9,RM-MDE,0.21009499987121671,0.21009499987121671,-77080270.377294,-77080271.37209173,1.2905996616215199e-08,0,nan,64,132,477,49466,nan
Cat,mcet,8,9,MS-LS-4S,0.21009499987121671,0.21136950002983212,-77080131.88346261,-77080271.37209173,1.8096540999998657e-06,0,47,47,188,1423,77287,nan
Cat,mcet,8,9,MS-LS-conv,0.21009499987121671,0.21679620002396405,-77080197.13475673,-77080271.37209173,9.631171981491077e-07,0,13,13,208,1289,79709,nan
Clock,otsu,6,0,RM-MDE,0.136916299816221,0.136916299816221,-2655549383.929816,-2655549383.929816,0.0,1,nan,136,198,296,64552,0.011355900031048805
Clock,otsu,6,0,MS-LS-4S,0.136916299816221,0.13758550002239645,-2655549383.929816,-2655549383.929816,0.0,1,86,86,344,1679,118151,0.05707050004275516
Clock,otsu,6,0,MS-LS-conv,0.136916299816221,0.1409152999985963,-2655549383.929816,-2655549383.929816,0.0,1,45,45,360,1461,120386,0.02427930000703782
Clock,otsu,6,1,RM-MDE,0.12395169981755316,0.12395169981755316,-2655549383.929816,-2655549383.929816,0.0,1,nan,119,168,264,54992,0.025572599901352078
Clock,otsu,6,1,MS-LS-4S,0.12395169981755316,0.12544809997780249,-2655549383.929816,-2655549383.929816,0.0,1,80,80,320,1504,108989,0.056602599972393364
Clock,otsu,6,1,MS-LS-conv,0.12395169981755316,0.12784829997690395,-2655549383.929816,-2655549383.929816,0.0,1,41,41,343,1387,113581,0.006181899982038885
Clock,otsu,6,2,RM-MDE,0.12517129990737885,0.12517129990737885,-2655549383.929816,-2655549383.929816,0.0,1,nan,133,173,225,56497,0.014643599977716804
Clock,otsu,6,2,MS-LS-4S,0.12517129990737885,0.12565890001133084,-2655549383.929816,-2655549383.929816,0.0,1,81,81,324,1469,110813,0.019845700007863343
Clock,otsu,6,2,MS-LS-conv,0.12517129990737885,0.12698170001385733,-2655549383.929816,-2655549383.929816,0.0,1,40,40,332,1313,110069,0.0030805999995209277
Clock,otsu,6,3,RM-MDE,0.13134569994872436,0.13134569994872436,-2655549383.929816,-2655549383.929816,0.0,1,nan,140,187,242,60793,0.023205500096082687
Clock,otsu,6,3,MS-LS-4S,0.13134569994872436,0.13278509996598586,-2655549383.929816,-2655549383.929816,0.0,1,86,86,344,1590,116823,0.004457100003492087
Clock,otsu,6,3,MS-LS-conv,0.13134569994872436,0.1319915999774821,-2655549383.929816,-2655549383.929816,0.0,1,45,45,365,1414,120079,0.008967000001575798
Clock,otsu,6,4,RM-MDE,0.11963420012034476,0.11963420012034476,-2655549383.929816,-2655549383.929816,0.0,1,nan,110,155,219,50714,0.009396799956448376
Clock,otsu,6,4,MS-LS-4S,0.11963420012034476,0.11975189996883273,-2655549383.929816,-2655549383.929816,0.0,1,74,74,296,1422,102745,0.01150760002201423
Clock,otsu,6,4,MS-LS-conv,0.11963420012034476,0.1219042000011541,-2655549383.929816,-2655549383.929816,0.0,1,40,40,319,1280,107144,0.016960999986622483
Clock,otsu,6,5,RM-MDE,0.12603939964901656,0.12603939964901656,-2655549383.929816,-2655549383.929816,0.0,1,nan,131,177,237,57718,0.011280300037469715
Clock,otsu,6,5,MS-LS-4S,0.12603939964901656,0.12753659998998046,-2655549383.929816,-2655549383.929816,0.0,1,82,82,328,1557,112327,0.011126499972306192
Clock,otsu,6,5,MS-LS-conv,0.12603939964901656,0.1278747000033036,-2655549383.929816,-2655549383.929816,0.0,1,40,40,339,1361,111628,0.003417500003706664
Clock,otsu,6,6,RM-MDE,0.12343910016352311,0.12343910016352311,-2655549383.929816,-2655549383.929816,0.0,1,nan,129,166,209,54581,0.015218300104606897
Clock,otsu,6,6,MS-LS-4S,0.12343910016352311,0.12403760000597686,-2655549383.929816,-2655549383.929816,0.0,1,79,79,316,1489,108139,0.039050000021234155
Clock,otsu,6,6,MS-LS-conv,0.12343910016352311,0.12457049998920411,-2655549383.929816,-2655549383.929816,0.0,1,41,41,330,1309,109823,0.0033386999857611954
Clock,otsu,6,7,RM-MDE,0.13135909993434325,0.13135909993434325,-2655549383.929816,-2655549383.929816,0.0,1,nan,125,165,182,53907,0.013534100027754903
Clock,otsu,6,7,MS-LS-4S,0.13135909993434325,0.13144430000102147,-2655549383.929816,-2655549383.929816,0.0,1,78,78,310,1409,106191,0.013267899979837239
Clock,otsu,6,7,MS-LS-conv,0.13135909993434325,0.13248359999852255,-2655549383.929816,-2655549383.929816,0.0,1,42,42,347,1346,115825,0.006157899973914027
Clock,otsu,6,8,RM-MDE,0.11862019984982908,0.11862019984982908,-2655546456.039371,-2655549383.929816,1.1025554495329003e-06,0,nan,100,145,199,47684,nan
Clock,otsu,6,8,MS-LS-4S,0.11862019984982908,0.11964340001577511,-2655549383.929816,-2655549383.929816,0.0,1,79,79,316,1467,107059,0.06643290002830327
Clock,otsu,6,8,MS-LS-conv,0.11862019984982908,0.12232279998715967,-2655549383.929816,-2655549383.929816,0.0,1,37,37,333,1312,109120,0.01337010000133887
Clock,otsu,6,9,RM-MDE,0.12589789991034195,0.12589789991034195,-2655549383.929816,-2655549383.929816,0.0,1,nan,136,173,187,56238,0.010982600040733814
Clock,otsu,6,9,MS-LS-4S,0.12589789991034195,0.12622119998559356,-2655549383.929816,-2655549383.929816,0.0,1,82,82,328,1527,111801,0.014397299964912236
Clock,otsu,6,9,MS-LS-conv,0.12589789991034195,0.12669510004343465,-2655549383.929816,-2655549383.929816,0.0,1,42,42,334,1306,110848,0.0067131000105291605
Clock,otsu,7,0,RM-MDE,0.09922520036343485,0.09922520036343485,-2655873624.9204025,-2655873624.9204025,0.0,1,nan,37,97,301,32094,0.0769477003486827
Clock,otsu,7,0,MS-LS-4S,0.09922520036343485,0.0999127000104636,-2655873031.6280417,-2655873624.9204025,2.2338877694167564e-07,0,62,62,248,1375,88091,nan
Clock,otsu,7,0,MS-LS-conv,0.09922520036343485,0.10202950000530109,-2655862684.071788,-2655873624.9204025,4.1194914215922414e-06,0,29,29,265,1160,90509,nan
Clock,otsu,7,1,RM-MDE,0.10972230066545308,0.10972230066545308,-2655873624.9204025,-2655873624.9204025,0.0,1,nan,56,120,371,39438,0.02728720015147701
Clock,otsu,7,1,MS-LS-4S,0.10972230066545308,0.11032009997870773,-2655859057.7518706,-2655873624.9204025,5.484887682609999e-06,0,69,69,276,1459,96706,nan
Clock,otsu,7,1,MS-LS-conv,0.10972230066545308,0.11052190000191331,-2655859057.7518706,-2655873624.9204025,5.484887682609999e-06,0,29,29,289,1271,96862,nan
Clock,otsu,7,2,RM-MDE,0.10487800050759688,0.10487800050759688,-2655873624.9204025,-2655873624.9204025,0.0,1,nan,54,114,285,37162,0.04920300003141165
Clock,otsu,7,2,MS-LS-4S,0.10487800050759688,0.10580169997410849,-2655852635.0277023,-2655873624.9204025,7.903197088613125e-06,0,67,67,268,1423,93832,nan
Clock,otsu,7,2,MS-LS-conv,0.10487800050759688,0.10774270002730191,-2655859057.7518706,-2655873624.9204025,5.484887682609999e-06,0,29,29,286,1253,96085,nan
Clock,otsu,7,3,RM-MDE,0.1126658997964114,0.1126658997964114,-2655873624.9204025,-2655873624.9204025,0.0,1,nan,83,130,262,42191,0.049175700172781944
Clock,otsu,7,3,MS-LS-4S,0.1126658997964114,0.11269159999210387,-2655873031.6280417,-2655873624.9204025,2.2338877694167564e-07,0,71,71,284,1530,98640,nan
Clock,otsu,7,3,MS-LS-conv,0.1126658997964114,0.1139792000176385,-2655871826.3064923,-2655873624.9204025,6.772211950604829e-07,0,30,30,302,1360,100208,nan
Clock,otsu,7,4,RM-MDE,0.10046629986027256,0.10046629986027256,-2655873031.6280417,-2655873624.9204025,2.2338877694167564e-07,0,nan,60,103,218,33861,nan
Clock,otsu,7,4,MS-LS-4S,0.10046629986027256,0.10169699997641146,-2655855066.9150443,-2655873624.9204025,6.987533286255417e-06,0,63,63,252,1387,89625,nan
Clock,otsu,7,4,MS-LS-conv,0.10046629986027256,0.10137620003661141,-2655864016.5080676,-2655873624.9204025,3.6177972644338237e-06,0,30,30,262,1198,88517,nan
Clock,otsu,7,5,RM-MDE,0.11479520006105304,0.11479520006105304,-2655873031.6280417,-2655873624.9204025,2.2338877694167564e-07,0,nan,80,133,283,43515,nan
Clock,otsu,7,5,MS-LS-4S,0.11479520006105304,0.1161388999898918,-2655868216.5063586,-2655873624.9204025,2.036397362116747e-06,0,73,73,292,1549,102347,nan
Clock,otsu,7,5,MS-LS-conv,0.11479520006105304,0.11611469998024404,-2655871826.3064923,-2655873624.9204025,6.772211950604829e-07,0,31,31,308,1356,102984,nan
Clock,otsu,7,6,RM-MDE,0.13531559985131025,0.13531559985131025,-2655855271.620202,-2655873624.9204025,6.910456893826187e-06,0,nan,125,177,314,59900,nan
Clock,otsu,7,6,MS-LS-4S,0.13531559985131025,0.136080399970524,-2655867591.617212,-2655873624.9204025,2.2716830854062117e-06,0,86,86,344,1879,120660,nan
Clock,otsu,7,6,MS-LS-conv,0.13531559985131025,0.13691890001064166,-2655862684.071788,-2655873624.9204025,4.1194914215922414e-06,0,39,39,359,1578,121146,nan
Clock,otsu,7,7,RM-MDE,0.11597359977895394,0.11597359977895394,-2655873031.6280417,-2655873624.9204025,2.2338877694167564e-07,0,nan,79,135,282,44781,nan
Clock,otsu,7,7,MS-LS-4S,0.11597359977895394,0.11608449998311698,-2655868216.5063586,-2655873624.9204025,2.036397362116747e-06,0,73,73,292,1587,102160,nan
Clock,otsu,7,7,MS-LS-conv,0.11597359977895394,0.11827930004801601,-2655859057.7518706,-2655873624.9204025,5.484887682609999e-06,0,34,34,310,1319,104852,nan
Clock,otsu,7,8,RM-MDE,0.11775750026572496,0.11775750026572496,-2655873031.6280417,-2655873624.9204025,2.2338877694167564e-07,0,nan,92,144,299,48131,nan
Clock,otsu,7,8,MS-LS-4S,0.11775750026572496,0.11826770001789555,-2655873031.6280417,-2655873624.9204025,2.2338877694167564e-07,0,75,75,300,1619,104125,nan
Clock,otsu,7,8,MS-LS-conv,0.11775750026572496,0.11859150003874674,-2655873031.6280417,-2655873624.9204025,2.2338877694167564e-07,0,31,31,317,1414,105378,nan
Clock,otsu,7,9,RM-MDE,0.11398470005951822,0.11398470005951822,-2655873624.9204025,-2655873624.9204025,0.0,1,nan,62,132,363,43414,0.05787239992059767
Clock,otsu,7,9,MS-LS-4S,0.11398470005951822,0.11509709997335449,-2655855271.620202,-2655873624.9204025,6.910456893826187e-06,0,74,74,296,1583,103127,nan
Clock,otsu,7,9,MS-LS-conv,0.11398470005951822,0.11444549995940179,-2655859057.7518706,-2655873624.9204025,5.484887682609999e-06,0,29,29,302,1362,100548,nan
Clock,otsu,8,0,RM-MDE,0.1289153001853265,0.1289153001853265,-2656172146.9623146,-2656172146.9623146,0.0,1,nan,105,163,366,55012,0.056049699953291565
Clock,otsu,8,0,MS-LS-4S,0.1289153001853265,0.12946540000848472,-2656161389.234634,-2656172146.9623146,4.0500867735496835e-06,0,78,78,312,1939,111328,nan
Clock,otsu,8,0,MS-LS-conv,0.1289153001853265,0.13007529999595135,-2656162530.1814094,-2656172146.9623146,3.6205412801443612e-06,0,28,28,334,1582,113627,nan
Clock,otsu,8,1,RM-MDE,0.1240361999371089,0.1240361999371089,-2656172146.9623146,-2656172146.9623146,0.0,1,nan,88,154,355,50961,0.053150600055232644
Clock,otsu,8,1,MS-LS-4S,0.1240361999371089,0.12423909996869043,-2656171264.3746142,-2656172146.9623146,3.3227804958964354e-07,0,77,77,308,1822,110050,nan
Clock,otsu,8,1,MS-LS-conv,0.1240361999371089,0.12735989998327568,-2656171738.507435,-2656172146.9623146,1.537757559229979e-07,0,28,28,332,1541,112381,nan
Clock,otsu,8,2,RM-MDE,0.1342285998398438,0.1342285998398438,-2656171738.507435,-2656172146.9623146,1.537757559229979e-07,0,nan,100,173,397,58006,nan
Clock,otsu,8,2,MS-LS-4S,0.1342285998398438,0.13429389998782426,-2656163297.3616614,-2656172146.9623146,3.3317120139567128e-06,0,82,82,328,1963,117183,nan
Clock,otsu,8,2,MS-LS-conv,0.1342285998398438,0.1372687999974005,-2656163297.3616614,-2656172146.9623146,3.3317120139567128e-06,0,29,29,358,1661,121298,nan
Clock,otsu,8,3,RM-MDE,0.1189146998221986,0.1189146998221986,-2656172146.9623146,-2656172146.9623146,0.0,1,nan,77,140,374,46853,0.07170220004627481
Clock,otsu,8,3,MS-LS-4S,0.1189146998221986,0.12005140003748238,-2656171145.215074,-2656172146.9623146,3.7713942663279426e-07,0,75,75,300,1800,106869,nan
Clock,otsu,8,3,MS-LS-conv,0.1189146998221986,0.12193749996367842,-2656171738.507435,-2656172146.9623146,1.537757559229979e-07,0,23,23,319,1504,106715,nan
Clock,otsu,8,4,RM-MDE,0.11346409976249561,0.11346409976249561,-2656172146.9623146,-2656172146.9623146,0.0,1,nan,55,118,355,39781,0.08527499967021868
Clock,otsu,8,4,MS-LS-4S,0.11346409976249561,0.11455980001483113,-2656162130.0951,-2656172146.9623146,3.771166423130871e-06,0,70,70,280,1719,100985,nan
Clock,otsu,8,4,MS-LS-conv,0.11346409976249561,0.11485249997349456,-2656162608.4909906,-2656172146.9623146,3.5910591619129387e-06,0,24,24,292,1350,98985,nan
Clock,otsu,8,5,RM-MDE,0.10779470024863258,0.10779470024863258,-2656172146.9623146,-2656172146.9623146,0.0,1,nan,39,110,420,37331,0.057011400000192225
Clock,otsu,8,5,MS-LS-4S,0.10779470024863258,0.10857320000650361,-2656160131.04554,-2656172146.9623146,4.52377184531942e-06,0,67,67,268,1606,96123,nan
Clock,otsu,8,5,MS-LS-conv,0.10779470024863258,0.10798070003511384,-2656171738.507435,-2656172146.9623146,1.537757559229979e-07,0,21,21,277,1324,92993,nan
Clock,otsu,8,6,RM-MDE,0.13075590005610138,0.13075590005610138,-2656172146.9623146,-2656172146.9623146,0.0,1,nan,104,162,341,54687,0.027010399964638054
Clock,otsu,8,6,MS-LS-4S,0.13075590005610138,0.1318127000122331,-2656161147.3896947,-2656172146.9623146,4.141136948708118e-06,0,80,80,320,1991,114601,nan
Clock,otsu,8,6,MS-LS-conv,0.13075590005610138,0.1312416000291705,-2656162608.4909906,-2656172146.9623146,3.5910591619129387e-06,0,29,29,334,1561,113958,nan
Clock,otsu,8,7,RM-MDE,0.11136410030303523,0.11136410030303523,-2656172146.9623146,-2656172146.9623146,0.0,1,nan,60,122,332,41330,0.06783900019945577
Clock,otsu,8,7,MS-LS-4S,0.11136410030303523,0.11235059995669872,-2656156715.505447,-2656172146.9623146,5.809659921832541e-06,0,71,71,284,1716,100987,nan
Clock,otsu,8,7,MS-LS-conv,0.11136410030303523,0.11258389998693019,-2656162608.4909906,-2656172146.9623146,3.5910591619129387e-06,0,23,23,295,1399,99846,nan
Clock,otsu,8,8,RM-MDE,0.11979899980360642,0.11979899980360642,-2656172146.9623146,-2656172146.9623146,0.0,1,nan,94,145,251,48796,0.05329380003968254
Clock,otsu,8,8,MS-LS-4S,0.11979899980360642,0.1209654999547638,-2656155237.501253,-2656172146.9623146,6.366101339032515e-06,0,75,75,300,1803,106549,nan
Clock,otsu,8,8,MS-LS-conv,0.11979899980360642,0.12274960003560409,-2656162608.4909906,-2656172146.9623146,3.5910591619129387e-06,0,22,22,316,1504,105281,nan
Clock,otsu,8,9,RM-MDE,0.13474469975335523,0.13474469975335523,-2656172146.9623146,-2656172146.9623146,0.0,1,nan,119,180,304,60196,0.030607500055339187
Clock,otsu,8,9,MS-LS-4S,0.13474469975335523,0.13566239998908713,-2656154496.9068604,-2656172146.9623146,6.644921517771102e-06,0,84,84,336,2022,119748,nan
Clock,otsu,8,9,MS-LS-conv,0.13474469975335523,0.13575000001583248,-2656162608.4909906,-2656172146.9623146,3.5910591619129387e-06,0,30,30,356,1647,119880,nan
Clock,kapur,6,0,RM-MDE,0.2585319999489002,0.2585319999489002,-20.319597016332654,-20.319597016332654,0.0,1,nan,118,162,171,56337,0.08089189999736845
Clock,kapur,6,0,MS-LS-4S,0.2585319999489002,0.261646400031168,-20.319597016332654,-20.319597016332654,0.0,1,59,59,234,731,83699,0.009237300022505224
Clock,kapur,6,0,MS-LS-conv,0.2585319999489002,0.2634717999608256,-20.319597016332654,-20.319597016332654,0.0,1,46,46,233,613,82516,0.011182299989741296
Clock,kapur,6,1,RM-MDE,0.2309940000413917,0.2309940000413917,-20.319597016332654,-20.319597016332654,0.0,1,nan,103,135,126,46825,0.04690509999636561
Clock,kapur,6,1,MS-LS-4S,0.2309940000413917,0.23281089996453375,-20.319597016332654,-20.319597016332654,0.0,1,54,54,212,633,76438,0.043141899979673326
Clock,kapur,6,1,MS-LS-conv,0.2309940000413917,0.23216969997156411,-20.319597016332654,-20.319597016332654,0.0,1,42,42,211,534,75605,0.02893689996562898
Clock,kapur,6,2,RM-MDE,0.25135719950776547,0.25135719950776547,-20.161731301864606,-20.319597016332654,0.0077691360877461205,0,nan,114,149,130,53107,nan
Clock,kapur,6,2,MS-LS-4S,0.25135719950776547,0.25136699998984113,-20.319597016332654,-20.319597016332654,0.0,1,57,57,225,639,81271,0.09608280000975356
Clock,kapur,6,2,MS-LS-conv,0.25135719950776547,0.25420710002072155,-20.319597016332654,-20.319597016332654,0.0,1,46,46,232,560,83132,0.12021740002091974
Clock,kapur,6,3,RM-MDE,0.27101560024311766,0.27101560024311766,-20.319597016332654,-20.319597016332654,0.0,1,nan,130,170,156,59360,0.06742639996809885
Clock,kapur,6,3,MS-LS-4S,0.27101560024311766,0.2713753000134602,-20.319597016332654,-20.319597016332654,0.0,1,62,62,243,709,86876,0.19853200000943616
Clock,kapur,6,3,MS-LS-conv,0.27101560024311766,0.2745808999752626,-20.319597016332654,-20.319597016332654,0.0,1,51,51,244,621,86345,0.06683879997581244
Clock,kapur,6,4,RM-MDE,0.23987330007366836,0.23987330007366836,-20.319597016332654,-20.319597016332654,0.0,1,nan,102,142,130,49317,0.05047709995415062
Clock,kapur,6,4,MS-LS-4S,0.23987330007366836,0.24130300001706928,-20.319597016332654,-20.319597016332654,0.0,1,55,55,215,705,76858,0.009363399993162602
Clock,kapur,6,4,MS-LS-conv,0.23987330007366836,0.2416475999634713,-20.319597016332654,-20.319597016332654,0.0,1,43,43,218,590,77368,0.011386199970729649
Clock,kapur,6,5,RM-MDE,0.2634021998383105,0.2634021998383105,-20.319597016332654,-20.319597016332654,0.0,1,nan,132,167,125,58064,0.03256439993856475
Clock,kapur,6,5,MS-LS-4S,0.2634021998383105,0.26384630001848564,-20.319597016332654,-20.319597016332654,0.0,1,61,61,242,698,87650,0.022487199981696904
Clock,kapur,6,5,MS-LS-conv,0.2634021998383105,0.2655683999764733,-20.319597016332654,-20.319597016332654,0.0,1,49,49,245,589,88062,0.017522299953270704
Clock,kapur,6,6,RM-MDE,0.2664596999529749,0.2664596999529749,-20.319597016332654,-20.319597016332654,0.0,1,nan,140,174,142,60470,0.06914690003031865
Clock,kapur,6,6,MS-LS-4S,0.2664596999529749,0.2700234000221826,-20.319597016332654,-20.319597016332654,0.0,1,62,62,247,737,87576,0.01267799997003749
Clock,kapur,6,6,MS-LS-conv,0.2664596999529749,0.26843080000253394,-20.319597016332654,-20.319597016332654,0.0,1,51,51,250,626,88331,0.013868999958503991
Clock,kapur,6,7,RM-MDE,0.2671832998166792,0.2671832998166792,-20.319597016332654,-20.319597016332654,0.0,1,nan,128,172,160,59690,0.055344299937132746
Clock,kapur,6,7,MS-LS-4S,0.2671832998166792,0.26925050001591444,-20.319597016332654,-20.319597016332654,0.0,1,64,64,253,762,90498,0.004299100022763014
Clock,kapur,6,7,MS-LS-conv,0.2671832998166792,0.2678431000094861,-20.319597016332654,-20.319597016332654,0.0,1,48,48,246,617,87542,0.004274900013115257
Clock,kapur,6,8,RM-MDE,0.2516882002237253,0.2516882002237253,-20.319597016332654,-20.319597016332654,0.0,1,nan,121,160,147,55690,0.01305119990138337
Clock,kapur,6,8,MS-LS-4S,0.2516882002237253,0.25331280002137646,-20.319597016332654,-20.319597016332654,0.0,1,60,60,238,706,84500,0.05596870003500953
Clock,kapur,6,8,MS-LS-conv,0.2516882002237253,0.255495699995663,-20.319597016332654,-20.319597016332654,0.0,1,46,46,239,595,84348,0.0063464000122621655
Clock,kapur,6,9,RM-MDE,0.30382740043569356,0.30382740043569356,-20.319597016332654,-20.319597016332654,0.0,1,nan,162,205,156,71006,0.027078800136223435
Clock,kapur,6,9,MS-LS-4S,0.30382740043569356,0.30499560001771897,-20.319597016332654,-20.319597016332654,0.0,1,71,71,280,850,99498,0.013569700007792562
Clock,kapur,6,9,MS-LS-conv,0.30382740043569356,0.30640100000891834,-20.319597016332654,-20.319597016332654,0.0,1,53,53,281,736,98879,0.016559100011363626
Clock,kapur,7,0,RM-MDE,0.24472819961374626,0.24472819961374626,-22.266075108219486,-22.266075108219486,0.0,1,nan,99,144,190,51729,0.10893139976542443
Clock,kapur,7,0,MS-LS-4S,0.24472819961374626,0.24528719997033477,-22.266075108219486,-22.266075108219486,0.0,1,54,54,216,775,80927,0.018708499963395298
Clock,kapur,7,0,MS-LS-conv,0.24472819961374626,0.24713139998493716,-22.266075108219486,-22.266075108219486,0.0,1,39,39,215,637,79155,0.02565409999806434
Clock,kapur,7,1,RM-MDE,0.20977769984165207,0.20977769984165207,-22.266075108219486,-22.266075108219486,0.0,1,nan,61,115,216,40757,0.12506799993570894
Clock,kapur,7,1,MS-LS-4S,0.20977769984165207,0.21110170002793893,-22.266075108219486,-22.266075108219486,0.0,1,48,48,190,641,71208,0.0403787000104785
Clock,kapur,7,1,MS-LS-conv,0.20977769984165207,0.2114341000560671,-22.266075108219486,-22.266075108219486,0.0,1,36,36,190,535,70486,0.0071242000558413565
Clock,kapur,7,2,RM-MDE,0.26886800007196143,0.26886800007196143,-22.266075108219486,-22.266075108219486,0.0,1,nan,131,161,130,58269,0.012104600027669221
Clock,kapur,7,2,MS-LS-4S,0.26886800007196143,0.2702018999843858,-22.266075108219486,-22.266075108219486,0.0,1,62,62,244,829,91582,0.018168599985074252
Clock,kapur,7,2,MS-LS-conv,0.26886800007196143,0.2739441000157967,-22.266075108219486,-22.266075108219486,0.0,1,47,47,247,678,92471,0.021873800025787205
Clock,kapur,7,3,RM-MDE,0.2958210993092507,0.2958210993092507,-22.266075108219486,-22.266075108219486,0.0,1,nan,130,187,231,67014,0.09974559990223497
Clock,kapur,7,3,MS-LS-4S,0.2958210993092507,0.2993057999992743,-22.266075108219486,-22.266075108219486,0.0,1,65,65,257,893,95494,0.05002979998243973
Clock,kapur,7,3,MS-LS-conv,0.2958210993092507,0.2984858999843709,-22.266075108219486,-22.266075108219486,0.0,1,51,51,262,761,97217,0.021916300000157207
Clock,kapur,7,4,RM-MDE,0.2861091998638585,0.2861091998638585,-22.266075108219486,-22.266075108219486,0.0,1,nan,136,175,166,63402,0.031848100072238594
Clock,kapur,7,4,MS-LS-4S,0.2861091998638585,0.2890682999859564,-22.266075108219486,-22.266075108219486,0.0,1,65,65,259,952,95768,0.009400499984622002
Clock,kapur,7,4,MS-LS-conv,0.2861091998638585,0.28688219998730347,-22.266075108219486,-22.266075108219486,0.0,1,46,46,254,743,93041,0.0071087999967858195
Clock,kapur,7,5,RM-MDE,0.24820060015190393,0.24820060015190393,-22.266075108219486,-22.266075108219486,0.0,1,nan,106,145,162,52627,0.022653100022580475
Clock,kapur,7,5,MS-LS-4S,0.24820060015190393,0.249087700038217,-22.266075108219486,-22.266075108219486,0.0,1,56,56,221,751,84005,0.01886990002822131
Clock,kapur,7,5,MS-LS-conv,0.24820060015190393,0.2533253000001423,-22.266075108219486,-22.266075108219486,0.0,1,41,41,228,624,85419,0.021924400003626943
Clock,kapur,7,6,RM-MDE,0.23854010010836646,0.23854010010836646,-22.266075108219486,-22.266075108219486,0.0,1,nan,86,137,231,49448,0.024466099974233657
Clock,kapur,7,6,MS-LS-4S,0.23854010010836646,0.238638200040441,-22.266075108219486,-22.266075108219486,0.0,1,53,53,212,748,78552,0.09649760002503172
Clock,kapur,7,6,MS-LS-conv,0.23854010010836646,0.23926409997511655,-22.266075108219486,-22.266075108219486,0.0,1,40,40,210,618,77212,0.034897000005003065
Clock,kapur,7,7,RM-MDE,0.27231009997194633,0.27231009997194633,-22.266075108219486,-22.266075108219486,0.0,1,nan,109,164,240,59069,0.10138210013974458
Clock,kapur,7,7,MS-LS-4S,0.27231009997194633,0.2743670999770984,-22.266075108219486,-22.266075108219486,0.0,1,61,61,239,813,89610,0.004512399958912283
Clock,kapur,7,7,MS-LS-conv,0.27231009997194633,0.2750332999858074,-22.266075108219486,-22.266075108219486,0.0,1,46,46,242,664,90155,0.005686699994839728
Clock,kapur,7,8,RM-MDE,0.24180310021620244,0.24180310021620244,-22.266075108219486,-22.266075108219486,0.0,1,nan,99,138,147,50144,0.07753950002370402
Clock,kapur,7,8,MS-LS-4S,0.24180310021620244,0.2428642999730073,-22.266075108219486,-22.266075108219486,0.0,1,55,55,218,764,80239,0.05009539995808154
Clock,kapur,7,8,MS-LS-conv,0.24180310021620244,0.2469664000091143,-22.266075108219486,-22.266075108219486,0.0,1,43,43,224,631,82349,0.0066874000476673245
Clock,kapur,7,9,RM-MDE,0.2578957001096569,0.2578957001096569,-22.266075108219486,-22.266075108219486,0.0,1,nan,108,153,211,55201,0.09820400015451014
Clock,kapur,7,9,MS-LS-4S,0.2578957001096569,0.26032040000427514,-22.266075108219486,-22.266075108219486,0.0,1,59,59,235,839,86328,0.013680699979886413
Clock,kapur,7,9,MS-LS-conv,0.2578957001096569,0.26088409998919815,-22.266075108219486,-22.266075108219486,0.0,1,42,42,236,670,85927,0.01819689996773377
Clock,kapur,8,0,RM-MDE,0.23001260025193915,0.23001260025193915,-24.114897476048146,-24.114897476048146,0.0,1,nan,85,127,230,45703,0.06599279993679374
Clock,kapur,8,0,MS-LS-4S,0.23001260025193915,0.23359689995413646,-24.11409473216788,-24.114897476048146,3.32882974543666e-05,0,51,51,202,857,77881,nan
Clock,kapur,8,0,MS-LS-conv,0.23001260025193915,0.23300010000821203,-24.114897476048146,-24.114897476048146,0.0,1,33,33,201,691,75674,0.02705279999645427
Clock,kapur,8,1,RM-MDE,0.27833499998087063,0.27833499998087063,-24.114897476048146,-24.114897476048146,0.0,1,nan,120,167,249,60290,0.04469219996826723
Clock,kapur,8,1,MS-LS-4S,0.27833499998087063,0.2794970999821089,-24.114472140478522,-24.114897476048146,1.7637875924871813e-05,0,61,61,242,949,93141,nan
Clock,kapur,8,1,MS-LS-conv,0.27833499998087063,0.2800430000061169,-24.114472140478522,-24.114897476048146,1.7637875924871813e-05,0,45,45,241,751,92953,nan
Clock,kapur,8,2,RM-MDE,0.1995782998856157,0.1995782998856157,-24.114897476048146,-24.114897476048146,0.0,1,nan,48,101,271,36327,0.01158470002701506
Clock,kapur,8,2,MS-LS-4S,0.1995782998856157,0.20199259999208152,-24.114897476048146,-24.114897476048146,0.0,1,45,45,178,671,68648,0.18880330002866685
Clock,kapur,8,2,MS-LS-conv,0.1995782998856157,0.2006002000416629,-24.105126468517273,-24.114897476048146,0.0004051855306694756,0,32,32,176,555,67437,nan
Clock,kapur,8,3,RM-MDE,0.26121290010632947,0.26121290010632947,-24.114897476048146,-24.114897476048146,0.0,1,nan,105,154,243,55535,0.035861700016539544
Clock,kapur,8,3,MS-LS-4S,0.26121290010632947,0.2655452000326477,-24.114897476048146,-24.114897476048146,0.0,1,58,58,231,895,88761,0.17256730003282428
Clock,kapur,8,3,MS-LS-conv,0.26121290010632947,0.264280500006862,-24.114897476048146,-24.114897476048146,0.0,1,43,43,225,730,86105,0.2292989999987185
Clock,kapur,8,4,RM-MDE,0.25077470031101257,0.25077470031101257,-24.114897476048146,-24.114897476048146,0.0,1,nan,94,142,224,51212,0.08448300027521327
Clock,kapur,8,4,MS-LS-4S,0.25077470031101257,0.2552470000227913,-24.114472140478522,-24.114897476048146,1.7637875924871813e-05,0,55,55,218,934,83760,nan
Clock,kapur,8,4,MS-LS-conv,0.25077470031101257,0.2557190000079572,-24.105126468517273,-24.114897476048146,0.0004051855306694756,0,37,37,221,753,83370,nan
Clock,kapur,8,5,RM-MDE,0.22837080026511103,0.22837080026511103,-24.114897476048146,-24.114897476048146,0.0,1,nan,67,122,249,44064,0.03433169994968921
Clock,kapur,8,5,MS-LS-4S,0.22837080026511103,0.2314279000274837,-24.106578029612766,-24.114897476048146,0.0003449919886096433,0,52,52,205,776,79779,nan
Clock,kapur,8,5,MS-LS-conv,0.22837080026511103,0.23427289997925982,-24.114897476048146,-24.114897476048146,0.0,1,36,36,205,628,78302,0.13957589998608455
Clock,kapur,8,6,RM-MDE,0.2589326000888832,0.2589326000888832,-24.114897476048146,-24.114897476048146,0.0,1,nan,100,150,240,54234,0.006674500065855682
Clock,kapur,8,6,MS-LS-4S,0.2589326000888832,0.2621278999722563,-24.114897476048146,-24.114897476048146,0.0,1,57,57,224,906,85847,0.15521140000782907
Clock,kapur,8,6,MS-LS-conv,0.2589326000888832,0.2636169000179507,-24.114897476048146,-24.114897476048146,0.0,1,43,43,226,728,86089,0.20984070003032684
Clock,kapur,8,7,RM-MDE,0.16893130022799596,0.16893130022799596,-24.114897476048146,-24.114897476048146,0.0,1,nan,23,74,235,26892,0.040428200096357614
Clock,kapur,8,7,MS-LS-4S,0.16893130022799596,0.1691376999951899,-24.114897476048146,-24.114897476048146,0.0,1,37,37,146,545,56394,0.11951859999680892
Clock,kapur,8,7,MS-LS-conv,0.16893130022799596,0.17140670004300773,-24.114897476048146,-24.114897476048146,0.0,1,27,27,148,452,57451,0.16451500001130626
Clock,kapur,8,8,RM-MDE,0.26582409982802346,0.26582409982802346,-24.114897476048146,-24.114897476048146,0.0,1,nan,94,154,284,55917,0.08996799995657057
Clock,kapur,8,8,MS-LS-4S,0.26582409982802346,0.26809959998354316,-24.114472140478522,-24.114897476048146,1.7637875924871813e-05,0,60,60,238,936,91727,nan
Clock,kapur,8,8,MS-LS-conv,0.26582409982802346,0.2676765999640338,-24.114472140478522,-24.114897476048146,1.7637875924871813e-05,0,43,43,237,735,91118,nan
Clock,kapur,8,9,RM-MDE,0.18218750011874363,0.18218750011874363,-24.114897476048146,-24.114897476048146,0.0,1,nan,30,90,262,32124,0.07151940005132928
Clock,kapur,8,9,MS-LS-4S,0.18218750011874363,0.1851409000228159,-24.114897476048146,-24.114897476048146,0.0,1,41,41,163,675,61415,0.12020320002920926
Clock,kapur,8,9,MS-LS-conv,0.18218750011874363,0.18418330000713468,-24.114897476048146,-24.114897476048146,0.0,1,27,27,159,517,59401,0.18418330000713468
Clock,mcet,6,0,RM-MDE,0.22182149981381372,0.22182149981381372,-88431004.5215968,-88431004.5215968,0.0,1,nan,124,179,279,58459,0.06773199990857393
Clock,mcet,6,0,MS-LS-4S,0.22182149981381372,0.22503129998221993,-88431002.39013681,-88431004.5215968,2.4103084745392558e-08,0,64,64,256,1241,88498,nan
Clock,mcet,6,0,MS-LS-conv,0.22182149981381372,0.22505419998196885,-88431004.5215968,-88431004.5215968,0.0,1,31,31,264,1035,88481,0.008022000023629516
Clock,mcet,6,1,RM-MDE,0.223409200028982,0.223409200028982,-88431004.5215968,-88431004.5215968,0.0,1,nan,128,182,269,59396,0.028381299984175712
Clock,mcet,6,1,MS-LS-4S,0.223409200028982,0.2234700999688357,-88431002.64013867,-88431004.5215968,2.1276000918881314e-08,0,66,66,264,1233,89931,nan
Clock,mcet,6,1,MS-LS-conv,0.223409200028982,0.22582429996691644,-88431004.5215968,-88431004.5215968,0.0,1,33,33,272,1064,90376,0.006185999955050647
Clock,mcet,6,2,RM-MDE,0.17330690007656813,0.17330690007656813,-88431004.27159494,-88431004.5215968,2.8270838265112463e-09,1,nan,79,122,181,39665,0.08614950010087341
Clock,mcet,6,2,MS-LS-4S,0.17330690007656813,0.175542899989523,-88431002.64013867,-88431004.5215968,2.1276000918881314e-08,0,51,51,204,935,69962,nan
Clock,mcet,6,2,MS-LS-conv,0.17330690007656813,0.17681490001268685,-88431004.5215968,-88431004.5215968,0.0,1,24,24,209,804,69063,0.022826700005680323
Clock,mcet,6,3,RM-MDE,0.19903999991947785,0.19903999991947785,-88431004.5215968,-88431004.5215968,0.0,1,nan,109,151,184,48915,0.05663899990031496
Clock,mcet,6,3,MS-LS-4S,0.19903999991947785,0.19975809997413307,-88431004.5215968,-88431004.5215968,0.0,1,58,58,232,1083,78811,0.037984800001140684
Clock,mcet,6,3,MS-LS-conv,0.19903999991947785,0.20504519995301962,-88431004.5215968,-88431004.5215968,0.0,1,29,29,249,971,81397,0.035699799947906286
Clock,mcet,6,4,RM-MDE,0.21943519997876137,0.21943519997876137,-88431002.64013867,-88431004.5215968,2.1276000918881314e-08,0,nan,130,173,212,56724,nan
Clock,mcet,6,4,MS-LS-4S,0.21943519997876137,0.22178850002819672,-88431002.64013867,-88431004.5215968,2.1276000918881314e-08,0,62,62,248,1207,86273,nan
Clock,mcet,6,4,MS-LS-conv,0.21943519997876137,0.22580860002199188,-88431004.5215968,-88431004.5215968,0.0,1,33,33,262,1015,87699,0.008755800023209304
Clock,mcet,6,5,RM-MDE,0.19794450036715716,0.19794450036715716,-88431004.5215968,-88431004.5215968,0.0,1,nan,91,152,307,49618,0.0440218000439927
Clock,mcet,6,5,MS-LS-4S,0.19794450036715716,0.1998493000282906,-88431002.64013867,-88431004.5215968,2.1276000918881314e-08,0,58,58,232,1090,79499,nan
Clock,mcet,6,5,MS-LS-conv,0.19794450036715716,0.20385340001666918,-88431004.5215968,-88431004.5215968,0.0,1,30,30,243,939,80209,0.0937625000369735
Clock,mcet,6,6,RM-MDE,0.18004140019183978,0.18004140019183978,-88431004.5215968,-88431004.5215968,0.0,1,nan,94,127,158,41645,0.05889060004847124
Clock,mcet,6,6,MS-LS-4S,0.18004140019183978,0.1814782999572344,-88431002.39013681,-88431004.5215968,2.4103084745392558e-08,0,52,52,208,999,71454,nan
Clock,mcet,6,6,MS-LS-conv,0.18004140019183978,0.18681380001362413,-88431004.5215968,-88431004.5215968,0.0,1,26,26,219,843,73323,0.02163440000731498
Clock,mcet,6,7,RM-MDE,0.2103991998010315,0.2103991998010315,-88431004.5215968,-88431004.5215968,0.0,1,nan,119,165,209,53761,0.04000310000265017
Clock,mcet,6,7,MS-LS-4S,0.2103991998010315,0.21317399997496977,-88431002.64013867,-88431004.5215968,2.1276000918881314e-08,0,62,62,248,1152,85340,nan
Clock,mcet,6,7,MS-LS-conv,0.2103991998010315,0.2193517999839969,-88431004.5215968,-88431004.5215968,0.0,1,32,32,259,974,86531,0.16115020000142977
Clock,mcet,6,8,RM-MDE,0.19648540014168248,0.19648540014168248,-88431004.27159494,-88431004.5215968,2.8270838265112463e-09,1,nan,93,146,251,47854,0.061706800013780594
Clock,mcet,6,8,MS-LS-4S,0.19648540014168248,0.19753669999772683,-88431002.64013867,-88431004.5215968,2.1276000918881314e-08,0,58,58,232,1069,78737,nan
Clock,mcet,6,8,MS-LS-conv,0.19648540014168248,0.1977580999955535,-88431004.5215968,-88431004.5215968,0.0,1,27,27,244,960,79378,0.008572899969294667
Clock,mcet,6,9,RM-MDE,0.22719860001234338,0.22719860001234338,-88431004.5215968,-88431004.5215968,0.0,1,nan,132,188,245,61085,0.05068439990282059
Clock,mcet,6,9,MS-LS-4S,0.22719860001234338,0.2281995000084862,-88431004.5215968,-88431004.5215968,0.0,1,67,67,268,1275,91555,0.11029809998581186
Clock,mcet,6,9,MS-LS-conv,0.22719860001234338,0.23216820001835003,-88431004.5215968,-88431004.5215968,0.0,1,34,34,278,1075,92256,0.07199879997642711
Clock,mcet,7,0,RM-MDE,0.20719129993813112,0.20719129993813112,-88432150.48043002,-88432150.48043002,0.0,1,nan,98,158,382,52112,0.04671030002646148
Clock,mcet,7,0,MS-LS-4S,0.20719129993813112,0.20917950000148267,-88432135.50169201,-88432150.48043002,1.6938113489894652e-07,0,58,58,232,1289,82940,nan
Clock,mcet,7,0,MS-LS-conv,0.20719129993813112,0.21144449996063486,-88432128.08778688,-88432150.48043002,2.532183489501566e-07,0,27,27,244,1089,83431,nan
Clock,mcet,7,1,RM-MDE,0.20340470020892099,0.20340470020892099,-88432150.48043002,-88432150.48043002,0.0,1,nan,96,149,292,48967,0.08156200003577396
Clock,mcet,7,1,MS-LS-4S,0.20340470020892099,0.20662840001750737,-88432113.8448494,-88432150.48043002,4.142789746724272e-07,0,59,59,236,1243,82814,nan
Clock,mcet,7,1,MS-LS-conv,0.20340470020892099,0.20566690003033727,-88432113.8448494,-88432150.48043002,4.142789746724272e-07,0,24,24,242,1087,80784,nan
Clock,mcet,7,2,RM-MDE,0.23322869994444773,0.23322869994444773,-88432150.48043002,-88432150.48043002,0.0,1,nan,111,182,368,59885,0.0767487998236902
Clock,mcet,7,2,MS-LS-4S,0.23322869994444773,0.23519750003470108,-88432026.7712482,-88432150.48043002,1.398916357267175e-06,0,66,66,264,1399,92756,nan
Clock,mcet,7,2,MS-LS-conv,0.23322869994444773,0.238029700005427,-88432113.8448494,-88432150.48043002,4.142789746724272e-07,0,28,28,276,1237,92592,nan
Clock,mcet,7,3,RM-MDE,0.22978299972601235,0.22978299972601235,-88432150.48043002,-88432150.48043002,0.0,1,nan,125,182,281,59425,0.08423529978608713
Clock,mcet,7,3,MS-LS-4S,0.22978299972601235,0.2325515000266023,-88432113.8448494,-88432150.48043002,4.142789746724272e-07,0,67,67,268,1456,93208,nan
Clock,mcet,7,3,MS-LS-conv,0.22978299972601235,0.23664309998275712,-88432113.8448494,-88432150.48043002,4.142789746724272e-07,0,25,25,282,1281,93112,nan
Clock,mcet,7,4,RM-MDE,0.24187369976425543,0.24187369976425543,-88432150.48043002,-88432150.48043002,0.0,1,nan,130,191,288,62593,0.03891880001174286
Clock,mcet,7,4,MS-LS-4S,0.24187369976425543,0.24200159998144954,-88432113.8448494,-88432150.48043002,4.142789746724272e-07,0,67,67,268,1475,95535,nan
Clock,mcet,7,4,MS-LS-conv,0.24187369976425543,0.24539160000858828,-88432113.8448494,-88432150.48043002,4.142789746724272e-07,0,30,30,283,1283,95372,nan
Clock,mcet,7,5,RM-MDE,0.21684179967269301,0.21684179967269301,-88432150.48043002,-88432150.48043002,0.0,1,nan,103,165,300,53703,0.07669530005659908
Clock,mcet,7,5,MS-LS-4S,0.21684179967269301,0.21832099999301136,-88432150.48043002,-88432150.48043002,0.0,1,62,62,248,1311,87194,0.0359168000286445
Clock,mcet,7,5,MS-LS-conv,0.21684179967269301,0.21792580001056194,-88432150.48043002,-88432150.48043002,0.0,1,25,25,257,1181,85389,0.08300770004279912
Clock,mcet,7,6,RM-MDE,0.23516359983477741,0.23516359983477741,-88432150.48043002,-88432150.48043002,0.0,1,nan,119,181,367,60265,0.06961450004018843
Clock,mcet,7,6,MS-LS-4S,0.23516359983477741,0.23765500000445172,-88432114.83732176,-88432150.48043002,4.030559934364549e-07,0,66,66,264,1436,93058,nan
Clock,mcet,7,6,MS-LS-conv,0.23516359983477741,0.2381625000271015,-88432113.8448494,-88432150.48043002,4.142789746724272e-07,0,30,30,276,1222,93406,nan
Clock,mcet,7,7,RM-MDE,0.1967608000850305,0.1967608000850305,-88432150.48043002,-88432150.48043002,0.0,1,nan,106,146,210,47842,0.059201099909842014
Clock,mcet,7,7,MS-LS-4S,0.1967608000850305,0.19720699999015778,-88432064.89631829,-88432150.48043002,9.677940802102787e-07,0,56,56,224,1196,79312,nan
Clock,mcet,7,7,MS-LS-conv,0.1967608000850305,0.19694310001796111,-88432113.8448494,-88432150.48043002,4.142789746724272e-07,0,23,23,232,1040,78029,nan
Clock,mcet,7,8,RM-MDE,0.23266239982331172,0.23266239982331172,-88432150.48043002,-88432150.48043002,0.0,1,nan,122,180,311,59065,0.04726439999649301
Clock,mcet,7,8,MS-LS-4S,0.23266239982331172,0.23313730000518262,-88432139.74752393,-88432150.48043002,1.2136882378098653e-07,0,67,67,268,1431,93486,nan
Clock,mcet,7,8,MS-LS-conv,0.23266239982331172,0.23624220001511276,-88432150.48043002,-88432150.48043002,0.0,1,25,25,283,1286,93000,0.14288830000441521
Clock,mcet,7,9,RM-MDE,0.1878615000168793,0.1878615000168793,-88432150.48043002,-88432150.48043002,0.0,1,nan,84,135,273,43803,0.058688299846835434
Clock,mcet,7,9,MS-LS-4S,0.1878615000168793,0.19050359999528155,-88432083.6499381,-88432150.48043002,7.557261872777225e-07,0,54,54,216,1186,75499,nan
Clock,mcet,7,9,MS-LS-conv,0.1878615000168793,0.1969395999913104,-88432113.8448494,-88432150.48043002,4.142789746724272e-07,0,21,21,231,1038,76249,nan
Clock,mcet,8,0,RM-MDE,0.2225235998048447,0.2225235998048447,-88432893.50852865,-88432899.97376898,7.310899372769339e-08,0,nan,103,163,411,54640,nan
Clock,mcet,8,0,MS-LS-4S,0.2225235998048447,0.22673390002455562,-88432896.59940174,-88432899.97376898,3.8157373987418387e-08,0,63,63,252,1577,90771,nan
Clock,mcet,8,0,MS-LS-conv,0.2225235998048447,0.2280204000417143,-88432887.54154134,-88432899.97376898,1.4058373800962906e-07,0,23,23,262,1283,89460,nan
Clock,mcet,8,1,RM-MDE,0.1531703999498859,0.1531703999498859,-88432899.97376898,-88432899.97376898,0.0,1,nan,30,88,341,29446,0.08447909995447844
Clock,mcet,8,1,MS-LS-4S,0.1531703999498859,0.15474999998696148,-88432893.50852865,-88432899.97376898,7.310899372769339e-08,0,43,43,172,1020,61982,nan
Clock,mcet,8,1,MS-LS-conv,0.1531703999498859,0.15960979997180402,-88432893.50852865,-88432899.97376898,7.310899372769339e-08,0,16,16,184,904,62329,nan
Clock,mcet,8,2,RM-MDE,0.14438949973555282,0.14438949973555282,-88432893.50852865,-88432899.97376898,7.310899372769339e-08,0,nan,27,78,365,26088,nan
Clock,mcet,8,2,MS-LS-4S,0.14438949973555282,0.14520549995359033,-88432883.10054642,-88432899.97376898,1.908025470689689e-07,0,41,41,164,968,59073,nan
Clock,mcet,8,2,MS-LS-conv,0.14438949973555282,0.15226679999614134,-88432893.50852865,-88432899.97376898,7.310899372769339e-08,0,14,14,182,900,60621,nan
Clock,mcet,8,3,RM-MDE,0.22124180023092777,0.22124180023092777,-88432893.50852865,-88432899.97376898,7.310899372769339e-08,0,nan,103,162,355,54898,nan
Clock,mcet,8,3,MS-LS-4S,0.22124180023092777,0.2222114999894984,-88432887.29339887,-88432899.97376898,1.4338973516705195e-07,0,63,63,252,1510,90397,nan
Clock,mcet,8,3,MS-LS-conv,0.22124180023092777,0.22838909999700263,-88432887.54154134,-88432899.97376898,1.4058373800962906e-07,0,19,19,269,1251,89676,nan
Clock,mcet,8,4,RM-MDE,0.1656335000297986,0.1656335000297986,-88432899.97376898,-88432899.97376898,0.0,1,nan,59,106,267,34942,0.07944249990396202
Clock,mcet,8,4,MS-LS-4S,0.1656335000297986,0.16660549998050556,-88432891.07428586,-88432899.97376898,1.006354322556508e-07,0,46,46,184,1159,66698,nan
Clock,mcet,8,4,MS-LS-conv,0.1656335000297986,0.167319200001657,-88432893.50852865,-88432899.97376898,7.310899372769339e-08,0,17,17,197,964,66309,nan
Clock,mcet,8,5,RM-MDE,0.1555672002141364,0.1555672002141364,-88432899.97376898,-88432899.97376898,0.0,1,nan,26,93,454,31422,0.08191529999021441
Clock,mcet,8,5,MS-LS-4S,0.1555672002141364,0.1558958999812603,-88432865.17161134,-88432899.97376898,3.9354310048387184e-07,0,44,44,176,1060,63349,nan
Clock,mcet,8,5,MS-LS-conv,0.1555672002141364,0.15673839999362826,-88432893.50852865,-88432899.97376898,7.310899372769339e-08,0,16,16,184,914,62486,nan
Clock,mcet,8,6,RM-MDE,0.16141780011821538,0.16141780011821538,-88432899.97376898,-88432899.97376898,0.0,1,nan,39,101,360,33650,0.03280519996769726
Clock,mcet,8,6,MS-LS-4S,0.16141780011821538,0.1630507999798283,-88432812.44219323,-88432899.97376898,9.89807817907685e-07,0,45,45,180,1119,64863,nan
Clock,mcet,8,6,MS-LS-conv,0.16141780011821538,0.1685594999580644,-88432887.54154134,-88432899.97376898,1.4058373800962906e-07,0,18,18,192,930,65784,nan
Clock,mcet,8,7,RM-MDE,0.15923940011998639,0.15923940011998639,-88432899.97376898,-88432899.97376898,0.0,1,nan,35,96,333,32438,0.04075139999622479
Clock,mcet,8,7,MS-LS-4S,0.15923940011998639,0.1595328000257723,-88432832.4754236,-88432899.97376898,7.63271875004466e-07,0,45,45,180,1097,65004,nan
Clock,mcet,8,7,MS-LS-conv,0.15923940011998639,0.16689260001294315,-88432887.54154134,-88432899.97376898,1.4058373800962906e-07,0,16,16,195,978,65668,nan
Clock,mcet,8,8,RM-MDE,0.13706900016404688,0.13706900016404688,-88432893.50852865,-88432899.97376898,7.310899372769339e-08,0,nan,28,72,274,23858,nan
Clock,mcet,8,8,MS-LS-4S,0.13706900016404688,0.14026890002423897,-88432769.78469922,-88432899.97376898,1.4721791301816714e-06,0,39,39,156,944,56178,nan
Clock,mcet,8,8,MS-LS-conv,0.13706900016404688,0.14370659994892776,-88432887.54154134,-88432899.97376898,1.4058373800962906e-07,0,10,10,172,846,56257,nan
Clock,mcet,8,9,RM-MDE,0.2012324002571404,0.2012324002571404,-88432899.97376898,-88432899.97376898,0.0,1,nan,76,143,394,47352,0.12961960019310936
Clock,mcet,8,9,MS-LS-4S,0.2012324002571404,0.20261440001195297,-88432865.03472954,-88432899.97376898,3.9509096104873385e-07,0,57,57,228,1383,81164,nan
Clock,mcet,8,9,MS-LS-conv,0.2012324002571404,0.2048388000112027,-88432887.54154134,-88432899.97376898,1.4058373800962906e-07,0,20,20,240,1151,80503,nan
Histology,otsu,6,0,RM-MDE,0.12364569975761697,0.12364569975761697,-7583534210.299128,-7583534210.299128,0.0,1,nan,68,136,366,50227,0.07850440021138638
Histology,otsu,6,0,MS-LS-4S,0.12364569975761697,0.12437780003529042,-7583534210.299128,-7583534210.299128,0.0,1,67,67,268,1504,99409,0.042784899997059256
Histology,otsu,6,0,MS-LS-conv,0.12364569975761697,0.12779560004128143,-7583532900.588187,-7583534210.299128,1.727045601749006e-07,0,22,22,279,1257,103047,nan
Histology,otsu,6,1,RM-MDE,0.13532569981180131,0.13532569981180131,-7583534210.299128,-7583534210.299128,0.0,1,nan,111,162,260,59484,0.04818759980844334
Histology,otsu,6,1,MS-LS-4S,0.13532569981180131,0.13554430002113804,-7583496642.300387,-7583534210.299128,4.953890586947636e-06,0,74,74,296,1617,107721,nan
Histology,otsu,6,1,MS-LS-conv,0.13532569981180131,0.13781509996624663,-7583520813.683863,-7583534210.299128,1.7665398339864754e-06,0,26,26,312,1426,114435,nan
Histology,otsu,6,2,RM-MDE,0.1263522999943234,0.1263522999943234,-7583534210.299128,-7583534210.299128,0.0,1,nan,97,145,217,53267,0.04056149994721636
Histology,otsu,6,2,MS-LS-4S,0.1263522999943234,0.12672080000629649,-7583526843.177482,-7583534210.299128,9.714628353521778e-07,0,70,70,280,1535,102616,nan
Histology,otsu,6,2,MS-LS-conv,0.1263522999943234,0.13142099999822676,-7583510488.41017,-7583534210.299128,3.12807832075984e-06,0,24,24,290,1335,106367,nan
Histology,otsu,6,3,RM-MDE,0.13397969986544922,0.13397969986544922,-7583534210.299128,-7583534210.299128,0.0,1,nan,103,160,280,58819,0.03799849993083626
Histology,otsu,6,3,MS-LS-4S,0.13397969986544922,0.13565210002707317,-7583528105.947878,-7583534210.299128,8.049480730771361e-07,0,74,74,296,1605,108123,nan
Histology,otsu,6,3,MS-LS-conv,0.13397969986544922,0.14125850005075336,-7583532900.588187,-7583534210.299128,1.727045601749006e-07,0,25,25,317,1481,115806,nan
Histology,otsu,6,4,RM-MDE,0.14431909989798442,0.14431909989798442,-7583534210.299128,-7583534210.299128,0.0,1,nan,128,176,260,64909,0.04474749986547977
Histology,otsu,6,4,MS-LS-4S,0.14431909989798442,0.14531210000859573,-7583512537.439003,-7583534210.299128,2.8578838736105787e-06,0,77,77,308,1720,114475,nan
Histology,otsu,6,4,MS-LS-conv,0.14431909989798442,0.14778330002445728,-7583526843.177482,-7583534210.299128,9.714628353521778e-07,0,28,28,326,1451,120313,nan
Histology,otsu,6,5,RM-MDE,0.1175493998453021,0.1175493998453021,-7583534210.299128,-7583534210.299128,0.0,1,nan,70,125,279,45951,0.06302279984811321
Histology,otsu,6,5,MS-LS-4S,0.1175493998453021,0.11818119999952614,-7583496642.300387,-7583534210.299128,4.953890586947636e-06,0,64,64,256,1415,93693,nan
Histology,otsu,6,5,MS-LS-conv,0.1175493998453021,0.1194223000202328,-7583510488.41017,-7583534210.299128,3.12807832075984e-06,0,21,21,267,1216,98249,nan
Histology,otsu,6,6,RM-MDE,0.1479704998782836,0.1479704998782836,-7583532900.588187,-7583534210.299128,1.727045601749006e-07,0,nan,133,187,266,68907,nan
Histology,otsu,6,6,MS-LS-4S,0.1479704998782836,0.14862210000865161,-7583521734.793395,-7583534210.299128,1.6450780581425276e-06,0,80,80,320,1750,118172,nan
Histology,otsu,6,6,MS-LS-conv,0.1479704998782836,0.14876209996873513,-7583521734.793395,-7583534210.299128,1.6450780581425276e-06,0,28,28,334,1459,123475,nan
Histology,otsu,6,7,RM-MDE,0.1218605000176467,0.1218605000176467,-7583534210.299128,-7583534210.299128,0.0,1,nan,91,131,184,48162,0.052146200090646744
Histology,otsu,6,7,MS-LS-4S,0.1218605000176467,0.12211390002630651,-7583510676.512435,-7583534210.299128,3.103274283467767e-06,0,65,65,259,1423,94945,nan
Histology,otsu,6,7,MS-LS-conv,0.1218605000176467,0.12767900002654642,-7583526843.177482,-7583534210.299128,9.714628353521778e-07,0,24,24,275,1241,101197,nan
Histology,otsu,6,8,RM-MDE,0.12162540009012446,0.12162540009012446,-7583534210.299128,-7583534210.299128,0.0,1,nan,78,131,279,47999,0.04417870001634583
Histology,otsu,6,8,MS-LS-4S,0.12162540009012446,0.12281950004398823,-7583532900.588187,-7583534210.299128,1.727045601749006e-07,0,65,65,260,1425,94642,nan
Histology,otsu,6,8,MS-LS-conv,0.12162540009012446,0.12780499999644235,-7583532900.588187,-7583534210.299128,1.727045601749006e-07,0,21,21,288,1375,104703,nan
Histology,otsu,6,9,RM-MDE,0.12418770010117441,0.12418770010117441,-7583534210.299128,-7583534210.299128,0.0,1,nan,91,139,241,50920,0.06007909990148619
Histology,otsu,6,9,MS-LS-4S,0.12418770010117441,0.12448060000315309,-7583532900.588187,-7583534210.299128,1.727045601749006e-07,0,67,67,268,1493,98340,nan
Histology,otsu,6,9,MS-LS-conv,0.12418770010117441,0.12516200001118705,-7583532900.588187,-7583534210.299128,1.727045601749006e-07,0,22,22,272,1233,100088,nan
Histology,otsu,7,0,RM-MDE,0.12278780009364709,0.12278780009364709,-7586690229.677359,-7586690229.677359,0.0,1,nan,81,127,269,47652,0.04567509994376451
Histology,otsu,7,0,MS-LS-4S,0.12278780009364709,0.12332049995893613,-7586619947.788532,-7586690229.677359,9.263840581159346e-06,0,67,67,268,1710,101430,nan
Histology,otsu,7,0,MS-LS-conv,0.12278780009364709,0.1308318999945186,-7586644281.235424,-7586690229.677359,6.056454203816838e-06,0,18,18,296,1415,110994,nan
Histology,otsu,7,1,RM-MDE,0.11195820017019287,0.11195820017019287,-7586690229.677359,-7586690229.677359,0.0,1,nan,45,107,294,39970,0.07542050012852997
Histology,otsu,7,1,MS-LS-4S,0.11195820017019287,0.1121308000292629,-7586652767.624321,-7586690229.677359,4.9378651168727885e-06,0,59,59,236,1474,87941,nan
Histology,otsu,7,1,MS-LS-conv,0.11195820017019287,0.12077780003892258,-7586654871.337976,-7586690229.677359,4.660575074471615e-06,0,17,17,265,1266,98766,nan
Histology,otsu,7,2,RM-MDE,0.13537919986993074,0.13537919986993074,-7586690229.677359,-7586690229.677359,0.0,1,nan,104,164,321,61245,0.038756700058002025
Histology,otsu,7,2,MS-LS-4S,0.13537919986993074,0.13550689996918663,-7586674089.328674,-7586690229.677359,2.1274558728091523e-06,0,74,74,296,1864,110688,nan
Histology,otsu,7,2,MS-LS-conv,0.13537919986993074,0.14260189997730777,-7586681656.972147,-7586690229.677359,1.1299664217348674e-06,0,17,17,316,1548,117631,nan
Histology,otsu,7,3,RM-MDE,0.13634690002072603,0.13634690002072603,-7586690229.677359,-7586690229.677359,0.0,1,nan,90,162,395,60483,0.05822249985067174
Histology,otsu,7,3,MS-LS-4S,0.13634690002072603,0.1371443999814801,-7586683356.577789,-7586690229.677359,9.05941769236171e-07,0,76,76,304,1931,112924,nan
Histology,otsu,7,3,MS-LS-conv,0.13634690002072603,0.14211279997834936,-7586690229.677359,-7586690229.677359,0.0,1,19,19,327,1569,121691,0.08708619995741174
Histology,otsu,7,4,RM-MDE,0.13356369989924133,0.13356369989924133,-7586690229.677359,-7586690229.677359,0.0,1,nan,101,160,298,59841,0.05418229987844825
Histology,otsu,7,4,MS-LS-4S,0.13356369989924133,0.13431960000889376,-7586632574.80916,-7586690229.677359,7.599475720369128e-06,0,71,71,284,1829,107419,nan
Histology,otsu,7,4,MS-LS-conv,0.13356369989924133,0.13397640001494437,-7586681656.972147,-7586690229.677359,1.1299664217348674e-06,0,20,20,290,1367,108373,nan
Histology,otsu,7,5,RM-MDE,0.1258304002112709,0.1258304002112709,-7586690229.677359,-7586690229.677359,0.0,1,nan,68,137,350,51239,0.06869210017612204
Histology,otsu,7,5,MS-LS-4S,0.1258304002112709,0.1269291999633424,-7586686353.843711,-7586690229.677359,5.108727956977354e-07,0,68,68,272,1715,101470,nan
Histology,otsu,7,5,MS-LS-conv,0.1258304002112709,0.1260543999960646,-7586681656.972147,-7586690229.677359,1.1299664217348674e-06,0,17,17,286,1356,106884,nan
Histology,otsu,7,6,RM-MDE,0.1376904000644572,0.1376904000644572,-7586690229.677359,-7586690229.677359,0.0,1,nan,104,170,357,63766,0.06289459991967306
Histology,otsu,7,6,MS-LS-4S,0.1376904000644572,0.13846200000261888,-7586664570.170486,-7586690229.677359,3.382174056850658e-06,0,73,73,292,1848,110026,nan
Histology,otsu,7,6,MS-LS-conv,0.1376904000644572,0.1386886000400409,-7586687744.322264,-7586690229.677359,3.275941180763569e-07,0,22,22,302,1390,113403,nan
Histology,otsu,7,7,RM-MDE,0.13901850016554818,0.13901850016554818,-7586689659.832498,-7586690229.677359,7.511112801224949e-08,0,nan,115,163,257,60986,nan
Histology,otsu,7,7,MS-LS-4S,0.13901850016554818,0.13958609994733706,-7586677820.811304,-7586690229.677359,1.6356099535993085e-06,0,77,77,308,1941,115040,nan
Histology,otsu,7,7,MS-LS-conv,0.13901850016554818,0.14506660000188276,-7586681656.972147,-7586690229.677359,1.1299664217348674e-06,0,20,20,329,1576,122709,nan
Histology,otsu,7,8,RM-MDE,0.12895409995689988,0.12895409995689988,-7586690229.677359,-7586690229.677359,0.0,1,nan,85,148,322,55098,0.0630674998392351
Histology,otsu,7,8,MS-LS-4S,0.12895409995689988,0.13083700003335252,-7586678984.366911,-7586690229.677359,1.4822419404582839e-06,0,71,71,284,1808,105468,nan
Histology,otsu,7,8,MS-LS-conv,0.12895409995689988,0.13195309997536242,-7586687744.322264,-7586690229.677359,3.275941180763569e-07,0,16,16,291,1405,107527,nan
Histology,otsu,7,9,RM-MDE,0.13465060043381527,0.13465060043381527,-7586690229.677359,-7586690229.677359,0.0,1,nan,94,152,293,56921,0.031838900060392916
Histology,otsu,7,9,MS-LS-4S,0.13465060043381527,0.13534229999640957,-7586686353.843711,-7586690229.677359,5.108727956977354e-07,0,73,73,292,1846,108861,nan
Histology,otsu,7,9,MS-LS-conv,0.13465060043381527,0.14313209999818355,-7586681656.972147,-7586690229.677359,1.1299664217348674e-06,0,19,19,327,1599,121935,nan
Histology,otsu,8,0,RM-MDE,0.13743479968979955,0.13743479968979955,-7588917602.357721,-7588917602.357721,0.0,1,nan,96,161,414,60802,0.04295439983252436
Histology,otsu,8,0,MS-LS-4S,0.13743479968979955,0.13800760003505275,-7588869239.3055935,-7588917602.357721,6.372852449051855e-06,0,74,74,296,2135,112846,nan
Histology,otsu,8,0,MS-LS-conv,0.13743479968979955,0.14237580000190064,-7588913642.297411,-7588917602.357721,5.218214925845894e-07,0,21,21,310,1769,117668,nan
Histology,otsu,8,1,RM-MDE,0.15252990002045408,0.15252990002045408,-7588914390.031424,-7588917602.357721,4.232917612337767e-07,0,nan,123,193,432,72819,nan
Histology,otsu,8,1,MS-LS-4S,0.15252990002045408,0.15377600002102554,-7588898101.574635,-7588917602.357721,2.5696395861141302e-06,0,82,82,328,2320,123629,nan
Histology,otsu,8,1,MS-LS-conv,0.15252990002045408,0.1578643000102602,-7588913642.297411,-7588917602.357721,5.218214925845894e-07,0,23,23,346,1938,130539,nan
Histology,otsu,8,2,RM-MDE,0.1168364001205191,0.1168364001205191,-7588917602.357721,-7588917602.357721,0.0,1,nan,51,116,317,43827,0.09839470009319484
Histology,otsu,8,2,MS-LS-4S,0.1168364001205191,0.11722260003443807,-7588910834.591753,-7588917602.357721,8.917959481099317e-07,0,63,63,252,1814,95501,nan
Histology,otsu,8,2,MS-LS-conv,0.1168364001205191,0.12090710003394634,-7588917602.357721,-7588917602.357721,0.0,1,17,17,268,1579,100906,0.03379439999116585
Histology,otsu,8,3,RM-MDE,0.11437299993121997,0.11437299993121997,-7588917602.357721,-7588917602.357721,0.0,1,nan,50,110,376,41499,0.057083799969404936
Histology,otsu,8,3,MS-LS-4S,0.11437299993121997,0.11504890001378953,-7588906114.025566,-7588917602.357721,1.5138301345712954e-06,0,61,61,244,1742,92152,nan
Histology,otsu,8,3,MS-LS-conv,0.11437299993121997,0.11444289999781176,-7588878344.932505,-7588917602.357721,5.172993999101838e-06,0,16,16,252,1460,94902,nan
Histology,otsu,8,4,RM-MDE,0.14933830022346228,0.14933830022346228,-7588917602.357721,-7588917602.357721,0.0,1,nan,108,176,450,66687,0.08036040014121681
Histology,otsu,8,4,MS-LS-4S,0.14933830022346228,0.150280199944973,-7588903169.415341,-7588917602.357721,1.901844655088554e-06,0,78,78,312,2255,119066,nan
Histology,otsu,8,4,MS-LS-conv,0.14933830022346228,0.152917500003241,-7588913642.297411,-7588917602.357721,5.218214925845894e-07,0,22,22,334,1888,126429,nan
Histology,otsu,8,5,RM-MDE,0.13417099975049496,0.13417099975049496,-7588917602.357721,-7588917602.357721,0.0,1,nan,92,152,389,57536,0.043054499954450876
Histology,otsu,8,5,MS-LS-4S,0.13417099975049496,0.13520520000020042,-7588899823.161922,-7588917602.357721,2.34278414003998e-06,0,72,72,288,2087,108585,nan
Histology,otsu,8,5,MS-LS-conv,0.13417099975049496,0.14195040002232417,-7588917602.357721,-7588917602.357721,0.0,1,20,20,320,1854,120574,0.10866630001692101
Histology,otsu,8,6,RM-MDE,0.12616519979201257,0.12616519979201257,-7588917602.357721,-7588917602.357721,0.0,1,nan,91,134,254,50588,0.061612899939063936
Histology,otsu,8,6,MS-LS-4S,0.12616519979201257,0.12767399998847395,-7588873720.184657,-7588917602.357721,5.782402097843121e-06,0,69,69,276,1999,105486,nan
Histology,otsu,8,6,MS-LS-conv,0.12616519979201257,0.1318633999908343,-7588908627.844536,-7588917602.357721,1.1825814504446459e-06,0,20,20,290,1681,110089,nan
Histology,otsu,8,7,RM-MDE,0.13982120022410527,0.13982120022410527,-7588917602.357721,-7588917602.357721,0.0,1,nan,113,165,325,62293,0.033378500025719404
Histology,otsu,8,7,MS-LS-4S,0.13982120022410527,0.14115189999574795,-7588878699.686428,-7588917602.357721,5.126247685331621e-06,0,76,76,304,2168,114869,nan
Histology,otsu,8,7,MS-LS-conv,0.13982120022410527,0.1417844999814406,-7588913642.297411,-7588917602.357721,5.218214925845894e-07,0,19,19,310,1780,116945,nan
Histology,otsu,8,8,RM-MDE,0.13549560005776584,0.13549560005776584,-7588917602.357721,-7588917602.357721,0.0,1,nan,80,153,420,57236,0.05707919999258593
Histology,otsu,8,8,MS-LS-4S,0.13549560005776584,0.13571539998520166,-7588821488.778457,-7588917602.357721,1.2664991807893696e-05,0,73,73,292,2115,109742,nan
Histology,otsu,8,8,MS-LS-conv,0.13549560005776584,0.14100549998693168,-7588917602.357721,-7588917602.357721,0.0,1,17,17,306,1828,114582,0.1233183000003919
Histology,otsu,8,9,RM-MDE,0.14321710029616952,0.14321710029616952,-7588917602.357721,-7588917602.357721,0.0,1,nan,94,169,471,64169,0.07855460018618032
Histology,otsu,8,9,MS-LS-4S,0.14321710029616952,0.14330840000184253,-7588875220.615182,-7588917602.357721,5.584688721121268e-06,0,77,77,308,2174,116546,nan
Histology,otsu,8,9,MS-LS-conv,0.14321710029616952,0.14815940003609285,-7588898101.574635,-7588917602.357721,2.5696395861141302e-06,0,21,21,334,1970,125802,nan
Histology,kapur,6,0,RM-MDE,0.2648086995468475,0.2648086995468475,-23.13103256725914,-23.13103256725914,0.0,1,nan,81,136,239,53170,0.11470369971357286
Histology,kapur,6,0,MS-LS-4S,0.2648086995468475,0.26980559999356046,-23.12726751914534,-23.13103256725914,0.00016277042984790853,0,47,47,188,944,75924,nan
Histology,kapur,6,0,MS-LS-conv,0.2648086995468475,0.26529560005292296,-23.130300714138997,-23.13103256725914,3.1639448780136086e-05,0,18,18,184,713,73999,nan
Histology,kapur,6,1,RM-MDE,0.38089569995645434,0.38089569995645434,-23.13103256725914,-23.13103256725914,0.0,1,nan,143,222,359,86283,0.168034800037276
Histology,kapur,6,1,MS-LS-4S,0.38089569995645434,0.382083100033924,-23.1304454939929,-23.13103256725914,2.538033114309478e-05,0,67,67,268,1361,105279,nan
Histology,kapur,6,1,MS-LS-conv,0.38089569995645434,0.3926450000144541,-23.1304454939929,-23.13103256725914,2.538033114309478e-05,0,30,30,283,1139,111478,nan
Histology,kapur,6,2,RM-MDE,0.26852940022945404,0.26852940022945404,-23.13103256725914,-23.13103256725914,0.0,1,nan,90,140,238,54261,0.11787930008722469
Histology,kapur,6,2,MS-LS-4S,0.26852940022945404,0.2724906000075862,-23.127528592231748,-23.13103256725914,0.00015148372720516254,0,49,49,196,990,77135,nan
Histology,kapur,6,2,MS-LS-conv,0.26852940022945404,0.2717428000178188,-23.130300714138997,-23.13103256725914,3.1639448780136086e-05,0,21,21,197,816,77439,nan
Histology,kapur,6,3,RM-MDE,0.3149070999934338,0.3149070999934338,-23.1304454939929,-23.13103256725914,2.538033114309478e-05,0,nan,113,170,274,65669,nan
Histology,kapur,6,3,MS-LS-4S,0.3149070999934338,0.3182397999917157,-23.126938910760373,-23.13103256725914,0.00017697681618250997,0,57,57,228,1142,89944,nan
Histology,kapur,6,3,MS-LS-conv,0.3149070999934338,0.3246503000264056,-23.13103256725914,-23.13103256725914,0.0,1,23,23,236,1001,92548,0.08864339999854565
Histology,kapur,6,4,RM-MDE,0.32334459997946396,0.32334459997946396,-23.13103256725914,-23.13103256725914,0.0,1,nan,117,178,275,69143,0.08949710009619594
Histology,kapur,6,4,MS-LS-4S,0.32334459997946396,0.3249418000341393,-23.127358768350746,-23.13103256725914,0.000158825547355576,0,57,57,228,1150,91846,nan
Histology,kapur,6,4,MS-LS-conv,0.32334459997946396,0.3245073000434786,-23.130300714138997,-23.13103256725914,3.1639448780136086e-05,0,24,24,232,928,92156,nan
Histology,kapur,6,5,RM-MDE,0.2941120998002589,0.2941120998002589,-23.13103256725914,-23.13103256725914,0.0,1,nan,92,158,329,61153,0.15860810002777725
Histology,kapur,6,5,MS-LS-4S,0.2941120998002589,0.2993351999903098,-23.124560602601143,-23.13103256725914,0.00027979575227256087,0,54,54,216,1116,85035,nan
Histology,kapur,6,5,MS-LS-conv,0.2941120998002589,0.31406419997802004,-23.126339966900105,-23.13103256725914,0.00020287033643616437,0,21,21,226,932,89316,nan
Histology,kapur,6,6,RM-MDE,0.286372400179971,0.286372400179971,-23.13103256725914,-23.13103256725914,0.0,1,nan,94,153,289,59486,0.11385149997659028
Histology,kapur,6,6,MS-LS-4S,0.286372400179971,0.28886640002019703,-23.130300714138997,-23.13103256725914,3.1639448780136086e-05,0,51,51,204,1013,81325,nan
Histology,kapur,6,6,MS-LS-conv,0.286372400179971,0.2900843999814242,-23.13103256725914,-23.13103256725914,0.0,1,22,22,205,803,82246,0.009540300001390278
Histology,kapur,6,7,RM-MDE,0.3055254002683796,0.3055254002683796,-23.13103256725914,-23.13103256725914,0.0,1,nan,114,164,241,63514,0.10951660014688969
Histology,kapur,6,7,MS-LS-4S,0.3055254002683796,0.30680290004238486,-23.129117155960373,-23.13103256725914,8.280699502706135e-05,0,55,55,220,1129,87106,nan
Histology,kapur,6,7,MS-LS-conv,0.3055254002683796,0.3125337000237778,-23.130300714138997,-23.13103256725914,3.1639448780136086e-05,0,24,24,222,893,87677,nan
Histology,kapur,6,8,RM-MDE,0.29021879989886656,0.29021879989886656,-23.13103256725914,-23.13103256725914,0.0,1,nan,100,154,255,59742,0.10533299995586276
Histology,kapur,6,8,MS-LS-4S,0.29021879989886656,0.2950094999978319,-23.121179044974788,-23.13103256725914,0.000425987134629671,0,52,52,208,1039,81775,nan
Histology,kapur,6,8,MS-LS-conv,0.29021879989886656,0.3034446000237949,-23.130300714138997,-23.13103256725914,3.1639448780136086e-05,0,21,21,220,954,85022,nan
Histology,kapur,6,9,RM-MDE,0.3373474996187724,0.3373474996187724,-23.13103256725914,-23.13103256725914,0.0,1,nan,129,186,237,71853,0.10703309992095456
Histology,kapur,6,9,MS-LS-4S,0.3373474996187724,0.3423370999516919,-23.1304454939929,-23.13103256725914,2.538033114309478e-05,0,60,60,240,1206,95075,nan
Histology,kapur,6,9,MS-LS-conv,0.3373474996187724,0.34828850004123524,-23.1304454939929,-23.13103256725914,2.538033114309478e-05,0,23,23,249,1020,98469,nan
Histology,kapur,7,0,RM-MDE,0.2807862000190653,0.2807862000190653,-25.435300603095893,-25.435300603095893,0.0,1,nan,83,140,258,55466,0.1491368999122642
Histology,kapur,7,0,MS-LS-4S,0.2807862000190653,0.28648040001280606,-25.420582518732907,-25.435300603095893,0.0005786479425839666,0,48,48,192,1085,78712,nan
Histology,kapur,7,0,MS-LS-conv,0.2807862000190653,0.28383020003093407,-25.433939976095207,-25.435300603095893,5.349364734932422e-05,0,16,16,192,887,78704,nan
Histology,kapur,7,1,RM-MDE,0.2915891998563893,0.2915891998563893,-25.435300603095893,-25.435300603095893,0.0,1,nan,87,148,318,58799,0.13088959991000593
Histology,kapur,7,1,MS-LS-4S,0.2915891998563893,0.29279640002641827,-25.433939976095207,-25.435300603095893,5.349364734932422e-05,0,51,51,204,1167,81621,nan
Histology,kapur,7,1,MS-LS-conv,0.2915891998563893,0.305430400010664,-25.433599130625183,-25.435300603095893,6.689413650976032e-05,0,21,21,213,1015,85705,nan
Histology,kapur,7,2,RM-MDE,0.19492300000274554,0.19492300000274554,-25.435300603095893,-25.435300603095893,0.0,1,nan,40,84,216,33248,0.1107680001296103
Histology,kapur,7,2,MS-LS-4S,0.19492300000274554,0.1976147000095807,-25.4170831290933,-25.435300603095893,0.0007162279812166318,0,34,34,136,790,55045,nan
Histology,kapur,7,2,MS-LS-conv,0.19492300000274554,0.2051165999728255,-25.433811032133615,-25.435300603095893,5.8563135758515386e-05,0,13,13,143,668,57698,nan
Histology,kapur,7,3,RM-MDE,0.3174053999246098,0.3174053999246098,-25.435300603095893,-25.435300603095893,0.0,1,nan,107,167,283,65769,0.08183899987488985
Histology,kapur,7,3,MS-LS-4S,0.3174053999246098,0.32094070001039654,-25.426287646454632,-25.435300603095893,0.0003543483437409679,0,56,56,224,1291,90102,nan
Histology,kapur,7,3,MS-LS-conv,0.3174053999246098,0.3264589000027627,-25.42952970040752,-25.435300603095893,0.00022688557050785121,0,22,22,231,1096,92419,nan
Histology,kapur,7,4,RM-MDE,0.34956090012565255,0.34956090012565255,-25.4170831290933,-25.435300603095893,0.0007162279812166318,0,nan,131,179,261,74779,nan
Histology,kapur,7,4,MS-LS-4S,0.34956090012565255,0.3538375999778509,-25.433523064497948,-25.435300603095893,6.988470966720709e-05,0,60,60,240,1375,98294,nan
Histology,kapur,7,4,MS-LS-conv,0.34956090012565255,0.3559510000050068,-25.433270242442767,-25.435300603095893,7.982451966301206e-05,0,23,23,243,1095,99748,nan
Histology,kapur,7,5,RM-MDE,0.2138233999721706,0.2138233999721706,-25.435300603095893,-25.435300603095893,0.0,1,nan,38,98,302,39044,0.17852260009385645
Histology,kapur,7,5,MS-LS-4S,0.2138233999721706,0.21889469999587163,-25.416125636055718,-25.435300603095893,0.0007538722399782296,0,38,38,152,887,60923,nan
Histology,kapur,7,5,MS-LS-conv,0.2138233999721706,0.21450199995888397,-25.433270242442767,-25.435300603095893,7.982451966301206e-05,0,14,14,149,688,60632,nan
Histology,kapur,7,6,RM-MDE,0.24463870003819466,0.24463870003819466,-25.435300603095893,-25.435300603095893,0.0,1,nan,56,116,279,46447,0.0978345000767149
Histology,kapur,7,6,MS-LS-4S,0.24463870003819466,0.24508379999315366,-25.433490605165915,-25.435300603095893,7.116086254384874e-05,0,43,43,172,971,69988,nan
Histology,kapur,7,6,MS-LS-conv,0.24463870003819466,0.26295140001457185,-25.434567361880937,-25.435300603095893,2.8827699990564868e-05,0,18,18,181,787,74538,nan
Histology,kapur,7,7,RM-MDE,0.28294379997532815,0.28294379997532815,-25.435300603095893,-25.435300603095893,0.0,1,nan,86,146,320,57600,0.14293230010662228
Histology,kapur,7,7,MS-LS-4S,0.28294379997532815,0.28478099999483675,-25.433270242442767,-25.435300603095893,7.982451966301206e-05,0,48,48,192,1090,77651,nan
Histology,kapur,7,7,MS-LS-conv,0.28294379997532815,0.29774489998817444,-25.432523181136723,-25.435300603095893,0.00010919556259664566,0,20,20,209,967,84604,nan
Histology,kapur,7,8,RM-MDE,0.2636710004298948,0.2636710004298948,-25.435300603095893,-25.435300603095893,0.0,1,nan,66,129,320,50961,0.1102292001596652
Histology,kapur,7,8,MS-LS-4S,0.2636710004298948,0.265018499980215,-25.42775033610856,-25.435300603095893,0.00029684205841132267,0,47,47,188,1066,75385,nan
Histology,kapur,7,8,MS-LS-conv,0.2636710004298948,0.2777739000157453,-25.42952970040752,-25.435300603095893,0.00022688557050785121,0,18,18,199,968,78691,nan
Histology,kapur,7,9,RM-MDE,0.22525250009493902,0.22525250009493902,-25.435300603095893,-25.435300603095893,0.0,1,nan,41,106,285,41756,0.13094689999707043
Histology,kapur,7,9,MS-LS-4S,0.22525250009493902,0.2298828000202775,-25.421281937934047,-25.435300603095893,0.0005511499699020418,0,39,39,156,890,63285,nan
Histology,kapur,7,9,MS-LS-conv,0.22525250009493902,0.2441220000036992,-25.42238105242626,-25.435300603095893,0.0005079378015316305,0,15,15,168,807,68315,nan
Histology,kapur,8,0,RM-MDE,0.308676999877207,0.308676999877207,-27.70867575636882,-27.70867575636882,0.0,1,nan,95,149,317,62401,0.07045449991710484
Histology,kapur,8,0,MS-LS-4S,0.308676999877207,0.3130483999848366,-27.697201134010953,-27.70867575636882,0.00041411659145164684,0,53,53,212,1349,88145,nan
Histology,kapur,8,0,MS-LS-conv,0.308676999877207,0.34041599999181926,-27.701238010345598,-27.70867575636882,0.000268426614415587,0,17,17,234,1063,96379,nan
Histology,kapur,8,1,RM-MDE,0.2456697003217414,0.2456697003217414,-27.70867575636882,-27.70867575636882,0.0,1,nan,52,110,334,45187,0.14192850014660507
Histology,kapur,8,1,MS-LS-4S,0.2456697003217414,0.24988809996284544,-27.70821823508536,-27.70867575636882,1.6511842264888668e-05,0,43,43,172,1080,70029,nan
Histology,kapur,8,1,MS-LS-conv,0.2456697003217414,0.251724399975501,-27.70175224452398,-27.70867575636882,0.0002498680162745636,0,14,14,175,781,71509,nan
Histology,kapur,8,2,RM-MDE,0.25322970002889633,0.25322970002889633,-27.70867575636882,-27.70867575636882,0.0,1,nan,56,114,276,47756,0.1705402000225149
Histology,kapur,8,2,MS-LS-4S,0.25322970002889633,0.25514169997768477,-27.705404205019853,-27.70867575636882,0.00011806956700968722,0,44,44,176,1137,71614,nan
Histology,kapur,8,2,MS-LS-conv,0.25322970002889633,0.29132779996143654,-27.70867575636882,-27.70867575636882,0.0,1,13,13,207,962,83523,0.1250974999857135
Histology,kapur,8,3,RM-MDE,0.3288950001588091,0.3288950001588091,-27.70867575636882,-27.70867575636882,0.0,1,nan,104,165,356,69015,0.053599200036842376
Histology,kapur,8,3,MS-LS-4S,0.3288950001588091,0.3308316000038758,-27.702612872824353,-27.70867575636882,0.00021880813062935702,0,56,56,224,1447,91333,nan
Histology,kapur,8,3,MS-LS-conv,0.3288950001588091,0.3573681000270881,-27.70821823508536,-27.70867575636882,1.6511842264888668e-05,0,17,17,248,1102,100311,nan
Histology,kapur,8,4,RM-MDE,0.2929696002975106,0.2929696002975106,-27.70867575636882,-27.70867575636882,0.0,1,nan,82,143,339,59505,0.13240610022330657
Histology,kapur,8,4,MS-LS-4S,0.2929696002975106,0.29576609999639913,-27.7074162111886,-27.70867575636882,4.545670790235866e-05,0,50,50,200,1300,82913,nan
Histology,kapur,8,4,MS-LS-conv,0.2929696002975106,0.29653379996307194,-27.70821823508536,-27.70867575636882,1.6511842264888668e-05,0,16,16,209,997,85486,nan
Histology,kapur,8,5,RM-MDE,0.24056409974582493,0.24056409974582493,-27.70867575636882,-27.70867575636882,0.0,1,nan,52,106,262,43767,0.09881629986921325
Histology,kapur,8,5,MS-LS-4S,0.24056409974582493,0.2407548999763094,-27.696321013237664,-27.70867575636882,0.00044587995614750025,0,41,41,164,1082,66746,nan
Histology,kapur,8,5,MS-LS-conv,0.24056409974582493,0.2492927000275813,-27.70867575636882,-27.70867575636882,0.0,1,12,12,172,758,70123,0.2492927000275813
Histology,kapur,8,6,RM-MDE,0.26999149995390326,0.26999149995390326,-27.70867575636882,-27.70867575636882,0.0,1,nan,64,125,369,52303,0.14214339992031455
Histology,kapur,8,6,MS-LS-4S,0.26999149995390326,0.274251600028947,-27.702313959834058,-27.70867575636882,0.00022959583455732312,0,47,47,188,1187,77593,nan
Histology,kapur,8,6,MS-LS-conv,0.26999149995390326,0.27400820003822446,-27.70867575636882,-27.70867575636882,0.0,1,17,17,190,898,78700,0.09418830001959577
Histology,kapur,8,7,RM-MDE,0.33113489992683753,0.33113489992683753,-27.70867575636882,-27.70867575636882,0.0,1,nan,92,162,390,67404,0.11499460000777617
Histology,kapur,8,7,MS-LS-4S,0.33113489992683753,0.33389549999265,-27.70821823508536,-27.70867575636882,1.6511842264888668e-05,0,57,57,228,1489,93389,nan
Histology,kapur,8,7,MS-LS-conv,0.33113489992683753,0.33556099998531863,-27.70821823508536,-27.70867575636882,1.6511842264888668e-05,0,16,16,240,1052,96985,nan
Histology,kapur,8,8,RM-MDE,0.3188544004224241,0.3188544004224241,-27.70867575636882,-27.70867575636882,0.0,1,nan,87,159,405,65734,0.10593370022252202
Histology,kapur,8,8,MS-LS-4S,0.3188544004224241,0.3202459000167437,-27.7074162111886,-27.70867575636882,4.545670790235866e-05,0,56,56,224,1467,90675,nan
Histology,kapur,8,8,MS-LS-conv,0.3188544004224241,0.3250321999657899,-27.705404205019853,-27.70867575636882,0.00011806956700968722,0,14,14,231,1037,92498,nan
Histology,kapur,8,9,RM-MDE,0.31346589990425855,0.31346589990425855,-27.70867575636882,-27.70867575636882,0.0,1,nan,83,156,436,64434,0.19682849990203977
Histology,kapur,8,9,MS-LS-4S,0.31346589990425855,0.31704290001653135,-27.705443628669535,-27.70867575636882,0.00011664677618314912,0,55,55,220,1432,89766,nan
Histology,kapur,8,9,MS-LS-conv,0.31346589990425855,0.31779980001738295,-27.70821823508536,-27.70867575636882,1.6511842264888668e-05,0,16,16,223,1007,91113,nan
Histology,mcet,6,0,RM-MDE,0.24537470028735697,0.24537470028735697,-220062384.78685242,-220062386.1926902,6.388360130957405e-09,1,nan,116,164,271,60768,0.06107469991547987
Histology,mcet,6,0,MS-LS-4S,0.24537470028735697,0.24811810004757717,-220062345.77495933,-220062386.1926902,1.836648759796337e-07,0,57,57,228,1274,86096,nan
Histology,mcet,6,0,MS-LS-conv,0.24537470028735697,0.2521969000226818,-220062386.1926902,-220062386.1926902,0.0,1,18,18,238,1176,89018,0.11568930000066757
Histology,mcet,6,1,RM-MDE,0.24642129999119788,0.24642129999119788,-220062386.1926902,-220062386.1926902,0.0,1,nan,114,165,232,61232,0.014748400019016117
Histology,mcet,6,1,MS-LS-4S,0.24642129999119788,0.25049069995293394,-220062386.1926902,-220062386.1926902,0.0,1,59,59,236,1293,87341,0.035012599953915924
Histology,mcet,6,1,MS-LS-conv,0.24642129999119788,0.2564694000175223,-220062386.1926902,-220062386.1926902,0.0,1,20,20,243,1152,90169,0.09324120002565905
Histology,mcet,6,2,RM-MDE,0.21796640020329505,0.21796640020329505,-220062386.1926902,-220062386.1926902,0.0,1,nan,97,137,212,50915,0.024030500033404678
Histology,mcet,6,2,MS-LS-4S,0.21796640020329505,0.22061540000140667,-220062189.8664111,-220062386.1926902,8.921391906195613e-07,0,52,52,208,1159,77118,nan
Histology,mcet,6,2,MS-LS-conv,0.21796640020329505,0.21824969997396693,-220062377.86320406,-220062386.1926902,3.7850567176776216e-08,0,16,16,211,991,77989,nan
Histology,mcet,6,3,RM-MDE,0.24792110006092116,0.24792110006092116,-220062386.1926902,-220062386.1926902,0.0,1,nan,112,167,300,61808,0.04920790018513799
Histology,mcet,6,3,MS-LS-4S,0.24792110006092116,0.247995899990201,-220062377.86320406,-220062386.1926902,3.7850567176776216e-08,0,57,57,228,1248,84700,nan
Histology,mcet,6,3,MS-LS-conv,0.24792110006092116,0.2644764000433497,-220062377.86320406,-220062386.1926902,3.7850567176776216e-08,0,19,19,252,1203,93138,nan
Histology,mcet,6,4,RM-MDE,0.2132082999451086,0.2132082999451086,-220062386.1926902,-220062386.1926902,0.0,1,nan,92,131,208,48830,0.05007469997508451
Histology,mcet,6,4,MS-LS-4S,0.2132082999451086,0.21341209998354316,-220062386.1926902,-220062386.1926902,0.0,1,49,49,196,1085,74238,0.09110269998200238
Histology,mcet,6,4,MS-LS-conv,0.2132082999451086,0.22713620000286028,-220062377.86320406,-220062386.1926902,3.7850567176776216e-08,0,16,16,214,1024,79611,nan
Histology,mcet,6,5,RM-MDE,0.2484078998095356,0.2484078998095356,-220062386.1926902,-220062386.1926902,0.0,1,nan,107,167,332,62022,0.06502899999031797
Histology,mcet,6,5,MS-LS-4S,0.2484078998095356,0.25055739999515936,-220062386.1926902,-220062386.1926902,0.0,1,59,59,236,1310,87652,0.029972299991641194
Histology,mcet,6,5,MS-LS-conv,0.2484078998095356,0.25473579997196794,-220062386.1926902,-220062386.1926902,0.0,1,18,18,242,1167,89950,0.10159480001311749
Histology,mcet,6,6,RM-MDE,0.24883909994969144,0.24883909994969144,-220062386.1926902,-220062386.1926902,0.0,1,nan,111,164,244,61250,0.07400050002615899
Histology,mcet,6,6,MS-LS-4S,0.24883909994969144,0.25291429995559156,-220062386.1926902,-220062386.1926902,0.0,1,57,57,228,1251,85400,0.15950469998642802
Histology,mcet,6,6,MS-LS-conv,0.24883909994969144,0.25629240000853315,-220062377.86320406,-220062386.1926902,3.7850567176776216e-08,0,20,20,243,1147,90854,nan
Histology,mcet,6,7,RM-MDE,0.23194990021875128,0.23194990021875128,-220062386.1926902,-220062386.1926902,0.0,1,nan,90,152,320,56433,0.10535810008877888
Histology,mcet,6,7,MS-LS-4S,0.23194990021875128,0.23414720001164824,-220062386.1926902,-220062386.1926902,0.0,1,54,54,216,1165,80465,0.08642680000048131
Histology,mcet,6,7,MS-LS-conv,0.23194990021875128,0.23380819999147207,-220062386.1926902,-220062386.1926902,0.0,1,17,17,220,1030,81493,0.03731759998481721
Histology,mcet,6,8,RM-MDE,0.24914909998187795,0.24914909998187795,-220062386.1926902,-220062386.1926902,0.0,1,nan,109,166,330,61323,0.08203390002017841
Histology,mcet,6,8,MS-LS-4S,0.24914909998187795,0.2517591000068933,-220062376.7496766,-220062386.1926902,4.291062080998795e-08,0,59,59,236,1295,87221,nan
Histology,mcet,6,8,MS-LS-conv,0.24914909998187795,0.24932780000381172,-220062377.86320406,-220062386.1926902,3.7850567176776216e-08,0,15,15,240,1196,87589,nan
Histology,mcet,6,9,RM-MDE,0.22309369954746217,0.22309369954746217,-220062386.1926902,-220062386.1926902,0.0,1,nan,104,139,184,51540,0.02464939991477877
Histology,mcet,6,9,MS-LS-4S,0.22309369954746217,0.22369549999712035,-220062377.86320406,-220062386.1926902,3.7850567176776216e-08,0,52,52,208,1152,77622,nan
Histology,mcet,6,9,MS-LS-conv,0.22309369954746217,0.22331999999005347,-220062386.1926902,-220062386.1926902,0.0,1,17,17,212,1011,79002,0.11428770003840327
Histology,mcet,7,0,RM-MDE,0.2430386000778526,0.2430386000778526,-220073370.7810644,-220073370.7810644,0.0,1,nan,81,150,415,56641,0.10898760007694364
Histology,mcet,7,0,MS-LS-4S,0.2430386000778526,0.2437964000273496,-220073280.0589052,-220073370.7810644,4.122359686457387e-07,0,54,54,216,1346,83198,nan
Histology,mcet,7,0,MS-LS-conv,0.2430386000778526,0.25276600004872307,-220073329.25248605,-220073370.7810644,1.8870333195523738e-07,0,17,17,231,1232,87991,nan
Histology,mcet,7,1,RM-MDE,0.18703010014723986,0.18703010014723986,-220073370.7810644,-220073370.7810644,0.0,1,nan,46,103,352,38704,0.1236839999910444
Histology,mcet,7,1,MS-LS-4S,0.18703010014723986,0.1896052000229247,-220073349.33320013,-220073370.7810644,9.745778959139396e-08,0,42,42,168,1041,63585,nan
Histology,mcet,7,1,MS-LS-conv,0.18703010014723986,0.19330350001109764,-220073284.87274957,-220073370.7810644,3.903621529456578e-07,0,15,15,177,939,66918,nan
Histology,mcet,7,2,RM-MDE,0.21886250004172325,0.21886250004172325,-220073370.7810644,-220073370.7810644,0.0,1,nan,88,132,232,49659,0.086114400124643
Histology,mcet,7,2,MS-LS-4S,0.21886250004172325,0.22136259998660535,-220073148.98590353,-220073370.7810644,1.0078237093049831e-06,0,50,50,200,1277,75723,nan
Histology,mcet,7,2,MS-LS-conv,0.21886250004172325,0.22082380001666024,-220073329.25248605,-220073370.7810644,1.8870333195523738e-07,0,15,15,205,1122,77006,nan
Histology,mcet,7,3,RM-MDE,0.2712609994923696,0.2712609994923696,-220073370.7810644,-220073370.7810644,0.0,1,nan,113,181,388,68052,0.10138779983390123
Histology,mcet,7,3,MS-LS-4S,0.2712609994923696,0.2736329000326805,-220073223.09759888,-220073370.7810644,6.710646771413645e-07,0,62,62,248,1569,93608,nan
Histology,mcet,7,3,MS-LS-conv,0.2712609994923696,0.27874740003608167,-220073359.82783753,-220073370.7810644,4.9770796100699165e-08,0,20,20,259,1436,97356,nan
Histology,mcet,7,4,RM-MDE,0.2517814001766965,0.2517814001766965,-220073370.7810644,-220073370.7810644,0.0,1,nan,93,163,387,61573,0.09618310007499531
Histology,mcet,7,4,MS-LS-4S,0.2517814001766965,0.2559975999756716,-220073003.3289538,-220073370.7810644,1.6696800220963716e-06,0,57,57,228,1469,87717,nan
Histology,mcet,7,4,MS-LS-conv,0.2517814001766965,0.2653625999810174,-220073329.25248605,-220073370.7810644,1.8870333195523738e-07,0,19,19,244,1300,92380,nan
Histology,mcet,7,5,RM-MDE,0.26684539997950196,0.26684539997950196,-220073370.7810644,-220073370.7810644,0.0,1,nan,123,174,280,65439,0.044703299878165126
Histology,mcet,7,5,MS-LS-4S,0.26684539997950196,0.27071169996634126,-220073247.1824926,-220073370.7810644,5.616243861702983e-07,0,60,60,240,1530,90850,nan
Histology,mcet,7,5,MS-LS-conv,0.26684539997950196,0.2797576999873854,-220073329.25248605,-220073370.7810644,1.8870333195523738e-07,0,20,20,254,1379,95964,nan
Histology,mcet,7,6,RM-MDE,0.2114288003067486,0.2114288003067486,-220073370.7810644,-220073370.7810644,0.0,1,nan,81,124,225,46821,0.0802764002000913
Histology,mcet,7,6,MS-LS-4S,0.2114288003067486,0.21385100000770763,-220073322.8326492,-220073370.7810644,2.1787467979341302e-07,0,48,48,192,1207,73498,nan
Histology,mcet,7,6,MS-LS-conv,0.2114288003067486,0.21182150003733113,-220073370.7810644,-220073370.7810644,0.0,1,17,17,192,941,73268,0.21182150003733113
Histology,mcet,7,7,RM-MDE,0.21942360029788688,0.21942360029788688,-220073370.7810644,-220073370.7810644,0.0,1,nan,78,131,326,49542,0.06875570007832721
Histology,mcet,7,7,MS-LS-4S,0.21942360029788688,0.22298000002047047,-220073284.57646722,-220073370.7810644,3.9170844191267574e-07,0,50,50,200,1274,76100,nan
Histology,mcet,7,7,MS-LS-conv,0.21942360029788688,0.2273624000372365,-220073329.25248605,-220073370.7810644,1.8870333195523738e-07,0,17,17,208,1118,78441,nan
Histology,mcet,7,8,RM-MDE,0.23961000028066337,0.23961000028066337,-220073370.7810644,-220073370.7810644,0.0,1,nan,100,149,298,55893,0.06500690005486831
Histology,mcet,7,8,MS-LS-4S,0.23961000028066337,0.24348249996546656,-220073332.212277,-220073370.7810644,1.7525422207634345e-07,0,55,55,220,1378,82833,nan
Histology,mcet,7,8,MS-LS-conv,0.23961000028066337,0.24239620001753792,-220073370.7810644,-220073370.7810644,0.0,1,17,17,225,1232,83732,0.2061981000006199
Histology,mcet,7,9,RM-MDE,0.22023440041812137,0.22023440041812137,-220073370.7810644,-220073370.7810644,0.0,1,nan,69,133,358,50199,0.12577330024214461
Histology,mcet,7,9,MS-LS-4S,0.22023440041812137,0.22088269999949262,-220073171.3837325,-220073370.7810644,9.06049337935622e-07,0,50,50,200,1271,75871,nan
Histology,mcet,7,9,MS-LS-conv,0.22023440041812137,0.23379240004578605,-220073284.87274957,-220073370.7810644,3.903621529456578e-07,0,16,16,216,1178,81501,nan
Histology,mcet,8,0,RM-MDE,0.20315370010212064,0.20315370010212064,-220081234.15263566,-220081234.15263566,0.0,1,nan,61,116,336,43951,0.07843460002914071
Histology,mcet,8,0,MS-LS-4S,0.20315370010212064,0.20366739999735728,-220081127.08231172,-220081234.15263566,4.865036510556552e-07,0,44,44,176,1255,68765,nan
Histology,mcet,8,0,MS-LS-conv,0.20315370010212064,0.20619719999376684,-220081219.0117161,-220081234.15263566,6.87969586523384e-08,0,12,12,188,1082,72272,nan
Histology,mcet,8,1,RM-MDE,0.16822979995049536,0.16822979995049536,-220081234.15263566,-220081234.15263566,0.0,1,nan,28,87,385,32956,0.09418010013177991
Histology,mcet,8,1,MS-LS-4S,0.16822979995049536,0.16971180000109598,-220081145.19386935,-220081234.15263566,4.042087761544922e-07,0,38,38,152,1076,58275,nan
Histology,mcet,8,1,MS-LS-conv,0.16822979995049536,0.18925820000004023,-220081179.11598837,-220081234.15263566,2.500742396410824e-07,0,12,12,171,989,65341,nan
Histology,mcet,8,2,RM-MDE,0.22271669993642718,0.22271669993642718,-220081234.15263566,-220081234.15263566,0.0,1,nan,65,134,413,51426,0.11797619983553886
Histology,mcet,8,2,MS-LS-4S,0.22271669993642718,0.22376309998799115,-220081055.9158223,-220081234.15263566,8.098682927359374e-07,0,50,50,200,1458,76902,nan
Histology,mcet,8,2,MS-LS-conv,0.22271669993642718,0.2261475999839604,-220081153.203408,-220081234.15263566,3.678152204687869e-07,0,14,14,209,1223,79249,nan
Histology,mcet,8,3,RM-MDE,0.19671970017952845,0.19671970017952845,-220081234.15263566,-220081234.15263566,0.0,1,nan,46,110,353,41908,0.10065820009913296
Histology,mcet,8,3,MS-LS-4S,0.19671970017952845,0.19819379999535158,-220081106.11981565,-220081234.15263566,5.817525538199659e-07,0,44,44,176,1234,67585,nan
Histology,mcet,8,3,MS-LS-conv,0.19671970017952845,0.2045518000377342,-220081204.18413353,-220081234.15263566,1.3617018392990415e-07,0,13,13,187,1051,71223,nan
Histology,mcet,8,4,RM-MDE,0.26711880014045164,0.26711880014045164,-220081234.15263566,-220081234.15263566,0.0,1,nan,105,173,381,66095,0.11521189979976043
Histology,mcet,8,4,MS-LS-4S,0.26711880014045164,0.27063740004086867,-220081159.79202548,-220081234.15263566,3.378780134224504e-07,0,60,60,240,1747,93525,nan
Histology,mcet,8,4,MS-LS-conv,0.26711880014045164,0.2786582999979146,-220081204.18413353,-220081234.15263566,1.3617018392990415e-07,0,17,17,256,1424,97934,nan
Histology,mcet,8,5,RM-MDE,0.21131440007593483,0.21131440007593483,-220081234.15263566,-220081234.15263566,0.0,1,nan,59,124,399,47656,0.09083569998620078
Histology,mcet,8,5,MS-LS-4S,0.21131440007593483,0.21161910000955686,-220081084.89401808,-220081234.15263566,6.781978397868298e-07,0,48,48,192,1401,73533,nan
Histology,mcet,8,5,MS-LS-conv,0.21131440007593483,0.21156309999059886,-220081139.21492833,-220081234.15263566,4.313757495058099e-07,0,12,12,190,1100,72850,nan
Histology,mcet,8,6,RM-MDE,0.21001660055480897,0.21001660055480897,-220081219.0117161,-220081234.15263566,6.87969586523384e-08,0,nan,68,120,349,45832,nan
Histology,mcet,8,6,MS-LS-4S,0.21001660055480897,0.21317089995136485,-220080886.0289826,-220081234.15263566,1.5817961690127512e-06,0,48,48,192,1350,74695,nan
Histology,mcet,8,6,MS-LS-conv,0.21001660055480897,0.212406899954658,-220081153.203408,-220081234.15263566,3.678152204687869e-07,0,14,14,195,1110,75055,nan
Histology,mcet,8,7,RM-MDE,0.20137670007534325,0.20137670007534325,-220081234.15263566,-220081234.15263566,0.0,1,nan,41,114,454,43513,0.14526799996383488
Histology,mcet,8,7,MS-LS-4S,0.20137670007534325,0.20322060002945364,-220080816.05781525,-220081234.15263566,1.8997295340503531e-06,0,45,45,180,1304,69277,nan
Histology,mcet,8,7,MS-LS-conv,0.20137670007534325,0.21349840000038967,-220081139.21492833,-220081234.15263566,4.313757495058099e-07,0,12,12,197,1170,74925,nan
Histology,mcet,8,8,RM-MDE,0.19569880003109574,0.19569880003109574,-220081234.15263566,-220081234.15263566,0.0,1,nan,39,108,399,41534,0.13334649993339553
Histology,mcet,8,8,MS-LS-4S,0.19569880003109574,0.19809530000202358,-220080435.3867485,-220081234.15263566,3.6294138854976253e-06,0,44,44,176,1243,67469,nan
Histology,mcet,8,8,MS-LS-conv,0.19569880003109574,0.197967600019183,-220081153.203408,-220081234.15263566,3.678152204687869e-07,0,10,10,187,1128,70215,nan
Histology,mcet,8,9,RM-MDE,0.26716890011448413,0.26716890011448413,-220081234.15263566,-220081234.15263566,0.0,1,nan,85,170,521,65256,0.13703670003451407
Histology,mcet,8,9,MS-LS-4S,0.26716890011448413,0.26912070001708344,-220080864.9876123,-220081234.15263566,1.677403458673103e-06,0,61,61,244,1708,93747,nan
Histology,mcet,8,9,MS-LS-conv,0.26716890011448413,0.2800361000117846,-220081204.18413353,-220081234.15263566,1.3617018392990415e-07,0,17,17,258,1456,98589,nan
