image,criterion,n,seed,method,elapsed_time,best_objective,best_gap
Cameraman,otsu,6,0,RM-MDE,0.000647400040179491,-5831460408.253724,0.0011742059493507835
Cameraman,otsu,6,0,RM-MDE,0.00873979995958507,-5837571739.951315,0.00012744316469509608
Cameraman,otsu,6,0,RM-MDE,0.01877929997863248,-5837586614.255863,0.00012489546000171557
Cameraman,otsu,6,0,RM-MDE,0.04781740019097924,-5837591046.118002,0.00012413636058065242
Cameraman,otsu,6,0,MS-LS-4S,0.0020527999731712043,-5832075611.544296,0.0010688325313406753
Cameraman,otsu,6,0,MS-LS-4S,0.004153299960307777,-5835097768.671203,0.0005511905890656948
Cameraman,otsu,6,0,MS-LS-4S,0.006203199969604611,-5835233222.2576,0.0005279897908919355
Cameraman,otsu,6,0,MS-LS-4S,0.00813400000333786,-5837558020.299967,0.00012979309776374597
Cameraman,otsu,6,0,MS-LS-4S,0.016655799990985543,-5838311039.918197,8.141858860958465e-07
Cameraman,otsu,6,0,MS-LS-conv,0.00567749998299405,-5835248567.53814,0.0005253614163600486
Cameraman,otsu,6,0,MS-LS-conv,0.016575399960856885,-5837580523.752907,0.00012593865519223323
Cameraman,otsu,6,0,MS-LS-conv,0.02616379997925833,-5837586614.255863,0.00012489546000171557
Cameraman,otsu,6,0,MS-LS-conv,0.03243339998880401,-5838311039.918197,8.141858860958465e-07
Cameraman,otsu,6,0,MS-LS-conv,0.042881499975919724,-5838312563.78882,5.53173861821107e-07
Cameraman,otsu,6,1,RM-MDE,0.0006461000302806497,-5827139936.940801,0.0019142260965674012
Cameraman,otsu,6,1,RM-MDE,0.0016992000746540725,-5832037899.721459,0.0010752918980778353
Cameraman,otsu,6,1,RM-MDE,0.005006500112358481,-5835233222.2576,0.0005279897908919355
Cameraman,otsu,6,1,RM-MDE,0.009253800148144364,-5838315793.392514,0.0
Cameraman,otsu,6,1,MS-LS-4S,0.002145899983588606,-5834159192.089608,0.0007119521194126309
Cameraman,otsu,6,1,MS-LS-4S,0.004182200005743653,-5837536795.15028,0.0001334285896483807
Cameraman,otsu,6,1,MS-LS-4S,0.006156099960207939,-5837862864.866809,7.757862742161656e-05
Cameraman,otsu,6,1,MS-LS-4S,0.008296399959363043,-5838299054.674951,2.867045592595918e-06
Cameraman,otsu,6,1,MS-LS-4S,0.015492099977564067,-5838310941.536208,8.310369767197442e-07
Cameraman,otsu,6,1,MS-LS-4S,0.1387447000015527,-5838315793.392514,0.0
Cameraman,otsu,6,1,MS-LS-conv,0.004769899998791516,-5835248567.53814,0.0005253614163600486
Cameraman,otsu,6,1,MS-LS-conv,0.00936059997184202,-5837549908.08736,0.0001311825759786125
Cameraman,otsu,6,1,MS-LS-conv,0.014431499992497265,-5838312563.78882,5.53173861821107e-07
Cameraman,otsu,6,2,RM-MDE,0.0006413999944925308,-5834015512.45158,0.0007365618944081448
Cameraman,otsu,6,2,RM-MDE,0.005942300020251423,-5837968712.513095,5.9448801966507854e-05
Cameraman,otsu,6,2,RM-MDE,0.015199100016616285,-5838053798.724035,4.4875042349623665e-05
Cameraman,otsu,6,2,RM-MDE,0.02050959999905899,-5838312563.78882,5.53173861821107e-07
Cameraman,otsu,6,2,RM-MDE,0.06353900011163205,-5838315793.392514,0.0
Cameraman,otsu,6,2,MS-LS-4S,0.002064800006337464,-5838315793.392514,0.0
Cameraman,otsu,6,2,MS-LS-conv,0.0020786999957636,-5838315793.392514,0.0
Cameraman,otsu,6,3,RM-MDE,0.0006516000139527023,-5829558260.196638,0.0015000101922865183
Cameraman,otsu,6,3,RM-MDE,0.006598799955099821,-5837549675.003607,0.00013122249909374264
Cameraman,otsu,6,3,RM-MDE,0.02448069996898994,-5837586614.255863,0.00012489546000171557
Cameraman,otsu,6,3,RM-MDE,0.029641899978742003,-5837640712.4244795,0.00011562940271212528
Cameraman,otsu,6,3,RM-MDE,0.034766700002364814,-5838312563.78882,5.53173861821107e-07
Cameraman,otsu,6,3,RM-MDE,0.06573700002627447,-5838315793.392514,0.0
Cameraman,otsu,6,3,MS-LS-4S,0.0020226999768055975,-5838053798.724035,4.4875042349623665e-05
Cameraman,otsu,6,3,MS-LS-4S,0.008472799963783473,-5838192617.615981,2.109782699190928e-05
Cameraman,otsu,6,3,MS-LS-4S,0.01286630000686273,-5838315793.392514,0.0
Cameraman,otsu,6,3,MS-LS-conv,0.0046931999968364835,-5838312563.78882,5.53173861821107e-07
Cameraman,otsu,6,3,MS-LS-conv,0.025640100007876754,-5838315793.392514,0.0
Cameraman,otsu,6,4,RM-MDE,0.0006558999884873629,-5834094338.065436,0.000723060464090599
Cameraman,otsu,6,4,RM-MDE,0.005842599959578365,-5837115942.82181,0.00020551313309608658
Cameraman,otsu,6,4,RM-MDE,0.013307099987287074,-5837549908.08736,0.0001311825759786125
Cameraman,otsu,6,4,RM-MDE,0.03469010005937889,-5837552646.159596,0.00013071359274218668
Cameraman,otsu,6,4,RM-MDE,0.04264360008528456,-5837586614.255863,0.00012489546000171557
Cameraman,otsu,6,4,RM-MDE,0.06452130002435297,-5837591046.118002,0.00012413636058065242
Cameraman,otsu,6,4,MS-LS-4S,0.002159699972253293,-5835233222.2576,0.0005279897908919355
Cameraman,otsu,6,4,MS-LS-4S,0.008631600008811802,-5837482555.046756,0.00014271895787162654
Cameraman,otsu,6,4,MS-LS-4S,0.01076969999121502,-5838306870.907626,1.5282634930735952e-06
Cameraman,otsu,6,4,MS-LS-4S,0.03590870002517477,-5838312563.78882,5.53173861821107e-07
Cameraman,otsu,6,4,MS-LS-4S,0.08497929997975007,-5838315793.392514,0.0
Cameraman,otsu,6,4,MS-LS-conv,0.003096700005698949,-5835248567.53814,0.0005253614163600486
Cameraman,otsu,6,4,MS-LS-conv,0.019361899991054088,-5837549908.08736,0.0001311825759786125
Cameraman,otsu,6,4,MS-LS-conv,0.02241820003837347,-5838311039.918197,8.141858860958465e-07
Cameraman,otsu,6,4,MS-LS-conv,0.03664430003846064,-5838312563.78882,5.53173861821107e-07
Cameraman,otsu,6,5,RM-MDE,0.000644699961412698,-5833510538.515003,0.0008230549781067596
Cameraman,otsu,6,5,RM-MDE,0.00572039996040985,-5838311039.918197,8.141858860958465e-07
Cameraman,otsu,6,5,RM-MDE,0.040620399930048734,-5838312563.78882,5.53173861821107e-07
Cameraman,otsu,6,5,RM-MDE,0.04796389990951866,-5838315793.392514,0.0
Cameraman,otsu,6,5,MS-LS-4S,0.0021081999875605106,-5838209042.073507,1.8284608572858485e-05
Cameraman,otsu,6,5,MS-LS-4S,0.008303300011903048,-5838299054.674951,2.867045592595918e-06
Cameraman,otsu,6,5,MS-LS-4S,0.09729379997588694,-5838312563.78882,5.53173861821107e-07
Cameraman,otsu,6,5,MS-LS-conv,0.0041803999920375645,-5838311039.918197,8.141858860958465e-07
Cameraman,otsu,6,5,MS-LS-conv,0.008668299997225404,-5838312563.78882,5.53173861821107e-07
Cameraman,otsu,6,6,RM-MDE,0.0006482999888248742,-5822478338.862504,0.0027126752115625855
Cameraman,otsu,6,6,RM-MDE,0.005841199948918074,-5837518405.720065,0.00013657837305607065
Cameraman,otsu,6,6,RM-MDE,0.008745299943257123,-5837547078.409503,0.00013166724963408714
Cameraman,otsu,6,6,RM-MDE,0.011650999949779361,-5837552436.705492,0.00013074946851729646
Cameraman,otsu,6,6,RM-MDE,0.014549599960446358,-5837586614.255863,0.00012489546000171557
Cameraman,otsu,6,6,RM-MDE,0.059991999820340425,-5837591046.118002,0.00012413636058065242
Cameraman,otsu,6,6,MS-LS-4S,0.002305900037754327,-5838310941.536208,8.310369767197442e-07
Cameraman,otsu,6,6,MS-LS-4S,0.004412700014654547,-5838311039.918197,8.141858860958465e-07
Cameraman,otsu,6,6,MS-LS-conv,0.003140200045891106,-5838312563.78882,5.53173861821107e-07
Cameraman,otsu,6,7,RM-MDE,0.0006140000186860561,-5827801243.47015,0.0018009560110235946
Cameraman,otsu,6,7,RM-MDE,0.00799800007371232,-5838244528.790341,1.2206363049683769e-05
Cameraman,otsu,6,7,RM-MDE,0.024048900057096034,-5838312563.78882,5.53173861821107e-07
Cameraman,otsu,6,7,RM-MDE,0.05713640007888898,-5838315793.392514,0.0
Cameraman,otsu,6,7,MS-LS-4S,0.0022560000070370734,-5835097768.671203,0.0005511905890656948
Cameraman,otsu,6,7,MS-LS-4S,0.004338799975812435,-5838266067.276501,8.517202181801164e-06
Cameraman,otsu,6,7,MS-LS-4S,0.008423699997365475,-5838299054.674951,2.867045592595918e-06
Cameraman,otsu,6,7,MS-LS-4S,0.08706890000030398,-5838315793.392514,0.0
Cameraman,otsu,6,7,MS-LS-conv,0.00453090004157275,-5835223783.733617,0.0005296064427341815
Cameraman,otsu,6,7,MS-LS-conv,0.008089400012977421,-5838311039.918197,8.141858860958465e-07
Cameraman,otsu,6,7,MS-LS-conv,0.015300100028980523,-5838312563.78882,5.53173861821107e-07
Cameraman,otsu,6,8,RM-MDE,0.000611299998126924,-5826839678.859358,0.0019656549832649394
Cameraman,otsu,6,8,RM-MDE,0.0036510000354610384,-5835210191.211611,0.000531934600800146
Cameraman,otsu,6,8,RM-MDE,0.006531400082167238,-5837415108.570834,0.00015427134357812826
Cameraman,otsu,6,8,RM-MDE,0.011624700098764151,-5837580523.752907,0.00012593865519223323
Cameraman,otsu,6,8,RM-MDE,0.01670840010046959,-5837586614.255863,0.00012489546000171557
Cameraman,otsu,6,8,RM-MDE,0.029337800049688667,-5838312563.78882,5.53173861821107e-07
Cameraman,otsu,6,8,RM-MDE,0.0647886999649927,-5838315793.392514,0.0
Cameraman,otsu,6,8,MS-LS-4S,0.0023105000145733356,-5835233222.2576,0.0005279897908919355
Cameraman,otsu,6,8,MS-LS-4S,0.00420630001462996,-5836420390.413905,0.0003246489305621663
Cameraman,otsu,6,8,MS-LS-4S,0.006172300025355071,-5838053798.724035,4.4875042349623665e-05
Cameraman,otsu,6,8,MS-LS-4S,0.00824220001231879,-5838311039.918197,8.141858860958465e-07
Cameraman,otsu,6,8,MS-LS-4S,0.016170800023246557,-5838315793.392514,0.0
Cameraman,otsu,6,8,MS-LS-conv,0.0031325999880209565,-5835248567.53814,0.0005253614163600486
Cameraman,otsu,6,8,MS-LS-conv,0.009293599985539913,-5837580523.752907,0.00012593865519223323
Cameraman,otsu,6,8,MS-LS-conv,0.014395700010936707,-5838312563.78882,5.53173861821107e-07
Cameraman,otsu,6,8,MS-LS-conv,0.03617159998975694,-5838315793.392514,0.0
Cameraman,otsu,6,9,RM-MDE,0.0006154000293463469,-5828072910.426924,0.0017544242771490384
Cameraman,otsu,6,9,RM-MDE,0.00594730005832389,-5838310941.536208,8.310369767197442e-07
Cameraman,otsu,6,9,RM-MDE,0.05272190016694367,-5838311039.918197,8.141858860958465e-07
Cameraman,otsu,6,9,RM-MDE,0.05683470022631809,-5838312563.78882,5.53173861821107e-07
Cameraman,otsu,6,9,RM-MDE,0.07790090021444485,-5838315793.392514,0.0
Cameraman,otsu,6,9,MS-LS-4S,0.0020521999686025083,-5831884586.954519,0.00110155165729018
Cameraman,otsu,6,9,MS-LS-4S,0.004217199981212616,-5831947489.922443,0.0010907774939612098
Cameraman,otsu,6,9,MS-LS-4S,0.0064344999846071005,-5834992986.286855,0.0005691379540346303
Cameraman,otsu,6,9,MS-LS-4S,0.013774099992588162,-5838116805.941226,3.408302296929987e-05
Cameraman,otsu,6,9,MS-LS-4S,0.05578999995486811,-5838244528.790341,1.2206363049683769e-05
Cameraman,otsu,6,9,MS-LS-4S,0.06006990000605583,-5838311039.918197,8.141858860958465e-07
Cameraman,otsu,6,9,MS-LS-4S,0.11167829995974898,-5838312563.78882,5.53173861821107e-07
Cameraman,otsu,6,9,MS-LS-conv,0.006342799984849989,-5835223783.733617,0.0005296064427341815
Cameraman,otsu,6,9,MS-LS-conv,0.011745600029826164,-5835248567.53814,0.0005253614163600486
Cameraman,otsu,6,9,MS-LS-conv,0.03322819998720661,-5838312563.78882,5.53173861821107e-07
Cameraman,otsu,7,0,RM-MDE,0.0006607999675907195,-5837294464.490301,0.0009022174329549844
Cameraman,otsu,7,0,RM-MDE,0.003927899990230799,-5840804767.708259,0.00030140207533784353
Cameraman,otsu,7,0,RM-MDE,0.011604600003920496,-5842550054.351568,2.682861174171437e-06
Cameraman,otsu,7,0,RM-MDE,0.04622910002944991,-5842561657.110817,6.969598105195445e-07
Cameraman,otsu,7,0,RM-MDE,0.06221799994818866,-5842565729.1443205,0.0
Cameraman,otsu,7,0,MS-LS-4S,0.003389200021047145,-5840835682.48666,0.0002961107735648633
Cameraman,otsu,7,0,MS-LS-4S,0.007571900030598044,-5842441667.283831,2.1234140314586566e-05
Cameraman,otsu,7,0,MS-LS-4S,0.03635890001896769,-5842537975.100652,4.750317746585574e-06
Cameraman,otsu,7,0,MS-LS-4S,0.06392410001717508,-5842555055.933108,1.8268020775388625e-06
Cameraman,otsu,7,0,MS-LS-4S,0.10679390002042055,-5842559665.014445,1.037922405379808e-06
Cameraman,otsu,7,0,MS-LS-conv,0.003940200025681406,-5840857847.93708,0.0002923169864774862
Cameraman,otsu,7,0,MS-LS-conv,0.016542700002901256,-5842553400.454242,2.110150000921079e-06
Cameraman,otsu,7,1,RM-MDE,0.0006532999686896801,-5833369093.144547,0.001574074888691056
Cameraman,otsu,7,1,RM-MDE,0.008397099969442934,-5840212915.07136,0.0004027022000324911
Cameraman,otsu,7,1,RM-MDE,0.019824599963612854,-5842559820.959522,1.0112312076814155e-06
Cameraman,otsu,7,1,RM-MDE,0.04946300003211945,-5842565116.187863,1.0491220562234611e-07
Cameraman,otsu,7,1,RM-MDE,0.0650917999446392,-5842565729.1443205,0.0
Cameraman,otsu,7,1,MS-LS-4S,0.0021117000142112374,-5837366109.47087,0.0008899548442413477
Cameraman,otsu,7,1,MS-LS-4S,0.004299800028093159,-5842547234.761492,3.165455672403891e-06
Cameraman,otsu,7,1,MS-LS-4S,0.023905000009108335,-5842562095.725591,6.21887523088977e-07
Cameraman,otsu,7,1,MS-LS-4S,0.056910699990112334,-5842565116.187863,1.0491220562234611e-07
Cameraman,otsu,7,1,MS-LS-conv,0.007066400023177266,-5840050894.218043,0.00043043331352396675
Cameraman,otsu,7,1,MS-LS-conv,0.010820700030308217,-5842561657.110817,6.969598105195445e-07
Cameraman,otsu,7,1,MS-LS-conv,0.05500160000519827,-5842562095.725591,6.21887523088977e-07
Cameraman,otsu,7,1,MS-LS-conv,0.1365533000207506,-5842565116.187863,1.0491220562234611e-07
Cameraman,otsu,7,2,RM-MDE,0.000659500015899539,-5835493789.031404,0.0012104168683358014
Cameraman,otsu,7,2,RM-MDE,0.005899599986150861,-5841179297.82275,0.0002372983695595407
Cameraman,otsu,7,2,RM-MDE,0.011248399969190359,-5842550054.351568,2.682861174171437e-06
Cameraman,otsu,7,2,RM-MDE,0.02718869992531836,-5842562095.725591,6.21887523088977e-07
Cameraman,otsu,7,2,MS-LS-4S,0.0023603999870829284,-5842422266.949582,2.455465653090718e-05
Cameraman,otsu,7,2,MS-LS-4S,0.006456599978264421,-5842551577.323833,2.4221927733614084e-06
Cameraman,otsu,7,2,MS-LS-4S,0.08137309999438003,-5842562439.9171715,5.629764903802686e-07
Cameraman,otsu,7,2,MS-LS-4S,0.12644079996971413,-5842565729.1443205,0.0
Cameraman,otsu,7,2,MS-LS-conv,0.004441600001882762,-5842553400.454242,2.110150000921079e-06
Cameraman,otsu,7,2,MS-LS-conv,0.10426060005556792,-5842562095.725591,6.21887523088977e-07
Cameraman,otsu,7,3,RM-MDE,0.0006325999856926501,-5833931221.595204,0.001477862286776654
Cameraman,otsu,7,3,RM-MDE,0.003858499985653907,-5842503741.442115,1.0609671346348111e-05
Cameraman,otsu,7,3,RM-MDE,0.007095700013451278,-5842556924.626216,1.5069608991532387e-06
Cameraman,otsu,7,3,RM-MDE,0.04124070005491376,-5842562095.725591,6.21887523088977e-07
Cameraman,otsu,7,3,RM-MDE,0.06055030011339113,-5842565729.1443205,0.0
Cameraman,otsu,7,3,MS-LS-4S,0.0019638999947346747,-5841960917.995461,0.00010351807354807497
Cameraman,otsu,7,3,MS-LS-4S,0.006834300002083182,-5842188859.301301,6.450416828681197e-05
Cameraman,otsu,7,3,MS-LS-4S,0.011093600012827665,-5842550054.351568,2.682861174171437e-06
Cameraman,otsu,7,3,MS-LS-4S,0.052307300036773086,-5842551434.371999,2.4466600778481283e-06
Cameraman,otsu,7,3,MS-LS-4S,0.05669480003416538,-5842553400.454242,2.110150000921079e-06
Cameraman,otsu,7,3,MS-LS-4S,0.0716157000279054,-5842556924.626216,1.5069608991532387e-06
Cameraman,otsu,7,3,MS-LS-conv,0.0057687999797053635,-5842553400.454242,2.110150000921079e-06
Cameraman,otsu,7,3,MS-LS-conv,0.023270400008186698,-5842562095.725591,6.21887523088977e-07
Cameraman,otsu,7,4,RM-MDE,0.0006467999774031341,-5833744834.027856,0.0015097639505300849
Cameraman,otsu,7,4,RM-MDE,0.0027482000296004117,-5836232818.965202,0.0010839262188404425
Cameraman,otsu,7,4,RM-MDE,0.00836390006588772,-5840857847.93708,0.0002923169864774862
Cameraman,otsu,7,4,RM-MDE,0.01439390005543828,-5842393338.901404,2.9505914166472677e-05
Cameraman,otsu,7,4,RM-MDE,0.02855090011144057,-5842551577.323833,2.4221927733614084e-06
Cameraman,otsu,7,4,RM-MDE,0.06875289999879897,-5842565116.187863,1.0491220562234611e-07
Cameraman,otsu,7,4,RM-MDE,0.07985450001433492,-5842565729.1443205,0.0
Cameraman,otsu,7,4,MS-LS-4S,0.0021439999691210687,-5836533880.244809,0.0010323972684505407
Cameraman,otsu,7,4,MS-LS-4S,0.0042841999675147235,-5839637596.1420145,0.000501172453687539
Cameraman,otsu,7,4,MS-LS-4S,0.008697299985215068,-5840034745.143078,0.00043319735174178616
Cameraman,otsu,7,4,MS-LS-4S,0.010840700007975101,-5842562095.725591,6.21887523088977e-07
Cameraman,otsu,7,4,MS-LS-4S,0.14631179999560118,-5842562439.9171715,5.629764903802686e-07
Cameraman,otsu,7,4,MS-LS-4S,0.16803419997449964,-5842565116.187863,1.0491220562234611e-07
Cameraman,otsu,7,4,MS-LS-conv,0.007444599992595613,-5840050894.218043,0.00043043331352396675
Cameraman,otsu,7,4,MS-LS-conv,0.02507899998454377,-5840056638.222485,0.0004294501830454154
Cameraman,otsu,7,4,MS-LS-conv,0.02776249998714775,-5842562095.725591,6.21887523088977e-07
Cameraman,otsu,7,5,RM-MDE,0.000693199981469661,-5833775720.906317,0.0015044774240462128
Cameraman,otsu,7,5,RM-MDE,0.004130300018005073,-5835761853.584494,0.0011645355611298051
Cameraman,otsu,7,5,RM-MDE,0.009576100041158497,-5842285982.963926,4.788070744308823e-05
Cameraman,otsu,7,5,RM-MDE,0.01489450002554804,-5842525998.716868,6.800167819062973e-06
Cameraman,otsu,7,5,RM-MDE,0.026561299979221076,-5842540028.692445,4.398829738018306e-06
Cameraman,otsu,7,5,RM-MDE,0.045982099836692214,-5842551577.323833,2.4221927733614084e-06
Cameraman,otsu,7,5,RM-MDE,0.0546147997956723,-5842565116.187863,1.0491220562234611e-07
Cameraman,otsu,7,5,RM-MDE,0.06713759974809363,-5842565729.1443205,0.0
Cameraman,otsu,7,5,MS-LS-4S,0.0021176000009290874,-5842535449.368003,5.182616289030794e-06
Cameraman,otsu,7,5,MS-LS-4S,0.10040130000561476,-5842561657.110817,6.969598105195445e-07
Cameraman,otsu,7,5,MS-LS-conv,0.0035994999925605953,-5842551577.323833,2.4221927733614084e-06
Cameraman,otsu,7,5,MS-LS-conv,0.02066539996303618,-5842553400.454242,2.110150000921079e-06
Cameraman,otsu,7,6,RM-MDE,0.000661000027321279,-5837614372.185194,0.0008474627738337193
Cameraman,otsu,7,6,RM-MDE,0.00625100004253909,-5840820875.6066065,0.00029864508481439867
Cameraman,otsu,7,6,RM-MDE,0.02139290008926764,-5840857847.93708,0.0002923169864774862
Cameraman,otsu,7,6,RM-MDE,0.03501230000983924,-5840857952.338393,0.00029229911739091225
Cameraman,otsu,7,6,MS-LS-4S,0.002375599986407906,-5842503741.442115,1.0609671346348111e-05
Cameraman,otsu,7,6,MS-LS-4S,0.009199800028000027,-5842510712.925112,9.41644848500058e-06
Cameraman,otsu,7,6,MS-LS-4S,0.12377100001322106,-5842537975.100652,4.750317746585574e-06
Cameraman,otsu,7,6,MS-LS-conv,0.0049100000178441405,-5842551577.323833,2.4221927733614084e-06
Cameraman,otsu,7,6,MS-LS-conv,0.020330300030764192,-5842562095.725591,6.21887523088977e-07
Cameraman,otsu,7,7,RM-MDE,0.0006750999600626528,-5829410279.589321,0.002251656235440598
Cameraman,otsu,7,7,RM-MDE,0.0040686000138521194,-5840019028.630346,0.0004358873536108544
Cameraman,otsu,7,7,RM-MDE,0.00948379997862503,-5841945356.014111,0.00010618162618442296
Cameraman,otsu,7,7,RM-MDE,0.013618499971926212,-5842522316.391176,7.430426144409382e-06
Cameraman,otsu,7,7,RM-MDE,0.017005999921821058,-5842562439.9171715,5.629764903802686e-07
Cameraman,otsu,7,7,RM-MDE,0.04386390000581741,-5842565116.187863,1.0491220562234611e-07
Cameraman,otsu,7,7,RM-MDE,0.05811720003839582,-5842565729.1443205,0.0
Cameraman,otsu,7,7,MS-LS-4S,0.0022794000105932355,-5840739225.703609,0.00031262009284720947
Cameraman,otsu,7,7,MS-LS-4S,0.004392700036987662,-5842556895.174793,1.5120017363567354e-06
Cameraman,otsu,7,7,MS-LS-4S,0.029867400007788092,-5842559665.014445,1.037922405379808e-06
Cameraman,otsu,7,7,MS-LS-4S,0.13528140005655587,-5842559820.959522,1.0112312076814155e-06
Cameraman,otsu,7,7,MS-LS-conv,0.004442000004928559,-5840849740.349954,0.0002937046622868124
Cameraman,otsu,7,7,MS-LS-conv,0.007558000041171908,-5842565729.1443205,0.0
Cameraman,otsu,7,8,RM-MDE,0.000665400002617389,-5831253662.877739,0.0019361470270079883
Cameraman,otsu,7,8,RM-MDE,0.008223700046073645,-5842135380.229938,7.365752211160179e-05
Cameraman,otsu,7,8,RM-MDE,0.011342400044668466,-5842279167.465021,4.9047232429051896e-05
Cameraman,otsu,7,8,RM-MDE,0.016682400077115744,-5842540028.692445,4.398829738018306e-06
Cameraman,otsu,7,8,RM-MDE,0.03215500008082017,-5842559665.014445,1.037922405379808e-06
Cameraman,otsu,7,8,RM-MDE,0.0385379001381807,-5842565729.1443205,0.0
Cameraman,otsu,7,8,MS-LS-4S,0.0022170000011101365,-5840804767.708259,0.00030140207533784353
Cameraman,otsu,7,8,MS-LS-4S,0.01456709997728467,-5842500590.608588,1.114896070528405e-05
Cameraman,otsu,7,8,MS-LS-4S,0.0662849000073038,-5842551577.323833,2.4221927733614084e-06
Cameraman,otsu,7,8,MS-LS-conv,0.003745199996046722,-5840849740.349954,0.0002937046622868124
Cameraman,otsu,7,8,MS-LS-conv,0.03822410001885146,-5842562095.725591,6.21887523088977e-07
Cameraman,otsu,7,9,RM-MDE,0.0006402999861165881,-5828933928.985488,0.0023331873000304285
Cameraman,otsu,7,9,RM-MDE,0.0016884999931789935,-5833679162.952095,0.0015210040595515814
Cameraman,otsu,7,9,RM-MDE,0.004745999991428107,-5840240454.217894,0.00039798866358110077
Cameraman,otsu,7,9,RM-MDE,0.013547199952881783,-5842389085.277237,3.0233954613878187e-05
Cameraman,otsu,7,9,RM-MDE,0.02828069991664961,-5842551544.434782,2.4278219871284556e-06
Cameraman,otsu,7,9,RM-MDE,0.04735669994261116,-5842565729.1443205,0.0
Cameraman,otsu,7,9,MS-LS-4S,0.0025884000351652503,-5833314568.906287,0.0015834071308579328
Cameraman,otsu,7,9,MS-LS-4S,0.00459450000198558,-5839933366.302726,0.0004505491189365227
Cameraman,otsu,7,9,MS-LS-4S,0.00680220004869625,-5840742490.388156,0.00031206131701176003
Cameraman,otsu,7,9,MS-LS-4S,0.015179800044279546,-5840849740.349954,0.0002937046622868124
Cameraman,otsu,7,9,MS-LS-4S,0.017856700054835528,-5842364182.089488,3.449632647298883e-05
Cameraman,otsu,7,9,MS-LS-4S,0.019900000013876706,-5842553400.454242,2.110150000921079e-06
Cameraman,otsu,7,9,MS-LS-4S,0.11693130002822727,-5842565729.1443205,0.0
Cameraman,otsu,7,9,MS-LS-conv,0.009301000041887164,-5840050894.218043,0.00043043331352396675
Cameraman,otsu,7,9,MS-LS-conv,0.015284800028894097,-5840857952.338393,0.00029229911739091225
Cameraman,otsu,7,9,MS-LS-conv,0.04221879999386147,-5842553400.454242,2.110150000921079e-06
Cameraman,otsu,8,0,RM-MDE,0.0007034000009298325,-5837468717.067156,0.0013045151107073606
Cameraman,otsu,8,0,RM-MDE,0.004040699976030737,-5844841492.284486,4.315377799078889e-05
Cameraman,otsu,8,0,RM-MDE,0.016217299969866872,-5845055069.856041,6.614146392916991e-06
Cameraman,otsu,8,0,RM-MDE,0.021927500027231872,-5845088222.722432,9.42232832299877e-07
Cameraman,otsu,8,0,RM-MDE,0.0582109002280049,-5845093730.161653,0.0
Cameraman,otsu,8,0,MS-LS-4S,0.0022568999556824565,-5844988774.104909,1.7956265816924572e-05
Cameraman,otsu,8,0,MS-LS-4S,0.007161099987570196,-5845093730.161653,0.0
Cameraman,otsu,8,0,MS-LS-conv,0.006581099994946271,-5845053706.962252,6.8473152439584415e-06
Cameraman,otsu,8,0,MS-LS-conv,0.018630700011271983,-5845093730.161653,0.0
Cameraman,otsu,8,1,RM-MDE,0.000914699980057776,-5838863159.500953,0.0010659488022491525
Cameraman,otsu,8,1,RM-MDE,0.006899500032886863,-5843980094.186312,0.00019052491315824362
Cameraman,otsu,8,1,RM-MDE,0.01243380003143102,-5844997725.938904,1.6424753336864163e-05
Cameraman,otsu,8,1,RM-MDE,0.015717900067102164,-5845088222.722432,9.42232832299877e-07
Cameraman,otsu,8,1,RM-MDE,0.019189200073014945,-5845093730.161653,0.0
Cameraman,otsu,8,1,MS-LS-4S,0.0022646000143140554,-5841901316.326066,0.000546169827716049
Cameraman,otsu,8,1,MS-LS-4S,0.004452299966942519,-5845084793.996937,1.528831722518805e-06
Cameraman,otsu,8,1,MS-LS-4S,0.08823049999773502,-5845089992.999176,6.393674163435966e-07
Cameraman,otsu,8,1,MS-LS-conv,0.008424900006502867,-5845053706.962252,6.8473152439584415e-06
Cameraman,otsu,8,1,MS-LS-conv,0.012122900050599128,-5845093730.161653,0.0
Cameraman,otsu,8,2,RM-MDE,0.0006954999989829957,-5837301238.813557,0.0013331679024898005
Cameraman,otsu,8,2,RM-MDE,0.0018155999714508653,-5838882919.3467865,0.0010625682155988795
Cameraman,otsu,8,2,RM-MDE,0.004868699936196208,-5841079837.837506,0.0006867113701588601
Cameraman,otsu,8,2,RM-MDE,0.008068599971011281,-5842519647.82879,0.00044038341414101925
Cameraman,otsu,8,2,RM-MDE,0.011572899937164038,-5844844980.288297,4.255703754967605e-05
Cameraman,otsu,8,2,RM-MDE,0.023402499966323376,-5844984656.560236,1.86607104097835e-05
Cameraman,otsu,8,2,RM-MDE,0.02890579996164888,-5845019766.34138,1.2654000720429871e-05
Cameraman,otsu,8,2,RM-MDE,0.03524689999176189,-5845093730.161653,0.0
Cameraman,otsu,8,2,MS-LS-4S,0.002088200009893626,-5843943187.901335,0.0001968389752897911
Cameraman,otsu,8,2,MS-LS-4S,0.004176899965386838,-5844809425.7601185,4.8639836187232154e-05
Cameraman,otsu,8,2,MS-LS-4S,0.019627199973911047,-5844929069.840744,2.81706895577862e-05
Cameraman,otsu,8,2,MS-LS-4S,0.03899909998290241,-5845042893.196013,8.697373897836268e-06
Cameraman,otsu,8,2,MS-LS-4S,0.05895320000126958,-5845047076.214956,7.981727727570789e-06
Cameraman,otsu,8,2,MS-LS-4S,0.09912480000639334,-5845088222.722432,9.42232832299877e-07
Cameraman,otsu,8,2,MS-LS-conv,0.007931699976325035,-5845093730.161653,0.0
Cameraman,otsu,8,3,RM-MDE,0.0006613999721594155,-5836127693.313296,0.0015339423561490572
Cameraman,otsu,8,3,RM-MDE,0.00394249998498708,-5841888974.941536,0.0005482812368909582
Cameraman,otsu,8,3,RM-MDE,0.007282799982931465,-5842460873.150744,0.00045043880089076213
Cameraman,otsu,8,3,RM-MDE,0.011552900017704815,-5845032388.182073,1.049461008014136e-05
Cameraman,otsu,8,3,RM-MDE,0.01486490003298968,-5845039284.612926,9.314743482399174e-06
Cameraman,otsu,8,3,RM-MDE,0.03021570004057139,-5845053706.962252,6.8473152439584415e-06
Cameraman,otsu,8,3,RM-MDE,0.041466199967544526,-5845061225.836814,5.560958701296885e-06
Cameraman,otsu,8,3,RM-MDE,0.05496279994258657,-5845063081.856273,5.243424108276864e-06
Cameraman,otsu,8,3,MS-LS-4S,0.0020223999745212495,-5843208565.279756,0.000322520898539096
Cameraman,otsu,8,3,MS-LS-4S,0.004246600030455738,-5844966911.282006,2.1696637470823578e-05
Cameraman,otsu,8,3,MS-LS-4S,0.008819199982099235,-5845054278.648818,6.749509016591574e-06
Cameraman,otsu,8,3,MS-LS-4S,0.03375220001908019,-5845084216.754612,1.6275884493528737e-06
Cameraman,otsu,8,3,MS-LS-4S,0.06353659997694194,-5845084793.996937,1.528831722518805e-06
Cameraman,otsu,8,3,MS-LS-4S,0.1190183000289835,-5845089992.999176,6.393674163435966e-07
Cameraman,otsu,8,3,MS-LS-conv,0.008988499990664423,-5845093730.161653,0.0
Cameraman,otsu,8,4,RM-MDE,0.0006628000410273671,-5838610579.050803,0.0011091611888779894
Cameraman,otsu,8,4,RM-MDE,0.003946000069845468,-5844923382.768257,2.9143654705895152e-05
Cameraman,otsu,8,4,RM-MDE,0.009365800069645047,-5845027824.770451,1.1275335220355871e-05
Cameraman,otsu,8,4,RM-MDE,0.025733600021339953,-5845045161.760167,8.309259650503483e-06
Cameraman,otsu,8,4,RM-MDE,0.031124999979510903,-5845088222.722432,9.42232832299877e-07
Cameraman,otsu,8,4,RM-MDE,0.03500089998124167,-5845091450.521909,3.9000909977569954e-07
Cameraman,otsu,8,4,RM-MDE,0.06458799995016307,-5845093730.161653,0.0
Cameraman,otsu,8,4,MS-LS-4S,0.0022960000205785036,-5841835534.940306,0.0005574239476321873
Cameraman,otsu,8,4,MS-LS-4S,0.00910170003771782,-5844948080.417069,2.491829067368981e-05
Cameraman,otsu,8,4,MS-LS-4S,0.011531100026331842,-5845059281.690022,5.893570440510921e-06
Cameraman,otsu,8,4,MS-LS-4S,0.09230740001657978,-5845064856.343668,4.9398383186889385e-06
Cameraman,otsu,8,4,MS-LS-4S,0.11425500002223998,-5845088199.359517,9.462298451995172e-07
Cameraman,otsu,8,4,MS-LS-conv,0.008574999985285103,-5845053706.962252,6.8473152439584415e-06
Cameraman,otsu,8,4,MS-LS-conv,0.040890000003855675,-5845091450.521909,3.9000909977569954e-07
Cameraman,otsu,8,4,MS-LS-conv,0.08781749999616295,-5845093730.161653,0.0
Cameraman,otsu,8,5,RM-MDE,0.0006776999798603356,-5834933149.994643,0.0017383091933289411
Cameraman,otsu,8,5,RM-MDE,0.006145099934656173,-5845020896.198086,1.2460700705438608e-05
Cameraman,otsu,8,5,RM-MDE,0.03095609985757619,-5845084793.996937,1.528831722518805e-06
Cameraman,otsu,8,5,RM-MDE,0.06885889981640503,-5845093730.161653,0.0
Cameraman,otsu,8,5,MS-LS-4S,0.0020868999999947846,-5844928321.996602,2.8298633467068808e-05
Cameraman,otsu,8,5,MS-LS-4S,0.012985800043679774,-5845068136.5375805,4.378650754564901e-06
Cameraman,otsu,8,5,MS-LS-4S,0.14529350004158914,-5845088222.722432,9.42232832299877e-07
Cameraman,otsu,8,5,MS-LS-conv,0.004943299980368465,-5845093730.161653,0.0
Cameraman,otsu,8,6,RM-MDE,0.0007333999965339899,-5838507546.335693,0.0011267884023781186
Cameraman,otsu,8,6,RM-MDE,0.0040751000051386654,-5842453256.535995,0.0004517418791819802
Cameraman,otsu,8,6,RM-MDE,0.008513399981893599,-5842950412.037512,0.0003666866988087569
Cameraman,otsu,8,6,RM-MDE,0.011874700023327023,-5844757772.225527,5.747691168614742e-05
Cameraman,otsu,8,6,RM-MDE,0.01869920000899583,-5844930381.412745,2.794630102579581e-05
Cameraman,otsu,8,6,RM-MDE,0.031055200030095875,-5845061225.836814,5.560958701296885e-06
Cameraman,otsu,8,6,RM-MDE,0.03674350003711879,-5845082812.291262,1.8678691728336207e-06
Cameraman,otsu,8,6,RM-MDE,0.055754999979399145,-5845093730.161653,0.0
Cameraman,otsu,8,6,MS-LS-4S,0.002835199993569404,-5845087445.078835,1.0752749413750617e-06
Cameraman,otsu,8,6,MS-LS-4S,0.13632280001183972,-5845088222.722432,9.42232832299877e-07
Cameraman,otsu,8,6,MS-LS-conv,0.003305099962744862,-5845091450.521909,3.9000909977569954e-07
Cameraman,otsu,8,6,MS-LS-conv,0.021522599970921874,-5845093730.161653,0.0
Cameraman,otsu,8,7,RM-MDE,0.0008072000346146524,-5837453022.669401,0.001307200165640472
Cameraman,otsu,8,7,RM-MDE,0.004666200024075806,-5844630346.798447,7.927731950897122e-05
Cameraman,otsu,8,7,RM-MDE,0.010258099995553493,-5845093730.161653,0.0
Cameraman,otsu,8,7,MS-LS-4S,0.003929099999368191,-5841832289.282788,0.0005579792265836068
Cameraman,otsu,8,7,MS-LS-4S,0.007515400007832795,-5844535787.108372,9.545493691602442e-05
Cameraman,otsu,8,7,MS-LS-4S,0.013236299972049892,-5845047993.393048,7.824813547175344e-06
Cameraman,otsu,8,7,MS-LS-4S,0.02876949997153133,-5845063081.856273,5.243424108276864e-06
Cameraman,otsu,8,7,MS-LS-4S,0.13217539998004213,-5845069081.910248,4.216912943170305e-06
Cameraman,otsu,8,7,MS-LS-4S,0.1386320000165142,-5845072518.38142,3.628988894219643e-06
Cameraman,otsu,8,7,MS-LS-conv,0.01074599998537451,-5845053706.962252,6.8473152439584415e-06
Cameraman,otsu,8,7,MS-LS-conv,0.018359699985012412,-5845093730.161653,0.0
Cameraman,otsu,8,8,RM-MDE,0.0006507000070996583,-5838222720.897867,0.0011755173793586604
Cameraman,otsu,8,8,RM-MDE,0.0030064000166021287,-5840657414.784534,0.0007589810500772618
Cameraman,otsu,8,8,RM-MDE,0.00631020002765581,-5844949781.746994,2.4627220931590673e-05
Cameraman,otsu,8,8,RM-MDE,0.010473300004377961,-5845045161.760167,8.309259650503483e-06
Cameraman,otsu,8,8,RM-MDE,0.02129240002250299,-5845091450.521909,3.9000909977569954e-07
Cameraman,otsu,8,8,RM-MDE,0.05367959977593273,-5845093730.161653,0.0
Cameraman,otsu,8,8,MS-LS-4S,0.0022572000161744654,-5845029718.167129,1.0951405996056072e-05
Cameraman,otsu,8,8,MS-LS-4S,0.006523700023535639,-5845079917.842541,2.3630620396299514e-06
Cameraman,otsu,8,8,MS-LS-4S,0.0814345000544563,-5845087902.874341,9.969536128196177e-07
Cameraman,otsu,8,8,MS-LS-conv,0.0034892000257968903,-5845057778.995755,6.1506568683159705e-06
Cameraman,otsu,8,8,MS-LS-conv,0.012926800001878291,-5845093730.161653,0.0
Cameraman,otsu,8,9,RM-MDE,0.0006485999911092222,-5834049659.258999,0.0018894600176665188
Cameraman,otsu,8,9,RM-MDE,0.0041362999472767115,-5841783350.1477375,0.0005663519126875506
Cameraman,otsu,8,9,RM-MDE,0.015002199972514063,-5844928389.5800085,2.8287071050866717e-05
Cameraman,otsu,8,9,RM-MDE,0.025069399969652295,-5845047719.167393,7.871729074661357e-06
Cameraman,otsu,8,9,RM-MDE,0.030417800007853657,-5845061225.836814,5.560958701296885e-06
Cameraman,otsu,8,9,RM-MDE,0.04601140000158921,-5845087445.078835,1.0752749413750617e-06
Cameraman,otsu,8,9,RM-MDE,0.05578450008761138,-5845091450.521909,3.9000909977569954e-07
Cameraman,otsu,8,9,RM-MDE,0.07895250024739653,-5845093730.161653,0.0
Cameraman,otsu,8,9,MS-LS-4S,0.002211800019722432,-5833900416.440456,0.0019149930245663676
Cameraman,otsu,8,9,MS-LS-4S,0.004495700006373227,-5844849527.212374,4.177913315892674e-05
Cameraman,otsu,8,9,MS-LS-4S,0.013789599994197488,-5845056605.41933,6.3514366127872215e-06
Cameraman,otsu,8,9,MS-LS-conv,0.017352099996060133,-5845053706.962252,6.8473152439584415e-06
Cameraman,otsu,8,9,MS-LS-conv,0.02365809999173507,-5845063081.856273,5.243424108276864e-06
Cameraman,otsu,8,9,MS-LS-conv,0.05629710003267974,-5845093730.161653,0.0
Cameraman,kapur,6,0,RM-MDE,0.0009906000341288745,-22.789119904475967,0.05385519916050627
Cameraman,kapur,6,0,RM-MDE,0.014845200057607144,-24.082989083305286,0.0001371266045150047
Cameraman,kapur,6,0,RM-MDE,0.1263307001790963,-24.086291954736396,0.0
Cameraman,kapur,6,0,MS-LS-4S,0.006279900029767305,-24.082989083305286,0.0001371266045150047
Cameraman,kapur,6,0,MS-LS-4S,0.0510832000290975,-24.086291954736396,0.0
Cameraman,kapur,6,0,MS-LS-conv,0.007652300002519041,-24.082989083305286,0.0001371266045150047
Cameraman,kapur,6,0,MS-LS-conv,0.0520072000217624,-24.086291954736396,0.0
Cameraman,kapur,6,1,RM-MDE,0.0009040999575518072,-23.05591761792776,0.042778454182359885
Cameraman,kapur,6,1,RM-MDE,0.008534999971743673,-24.014497453724957,0.002980720367682883
Cameraman,kapur,6,1,RM-MDE,0.029404799977783114,-24.069399446196336,0.0007013328814499569
Cameraman,kapur,6,1,RM-MDE,0.04518279997864738,-24.086291954736396,0.0
Cameraman,kapur,6,1,MS-LS-4S,0.0064539999584667385,-24.082989083305286,0.0001371266045150047
Cameraman,kapur,6,1,MS-LS-4S,0.06903219997184351,-24.086291954736396,0.0
Cameraman,kapur,6,1,MS-LS-conv,0.00804070004960522,-24.082989083305286,0.0001371266045150047
Cameraman,kapur,6,1,MS-LS-conv,0.033750000002328306,-24.086291954736396,0.0
Cameraman,kapur,6,2,RM-MDE,0.0008446999709121883,-23.185788327208982,0.03738656117013213
Cameraman,kapur,6,2,RM-MDE,0.008749599975999445,-24.02818557740084,0.0024124251854436662
Cameraman,kapur,6,2,RM-MDE,0.025019299937412143,-24.084900685335974,5.776187563600081e-05
Cameraman,kapur,6,2,RM-MDE,0.062356799899134785,-24.086291954736396,0.0
Cameraman,kapur,6,2,MS-LS-4S,0.006087499961722642,-24.086291954736396,0.0
Cameraman,kapur,6,2,MS-LS-conv,0.007668100006412715,-24.086291954736396,0.0
Cameraman,kapur,6,3,RM-MDE,0.0008715000003576279,-23.6569507208576,0.017825127864663604
Cameraman,kapur,6,3,RM-MDE,0.014682099979836494,-24.062357551406983,0.0009936939805592023
Cameraman,kapur,6,3,RM-MDE,0.03279279998969287,-24.079948216986978,0.00026337544032678555
Cameraman,kapur,6,3,RM-MDE,0.06657989992527291,-24.082472635150985,0.00015856818445063957
Cameraman,kapur,6,3,RM-MDE,0.07319209992419928,-24.086291954736396,0.0
Cameraman,kapur,6,3,MS-LS-4S,0.006170400010887533,-23.594044760311135,0.02043681922274731
Cameraman,kapur,6,3,MS-LS-4S,0.01234190003015101,-24.014120552626245,0.0029963683179535035
Cameraman,kapur,6,3,MS-LS-4S,0.01877939997939393,-24.02818557740084,0.0024124251854436662
Cameraman,kapur,6,3,MS-LS-4S,0.02503900002921,-24.042200500606697,0.001830562139351167
Cameraman,kapur,6,3,MS-LS-4S,0.037771500006783754,-24.086291954736396,0.0
Cameraman,kapur,6,3,MS-LS-conv,0.0234065999975428,-24.086291954736396,0.0
Cameraman,kapur,6,4,RM-MDE,0.0008674999698996544,-22.1823870319351,0.07904516504155827
Cameraman,kapur,6,4,RM-MDE,0.008361499989405274,-24.082989083305286,0.0001371266045150047
Cameraman,kapur,6,4,RM-MDE,0.08490550029091537,-24.086291954736396,0.0
Cameraman,kapur,6,4,MS-LS-4S,0.00627159996656701,-24.055246974490828,0.0012889065823792412
Cameraman,kapur,6,4,MS-LS-4S,0.03192719997605309,-24.058244424442236,0.0011644602808463544
Cameraman,kapur,6,4,MS-LS-4S,0.044660599960479885,-24.08437600816245,7.95451029799602e-05
Cameraman,kapur,6,4,MS-LS-4S,0.2445519999600947,-24.086291954736396,0.0
Cameraman,kapur,6,4,MS-LS-conv,0.008285299991257489,-24.055246974490828,0.0012889065823792412
Cameraman,kapur,6,4,MS-LS-conv,0.06656310003018007,-24.086291954736396,0.0
Cameraman,kapur,6,5,RM-MDE,0.0007918000337667763,-23.030415736612877,0.043837225759272104
Cameraman,kapur,6,5,RM-MDE,0.007797200058121234,-23.964098151612546,0.005073167897884792
Cameraman,kapur,6,5,RM-MDE,0.0217693000449799,-24.02818557740084,0.0024124251854436662
Cameraman,kapur,6,5,RM-MDE,0.03645400004461408,-24.084900685335974,5.776187563600081e-05
Cameraman,kapur,6,5,RM-MDE,0.0700070999446325,-24.086291954736396,0.0
Cameraman,kapur,6,5,MS-LS-4S,0.006243199983146042,-24.081979721177653,0.0001790326865939484
Cameraman,kapur,6,5,MS-LS-4S,0.07059989997651428,-24.084620193669338,6.940715782237714e-05
Cameraman,kapur,6,5,MS-LS-4S,0.17901309998705983,-24.084900685335974,5.776187563600081e-05
Cameraman,kapur,6,5,MS-LS-4S,0.29245629999786615,-24.086291954736396,0.0
Cameraman,kapur,6,5,MS-LS-conv,0.010916100000031292,-24.086291954736396,0.0
Cameraman,kapur,6,6,RM-MDE,0.000826000003144145,-23.028804522846617,0.04390411915113533
Cameraman,kapur,6,6,RM-MDE,0.014770499954465777,-24.081979721177653,0.0001790326865939484
Cameraman,kapur,6,6,RM-MDE,0.0221396999550052,-24.082472635150985,0.00015856818445063957
Cameraman,kapur,6,6,RM-MDE,0.030741199967451394,-24.084900685335974,5.776187563600081e-05
Cameraman,kapur,6,6,RM-MDE,0.08338119986001402,-24.086291954736396,0.0
Cameraman,kapur,6,6,MS-LS-4S,0.006285400013439357,-24.082989083305286,0.0001371266045150047
Cameraman,kapur,6,6,MS-LS-4S,0.01237730000866577,-24.086291954736396,0.0
Cameraman,kapur,6,6,MS-LS-conv,0.007654700020793825,-24.082989083305286,0.0001371266045150047
Cameraman,kapur,6,6,MS-LS-conv,0.01403369999025017,-24.086291954736396,0.0
Cameraman,kapur,6,7,RM-MDE,0.0008521999698132277,-22.818582652943007,0.05263198271347461
Cameraman,kapur,6,7,RM-MDE,0.008439999946858734,-24.084900685335974,5.776187563600081e-05
Cameraman,kapur,6,7,RM-MDE,0.09818550007184967,-24.086291954736396,0.0
Cameraman,kapur,6,7,MS-LS-4S,0.006583400012459606,-23.991962793559757,0.003916300664041782
Cameraman,kapur,6,7,MS-LS-4S,0.012706600013189018,-24.058244424442236,0.0011644602808463544
Cameraman,kapur,6,7,MS-LS-4S,0.025392500043381006,-24.07589061796626,0.0004318363652522133
Cameraman,kapur,6,7,MS-LS-4S,0.031794500013347715,-24.086291954736396,0.0
Cameraman,kapur,6,7,MS-LS-conv,0.013944100006483495,-24.055246974490828,0.0012889065823792412
Cameraman,kapur,6,7,MS-LS-conv,0.031437700032256544,-24.086291954736396,0.0
Cameraman,kapur,6,8,RM-MDE,0.0009267000132240355,-22.849520125882016,0.05134753955397346
Cameraman,kapur,6,8,RM-MDE,0.002238700049929321,-22.99558001747272,0.04528351393038713
Cameraman,kapur,6,8,RM-MDE,0.010949600080493838,-24.058244424442236,0.0011644602808463544
Cameraman,kapur,6,8,RM-MDE,0.018575500056613237,-24.086291954736396,0.0
Cameraman,kapur,6,8,MS-LS-4S,0.006601400033105165,-24.055246974490828,0.0012889065823792412
Cameraman,kapur,6,8,MS-LS-4S,0.024150500015821308,-24.086291954736396,0.0
Cameraman,kapur,6,8,MS-LS-conv,0.008002599992323667,-24.055246974490828,0.0012889065823792412
Cameraman,kapur,6,8,MS-LS-conv,0.0302767000393942,-24.086291954736396,0.0
Cameraman,kapur,6,9,RM-MDE,0.0008206999627873302,-23.136828586290417,0.03941924187543006
Cameraman,kapur,6,9,RM-MDE,0.008208799990825355,-24.02818557740084,0.0024124251854436662
Cameraman,kapur,6,9,RM-MDE,0.023697500000707805,-24.058244424442236,0.0011644602808463544
Cameraman,kapur,6,9,RM-MDE,0.033062700007576495,-24.080805098560568,0.0002277999530247073
Cameraman,kapur,6,9,RM-MDE,0.08368889999110252,-24.082472635150985,0.00015856818445063957
Cameraman,kapur,6,9,RM-MDE,0.09470150002744049,-24.086291954736396,0.0
Cameraman,kapur,6,9,MS-LS-4S,0.0067384999711066484,-23.97378566061697,0.004670967799063969
Cameraman,kapur,6,9,MS-LS-4S,0.012925199989695102,-24.066190648312592,0.0008345537977194226
Cameraman,kapur,6,9,MS-LS-4S,0.05128559999866411,-24.080805098560568,0.0002277999530247073
Cameraman,kapur,6,9,MS-LS-4S,0.16132379998452961,-24.086291954736396,0.0
Cameraman,kapur,6,9,MS-LS-conv,0.015394499991089106,-24.055246974490828,0.0012889065823792412
Cameraman,kapur,6,9,MS-LS-conv,0.029013500025030226,-24.086291954736396,0.0
Cameraman,kapur,7,0,RM-MDE,0.0008575999527238309,-25.132626039192395,0.05837602940561056
Cameraman,kapur,7,0,RM-MDE,0.020688299962785095,-26.689141337689286,5.931736063835475e-05
Cameraman,kapur,7,0,RM-MDE,0.05130799987819046,-26.690087957788613,2.385110354357081e-05
Cameraman,kapur,7,0,RM-MDE,0.12173509981948882,-26.69072456102377,0.0
Cameraman,kapur,7,0,MS-LS-4S,0.006167999992612749,-26.689046844934943,6.285764498420987e-05
Cameraman,kapur,7,0,MS-LS-4S,0.03856349998386577,-26.6895541479186,4.385093040451451e-05
Cameraman,kapur,7,0,MS-LS-4S,0.17099959996994585,-26.69072456102377,0.0
Cameraman,kapur,7,0,MS-LS-conv,0.00777850003214553,-26.689046844934943,6.285764498420987e-05
Cameraman,kapur,7,0,MS-LS-conv,0.025028500007465482,-26.690087957788613,2.385110354357081e-05
Cameraman,kapur,7,1,RM-MDE,0.0008461000397801399,-24.454972635939395,0.08376512671931075
Cameraman,kapur,7,1,RM-MDE,0.01468130003195256,-26.68923719408116,5.5725985977327133e-05
Cameraman,kapur,7,1,RM-MDE,0.05183499999111518,-26.69072456102377,0.0
Cameraman,kapur,7,1,MS-LS-4S,0.006945299974177033,-26.533632750264346,0.0058856330557929114
Cameraman,kapur,7,1,MS-LS-4S,0.01297139999223873,-26.6895541479186,4.385093040451451e-05
Cameraman,kapur,7,1,MS-LS-4S,0.25732609996339306,-26.69072456102377,0.0
Cameraman,kapur,7,1,MS-LS-conv,0.015857200021855533,-26.690087957788613,2.385110354357081e-05
Cameraman,kapur,7,2,RM-MDE,0.00089490000391379,-24.672217701940255,0.07562577982731587
Cameraman,kapur,7,2,RM-MDE,0.008616900013294071,-26.681005195784778,0.00036414767297799055
Cameraman,kapur,7,2,RM-MDE,0.022603999997954816,-26.68923719408116,5.5725985977327133e-05
Cameraman,kapur,7,2,RM-MDE,0.04629589995602146,-26.69072456102377,0.0
Cameraman,kapur,7,2,MS-LS-4S,0.005850800022017211,-26.54812572760656,0.005342636281423629
Cameraman,kapur,7,2,MS-LS-4S,0.01820890000090003,-26.680364550376275,0.0003881502213928029
Cameraman,kapur,7,2,MS-LS-4S,0.031011999992188066,-26.68923719408116,5.5725985977327133e-05
Cameraman,kapur,7,2,MS-LS-4S,0.07530600001337007,-26.69072456102377,0.0
Cameraman,kapur,7,2,MS-LS-conv,0.009053500019945204,-26.551970619869685,0.005198582782451206
Cameraman,kapur,7,2,MS-LS-conv,0.03135090001160279,-26.6895541479186,4.385093040451451e-05
Cameraman,kapur,7,2,MS-LS-conv,0.048846399993635714,-26.690087957788613,2.385110354357081e-05
Cameraman,kapur,7,2,MS-LS-conv,0.12023160001263022,-26.69072456102377,0.0
Cameraman,kapur,7,3,RM-MDE,0.0008833000320009887,-25.0936635754804,0.059835804827702066
Cameraman,kapur,7,3,RM-MDE,0.009122700022999197,-26.672508489428708,0.0006824869648411032
Cameraman,kapur,7,3,RM-MDE,0.04322570003569126,-26.6895541479186,4.385093040451451e-05
Cameraman,kapur,7,3,RM-MDE,0.13283370016142726,-26.69072456102377,0.0
Cameraman,kapur,7,3,MS-LS-4S,0.006377400015480816,-26.19535716000391,0.018559533664486694
Cameraman,kapur,7,3,MS-LS-4S,0.012444899999536574,-26.525029723095997,0.0062079557843752325
Cameraman,kapur,7,3,MS-LS-4S,0.018960700021125376,-26.674667097884992,0.0006016121106816052
Cameraman,kapur,7,3,MS-LS-4S,0.05731619999278337,-26.684874748866058,0.00021917022688306873
Cameraman,kapur,7,3,MS-LS-4S,0.15817730000708252,-26.68607723954154,0.0001741174718433006
Cameraman,kapur,7,3,MS-LS-conv,0.017268499999772757,-26.237910808584296,0.016965210195182
Cameraman,kapur,7,3,MS-LS-conv,0.02772970002843067,-26.551970619869685,0.005198582782451206
Cameraman,kapur,7,3,MS-LS-conv,0.04183200001716614,-26.690087957788613,2.385110354357081e-05
Cameraman,kapur,7,4,RM-MDE,0.0008967999601736665,-24.665849734399906,0.0758643633669193
Cameraman,kapur,7,4,RM-MDE,0.002226299955509603,-25.14136253050861,0.05804870628269425
Cameraman,kapur,7,4,RM-MDE,0.003557999909389764,-25.192205090789148,0.056143828797472865
Cameraman,kapur,7,4,RM-MDE,0.024110499885864556,-26.6895541479186,4.385093040451451e-05
Cameraman,kapur,7,4,RM-MDE,0.06540349981514737,-26.69072456102377,0.0
Cameraman,kapur,7,4,MS-LS-4S,0.006665599998086691,-26.05912221789504,0.023663739127226736
Cameraman,kapur,7,4,MS-LS-4S,0.013289499969687313,-26.53027950161369,0.006011266537303981
Cameraman,kapur,7,4,MS-LS-4S,0.026800999999977648,-26.533632750264346,0.0058856330557929114
Cameraman,kapur,7,4,MS-LS-4S,0.032862899999599904,-26.639015985498673,0.0019373237847805384
Cameraman,kapur,7,4,MS-LS-4S,0.03944949997821823,-26.681005195784778,0.00036414767297799055
Cameraman,kapur,7,4,MS-LS-4S,0.05273019999731332,-26.690087957788613,2.385110354357081e-05
Cameraman,kapur,7,4,MS-LS-4S,0.29993879998801276,-26.69072456102377,0.0
Cameraman,kapur,7,4,MS-LS-conv,0.008240900002419949,-26.05912221789504,0.023663739127226736
Cameraman,kapur,7,4,MS-LS-conv,0.02425819996278733,-26.690087957788613,2.385110354357081e-05
Cameraman,kapur,7,5,RM-MDE,0.0009300000383518636,-24.779999230719817,0.07158761561288485
Cameraman,kapur,7,5,RM-MDE,0.014127100061159581,-26.664055939142415,0.0009991718966033637
Cameraman,kapur,7,5,RM-MDE,0.031926600029692054,-26.690087957788613,2.385110354357081e-05
Cameraman,kapur,7,5,RM-MDE,0.11233720008749515,-26.69072456102377,0.0
Cameraman,kapur,7,5,MS-LS-4S,0.006128199980594218,-26.551970619869685,0.005198582782451206
Cameraman,kapur,7,5,MS-LS-4S,0.019590299983974546,-26.684602128413452,0.00022938427903374247
Cameraman,kapur,7,5,MS-LS-4S,0.03826939995633438,-26.6895541479186,4.385093040451451e-05
Cameraman,kapur,7,5,MS-LS-4S,0.06328569998731837,-26.690063854443586,2.4754164266836387e-05
Cameraman,kapur,7,5,MS-LS-conv,0.00758719997247681,-26.551970619869685,0.005198582782451206
Cameraman,kapur,7,5,MS-LS-conv,0.019903199980035424,-26.6895541479186,4.385093040451451e-05
Cameraman,kapur,7,5,MS-LS-conv,0.031637399981264025,-26.690087957788613,2.385110354357081e-05
Cameraman,kapur,7,5,MS-LS-conv,0.09866059996420518,-26.69072456102377,0.0
Cameraman,kapur,7,6,RM-MDE,0.000857899955008179,-24.84758050595807,0.06905560210070981
Cameraman,kapur,7,6,RM-MDE,0.008220799965783954,-26.69072456102377,0.0
Cameraman,kapur,7,6,MS-LS-4S,0.006210400024428964,-26.689032799677484,6.338386739628017e-05
Cameraman,kapur,7,6,MS-LS-4S,0.20304799999576062,-26.690087957788613,2.385110354357081e-05
Cameraman,kapur,7,6,MS-LS-conv,0.009411399951204658,-26.689046844934943,6.285764498420987e-05
Cameraman,kapur,7,6,MS-LS-conv,0.02337239996995777,-26.6895541479186,4.385093040451451e-05
Cameraman,kapur,7,6,MS-LS-conv,0.03591399994911626,-26.690087957788613,2.385110354357081e-05
Cameraman,kapur,7,7,RM-MDE,0.0008513000211678445,-24.457309555075394,0.08367757124172691
Cameraman,kapur,7,7,RM-MDE,0.00213199999416247,-24.72951267120072,0.07347915510270529
Cameraman,kapur,7,7,RM-MDE,0.0033988000359386206,-24.952157783316686,0.0651374890079192
Cameraman,kapur,7,7,RM-MDE,0.011356400034856051,-26.530988803416484,0.005984691694752541
Cameraman,kapur,7,7,RM-MDE,0.026311500056181103,-26.68607723954154,0.0001741174718433006
Cameraman,kapur,7,7,RM-MDE,0.07073279999895021,-26.6895541479186,4.385093040451451e-05
Cameraman,kapur,7,7,RM-MDE,0.11064439988695085,-26.689732825376915,3.7156565180119056e-05
Cameraman,kapur,7,7,RM-MDE,0.11187509988667443,-26.69072456102377,0.0
Cameraman,kapur,7,7,MS-LS-4S,0.0064215000020340085,-26.53027950161369,0.006011266537303981
Cameraman,kapur,7,7,MS-LS-4S,0.01262490003136918,-26.54812572760656,0.005342636281423629
Cameraman,kapur,7,7,MS-LS-4S,0.045617900032084435,-26.684602128413452,0.00022938427903374247
Cameraman,kapur,7,7,MS-LS-4S,0.09544960001949221,-26.686639447358353,0.0001530536818540985
Cameraman,kapur,7,7,MS-LS-4S,0.21543779998319224,-26.687029231516902,0.00013844995097153407
Cameraman,kapur,7,7,MS-LS-conv,0.015471699996851385,-26.690087957788613,2.385110354357081e-05
Cameraman,kapur,7,8,RM-MDE,0.0008777000475674868,-24.83001975422257,0.06971353672123135
Cameraman,kapur,7,8,RM-MDE,0.015165600052569062,-26.674667097884992,0.0006016121106816052
Cameraman,kapur,7,8,RM-MDE,0.024023900041356683,-26.6895541479186,4.385093040451451e-05
Cameraman,kapur,7,8,RM-MDE,0.09725480008637533,-26.69072456102377,0.0
Cameraman,kapur,7,8,MS-LS-4S,0.006504100048914552,-26.688263090431498,9.222194724033224e-05
Cameraman,kapur,7,8,MS-LS-4S,0.1485435000504367,-26.6895541479186,4.385093040451451e-05
Cameraman,kapur,7,8,MS-LS-4S,0.2366704000160098,-26.69072456102377,0.0
Cameraman,kapur,7,8,MS-LS-conv,0.008000799978617579,-26.688263090431498,9.222194724033224e-05
Cameraman,kapur,7,8,MS-LS-conv,0.046157000004313886,-26.690087957788613,2.385110354357081e-05
Cameraman,kapur,7,9,RM-MDE,0.0008954000077210367,-25.551993481977558,0.04266392530643743
Cameraman,kapur,7,9,RM-MDE,0.014563600008841604,-26.516217776123952,0.006538105943914677
Cameraman,kapur,7,9,RM-MDE,0.03610259998822585,-26.68607723954154,0.0001741174718433006
Cameraman,kapur,7,9,RM-MDE,0.06672179995803162,-26.68750161971675,0.00012075136063293844
Cameraman,kapur,7,9,RM-MDE,0.08041079994291067,-26.690087957788613,2.385110354357081e-05
Cameraman,kapur,7,9,RM-MDE,0.10351039987290278,-26.69072456102377,0.0
Cameraman,kapur,7,9,MS-LS-4S,0.006578099972102791,-25.997196215923246,0.02598387104534727
Cameraman,kapur,7,9,MS-LS-4S,0.012952299963217229,-26.204500476356266,0.018216968353775367
Cameraman,kapur,7,9,MS-LS-4S,0.019371000002138317,-26.531716803690394,0.00595741629155976
Cameraman,kapur,7,9,MS-LS-4S,0.032458200003020465,-26.6895541479186,4.385093040451451e-05
Cameraman,kapur,7,9,MS-LS-4S,0.05074789997888729,-26.690087957788613,2.385110354357081e-05
Cameraman,kapur,7,9,MS-LS-conv,0.014394300000276417,-26.05912221789504,0.023663739127226736
Cameraman,kapur,7,9,MS-LS-conv,0.03032409999286756,-26.237910808584296,0.016965210195182
Cameraman,kapur,7,9,MS-LS-conv,0.04627659998368472,-26.690087957788613,2.385110354357081e-05
Cameraman,kapur,8,0,RM-MDE,0.0009239999926649034,-27.26110334700713,0.0640496192073608
Cameraman,kapur,8,0,RM-MDE,0.004792500054463744,-27.714001330372383,0.0485003571472298
Cameraman,kapur,8,0,RM-MDE,0.012455700023565441,-29.0677060085049,0.0020238667113427447
Cameraman,kapur,8,0,RM-MDE,0.02243740000994876,-29.123522926779124,0.00010751485835849375
Cameraman,kapur,8,0,RM-MDE,0.06648550002137199,-29.12665447490945,0.0
Cameraman,kapur,8,0,MS-LS-4S,0.006145099992863834,-28.707314703072736,0.014397114237680333
Cameraman,kapur,8,0,MS-LS-4S,0.019082300015725195,-28.83054538390322,0.010166258238182027
Cameraman,kapur,8,0,MS-LS-4S,0.038175599998794496,-29.104645963589533,0.0007556141176075103
Cameraman,kapur,8,0,MS-LS-4S,0.15620959998341277,-29.125063297356746,5.462960238276331e-05
Cameraman,kapur,8,0,MS-LS-4S,0.26072199997724965,-29.12665447490945,0.0
Cameraman,kapur,8,0,MS-LS-conv,0.0076222000061534345,-28.707314703072736,0.014397114237680333
Cameraman,kapur,8,0,MS-LS-conv,0.03165189997525886,-28.832241378834347,0.010108029960279851
Cameraman,kapur,8,0,MS-LS-conv,0.06654869997873902,-29.12665447490945,0.0
Cameraman,kapur,8,1,RM-MDE,0.0009336000075563788,-26.7447763434405,0.08177657799733817
Cameraman,kapur,8,1,RM-MDE,0.008418700017500669,-28.75922769345602,0.012614795213433932
Cameraman,kapur,8,1,RM-MDE,0.016080500034149736,-29.099219772353898,0.0009419105300674287
Cameraman,kapur,8,1,RM-MDE,0.04237960005411878,-29.125063297356746,5.462960238276331e-05
Cameraman,kapur,8,1,RM-MDE,0.08814270002767444,-29.12665447490945,0.0
Cameraman,kapur,8,1,MS-LS-4S,0.006410900037735701,-28.67638373283292,0.01545906147458185
Cameraman,kapur,8,1,MS-LS-4S,0.01249719999032095,-29.121428078989275,0.0001794368771283854
Cameraman,kapur,8,1,MS-LS-4S,0.2771649000351317,-29.12665447490945,0.0
Cameraman,kapur,8,1,MS-LS-conv,0.011050400033127517,-28.693429391322816,0.014873836058302796
Cameraman,kapur,8,1,MS-LS-conv,0.02153520000865683,-29.12665447490945,0.0
Cameraman,kapur,8,2,RM-MDE,0.000963500002399087,-27.261283208038485,0.06404344407209044
Cameraman,kapur,8,2,RM-MDE,0.008672699972521514,-27.939748278418428,0.04074982925050519
Cameraman,kapur,8,2,RM-MDE,0.018310700019355863,-27.942099478587245,0.04066910593328237
Cameraman,kapur,8,2,RM-MDE,0.01958369999192655,-28.087101312295115,0.03569078499934956
Cameraman,kapur,8,2,RM-MDE,0.03342170000541955,-29.110131998326196,0.0005672631093793394
Cameraman,kapur,8,2,RM-MDE,0.06411300000036135,-29.11334395161888,0.0004569877155660517
Cameraman,kapur,8,2,RM-MDE,0.08550559997092932,-29.121583444163882,0.00017410275354270911
Cameraman,kapur,8,2,RM-MDE,0.09482090000528842,-29.12665447490945,0.0
Cameraman,kapur,8,2,MS-LS-4S,0.006017200008500367,-28.66031338788084,0.016010801632928003
Cameraman,kapur,8,2,MS-LS-4S,0.011961399985011667,-29.093889814733593,0.001124902971746438
Cameraman,kapur,8,2,MS-LS-4S,0.05705040000611916,-29.123522926779124,0.00010751485835849375
Cameraman,kapur,8,2,MS-LS-4S,0.1014121999614872,-29.12665447490945,0.0
Cameraman,kapur,8,2,MS-LS-conv,0.01807590003591031,-28.82487408198819,0.010360969989918391
Cameraman,kapur,8,2,MS-LS-conv,0.029914400016423315,-29.12665447490945,0.0
Cameraman,kapur,8,3,RM-MDE,0.0009240999934263527,-27.44840140009105,0.057619150055976946
Cameraman,kapur,8,3,RM-MDE,0.010224000026937574,-28.664095005434902,0.015880968062192344
Cameraman,kapur,8,3,RM-MDE,0.02482120000058785,-28.700712956097348,0.014623770786274852
Cameraman,kapur,8,3,RM-MDE,0.03238510002847761,-28.82487408198819,0.010360969989918391
Cameraman,kapur,8,3,RM-MDE,0.04260640003485605,-29.12665447490945,0.0
Cameraman,kapur,8,3,MS-LS-4S,0.006058500031940639,-28.58351206805645,0.018647607033649517
Cameraman,kapur,8,3,MS-LS-4S,0.012517300026956946,-28.6916022081202,0.014936568398681552
Cameraman,kapur,8,3,MS-LS-4S,0.018695900042075664,-28.908043145470927,0.0075055420328772006
Cameraman,kapur,8,3,MS-LS-4S,0.02506280003581196,-29.12665447490945,0.0
Cameraman,kapur,8,3,MS-LS-conv,0.02197800000431016,-28.82487408198819,0.010360969989918391
Cameraman,kapur,8,3,MS-LS-conv,0.04839230002835393,-29.12665447490945,0.0
Cameraman,kapur,8,4,RM-MDE,0.0009658000199124217,-26.72004405346611,0.08262570709988214
Cameraman,kapur,8,4,RM-MDE,0.002331900061108172,-26.889483640384253,0.07680836933923745
Cameraman,kapur,8,4,RM-MDE,0.009876200056169182,-29.110131998326196,0.0005672631093793394
Cameraman,kapur,8,4,RM-MDE,0.06232810002984479,-29.12665447490945,0.0
Cameraman,kapur,8,4,MS-LS-4S,0.006461600016336888,-28.689952482945756,0.014993208105650526
Cameraman,kapur,8,4,MS-LS-4S,0.026323300029616803,-29.109309864763176,0.0005954892677844471
Cameraman,kapur,8,4,MS-LS-4S,0.08415350003633648,-29.123614736820393,0.00010436276132146186
Cameraman,kapur,8,4,MS-LS-4S,0.1805684000137262,-29.12665447490945,0.0
Cameraman,kapur,8,4,MS-LS-conv,0.00956530001712963,-28.693429391322816,0.014873836058302796
Cameraman,kapur,8,4,MS-LS-conv,0.02621699997689575,-28.710415297505637,0.014290662106846978
Cameraman,kapur,8,4,MS-LS-conv,0.049557299993466586,-29.12665447490945,0.0
Cameraman,kapur,8,5,RM-MDE,0.0009577000164426863,-26.751317390817533,0.08155200543674188
Cameraman,kapur,8,5,RM-MDE,0.015455100045073777,-28.689952482945756,0.014993208105650526
Cameraman,kapur,8,5,RM-MDE,0.02331790007883683,-29.090849285093483,0.0012292929092426626
Cameraman,kapur,8,5,RM-MDE,0.030791900120675564,-29.121428078989275,0.0001794368771283854
Cameraman,kapur,8,5,RM-MDE,0.058847400126978755,-29.12665447490945,0.0
Cameraman,kapur,8,5,MS-LS-4S,0.006443999998737127,-28.667172061881587,0.015775324056653172
Cameraman,kapur,8,5,MS-LS-4S,0.01945189997786656,-28.78734936223632,0.011649299199996282
Cameraman,kapur,8,5,MS-LS-4S,0.03801960003329441,-29.063229006693398,0.002177574780196251
Cameraman,kapur,8,5,MS-LS-4S,0.0509641999960877,-29.065834904448288,0.0020881069782166333
Cameraman,kapur,8,5,MS-LS-4S,0.05711280001560226,-29.125063297356746,5.462960238276331e-05
Cameraman,kapur,8,5,MS-LS-conv,0.017313299991656095,-28.82487408198819,0.010360969989918391
Cameraman,kapur,8,5,MS-LS-conv,0.07061380002414808,-29.12665447490945,0.0
Cameraman,kapur,8,6,RM-MDE,0.000910000002477318,-28.05017435418879,0.03695859137025063
Cameraman,kapur,8,6,RM-MDE,0.016635100007988513,-29.088223817794216,0.0013194325887423964
Cameraman,kapur,8,6,RM-MDE,0.04904010001337156,-29.105982954146732,0.0007097114699707595
Cameraman,kapur,8,6,RM-MDE,0.057850200042594224,-29.12665447490945,0.0
Cameraman,kapur,8,6,MS-LS-4S,0.006262600014451891,-29.121428078989275,0.0001794368771283854
Cameraman,kapur,8,6,MS-LS-4S,0.05229459999827668,-29.12665447490945,0.0
Cameraman,kapur,8,6,MS-LS-conv,0.010725500003900379,-29.12665447490945,0.0
Cameraman,kapur,8,7,RM-MDE,0.0009480000007897615,-27.498301071532136,0.05590595393576785
Cameraman,kapur,8,7,RM-MDE,0.008809299964923412,-29.08155997084505,0.0015482212041636036
Cameraman,kapur,8,7,RM-MDE,0.040623099950607866,-29.12665447490945,0.0
Cameraman,kapur,8,7,MS-LS-4S,0.006963199994061142,-28.70296294862482,0.014546522212141182
Cameraman,kapur,8,7,MS-LS-4S,0.013111799955368042,-28.758224569067487,0.012649235296121643
Cameraman,kapur,8,7,MS-LS-4S,0.026192399964202195,-29.104645963589533,0.0007556141176075103
Cameraman,kapur,8,7,MS-LS-conv,0.012545200006570667,-28.710415297505637,0.014290662106846978
Cameraman,kapur,8,7,MS-LS-conv,0.03029749996494502,-29.12665447490945,0.0
Cameraman,kapur,8,8,RM-MDE,0.0009175000013783574,-27.03658635434915,0.07175791927496326
Cameraman,kapur,8,8,RM-MDE,0.008828299993183464,-28.644917083056207,0.016539400097193672
Cameraman,kapur,8,8,RM-MDE,0.02493409998714924,-29.125063297356746,5.462960238276331e-05
Cameraman,kapur,8,8,RM-MDE,0.05183979996945709,-29.12665447490945,0.0
Cameraman,kapur,8,8,MS-LS-4S,0.006356599973514676,-28.584262122987166,0.018621855537494608
Cameraman,kapur,8,8,MS-LS-4S,0.018277399998623878,-29.104645963589533,0.0007556141176075103
Cameraman,kapur,8,8,MS-LS-4S,0.05622819997370243,-29.121583444163882,0.00017410275354270911
Cameraman,kapur,8,8,MS-LS-4S,0.24258679995546117,-29.12665447490945,0.0
Cameraman,kapur,8,8,MS-LS-conv,0.009443199960514903,-28.58795362517556,0.01849511588081431
Cameraman,kapur,8,8,MS-LS-conv,0.03434309997828677,-28.82487408198819,0.010360969989918391
Cameraman,kapur,8,8,MS-LS-conv,0.04643659997964278,-29.12665447490945,0.0
Cameraman,kapur,8,9,RM-MDE,0.0010279000271111727,-26.59602869791734,0.08688350319025019
Cameraman,kapur,8,9,RM-MDE,0.015162500028964132,-28.774742412462878,0.012082131257117776
Cameraman,kapur,8,9,RM-MDE,0.035397800034843385,-29.025459829936516,0.003474296887069783
Cameraman,kapur,8,9,RM-MDE,0.04461390007054433,-29.113443271155617,0.0004535777964205934
Cameraman,kapur,8,9,RM-MDE,0.060752600082196295,-29.123522926779124,0.00010751485835849375
Cameraman,kapur,8,9,RM-MDE,0.07819350005593151,-29.12665447490945,0.0
Cameraman,kapur,8,9,MS-LS-4S,0.006963199994061142,-27.905390561710245,0.04192942633529154
Cameraman,kapur,8,9,MS-LS-4S,0.01379820000147447,-28.825375825993163,0.010343743706501478
Cameraman,kapur,8,9,MS-LS-4S,0.045422499999403954,-29.090373528029893,0.0012456269878441063
Cameraman,kapur,8,9,MS-LS-4S,0.05163949995767325,-29.123522926779124,0.00010751485835849375
Cameraman,kapur,8,9,MS-LS-4S,0.25931839999975637,-29.12665447490945,0.0
Cameraman,kapur,8,9,MS-LS-conv,0.01572870003292337,-27.96602502578233,0.03984767458023445
Cameraman,kapur,8,9,MS-LS-conv,0.025289000011980534,-28.8271134775137,0.010284085240678276
Cameraman,kapur,8,9,MS-LS-conv,0.09854400000767782,-29.12665447490945,0.0
Cameraman,mcet,6,0,RM-MDE,0.0009470999939367175,-172758947.42760548,0.00027947399598284744
Cameraman,mcet,6,0,RM-MDE,0.01362330000847578,-172801729.54268646,3.1902687930933255e-05
Cameraman,mcet,6,0,RM-MDE,0.019798199995420873,-172806409.97540432,4.817985643163529e-06
Cameraman,mcet,6,0,RM-MDE,0.026977800007443875,-172806860.26590443,2.212247055831309e-06
Cameraman,mcet,6,0,RM-MDE,0.06556199997430667,-172807180.13753673,3.6121565476023093e-07
Cameraman,mcet,6,0,RM-MDE,0.07148220000090078,-172807225.0407741,1.0136984790691521e-07
Cameraman,mcet,6,0,RM-MDE,0.09695759997703135,-172807242.558218,0.0
Cameraman,mcet,6,0,MS-LS-4S,0.005351900006644428,-172795332.53685716,6.892084605095148e-05
Cameraman,mcet,6,0,MS-LS-4S,0.021367899957112968,-172807180.13753673,3.6121565476023093e-07
Cameraman,mcet,6,0,MS-LS-4S,0.05834009998943657,-172807225.0407741,1.0136984790691521e-07
Cameraman,mcet,6,0,MS-LS-4S,0.139092699973844,-172807242.558218,0.0
Cameraman,mcet,6,0,MS-LS-conv,0.010336000006645918,-172797240.21036643,5.78815314885004e-05
Cameraman,mcet,6,0,MS-LS-conv,0.041979099973104894,-172807180.13753673,3.6121565476023093e-07
Cameraman,mcet,6,0,MS-LS-conv,0.10726660001091659,-172807225.0407741,1.0136984790691521e-07
Cameraman,mcet,6,1,RM-MDE,0.0007806000066921115,-172650303.1371781,0.000908176177783966
Cameraman,mcet,6,1,RM-MDE,0.007072400010656565,-172797209.85025463,5.805721921636046e-05
Cameraman,mcet,6,1,RM-MDE,0.04368819994851947,-172805736.4821183,8.71535288335143e-06
Cameraman,mcet,6,1,RM-MDE,0.08781189989531413,-172806860.26590443,2.212247055831309e-06
Cameraman,mcet,6,1,RM-MDE,0.10213949991157278,-172807180.13753673,3.6121565476023093e-07
Cameraman,mcet,6,1,RM-MDE,0.1167877999250777,-172807215.7031176,1.5540494712915707e-07
Cameraman,mcet,6,1,RM-MDE,0.1254209999460727,-172807225.0407741,1.0136984790691521e-07
Cameraman,mcet,6,1,RM-MDE,0.1562612999114208,-172807242.558218,0.0
Cameraman,mcet,6,1,MS-LS-4S,0.005633799999486655,-172794314.75056073,7.481056618860347e-05
Cameraman,mcet,6,1,MS-LS-4S,0.011155500018503517,-172796751.64408907,6.0708764132932875e-05
Cameraman,mcet,6,1,MS-LS-4S,0.016203200037125498,-172807192.19038913,2.9146827488327875e-07
Cameraman,mcet,6,1,MS-LS-4S,0.17910150001989678,-172807242.558218,0.0
Cameraman,mcet,6,1,MS-LS-conv,0.010914399987086654,-172797240.21036643,5.78815314885004e-05
Cameraman,mcet,6,1,MS-LS-conv,0.029256800014991313,-172807242.558218,0.0
Cameraman,mcet,6,2,RM-MDE,0.0008078999817371368,-172771584.86307824,0.0002063437539532107
Cameraman,mcet,6,2,RM-MDE,0.007930300023872405,-172797067.8058807,5.887920081751729e-05
Cameraman,mcet,6,2,RM-MDE,0.02001350000500679,-172807242.558218,0.0
Cameraman,mcet,6,2,MS-LS-4S,0.0052562999771907926,-172797240.21036643,5.78815314885004e-05
Cameraman,mcet,6,2,MS-LS-4S,0.010035399987827986,-172803625.81002724,2.0929378521517382e-05
Cameraman,mcet,6,2,MS-LS-4S,0.17878000001655892,-172805509.90003258,1.00265368498007e-05
Cameraman,mcet,6,2,MS-LS-4S,0.21541720000095665,-172807225.0407741,1.0136984790691521e-07
Cameraman,mcet,6,2,MS-LS-conv,0.006530000013299286,-172797240.21036643,5.78815314885004e-05
Cameraman,mcet,6,2,MS-LS-conv,0.02318690001266077,-172807225.0407741,1.0136984790691521e-07
Cameraman,mcet,6,3,RM-MDE,0.0007599999662488699,-172716699.4316915,0.0005239544661792817
Cameraman,mcet,6,3,RM-MDE,0.003116799984127283,-172783185.89663067,0.00013921095685108878
Cameraman,mcet,6,3,RM-MDE,0.01425739994738251,-172806860.26590443,2.212247055831309e-06
Cameraman,mcet,6,3,RM-MDE,0.020427899959031492,-172807090.77557093,8.783349865798245e-07
Cameraman,mcet,6,3,RM-MDE,0.037978799955453724,-172807174.67294523,3.9283812279019395e-07
Cameraman,mcet,6,3,RM-MDE,0.0480153999524191,-172807242.558218,0.0
Cameraman,mcet,6,3,MS-LS-4S,0.00489069998729974,-172796240.7082487,6.366544484147516e-05
Cameraman,mcet,6,3,MS-LS-4S,0.009844599990174174,-172807242.558218,0.0
Cameraman,mcet,6,3,MS-LS-conv,0.009851599985267967,-172797240.21036643,5.78815314885004e-05
Cameraman,mcet,6,3,MS-LS-conv,0.01496269996277988,-172807242.558218,0.0
Cameraman,mcet,6,4,RM-MDE,0.000749099999666214,-172752793.1184222,0.00031508771848754157
Cameraman,mcet,6,4,RM-MDE,0.012535299989394844,-172797194.66998392,5.8145064323295334e-05
Cameraman,mcet,6,4,RM-MDE,0.035854199959430844,-172807225.0407741,1.0136984790691521e-07
Cameraman,mcet,6,4,RM-MDE,0.1143453000113368,-172807242.558218,0.0
Cameraman,mcet,6,4,MS-LS-4S,0.00565090001327917,-172785527.19182202,0.00012566236272570756
Cameraman,mcet,6,4,MS-LS-4S,0.022471099975518882,-172796624.83865547,6.144256111808193e-05
Cameraman,mcet,6,4,MS-LS-4S,0.027775300026405603,-172797194.66998392,5.8145064323295334e-05
Cameraman,mcet,6,4,MS-LS-4S,0.0765376000199467,-172805031.86419338,1.2792832012684117e-05
Cameraman,mcet,6,4,MS-LS-4S,0.08150359999854118,-172806860.26590443,2.212247055831309e-06
Cameraman,mcet,6,4,MS-LS-4S,0.08633120002923533,-172807225.0407741,1.0136984790691521e-07
Cameraman,mcet,6,4,MS-LS-conv,0.012268199992831796,-172797240.21036643,5.78815314885004e-05
Cameraman,mcet,6,4,MS-LS-conv,0.1613816000171937,-172807180.13753673,3.6121565476023093e-07
Cameraman,mcet,6,4,MS-LS-conv,0.17583169997669756,-172807225.0407741,1.0136984790691521e-07
Cameraman,mcet,6,5,RM-MDE,0.0007879000040702522,-172712486.5381438,0.0005483336153706973
Cameraman,mcet,6,5,RM-MDE,0.022355500026606023,-172806862.08165705,2.20173966853327e-06
Cameraman,mcet,6,5,RM-MDE,0.05954890011344105,-172807065.1972856,1.026351267366651e-06
Cameraman,mcet,6,5,RM-MDE,0.08462480019079521,-172807225.0407741,1.0136984790691521e-07
Cameraman,mcet,6,5,RM-MDE,0.12097420019563287,-172807242.558218,0.0
Cameraman,mcet,6,5,MS-LS-4S,0.005293499969411641,-172797067.8058807,5.887920081751729e-05
Cameraman,mcet,6,5,MS-LS-4S,0.02130519994534552,-172797240.21036643,5.78815314885004e-05
Cameraman,mcet,6,5,MS-LS-4S,0.0318946999614127,-172807090.77557093,8.783349865798245e-07
Cameraman,mcet,6,5,MS-LS-4S,0.11721419997047633,-172807242.558218,0.0
Cameraman,mcet,6,5,MS-LS-conv,0.007716600026469678,-172797240.21036643,5.78815314885004e-05
Cameraman,mcet,6,5,MS-LS-conv,0.06370699999388307,-172807225.0407741,1.0136984790691521e-07
Cameraman,mcet,6,5,MS-LS-conv,0.2473863000050187,-172807242.558218,0.0
Cameraman,mcet,6,6,RM-MDE,0.0007461999775841832,-172717853.98971832,0.000517273276145065
Cameraman,mcet,6,6,RM-MDE,0.008090499963145703,-172784120.76149642,0.0001338010859920296
Cameraman,mcet,6,6,RM-MDE,0.020258399948943406,-172792724.10639775,8.401529707508135e-05
Cameraman,mcet,6,6,RM-MDE,0.05376749992137775,-172805736.4821183,8.71535288335143e-06
Cameraman,mcet,6,6,RM-MDE,0.06214679992990568,-172805841.97675282,8.104877113080714e-06
Cameraman,mcet,6,6,RM-MDE,0.06838339992100373,-172807180.13753673,3.6121565476023093e-07
Cameraman,mcet,6,6,RM-MDE,0.10226839984534308,-172807225.0407741,1.0136984790691521e-07
Cameraman,mcet,6,6,RM-MDE,0.13825769984396175,-172807242.558218,0.0
Cameraman,mcet,6,6,MS-LS-4S,0.005264199979137629,-172797240.21036643,5.78815314885004e-05
Cameraman,mcet,6,6,MS-LS-4S,0.05325769999762997,-172799508.29766703,4.4756576382324725e-05
Cameraman,mcet,6,6,MS-LS-4S,0.0982728999806568,-172807156.8446374,4.96006876444958e-07
Cameraman,mcet,6,6,MS-LS-4S,0.17334869998740032,-172807181.197834,3.550799322936636e-07
Cameraman,mcet,6,6,MS-LS-conv,0.006551099999342114,-172797240.21036643,5.78815314885004e-05
Cameraman,mcet,6,6,MS-LS-conv,0.09376110002631322,-172807180.13753673,3.6121565476023093e-07
Cameraman,mcet,6,6,MS-LS-conv,0.1820142000215128,-172807215.7031176,1.5540494712915707e-07
Cameraman,mcet,6,6,MS-LS-conv,0.27988069999264553,-172807225.0407741,1.0136984790691521e-07
Cameraman,mcet,6,7,RM-MDE,0.0007254999945871532,-172697936.50827706,0.0006325316481114442
Cameraman,mcet,6,7,RM-MDE,0.013227499963250011,-172796624.83865547,6.144256111808193e-05
Cameraman,mcet,6,7,RM-MDE,0.033874599961563945,-172797067.8058807,5.887920081751729e-05
Cameraman,mcet,6,7,RM-MDE,0.03496269998140633,-172797430.46438348,5.678057058987985e-05
Cameraman,mcet,6,7,RM-MDE,0.04183839994948357,-172802124.24938646,2.961860137209466e-05
Cameraman,mcet,6,7,RM-MDE,0.042962799954693764,-172803908.21348065,1.929516777184622e-05
Cameraman,mcet,6,7,RM-MDE,0.05889389995718375,-172807225.0407741,1.0136984790691521e-07
Cameraman,mcet,6,7,RM-MDE,0.13168849993962795,-172807242.558218,0.0
Cameraman,mcet,6,7,MS-LS-4S,0.005698000022675842,-172781280.7369146,0.00015023572460888608
Cameraman,mcet,6,7,MS-LS-4S,0.01096099999267608,-172797067.8058807,5.887920081751729e-05
Cameraman,mcet,6,7,MS-LS-4S,0.02164460002677515,-172797240.21036643,5.78815314885004e-05
Cameraman,mcet,6,7,MS-LS-4S,0.031726400018669665,-172802633.17852193,2.6673533052402406e-05
Cameraman,mcet,6,7,MS-LS-4S,0.05818530003307387,-172805736.4821183,8.71535288335143e-06
Cameraman,mcet,6,7,MS-LS-4S,0.21854610001901165,-172806773.30895862,2.7154490311619798e-06
Cameraman,mcet,6,7,MS-LS-4S,0.25424500001827255,-172807180.13753673,3.6121565476023093e-07
Cameraman,mcet,6,7,MS-LS-conv,0.012259799987077713,-172797240.21036643,5.78815314885004e-05
Cameraman,mcet,6,7,MS-LS-conv,0.0644114000024274,-172807225.0407741,1.0136984790691521e-07
Cameraman,mcet,6,8,RM-MDE,0.0007582000107504427,-172741161.31479326,0.0003823985756990534
Cameraman,mcet,6,8,RM-MDE,0.0019244999857619405,-172778794.52597278,0.0001646229164014045
Cameraman,mcet,6,8,RM-MDE,0.017813799961004406,-172806197.04888207,6.050147670071689e-06
Cameraman,mcet,6,8,RM-MDE,0.05104450002545491,-172807174.67294523,3.9283812279019395e-07
Cameraman,mcet,6,8,RM-MDE,0.08219059999100864,-172807225.0407741,1.0136984790691521e-07
Cameraman,mcet,6,8,RM-MDE,0.11557109991554171,-172807242.558218,0.0
Cameraman,mcet,6,8,MS-LS-4S,0.0056371999671682715,-172791507.38654786,9.105620480482886e-05
Cameraman,mcet,6,8,MS-LS-4S,0.010459599958267063,-172803988.94532496,1.8827989179613353e-05
Cameraman,mcet,6,8,MS-LS-4S,0.025502399948891252,-172806659.044672,3.3766729759223318e-06
Cameraman,mcet,6,8,MS-LS-4S,0.05213779996847734,-172807225.0407741,1.0136984790691521e-07
Cameraman,mcet,6,8,MS-LS-conv,0.010768399981316179,-172797240.21036643,5.78815314885004e-05
Cameraman,mcet,6,8,MS-LS-conv,0.027139100013300776,-172807225.0407741,1.0136984790691521e-07
Cameraman,mcet,6,9,RM-MDE,0.000728100014384836,-172750081.9344793,0.00033077678280439516
Cameraman,mcet,6,9,RM-MDE,0.001971399993635714,-172794281.20978054,7.50046597907588e-05
Cameraman,mcet,6,9,RM-MDE,0.012867899960838258,-172806966.10313782,1.5997887362170237e-06
Cameraman,mcet,6,9,RM-MDE,0.03116290003526956,-172807090.77557093,8.783349865798245e-07
Cameraman,mcet,6,9,RM-MDE,0.07998690009117126,-172807174.67294523,3.9283812279019395e-07
Cameraman,mcet,6,9,RM-MDE,0.09181760012870654,-172807225.0407741,1.0136984790691521e-07
Cameraman,mcet,6,9,RM-MDE,0.10612860013497993,-172807242.558218,0.0
Cameraman,mcet,6,9,MS-LS-4S,0.005409899982623756,-172681140.8057587,0.000729724926990861
Cameraman,mcet,6,9,MS-LS-4S,0.010696500015910715,-172794606.50616482,7.31222364648651e-05
Cameraman,mcet,6,9,MS-LS-4S,0.03325310000218451,-172797172.0751404,5.827581603949729e-05
Cameraman,mcet,6,9,MS-LS-4S,0.05449210002552718,-172804901.95581913,1.3544585077699142e-05
Cameraman,mcet,6,9,MS-LS-4S,0.0759717000182718,-172806197.04888207,6.050147670071689e-06
Cameraman,mcet,6,9,MS-LS-4S,0.09784110001055524,-172807181.197834,3.550799322936636e-07
Cameraman,mcet,6,9,MS-LS-conv,0.016006699996069074,-172797240.21036643,5.78815314885004e-05
Cameraman,mcet,6,9,MS-LS-conv,0.1208906999672763,-172807225.0407741,1.0136984790691521e-07
Cameraman,mcet,7,0,RM-MDE,0.0008468000451102853,-172779037.6971669,0.00025487183344694145
Cameraman,mcet,7,0,RM-MDE,0.008848100085742772,-172818675.47367275,2.5517193663948322e-05
Cameraman,mcet,7,0,RM-MDE,0.02444369997829199,-172821843.98906603,7.183327066592608e-06
Cameraman,mcet,7,0,RM-MDE,0.10204490000614896,-172821871.77732757,7.0225368488793286e-06
Cameraman,mcet,7,0,RM-MDE,0.10932039999170229,-172822331.3251508,4.363471816757298e-06
Cameraman,mcet,7,0,RM-MDE,0.11053479998372495,-172822491.7739541,3.4350726801322692e-06
Cameraman,mcet,7,0,RM-MDE,0.1177880999748595,-172823085.43381336,0.0
Cameraman,mcet,7,0,MS-LS-4S,0.005210299976170063,-172803315.00575432,0.00011439691641550427
Cameraman,mcet,7,0,MS-LS-4S,0.016326199984177947,-172820288.4459568,1.618411018149585e-05
Cameraman,mcet,7,0,MS-LS-4S,0.04890179994981736,-172822943.46722472,8.214561630456649e-07
Cameraman,mcet,7,0,MS-LS-conv,0.008835699991323054,-172803315.00575432,0.00011439691641550427
Cameraman,mcet,7,0,MS-LS-conv,0.02522000001044944,-172820288.4459568,1.618411018149585e-05
Cameraman,mcet,7,0,MS-LS-conv,0.08500760002061725,-172823085.43381336,0.0
Cameraman,mcet,7,1,RM-MDE,0.0008039999520406127,-172750036.7990325,0.0004226786866898616
Cameraman,mcet,7,1,RM-MDE,0.0032134999637492,-172768926.1456436,0.0003133799401499113
Cameraman,mcet,7,1,RM-MDE,0.019298499973956496,-172822224.55746737,4.981257821147864e-06
Cameraman,mcet,7,1,RM-MDE,0.03848619991913438,-172823085.43381336,0.0
Cameraman,mcet,7,1,MS-LS-4S,0.0056865999940782785,-172800558.93654284,0.00013034426051345755
Cameraman,mcet,7,1,MS-LS-4S,0.010982599982526153,-172819784.33693328,1.910101808327307e-05
Cameraman,mcet,7,1,MS-LS-4S,0.015827400027774274,-172822224.55746737,4.981257821147864e-06
Cameraman,mcet,7,1,MS-LS-conv,0.010862199997063726,-172803315.00575432,0.00011439691641550427
Cameraman,mcet,7,1,MS-LS-conv,0.021189299994148314,-172820230.97336042,1.6516661797692662e-05
Cameraman,mcet,7,1,MS-LS-conv,0.030721999995876104,-172823076.69262776,5.057880770722388e-08
Cameraman,mcet,7,2,RM-MDE,0.000889600021764636,-172799589.6829241,0.0001359526178478612
Cameraman,mcet,7,2,RM-MDE,0.011828900023829192,-172821355.70851448,1.0008647250682082e-05
Cameraman,mcet,7,2,RM-MDE,0.031399900035467,-172821626.10112843,8.444084199000281e-06
Cameraman,mcet,7,2,RM-MDE,0.054156400030478835,-172823076.69262776,5.057880770722388e-08
Cameraman,mcet,7,2,RM-MDE,0.11392700008582324,-172823085.43381336,0.0
Cameraman,mcet,7,2,MS-LS-4S,0.005098399997223169,-172820011.1221255,1.7788779086659067e-05
Cameraman,mcet,7,2,MS-LS-4S,0.009982399991713464,-172820417.20092237,1.5439099957599234e-05
Cameraman,mcet,7,2,MS-LS-4S,0.04770439997082576,-172820718.974327,1.3692959366077335e-05
Cameraman,mcet,7,2,MS-LS-4S,0.07215000002179295,-172821589.14154,8.657942135545611e-06
Cameraman,mcet,7,2,MS-LS-4S,0.179743500018958,-172822050.62773234,5.9876611879093875e-06
Cameraman,mcet,7,2,MS-LS-conv,0.008938700018916279,-172820198.51640815,1.6704466292632522e-05
Cameraman,mcet,7,2,MS-LS-conv,0.02111610001884401,-172821016.41085827,1.1971913068767588e-05
Cameraman,mcet,7,2,MS-LS-conv,0.1515592000214383,-172823013.78887945,4.145565028499383e-07
Cameraman,mcet,7,3,RM-MDE,0.0007768000359646976,-172763928.06938896,0.00034230012892035293
Cameraman,mcet,7,3,RM-MDE,0.006854900042526424,-172821723.345313,7.881403673193633e-06
Cameraman,mcet,7,3,RM-MDE,0.11429679999127984,-172822784.83583063,1.7393392901179443e-06
Cameraman,mcet,7,3,RM-MDE,0.12026870000408962,-172822884.69912702,1.1615038919192195e-06
Cameraman,mcet,7,3,RM-MDE,0.13144510000711307,-172823076.9673018,4.8989471262565964e-08
Cameraman,mcet,7,3,RM-MDE,0.1458487000199966,-172823085.43381336,0.0
Cameraman,mcet,7,3,MS-LS-4S,0.005004999984521419,-172818776.3831164,2.493330498152276e-05
Cameraman,mcet,7,3,MS-LS-4S,0.009962200012523681,-172820769.65735728,1.3399693971872226e-05
Cameraman,mcet,7,3,MS-LS-4S,0.10722599999280646,-172822825.62358397,1.5033305807421197e-06
Cameraman,mcet,7,3,MS-LS-conv,0.01351660001091659,-172820198.51640815,1.6704466292632522e-05
Cameraman,mcet,7,3,MS-LS-conv,0.02203300001565367,-172821016.41085827,1.1971913068767588e-05
Cameraman,mcet,7,3,MS-LS-conv,0.22223299997858703,-172823065.2126412,1.170050407513058e-07
Cameraman,mcet,7,4,RM-MDE,0.0008010999881662428,-172746189.27137834,0.0004449414974973014
Cameraman,mcet,7,4,RM-MDE,0.002007699979003519,-172783988.81238803,0.0002262233736146529
Cameraman,mcet,7,4,RM-MDE,0.008110299939289689,-172819390.2157703,2.138150718570686e-05
Cameraman,mcet,7,4,RM-MDE,0.02087989990832284,-172820974.68651643,1.2213341126453384e-05
Cameraman,mcet,7,4,RM-MDE,0.0871045000385493,-172821402.94816566,9.735306157073123e-06
Cameraman,mcet,7,4,RM-MDE,0.1290854000253603,-172821506.44871348,9.13642466177701e-06
Cameraman,mcet,7,4,RM-MDE,0.13269739999668673,-172821557.43239915,8.841419596080456e-06
Cameraman,mcet,7,4,RM-MDE,0.1440131000126712,-172821569.66193086,8.770656296867962e-06
Cameraman,mcet,7,4,RM-MDE,0.15871980000520125,-172821677.74284297,8.145271604528453e-06
Cameraman,mcet,7,4,RM-MDE,0.16956850001588464,-172821812.05293465,7.368117954382768e-06
Cameraman,mcet,7,4,RM-MDE,0.1768269000458531,-172821968.32176918,6.463905220655398e-06
Cameraman,mcet,7,4,RM-MDE,0.19244810001691803,-172822884.69912702,1.1615038919192195e-06
Cameraman,mcet,7,4,RM-MDE,0.2021459999959916,-172823076.69262776,5.057880770722388e-08
Cameraman,mcet,7,4,RM-MDE,0.2213650000630878,-172823085.43381336,0.0
Cameraman,mcet,7,4,MS-LS-4S,0.006280300032813102,-172796865.84323406,0.00015171347342564674
Cameraman,mcet,7,4,MS-LS-4S,0.011962000047788024,-172802281.10451686,0.00012037934193963338
Cameraman,mcet,7,4,MS-LS-4S,0.02351150003960356,-172803176.38658312,0.0001151990035374546
Cameraman,mcet,7,4,MS-LS-4S,0.028846600034739822,-172820182.5743771,1.6796711093236977e-05
Cameraman,mcet,7,4,MS-LS-4S,0.07125910004833713,-172821547.91316497,8.896500398257755e-06
Cameraman,mcet,7,4,MS-LS-4S,0.08687530003953725,-172821626.10112843,8.444084199000281e-06
Cameraman,mcet,7,4,MS-LS-conv,0.010954299999866635,-172803315.00575432,0.00011439691641550427
Cameraman,mcet,7,4,MS-LS-conv,0.04882129997713491,-172820230.97336042,1.6516661797692662e-05
Cameraman,mcet,7,4,MS-LS-conv,0.13237669999944046,-172821016.41085827,1.1971913068767588e-05
Cameraman,mcet,7,4,MS-LS-conv,0.13956709997728467,-172821582.1668646,8.698299448746197e-06
Cameraman,mcet,7,4,MS-LS-conv,0.17190929997013882,-172821814.52365002,7.353821742927263e-06
Cameraman,mcet,7,5,RM-MDE,0.0008055999642238021,-172744009.4849045,0.00045755431752865814
Cameraman,mcet,7,5,RM-MDE,0.013349999964702874,-172820002.76646954,1.7837127118099516e-05
Cameraman,mcet,7,5,RM-MDE,0.027085999958217144,-172820288.4459568,1.618411018149585e-05
Cameraman,mcet,7,5,RM-MDE,0.04340299993054941,-172821441.56466258,9.511860910602421e-06
Cameraman,mcet,7,5,RM-MDE,0.07967489992734045,-172821677.74284297,8.145271604528453e-06
Cameraman,mcet,7,5,RM-MDE,0.10694519989192486,-172822884.69912702,1.1615038919192195e-06
Cameraman,mcet,7,5,RM-MDE,0.12359789980109781,-172822894.49085972,1.1048463413720794e-06
Cameraman,mcet,7,5,RM-MDE,0.1342667997814715,-172823065.2126412,1.170050407513058e-07
Cameraman,mcet,7,5,RM-MDE,0.16507199982879683,-172823073.15205243,7.106551130125843e-08
Cameraman,mcet,7,5,RM-MDE,0.1721305998507887,-172823076.69262776,5.057880770722388e-08
Cameraman,mcet,7,5,MS-LS-4S,0.005251499998848885,-172819866.9227378,1.8623154814516273e-05
Cameraman,mcet,7,5,MS-LS-4S,0.06956130004255101,-172820011.1221255,1.7788779086659067e-05
Cameraman,mcet,7,5,MS-LS-4S,0.10133979999227449,-172822651.80890453,2.5090682054786172e-06
Cameraman,mcet,7,5,MS-LS-conv,0.008828199992422014,-172820230.97336042,1.6516661797692662e-05
Cameraman,mcet,7,5,MS-LS-conv,0.23152199998730794,-172823085.43381336,0.0
Cameraman,mcet,7,6,RM-MDE,0.0007818000158295035,-172745522.29926962,0.00044880077420820797
Cameraman,mcet,7,6,RM-MDE,0.013304100022651255,-172803315.00575432,0.00011439691641550427
Cameraman,mcet,7,6,RM-MDE,0.030188900069333613,-172818410.02263302,2.705316346257319e-05
Cameraman,mcet,7,6,RM-MDE,0.043485900037921965,-172820182.5743771,1.6796711093236977e-05
Cameraman,mcet,7,6,RM-MDE,0.04969620000338182,-172820288.4459568,1.618411018149585e-05
Cameraman,mcet,7,6,MS-LS-4S,0.005486899986863136,-172819001.4413172,2.3631058813185656e-05
Cameraman,mcet,7,6,MS-LS-4S,0.021649600006639957,-172820238.07812792,1.647555173717314e-05
Cameraman,mcet,7,6,MS-LS-4S,0.12262600002577528,-172822841.9022403,1.4091379774054594e-06
Cameraman,mcet,7,6,MS-LS-4S,0.23349790001520887,-172822897.56895122,1.0870356912817682e-06
Cameraman,mcet,7,6,MS-LS-conv,0.014422399981413037,-172820230.97336042,1.6516661797692662e-05
Cameraman,mcet,7,6,MS-LS-conv,0.03988880000542849,-172820288.4459568,1.618411018149585e-05
Cameraman,mcet,7,6,MS-LS-conv,0.25155280000763014,-172823085.43381336,0.0
Cameraman,mcet,7,7,RM-MDE,0.0008322999929077923,-172723732.2840097,0.0005748835553669008
Cameraman,mcet,7,7,RM-MDE,0.0071023000054992735,-172820599.49393156,1.4384304478545222e-05
Cameraman,mcet,7,7,RM-MDE,0.055712200002744794,-172821557.43239915,8.841419596080456e-06
Cameraman,mcet,7,7,RM-MDE,0.07369350001681596,-172822948.4974067,7.923502021056318e-07
Cameraman,mcet,7,7,RM-MDE,0.10390050004934892,-172823085.43381336,0.0
Cameraman,mcet,7,7,MS-LS-4S,0.005578099982813001,-172803100.80876297,0.000115636316758442
Cameraman,mcet,7,7,MS-LS-4S,0.010905699979048222,-172820086.80210018,1.7350874772630592e-05
Cameraman,mcet,7,7,MS-LS-4S,0.02682450000429526,-172820417.20092237,1.5439099957599234e-05
Cameraman,mcet,7,7,MS-LS-4S,0.15076609997777268,-172822554.66433966,3.0711723053051616e-06
Cameraman,mcet,7,7,MS-LS-conv,0.009293499984778464,-172803315.00575432,0.00011439691641550427
Cameraman,mcet,7,7,MS-LS-conv,0.017104200029280037,-172820230.97336042,1.6516661797692662e-05
Cameraman,mcet,7,7,MS-LS-conv,0.05689970002276823,-172821016.41085827,1.1971913068767588e-05
Cameraman,mcet,7,8,RM-MDE,0.0007921999786049128,-172723259.27322724,0.0005776205206355343
Cameraman,mcet,7,8,RM-MDE,0.012416999961715192,-172818995.4493586,2.366572986753769e-05
Cameraman,mcet,7,8,RM-MDE,0.029843099939171225,-172820396.8701976,1.555673889874392e-05
Cameraman,mcet,7,8,RM-MDE,0.03593039995757863,-172821016.41085827,1.1971913068767588e-05
Cameraman,mcet,7,8,RM-MDE,0.06347090000053868,-172821043.00777164,1.181801630607094e-05
Cameraman,mcet,7,8,RM-MDE,0.07449180004186928,-172821569.66193086,8.770656296867962e-06
Cameraman,mcet,7,8,RM-MDE,0.0999496000004001,-172821638.86007375,8.370257572863796e-06
Cameraman,mcet,7,8,RM-MDE,0.10225740005262196,-172821880.0178807,6.974854832787815e-06
Cameraman,mcet,7,8,RM-MDE,0.11074000003281981,-172822884.69912702,1.1615038919192195e-06
Cameraman,mcet,7,8,RM-MDE,0.11671810003463179,-172823085.43381336,0.0
Cameraman,mcet,7,8,MS-LS-4S,0.005633299995679408,-172803100.80876297,0.000115636316758442
Cameraman,mcet,7,8,MS-LS-4S,0.010313100006897002,-172817226.9526925,3.3898718485142766e-05
Cameraman,mcet,7,8,MS-LS-4S,0.020626200013794005,-172818396.09060103,2.713377787791085e-05
Cameraman,mcet,7,8,MS-LS-4S,0.025524099997710437,-172821626.10112843,8.444084199000281e-06
Cameraman,mcet,7,8,MS-LS-4S,0.046805899997707456,-172821871.20028424,7.025875773903497e-06
Cameraman,mcet,7,8,MS-LS-conv,0.009287599998060614,-172803315.00575432,0.00011439691641550427
Cameraman,mcet,7,8,MS-LS-conv,0.022040800016839057,-172822925.7148488,9.24176097052088e-07
Cameraman,mcet,7,9,RM-MDE,0.0007959000067785382,-172754528.39810038,0.0003966891086390348
Cameraman,mcet,7,9,RM-MDE,0.0071622000541538,-172820161.46471763,1.691885715613233e-05
Cameraman,mcet,7,9,RM-MDE,0.01821520004887134,-172822146.3053914,5.434044992339419e-06
Cameraman,mcet,7,9,RM-MDE,0.0565442000515759,-172822841.9022403,1.4091379774054594e-06
Cameraman,mcet,7,9,RM-MDE,0.0909530000644736,-172823013.78887945,4.145565028499383e-07
Cameraman,mcet,7,9,RM-MDE,0.0969215999939479,-172823076.69262776,5.057880770722388e-08
Cameraman,mcet,7,9,RM-MDE,0.13842790003400296,-172823085.43381336,0.0
Cameraman,mcet,7,9,MS-LS-4S,0.005491500021889806,-172687159.8935304,0.0007865010622959892
Cameraman,mcet,7,9,MS-LS-4S,0.010646499984432012,-172815178.49178636,4.5751654110068074e-05
Cameraman,mcet,7,9,MS-LS-4S,0.0429955999716185,-172817470.69125223,3.248838282824208e-05
Cameraman,mcet,7,9,MS-LS-4S,0.04815500002587214,-172820230.97336042,1.6516661797692662e-05
Cameraman,mcet,7,9,MS-LS-4S,0.05305049999151379,-172820396.8701976,1.555673889874392e-05
Cameraman,mcet,7,9,MS-LS-4S,0.08117740001762286,-172822897.56895122,1.0870356912817682e-06
Cameraman,mcet,7,9,MS-LS-conv,0.014867699996102601,-172803315.00575432,0.00011439691641550427
Cameraman,mcet,7,9,MS-LS-conv,0.028683000011369586,-172820198.51640815,1.6704466292632522e-05
Cameraman,mcet,7,9,MS-LS-conv,0.0697783000068739,-172820230.97336042,1.6516661797692662e-05
Cameraman,mcet,7,9,MS-LS-conv,0.12995049997698516,-172821016.41085827,1.1971913068767588e-05
Cameraman,mcet,7,9,MS-LS-conv,0.18692680000094697,-172822925.7148488,9.24176097052088e-07
Cameraman,mcet,8,0,RM-MDE,0.0008232999825850129,-172785588.48380277,0.00029157000367914634
Cameraman,mcet,8,0,RM-MDE,0.013192399928811938,-172825396.26456127,6.12488620091138e-05
Cameraman,mcet,8,0,RM-MDE,0.020196699944790453,-172828170.93851936,4.51950639421715e-05
Cameraman,mcet,8,0,RM-MDE,0.026182299945503473,-172833487.67531657,1.44333167218917e-05
Cameraman,mcet,8,0,RM-MDE,0.04982139990897849,-172833639.983149,1.3552089153315362e-05
Cameraman,mcet,8,0,RM-MDE,0.0560927998740226,-172835894.197759,5.095815667552495e-07
Cameraman,mcet,8,0,RM-MDE,0.069708299881313,-172835901.28014353,4.6860407796132275e-07
Cameraman,mcet,8,0,RM-MDE,0.09124809986678883,-172835980.72369114,8.957038252074584e-09
Cameraman,mcet,8,0,RM-MDE,0.125574299832806,-172835982.27178964,0.0
Cameraman,mcet,8,0,MS-LS-4S,0.005579899996519089,-172824786.25541696,6.477827258836994e-05
Cameraman,mcet,8,0,MS-LS-4S,0.015979800024069846,-172832562.28158435,1.978748962070814e-05
Cameraman,mcet,8,0,MS-LS-4S,0.03257610002765432,-172833069.17163345,1.6854708827974697e-05
Cameraman,mcet,8,0,MS-LS-4S,0.04275630001211539,-172834984.72572237,5.771634205769641e-06
Cameraman,mcet,8,0,MS-LS-4S,0.2539873000350781,-172835957.94574517,1.4074641258333798e-07
Cameraman,mcet,8,0,MS-LS-conv,0.011723699979484081,-172826089.63701102,5.7237125328812345e-05
Cameraman,mcet,8,0,MS-LS-conv,0.041736199986189604,-172833612.84919617,1.3709081652617924e-05
Cameraman,mcet,8,0,MS-LS-conv,0.10820120002608746,-172835901.28014353,4.6860407796132275e-07
Cameraman,mcet,8,1,RM-MDE,0.0008156000403687358,-172780577.97941047,0.00032055994157539365
Cameraman,mcet,8,1,RM-MDE,0.02324820007197559,-172835672.9793753,1.7895140252162612e-06
Cameraman,mcet,8,1,RM-MDE,0.052103100111708045,-172835980.72369114,8.957038252074584e-09
Cameraman,mcet,8,1,RM-MDE,0.15471080009592697,-172835982.27178964,0.0
Cameraman,mcet,8,1,MS-LS-4S,0.005492499971296638,-172821573.37099984,8.336748286094089e-05
Cameraman,mcet,8,1,MS-LS-4S,0.010967799986246973,-172833246.17693946,1.5830585820260183e-05
Cameraman,mcet,8,1,MS-LS-4S,0.01623249996919185,-172835763.17577875,1.2676527654354313e-06
Cameraman,mcet,8,1,MS-LS-4S,0.15326619998086244,-172835982.27178964,0.0
Cameraman,mcet,8,1,MS-LS-conv,0.0148736999835819,-172826089.63701102,5.7237125328812345e-05
Cameraman,mcet,8,1,MS-LS-conv,0.02392940002027899,-172833612.84919617,1.3709081652617924e-05
Cameraman,mcet,8,1,MS-LS-conv,0.032204699993599206,-172835982.27178964,0.0
Cameraman,mcet,8,2,RM-MDE,0.0008465000428259373,-172783273.18574527,0.00030496592984604644
Cameraman,mcet,8,2,RM-MDE,0.006942200066987425,-172834405.6774565,9.121910336140547e-06
Cameraman,mcet,8,2,RM-MDE,0.030339999997522682,-172834747.4658001,7.144380315389964e-06
Cameraman,mcet,8,2,RM-MDE,0.04919960000552237,-172835761.62768024,1.2766098036875058e-06
Cameraman,mcet,8,2,RM-MDE,0.0899022999801673,-172835901.28014353,4.6860407796132275e-07
Cameraman,mcet,8,2,RM-MDE,0.11169270001119003,-172835963.81270275,1.0680118024244257e-07
Cameraman,mcet,8,2,RM-MDE,0.13244640006450936,-172835980.72369114,8.957038252074584e-09
Cameraman,mcet,8,2,RM-MDE,0.17749570007435977,-172835982.27178964,0.0
Cameraman,mcet,8,2,MS-LS-4S,0.00523160002194345,-172835886.8346874,5.52183063815528e-07
Cameraman,mcet,8,2,MS-LS-conv,0.007593399961479008,-172835901.28014353,4.6860407796132275e-07
Cameraman,mcet,8,3,RM-MDE,0.0008641000022180378,-172782920.31193814,0.0003070075984991475
Cameraman,mcet,8,3,RM-MDE,0.013835800054948777,-172835515.44275504,2.700994483096577e-06
Cameraman,mcet,8,3,RM-MDE,0.07178819994442165,-172835982.27178964,0.0
Cameraman,mcet,8,3,MS-LS-4S,0.004925100016407669,-172835138.8356178,4.879980202868708e-06
Cameraman,mcet,8,3,MS-LS-4S,0.01586210000095889,-172835533.3970535,2.597113924022886e-06
Cameraman,mcet,8,3,MS-LS-4S,0.21192049997625872,-172835679.01573414,1.7545886656124916e-06
Cameraman,mcet,8,3,MS-LS-conv,0.010409099981188774,-172835901.28014353,4.6860407796132275e-07
Cameraman,mcet,8,3,MS-LS-conv,0.30160499998601153,-172835980.72369114,8.957038252074584e-09
Cameraman,mcet,8,4,RM-MDE,0.0008273000130429864,-172784228.96124822,0.0002994359731183613
Cameraman,mcet,8,4,RM-MDE,0.007877500029280782,-172813161.59478888,0.0001320366089329411
Cameraman,mcet,8,4,RM-MDE,0.009104300057515502,-172814754.43311352,0.00012282071358696254
Cameraman,mcet,8,4,RM-MDE,0.028452200116589665,-172832398.0421969,2.073775116517248e-05
Cameraman,mcet,8,4,RM-MDE,0.039697400061413646,-172832995.7199162,1.7279688142420893e-05
Cameraman,mcet,8,4,RM-MDE,0.06949330004863441,-172833368.04696023,1.5125466323873469e-05
Cameraman,mcet,8,4,RM-MDE,0.0782150001032278,-172833825.03644085,1.2481401849520942e-05
Cameraman,mcet,8,4,RM-MDE,0.10125790006713942,-172834166.583413,1.0505268363505985e-05
Cameraman,mcet,8,4,RM-MDE,0.10726340010296553,-172834177.47694546,1.0442240212123497e-05
Cameraman,mcet,8,4,RM-MDE,0.11489010014338419,-172834198.45876175,1.0320842942781661e-05
Cameraman,mcet,8,4,RM-MDE,0.12131260015303269,-172834361.56793317,9.377120638685041e-06
Cameraman,mcet,8,4,RM-MDE,0.12773640017258003,-172834633.814353,7.80194852325659e-06
Cameraman,mcet,8,4,RM-MDE,0.1366380002000369,-172834686.01131442,7.499945660504238e-06
Cameraman,mcet,8,4,RM-MDE,0.14711420016828924,-172835651.7150872,1.9125456290415645e-06
Cameraman,mcet,8,4,RM-MDE,0.15841810015263036,-172835704.2272461,1.6087190866152171e-06
Cameraman,mcet,8,4,RM-MDE,0.1648774001514539,-172835715.04141593,1.5461501141016245e-06
Cameraman,mcet,8,4,RM-MDE,0.18002620013430715,-172835963.81270275,1.0680118024244257e-07
Cameraman,mcet,8,4,RM-MDE,0.20512930006952956,-172835980.72369114,8.957038252074584e-09
Cameraman,mcet,8,4,RM-MDE,0.21933760010870174,-172835982.27178964,0.0
Cameraman,mcet,8,4,MS-LS-4S,0.0054775000317022204,-172816067.2293593,0.0001152250947318612
Cameraman,mcet,8,4,MS-LS-4S,0.02257210004609078,-172832728.43337432,1.8826163236124825e-05
Cameraman,mcet,8,4,MS-LS-4S,0.06575410004006699,-172834323.65386018,9.596485104880493e-06
Cameraman,mcet,8,4,MS-LS-4S,0.13247040001442656,-172835598.83564726,2.2184971980084646e-06
Cameraman,mcet,8,4,MS-LS-4S,0.16568610002286732,-172835710.55534852,1.5721057476179676e-06
Cameraman,mcet,8,4,MS-LS-conv,0.017106199986301363,-172826089.63701102,5.7237125328812345e-05
Cameraman,mcet,8,4,MS-LS-conv,0.06648199999472126,-172833612.84919617,1.3709081652617924e-05
Cameraman,mcet,8,4,MS-LS-conv,0.17509330000029877,-172835306.07453233,3.912363897968955e-06
Cameraman,mcet,8,4,MS-LS-conv,0.19137469999259338,-172835332.66054213,3.7585417050957898e-06
Cameraman,mcet,8,5,RM-MDE,0.000831899989861995,-172755292.08327913,0.000466859894854647
Cameraman,mcet,8,5,RM-MDE,0.002111000008881092,-172777336.3216408,0.000339315629639135
Cameraman,mcet,8,5,RM-MDE,0.009248399990610778,-172803291.9020068,0.00018914099571829137
Cameraman,mcet,8,5,RM-MDE,0.01048970001284033,-172808541.51652235,0.0001587676067599215
Cameraman,mcet,8,5,RM-MDE,0.012915500032249838,-172818018.75019968,0.00010393392251919201
Cameraman,mcet,8,5,RM-MDE,0.024653100059367716,-172833611.84953332,1.3714865534152238e-05
Cameraman,mcet,8,5,RM-MDE,0.030656600021757185,-172834946.4203261,5.993262802751227e-06
Cameraman,mcet,8,5,RM-MDE,0.04917810007464141,-172835761.62768024,1.2766098036875058e-06
Cameraman,mcet,8,5,RM-MDE,0.0754447000217624,-172835957.94574517,1.4074641258333798e-07
Cameraman,mcet,8,5,RM-MDE,0.112468600156717,-172835982.27178964,0.0
Cameraman,mcet,8,5,MS-LS-4S,0.005055000016000122,-172834010.2558608,1.1409753356414083e-05
Cameraman,mcet,8,5,MS-LS-4S,0.026838899997528642,-172834510.82877046,8.513522472812418e-06
Cameraman,mcet,8,5,MS-LS-4S,0.07643880002433434,-172834652.54672268,7.693566174599143e-06
Cameraman,mcet,8,5,MS-LS-4S,0.13421719998586923,-172835649.44623536,1.9256728252227896e-06
Cameraman,mcet,8,5,MS-LS-conv,0.007699599955230951,-172834166.583413,1.0505268363505985e-05
Cameraman,mcet,8,5,MS-LS-conv,0.06196009996347129,-172835704.2272461,1.6087190866152171e-06
Cameraman,mcet,8,5,MS-LS-conv,0.19664339994778857,-172835957.94574517,1.4074641258333798e-07
Cameraman,mcet,8,6,RM-MDE,0.000839599990285933,-172784106.91197523,0.0003001421297379496
Cameraman,mcet,8,6,RM-MDE,0.00230679998639971,-172803839.0417596,0.0001859753368918507
Cameraman,mcet,8,6,RM-MDE,0.0035345000214874744,-172804233.81554684,0.00018369124198266992
Cameraman,mcet,8,6,RM-MDE,0.015487799944821745,-172826064.94853356,5.737996871785703e-05
Cameraman,mcet,8,6,RM-MDE,0.024505399982444942,-172827193.4484921,5.085065726481498e-05
Cameraman,mcet,8,6,RM-MDE,0.041316599992569536,-172835738.84973428,1.4083991780187691e-06
Cameraman,mcet,8,6,RM-MDE,0.08461740001803264,-172835980.72369114,8.957038252074584e-09
Cameraman,mcet,8,6,RM-MDE,0.11668430006830022,-172835982.27178964,0.0
Cameraman,mcet,8,6,MS-LS-4S,0.005417299980763346,-172832894.44839582,1.7865628170909596e-05
Cameraman,mcet,8,6,MS-LS-4S,0.01622479996876791,-172835679.01573414,1.7545886656124916e-06
Cameraman,mcet,8,6,MS-LS-4S,0.1264994999510236,-172835980.72369114,8.957038252074584e-09
Cameraman,mcet,8,6,MS-LS-conv,0.012807799968868494,-172833612.84919617,1.3709081652617924e-05
Cameraman,mcet,8,6,MS-LS-conv,0.03900019999127835,-172835901.28014353,4.6860407796132275e-07
Cameraman,mcet,8,7,RM-MDE,0.0008721000049263239,-172769788.54660982,0.0003829857898208354
Cameraman,mcet,8,7,RM-MDE,0.008104200009256601,-172820365.6907752,9.035491805113148e-05
Cameraman,mcet,8,7,RM-MDE,0.01680460007628426,-172824786.25541696,6.477827258836994e-05
Cameraman,mcet,8,7,RM-MDE,0.024652900057844818,-172833612.84919617,1.3709081652617924e-05
Cameraman,mcet,8,7,RM-MDE,0.07703010004479438,-172834048.29787984,1.1189648615842352e-05
Cameraman,mcet,8,7,RM-MDE,0.08961800008546561,-172835533.3970535,2.597113924022886e-06
Cameraman,mcet,8,7,RM-MDE,0.10709440003847703,-172835980.72369114,8.957038252074584e-09
Cameraman,mcet,8,7,RM-MDE,0.1712370998575352,-172835982.27178964,0.0
Cameraman,mcet,8,7,MS-LS-4S,0.0057209000224247575,-172816201.13231924,0.00011445035466799966
Cameraman,mcet,8,7,MS-LS-4S,0.011011900031007826,-172833403.2817484,1.492160375014163e-05
Cameraman,mcet,8,7,MS-LS-4S,0.03788459999486804,-172834281.68677053,9.839299645587767e-06
Cameraman,mcet,8,7,MS-LS-4S,0.04970319999847561,-172835689.70614925,1.6927357170907344e-06
Cameraman,mcet,8,7,MS-LS-4S,0.07159420003881678,-172835886.8346874,5.52183063815528e-07
Cameraman,mcet,8,7,MS-LS-4S,0.13628030003746971,-172835928.89570877,3.0882505002166105e-07
Cameraman,mcet,8,7,MS-LS-4S,0.22852549998788163,-172835963.81270275,1.0680118024244257e-07
Cameraman,mcet,8,7,MS-LS-conv,0.017515200015623122,-172826089.63701102,5.7237125328812345e-05
Cameraman,mcet,8,7,MS-LS-conv,0.030148099991492927,-172835704.2272461,1.6087190866152171e-06
Cameraman,mcet,8,7,MS-LS-conv,0.07085020001977682,-172835901.28014353,4.6860407796132275e-07
Cameraman,mcet,8,7,MS-LS-conv,0.11645359999965876,-172835957.94574517,1.4074641258333798e-07
Cameraman,mcet,8,8,RM-MDE,0.0008185000042431056,-172782977.48411274,0.00030667680988759067
Cameraman,mcet,8,8,RM-MDE,0.006877299980260432,-172832761.7046212,1.863366138296341e-05
Cameraman,mcet,8,8,RM-MDE,0.017978399991989136,-172835704.2272461,1.6087190866152171e-06
Cameraman,mcet,8,8,RM-MDE,0.03907589992741123,-172835866.4435533,6.70162745158778e-07
Cameraman,mcet,8,8,RM-MDE,0.07378459977917373,-172835894.197759,5.095815667552495e-07
Cameraman,mcet,8,8,RM-MDE,0.08389369980432093,-172835982.27178964,0.0
Cameraman,mcet,8,8,MS-LS-4S,0.005501799983903766,-172826064.94853356,5.737996871785703e-05
Cameraman,mcet,8,8,MS-LS-4S,0.01035350002348423,-172831885.47034597,2.3703405910141324e-05
Cameraman,mcet,8,8,MS-LS-4S,0.01585139997769147,-172833308.5425113,1.5469749083391196e-05
Cameraman,mcet,8,8,MS-LS-4S,0.020790099981240928,-172834058.84685624,1.1128614008043119e-05
Cameraman,mcet,8,8,MS-LS-4S,0.025862100010272115,-172835679.01573414,1.7545886656124916e-06
Cameraman,mcet,8,8,MS-LS-conv,0.009500999993178993,-172826160.76103768,5.682561364171292e-05
Cameraman,mcet,8,8,MS-LS-conv,0.02173810004023835,-172835901.28014353,4.6860407796132275e-07
Cameraman,mcet,8,9,RM-MDE,0.0008589000208303332,-172805113.674204,0.00017860052738964116
Cameraman,mcet,8,9,RM-MDE,0.013044800027273595,-172832859.27766928,1.8069120094729008e-05
Cameraman,mcet,8,9,RM-MDE,0.07195760007016361,-172835704.2272461,1.6087190866152171e-06
Cameraman,mcet,8,9,RM-MDE,0.07961980008985847,-172835715.04141593,1.5461501141016245e-06
Cameraman,mcet,8,9,RM-MDE,0.09103190008318052,-172835957.94574517,1.4074641258333798e-07
Cameraman,mcet,8,9,RM-MDE,0.11548720009159297,-172835982.27178964,0.0
Cameraman,mcet,8,9,MS-LS-4S,0.005717899999581277,-172692920.08480376,0.0008277338150623674
Cameraman,mcet,8,9,MS-LS-4S,0.011153100000228733,-172822148.52101636,8.003976134741943e-05
Cameraman,mcet,8,9,MS-LS-4S,0.02818760002264753,-172834769.10219562,7.019195760474845e-06
Cameraman,mcet,8,9,MS-LS-4S,0.04938059998676181,-172835864.8954548,6.791197834108527e-07
Cameraman,mcet,8,9,MS-LS-conv,0.023439699958544225,-172826089.63701102,5.7237125328812345e-05
Cameraman,mcet,8,9,MS-LS-conv,0.0906218999880366,-172835901.28014353,4.6860407796132275e-07
Cameraman,mcet,8,9,MS-LS-conv,0.13989519997267053,-172835980.72369114,8.957038252074584e-09
Coins,otsu,6,0,RM-MDE,0.0007539999787695706,-1428684567.638046,0.002128684107919347
Coins,otsu,6,0,RM-MDE,0.006819799949880689,-1430324516.201508,0.000983254481194517
Coins,otsu,6,0,RM-MDE,0.011889299959875643,-1431720108.7658849,8.496427381249188e-06
Coins,otsu,6,0,RM-MDE,0.025534900079946965,-1431720344.4962225,8.331780441312528e-06
Coins,otsu,6,0,RM-MDE,0.029819300048984587,-1431729969.1367478,1.6094059413287818e-06
Coins,otsu,6,0,RM-MDE,0.046428300032857805,-1431732273.375175,0.0
Coins,otsu,6,0,MS-LS-4S,0.0019845000351779163,-1431661011.8853834,4.9772915730703895e-05
Coins,otsu,6,0,MS-LS-4S,0.012083399982657284,-1431713720.3216395,1.2958465685574257e-05
Coins,otsu,6,0,MS-LS-conv,0.0033952000085264444,-1431713720.3216395,1.2958465685574257e-05
Coins,otsu,6,0,MS-LS-conv,0.1102307999972254,-1431719564.2209938,8.876767268283579e-06
Coins,otsu,6,0,MS-LS-conv,0.12445000000298023,-1431725199.8530254,4.9405341215698575e-06
Coins,otsu,6,1,RM-MDE,0.0006276000058278441,-1425056724.2200727,0.004662568050774793
Coins,otsu,6,1,RM-MDE,0.003914500004611909,-1428546089.987183,0.002225404460905792
Coins,otsu,6,1,RM-MDE,0.008757200033869594,-1431177257.2970326,0.0003876535358346055
Coins,otsu,6,1,RM-MDE,0.013791400007903576,-1431649716.439919,5.7662271635034166e-05
Coins,otsu,6,1,RM-MDE,0.01960600004531443,-1431703397.184618,2.0168708280166167e-05
Coins,otsu,6,1,RM-MDE,0.02442140004131943,-1431710743.2293386,1.5037829513752592e-05
Coins,otsu,6,1,RM-MDE,0.03308830002788454,-1431725543.363472,4.70060766818436e-06
Coins,otsu,6,1,RM-MDE,0.047812100034207106,-1431729969.1367478,1.6094059413287818e-06
Coins,otsu,6,1,RM-MDE,0.06405140005517751,-1431732273.375175,0.0
Coins,otsu,6,1,MS-LS-4S,0.002110899949911982,-1431555932.8384047,0.0001231658600211878
Coins,otsu,6,1,MS-LS-4S,0.008045699971262366,-1431680834.628851,3.5927629264653165e-05
Coins,otsu,6,1,MS-LS-4S,0.014647000003606081,-1431720344.4962225,8.331780441312528e-06
Coins,otsu,6,1,MS-LS-4S,0.04096359998220578,-1431729969.1367478,1.6094059413287818e-06
Coins,otsu,6,1,MS-LS-conv,0.004789300030097365,-1431713720.3216395,1.2958465685574257e-05
Coins,otsu,6,1,MS-LS-conv,0.017397999996319413,-1431720344.4962225,8.331780441312528e-06
Coins,otsu,6,1,MS-LS-conv,0.07939120003720745,-1431729647.2204456,1.834249865147894e-06
Coins,otsu,6,1,MS-LS-conv,0.10591490002116188,-1431729969.1367478,1.6094059413287818e-06
Coins,otsu,6,2,RM-MDE,0.0006461000302806497,-1427089813.7183661,0.0032425473275563515
Coins,otsu,6,2,RM-MDE,0.005795000062789768,-1431643830.3732789,6.177342198737117e-05
Coins,otsu,6,2,RM-MDE,0.01070020004408434,-1431729517.1003537,1.925132842597571e-06
Coins,otsu,6,2,RM-MDE,0.014986100024543703,-1431732273.375175,0.0
Coins,otsu,6,2,MS-LS-4S,0.0019266000017523766,-1431688172.086469,3.0802748199633415e-05
Coins,otsu,6,2,MS-LS-4S,0.03749489999609068,-1431703397.184618,2.0168708280166167e-05
Coins,otsu,6,2,MS-LS-4S,0.041983600007370114,-1431703938.4113493,1.9790685977138478e-05
Coins,otsu,6,2,MS-LS-4S,0.06650970003101975,-1431726831.6397557,3.800805164812688e-06
Coins,otsu,6,2,MS-LS-conv,0.003231799986679107,-1431713720.3216395,1.2958465685574257e-05
Coins,otsu,6,2,MS-LS-conv,0.0248896999983117,-1431729647.2204456,1.834249865147894e-06
Coins,otsu,6,2,MS-LS-conv,0.13221979996887967,-1431732273.375175,0.0
Coins,otsu,6,3,RM-MDE,0.000658600009046495,-1427250727.192388,0.003130156570559184
Coins,otsu,6,3,RM-MDE,0.0036554000107571483,-1430975509.3506987,0.0005285653180760459
Coins,otsu,6,3,RM-MDE,0.011602099984884262,-1431710743.2293386,1.5037829513752592e-05
Coins,otsu,6,3,RM-MDE,0.028121400042437017,-1431729647.2204456,1.834249865147894e-06
Coins,otsu,6,3,RM-MDE,0.042244400072377175,-1431732273.375175,0.0
Coins,otsu,6,3,MS-LS-4S,0.001857800001744181,-1431393909.4060016,0.0002363318725614601
Coins,otsu,6,3,MS-LS-4S,0.003752599994186312,-1431549545.0401437,0.00012762744713472584
Coins,otsu,6,3,MS-LS-4S,0.011807199975010008,-1431688172.086469,3.0802748199633415e-05
Coins,otsu,6,3,MS-LS-4S,0.017734299995936453,-1431705148.971258,1.8945164833877046e-05
Coins,otsu,6,3,MS-LS-4S,0.07356320001417771,-1431709350.8990102,1.6010309043869086e-05
Coins,otsu,6,3,MS-LS-4S,0.07748929999070242,-1431720344.4962225,8.331780441312528e-06
Coins,otsu,6,3,MS-LS-conv,0.004565900017041713,-1431549545.0401437,0.00012762744713472584
Coins,otsu,6,3,MS-LS-conv,0.013126800011377782,-1431713720.3216395,1.2958465685574257e-05
Coins,otsu,6,3,MS-LS-conv,0.01732310000807047,-1431719564.2209938,8.876767268283579e-06
Coins,otsu,6,3,MS-LS-conv,0.14769690000684932,-1431729647.2204456,1.834249865147894e-06
Coins,otsu,6,3,MS-LS-conv,0.15095650003058836,-1431732273.375175,0.0
Coins,otsu,6,4,RM-MDE,0.0006359000108204782,-1419834552.645842,0.008310017836844007
Coins,otsu,6,4,RM-MDE,0.005626600002869964,-1431720344.4962225,8.331780441312528e-06
Coins,otsu,6,4,RM-MDE,0.018192100047599524,-1431729647.2204456,1.834249865147894e-06
Coins,otsu,6,4,RM-MDE,0.028499400126747787,-1431729969.1367478,1.6094059413287818e-06
Coins,otsu,6,4,RM-MDE,0.03698069998063147,-1431732273.375175,0.0
Coins,otsu,6,4,MS-LS-4S,0.002155299996957183,-1430747845.7938027,0.0006875779778656278
Coins,otsu,6,4,MS-LS-4S,0.00861860002623871,-1431175331.8250012,0.00038899839064242216
Coins,otsu,6,4,MS-LS-4S,0.010596300009638071,-1431729647.2204456,1.834249865147894e-06
Coins,otsu,6,4,MS-LS-conv,0.005897699971683323,-1431713720.3216395,1.2958465685574257e-05
Coins,otsu,6,4,MS-LS-conv,0.02842759998748079,-1431729647.2204456,1.834249865147894e-06
Coins,otsu,6,4,MS-LS-conv,0.09783370001241565,-1431732273.375175,0.0
Coins,otsu,6,5,RM-MDE,0.000603899999987334,-1426713538.343948,0.003505358595707222
Coins,otsu,6,5,RM-MDE,0.005409999983385205,-1431729647.2204456,1.834249865147894e-06
Coins,otsu,6,5,RM-MDE,0.00822579994564876,-1431732273.375175,0.0
Coins,otsu,6,5,MS-LS-4S,0.0019141000229865313,-1431649716.439919,5.7662271635034166e-05
Coins,otsu,6,5,MS-LS-4S,0.00795769999967888,-1431661214.2474556,4.9631575009402465e-05
Coins,otsu,6,5,MS-LS-4S,0.02231730002677068,-1431668789.798446,4.4340396531959583e-05
Coins,otsu,6,5,MS-LS-4S,0.05347880005137995,-1431702852.2748294,2.054930303153262e-05
Coins,otsu,6,5,MS-LS-4S,0.05543620005482808,-1431725199.8530254,4.9405341215698575e-06
Coins,otsu,6,5,MS-LS-conv,0.004256000043824315,-1431713720.3216395,1.2958465685574257e-05
Coins,otsu,6,5,MS-LS-conv,0.018386000010650605,-1431732273.375175,0.0
Coins,otsu,6,6,RM-MDE,0.0006637999904341996,-1423274705.8676546,0.005907226975880422
Coins,otsu,6,6,RM-MDE,0.009730399935506284,-1431501529.6290815,0.00016116403212002392
Coins,otsu,6,6,RM-MDE,0.012635399936698377,-1431726831.6397557,3.800805164812688e-06
Coins,otsu,6,6,RM-MDE,0.0313220999087207,-1431727803.2620726,3.1221710829345152e-06
Coins,otsu,6,6,RM-MDE,0.03903829987393692,-1431732273.375175,0.0
Coins,otsu,6,6,MS-LS-4S,0.0020941999973729253,-1431695318.1267245,2.5811563472966292e-05
Coins,otsu,6,6,MS-LS-4S,0.007986099983099848,-1431720108.7658849,8.496427381249188e-06
Coins,otsu,6,6,MS-LS-4S,0.10064980003517121,-1431726831.6397557,3.800805164812688e-06
Coins,otsu,6,6,MS-LS-conv,0.0030329000437632203,-1431713720.3216395,1.2958465685574257e-05
Coins,otsu,6,6,MS-LS-conv,0.014050400000996888,-1431727191.322718,3.549582943404446e-06
Coins,otsu,6,7,RM-MDE,0.0006202000076882541,-1425279518.776688,0.004506956166654772
Coins,otsu,6,7,RM-MDE,0.0038394000148400664,-1429401168.9774654,0.0016281706021854542
Coins,otsu,6,7,RM-MDE,0.006665399996563792,-1431427806.8128526,0.00021265607263614076
Coins,otsu,6,7,RM-MDE,0.011725899996235967,-1431555932.8384047,0.0001231658600211878
Coins,otsu,6,7,RM-MDE,0.018388800031971186,-1431709350.8990102,1.6010309043869086e-05
Coins,otsu,6,7,RM-MDE,0.023147400002926588,-1431724708.5865202,5.2836614746211925e-06
Coins,otsu,6,7,RM-MDE,0.03201350005110726,-1431725199.8530254,4.9405341215698575e-06
Coins,otsu,6,7,RM-MDE,0.040721200057305396,-1431729969.1367478,1.6094059413287818e-06
Coins,otsu,6,7,RM-MDE,0.05964369996218011,-1431732273.375175,0.0
Coins,otsu,6,7,MS-LS-4S,0.002163299999665469,-1428950898.5468009,0.0019426640581463714
Coins,otsu,6,7,MS-LS-4S,0.00437820004299283,-1431692580.0115588,2.772401262049832e-05
Coins,otsu,6,7,MS-LS-4S,0.01803560002008453,-1431720344.4962225,8.331780441312528e-06
Coins,otsu,6,7,MS-LS-conv,0.006806900026276708,-1431713720.3216395,1.2958465685574257e-05
Coins,otsu,6,7,MS-LS-conv,0.018504699983168393,-1431729647.2204456,1.834249865147894e-06
Coins,otsu,6,7,MS-LS-conv,0.05061209999257699,-1431732273.375175,0.0
Coins,otsu,6,8,RM-MDE,0.0006312000332400203,-1425471497.2486637,0.004372867918770973
Coins,otsu,6,8,RM-MDE,0.0036430000327527523,-1431661111.2087915,4.970354283887637e-05
Coins,otsu,6,8,RM-MDE,0.030030400026589632,-1431729969.1367478,1.6094059413287818e-06
Coins,otsu,6,8,RM-MDE,0.037803899962455034,-1431732273.375175,0.0
Coins,otsu,6,8,MS-LS-4S,0.002095299947541207,-1430382302.9710903,0.0009428930458501529
Coins,otsu,6,8,MS-LS-4S,0.0037678999942727387,-1430899737.4840887,0.0005814885272675417
Coins,otsu,6,8,MS-LS-4S,0.005654499982483685,-1431445571.6229773,0.00020024815919101262
Coins,otsu,6,8,MS-LS-4S,0.007604299986269325,-1431675418.8710325,3.9710290254541536e-05
Coins,otsu,6,8,MS-LS-4S,0.017520599998533726,-1431724166.5228968,5.6622683088098785e-06
Coins,otsu,6,8,MS-LS-4S,0.028720200003590435,-1431726831.6397557,3.800805164812688e-06
Coins,otsu,6,8,MS-LS-conv,0.006306600000243634,-1431713720.3216395,1.2958465685574257e-05
Coins,otsu,6,8,MS-LS-conv,0.04882899997755885,-1431724166.5228968,5.6622683088098785e-06
Coins,otsu,6,8,MS-LS-conv,0.08519709995016456,-1431732273.375175,0.0
Coins,otsu,6,9,RM-MDE,0.0006317999796010554,-1426129376.5614612,0.003913369082967923
Coins,otsu,6,9,RM-MDE,0.0056303999735973775,-1431615118.929228,8.182706231155297e-05
Coins,otsu,6,9,RM-MDE,0.01520419999724254,-1431716891.3246884,1.0743664002420571e-05
Coins,otsu,6,9,RM-MDE,0.033911599894054234,-1431724166.5228968,5.6622683088098785e-06
Coins,otsu,6,9,RM-MDE,0.0405241998960264,-1431727191.322718,3.549582943404446e-06
Coins,otsu,6,9,RM-MDE,0.04912329983199015,-1431729969.1367478,1.6094059413287818e-06
Coins,otsu,6,9,RM-MDE,0.06206399970687926,-1431732273.375175,0.0
Coins,otsu,6,9,MS-LS-4S,0.002113400027155876,-1428045744.1137483,0.0025748733404856753
Coins,otsu,6,9,MS-LS-4S,0.004148700041696429,-1431682489.1756585,3.477200342713042e-05
Coins,otsu,6,9,MS-LS-4S,0.013057200005277991,-1431703096.4575813,2.037875246391961e-05
Coins,otsu,6,9,MS-LS-4S,0.09781190002104267,-1431719564.2209938,8.876767268283579e-06
Coins,otsu,6,9,MS-LS-conv,0.007609300024341792,-1431713720.3216395,1.2958465685574257e-05
Coins,otsu,6,9,MS-LS-conv,0.035615600005257875,-1431719564.2209938,8.876767268283579e-06
Coins,otsu,6,9,MS-LS-conv,0.07443169999169186,-1431729969.1367478,1.6094059413287818e-06
Coins,otsu,7,0,RM-MDE,0.0006824999582022429,-1429248749.0309963,0.0029972669062572708
Coins,otsu,7,0,RM-MDE,0.005958299909252673,-1433448062.9126394,6.794657629011603e-05
Coins,otsu,7,0,RM-MDE,0.021424399979878217,-1433501412.3311095,3.0731559618065674e-05
Coins,otsu,7,0,RM-MDE,0.029333399957977235,-1433540084.4146364,3.7550287679676368e-06
Coins,otsu,7,0,RM-MDE,0.04067459993530065,-1433545467.4191067,0.0
Coins,otsu,7,0,MS-LS-4S,0.002043799962848425,-1432919838.1809077,0.00043642092449662685
Coins,otsu,7,0,MS-LS-4S,0.006196499976795167,-1433512106.3497741,2.3271720423811506e-05
Coins,otsu,7,0,MS-LS-4S,0.014575699984561652,-1433534176.5000613,7.87621969589565e-06
Coins,otsu,7,0,MS-LS-4S,0.14435979997506365,-1433540576.9636958,3.4114407405311676e-06
Coins,otsu,7,0,MS-LS-conv,0.009382599964737892,-1433511663.1337986,2.358089511383438e-05
Coins,otsu,7,0,MS-LS-conv,0.02375300001585856,-1433545467.4191067,0.0
Coins,otsu,7,1,RM-MDE,0.0006599000189453363,-1423958615.8353977,0.006687511349722834
Coins,otsu,7,1,RM-MDE,0.001735099998768419,-1428187647.2081475,0.003737460954485932
Coins,otsu,7,1,RM-MDE,0.007046999991871417,-1433541272.3527844,2.9263573550124476e-06
Coins,otsu,7,1,RM-MDE,0.03780729998834431,-1433544193.0707266,8.88948700303931e-07
Coins,otsu,7,1,RM-MDE,0.04217349999817088,-1433545467.4191067,0.0
Coins,otsu,7,1,MS-LS-4S,0.002197000023443252,-1432541960.1800866,0.0007000177265579028
Coins,otsu,7,1,MS-LS-4S,0.004181199998129159,-1433123143.2034452,0.0002946012004919942
Coins,otsu,7,1,MS-LS-4S,0.02299150003818795,-1433314994.7085266,0.00016077112014803663
Coins,otsu,7,1,MS-LS-4S,0.04713469999842346,-1433328176.7384775,0.00015157571599068575
Coins,otsu,7,1,MS-LS-4S,0.05961799999931827,-1433480936.5614262,4.5014866390486887e-05
Coins,otsu,7,1,MS-LS-4S,0.06582080002408475,-1433500428.6864169,3.141772180476652e-05
Coins,otsu,7,1,MS-LS-4S,0.09257620002608746,-1433539180.0894432,4.385859957992492e-06
Coins,otsu,7,1,MS-LS-conv,0.010293200029991567,-1433511663.1337986,2.358089511383438e-05
Coins,otsu,7,1,MS-LS-conv,0.026084400014951825,-1433544265.1523712,8.386666226347536e-07
Coins,otsu,7,2,RM-MDE,0.0006746000144630671,-1428008364.211123,0.0038625236058626683
Coins,otsu,7,2,RM-MDE,0.005983100039884448,-1432649888.603546,0.000624729969097652
Coins,otsu,7,2,RM-MDE,0.01929790008580312,-1433540084.4146364,3.7550287679676368e-06
Coins,otsu,7,2,RM-MDE,0.04051010007970035,-1433545467.4191067,0.0
Coins,otsu,7,2,MS-LS-4S,0.002141100005246699,-1433476696.76402,4.7972426860354464e-05
Coins,otsu,7,2,MS-LS-4S,0.004063800035510212,-1433512359.455879,2.3095160900166646e-05
Coins,otsu,7,2,MS-LS-4S,0.05975450004916638,-1433527389.6306655,1.2610544173201323e-05
Coins,otsu,7,2,MS-LS-conv,0.003368799982126802,-1433541791.12551,2.564476453867332e-06
Coins,otsu,7,2,MS-LS-conv,0.007108299992978573,-1433544265.1523712,8.386666226347536e-07
Coins,otsu,7,3,RM-MDE,0.0007559999939985573,-1426676442.2857714,0.004791633951940184
Coins,otsu,7,3,RM-MDE,0.007085899997036904,-1433505426.7336533,2.7931228107820282e-05
Coins,otsu,7,3,RM-MDE,0.024346499994862825,-1433527444.5586994,1.2572227959954438e-05
Coins,otsu,7,3,RM-MDE,0.03444899996975437,-1433544265.1523712,8.386666226347536e-07
Coins,otsu,7,3,RM-MDE,0.06593219988280907,-1433545467.4191067,0.0
Coins,otsu,7,3,MS-LS-4S,0.001924100040923804,-1433402121.6201897,9.999389776951317e-05
Coins,otsu,7,3,MS-LS-4S,0.0038435000460594893,-1433518409.7854178,1.8874625398272224e-05
Coins,otsu,7,3,MS-LS-4S,0.13327490002848208,-1433520939.563822,1.7109924897498888e-05
Coins,otsu,7,3,MS-LS-conv,0.00465670000994578,-1433544265.1523712,8.386666226347536e-07
Coins,otsu,7,3,MS-LS-conv,0.0314051000168547,-1433545467.4191067,0.0
Coins,otsu,7,4,RM-MDE,0.0006846999749541283,-1427671517.8604612,0.004097497911399135
Coins,otsu,7,4,RM-MDE,0.005896199960261583,-1433402882.1326358,9.946338620678313e-05
Coins,otsu,7,4,RM-MDE,0.012848899932578206,-1433494697.1754873,3.541585863394102e-05
Coins,otsu,7,4,RM-MDE,0.017988999956287444,-1433502689.8381348,2.9840407537942387e-05
Coins,otsu,7,4,RM-MDE,0.026849099958781153,-1433545467.4191067,0.0
Coins,otsu,7,4,MS-LS-4S,0.002239599998574704,-1431834852.4122026,0.0011932757249645124
Coins,otsu,7,4,MS-LS-4S,0.004384000028949231,-1432384058.5343094,0.0008101653635641463
Coins,otsu,7,4,MS-LS-4S,0.00878299999749288,-1432570904.3724039,0.000679827092235465
Coins,otsu,7,4,MS-LS-4S,0.010782100027427077,-1433314994.7085266,0.00016077112014803663
Coins,otsu,7,4,MS-LS-4S,0.015024700027424842,-1433385198.25943,0.00011179914646539388
Coins,otsu,7,4,MS-LS-4S,0.051049300003796816,-1433539180.0894432,4.385859957992492e-06
Coins,otsu,7,4,MS-LS-conv,0.010798799979966134,-1433511663.1337986,2.358089511383438e-05
Coins,otsu,7,4,MS-LS-conv,0.06399280001642182,-1433541791.12551,2.564476453867332e-06
Coins,otsu,7,4,MS-LS-conv,0.10056400002213195,-1433544265.1523712,8.386666226347536e-07
Coins,otsu,7,5,RM-MDE,0.0006812000065110624,-1423738215.1291065,0.006841256529977214
Coins,otsu,7,5,RM-MDE,0.00391150003997609,-1432586298.5308664,0.0006690885709869975
Coins,otsu,7,5,RM-MDE,0.012665200047194958,-1433423426.292685,8.513237228631999e-05
Coins,otsu,7,5,RM-MDE,0.016606499964836985,-1433527444.5586994,1.2572227959954438e-05
Coins,otsu,7,5,RM-MDE,0.03162669995799661,-1433535048.5472608,7.267904703935413e-06
Coins,otsu,7,5,RM-MDE,0.0446392999147065,-1433545467.4191067,0.0
Coins,otsu,7,5,MS-LS-4S,0.001993599988054484,-1433423426.292685,8.513237228631999e-05
Coins,otsu,7,5,MS-LS-4S,0.026976299996022135,-1433515907.8474238,2.0619905231291873e-05
Coins,otsu,7,5,MS-LS-4S,0.0773316000122577,-1433542059.4452078,2.377304366232069e-06
Coins,otsu,7,5,MS-LS-conv,0.004338399972766638,-1433511663.1337986,2.358089511383438e-05
Coins,otsu,7,5,MS-LS-conv,0.03477440000278875,-1433544265.1523712,8.386666226347536e-07
Coins,otsu,7,5,MS-LS-conv,0.11727649997919798,-1433545467.4191067,0.0
Coins,otsu,7,6,RM-MDE,0.0006788999889977276,-1426718897.5103366,0.004762018410940496
Coins,otsu,7,6,RM-MDE,0.003946400014683604,-1432891533.0645912,0.00045616575782062057
Coins,otsu,7,6,RM-MDE,0.010225099977105856,-1432962423.4897163,0.0004067146404781409
Coins,otsu,7,6,RM-MDE,0.01979839993873611,-1433511155.1025953,2.3935283038609864e-05
Coins,otsu,7,6,RM-MDE,0.0270790999638848,-1433544265.1523712,8.386666226347536e-07
Coins,otsu,7,6,RM-MDE,0.049099299940280616,-1433544871.0228126,4.160288652655712e-07
Coins,otsu,7,6,RM-MDE,0.0580564999836497,-1433545467.4191067,0.0
Coins,otsu,7,6,MS-LS-4S,0.0020246999920345843,-1433013021.8201995,0.00037141870349311233
Coins,otsu,7,6,MS-LS-4S,0.004146199964452535,-1433247588.514638,0.0002077917382035068
Coins,otsu,7,6,MS-LS-4S,0.008253199979662895,-1433438095.4083934,7.489961996576696e-05
Coins,otsu,7,6,MS-LS-4S,0.01021699997363612,-1433527868.3480952,1.2276604692021301e-05
Coins,otsu,7,6,MS-LS-4S,0.07165290002012625,-1433534176.5000613,7.87621969589565e-06
Coins,otsu,7,6,MS-LS-conv,0.008778800023719668,-1433511663.1337986,2.358089511383438e-05
Coins,otsu,7,6,MS-LS-conv,0.012863900046795607,-1433545467.4191067,0.0
Coins,otsu,7,7,RM-MDE,0.0006893999525345862,-1425417796.2514842,0.00566962914839058
Coins,otsu,7,7,RM-MDE,0.008066699956543744,-1432546352.8795288,0.000696953506034743
Coins,otsu,7,7,RM-MDE,0.011244499997701496,-1433353071.5940113,0.0001342097822971714
Coins,otsu,7,7,RM-MDE,0.019013000011909753,-1433402121.6201897,9.999389776951317e-05
Coins,otsu,7,7,RM-MDE,0.02394570002797991,-1433480369.3415575,4.541054262228522e-05
Coins,otsu,7,7,RM-MDE,0.031900699948892,-1433545467.4191067,0.0
Coins,otsu,7,7,MS-LS-4S,0.0020807000109925866,-1432610511.3341582,0.0006521984172792191
Coins,otsu,7,7,MS-LS-4S,0.004101400030776858,-1433512106.3497741,2.3271720423811506e-05
Coins,otsu,7,7,MS-LS-4S,0.010200500022619963,-1433512359.455879,2.3095160900166646e-05
Coins,otsu,7,7,MS-LS-4S,0.026581100013572723,-1433521414.6274917,1.6778534173954674e-05
Coins,otsu,7,7,MS-LS-conv,0.010416000033728778,-1433511663.1337986,2.358089511383438e-05
Coins,otsu,7,7,MS-LS-conv,0.014123200031463057,-1433545467.4191067,0.0
Coins,otsu,7,8,RM-MDE,0.0006647999980486929,-1427816757.6483812,0.00399618282149028
Coins,otsu,7,8,RM-MDE,0.005856500007212162,-1433465627.143267,5.5694275245797806e-05
Coins,otsu,7,8,RM-MDE,0.010692500043660402,-1433527640.4020863,1.2435613257917054e-05
Coins,otsu,7,8,RM-MDE,0.022735899954568595,-1433542059.4452078,2.377304366232069e-06
Coins,otsu,7,8,RM-MDE,0.03426809993106872,-1433545467.4191067,0.0
Coins,otsu,7,8,MS-LS-4S,0.00210390001302585,-1432679921.4458122,0.0006037799239481313
Coins,otsu,7,8,MS-LS-4S,0.009373400011099875,-1432841230.975973,0.0004912550450190519
Coins,otsu,7,8,MS-LS-4S,0.013487900025211275,-1433343377.4525075,0.0001409721360028155
Coins,otsu,7,8,MS-LS-4S,0.019124999991618097,-1433527389.6306655,1.2610544173201323e-05
Coins,otsu,7,8,MS-LS-conv,0.009851599985267967,-1433511663.1337986,2.358089511383438e-05
Coins,otsu,7,8,MS-LS-conv,0.019830200006254017,-1433544265.1523712,8.386666226347536e-07
Coins,otsu,7,8,MS-LS-conv,0.08231319999322295,-1433545467.4191067,0.0
Coins,otsu,7,9,RM-MDE,0.0006994999712333083,-1426464213.603377,0.004939678563860553
Coins,otsu,7,9,RM-MDE,0.005726900009904057,-1433371761.0783312,0.00012117253670943776
Coins,otsu,7,9,RM-MDE,0.011810999945737422,-1433465627.143267,5.5694275245797806e-05
Coins,otsu,7,9,RM-MDE,0.019806799944490194,-1433540084.4146364,3.7550287679676368e-06
Coins,otsu,7,9,RM-MDE,0.0456797000952065,-1433544265.1523712,8.386666226347536e-07
Coins,otsu,7,9,RM-MDE,0.05011720006586984,-1433545467.4191067,0.0
Coins,otsu,7,9,MS-LS-4S,0.0022199999657459557,-1428438778.2915263,0.003562279148895268
Coins,otsu,7,9,MS-LS-4S,0.004272599995601922,-1433279906.2359478,0.00018524782728864496
Coins,otsu,7,9,MS-LS-4S,0.019136399962008,-1433512106.3497741,2.3271720423811506e-05
Coins,otsu,7,9,MS-LS-4S,0.021050999988801777,-1433537522.5741217,5.54209487286915e-06
Coins,otsu,7,9,MS-LS-conv,0.01239059999352321,-1433511663.1337986,2.358089511383438e-05
Coins,otsu,7,9,MS-LS-conv,0.017252699995879084,-1433544265.1523712,8.386666226347536e-07
Coins,otsu,7,9,MS-LS-conv,0.0776707999757491,-1433545467.4191067,0.0
Coins,otsu,8,0,RM-MDE,0.0007048000115901232,-1427246325.6223946,0.005216438973345526
Coins,otsu,8,0,RM-MDE,0.0028483999776653945,-1427610094.374147,0.004962893970102553
Coins,otsu,8,0,RM-MDE,0.0059148999862372875,-1433632209.9699748,0.0007655094753697888
Coins,otsu,8,0,RM-MDE,0.013065100007224828,-1434705862.8060572,1.7178810641177144e-05
Coins,otsu,8,0,RM-MDE,0.033493599912617356,-1434730287.1043723,1.551966950521985e-07
Coins,otsu,8,0,MS-LS-4S,0.0020886000129394233,-1433756656.0599468,0.0006787711721660841
Coins,otsu,8,0,MS-LS-4S,0.006274399987887591,-1434632729.433119,6.815240633747969e-05
Coins,otsu,8,0,MS-LS-4S,0.012586799974087626,-1434638721.8591144,6.397571534600469e-05
Coins,otsu,8,0,MS-LS-4S,0.03657029999885708,-1434711369.392402,1.3340747459818833e-05
Coins,otsu,8,0,MS-LS-conv,0.009450400015339255,-1434685799.0578196,3.1163142960721237e-05
Coins,otsu,8,0,MS-LS-conv,0.024242500017862767,-1434689790.8372114,2.838089266034528e-05
Coins,otsu,8,0,MS-LS-conv,0.05335100000957027,-1434723462.2917464,4.9120570109173795e-06
Coins,otsu,8,0,MS-LS-conv,0.13866100000450388,-1434729834.3240736,4.707823019844128e-07
Coins,otsu,8,1,RM-MDE,0.0006906999624334276,-1429228946.1827002,0.0038345623443863386
Coins,otsu,8,1,RM-MDE,0.005626599944662303,-1434583009.1777089,0.00010280717604623268
Coins,otsu,8,1,RM-MDE,0.011809999938122928,-1434617791.9668086,7.856374575542916e-05
Coins,otsu,8,1,RM-MDE,0.01676559989573434,-1434683707.2105007,3.262115009491352e-05
Coins,otsu,8,1,RM-MDE,0.021552099904511124,-1434730287.1043723,1.551966950521985e-07
Coins,otsu,8,1,RM-MDE,0.047786599898245186,-1434730509.7698057,0.0
Coins,otsu,8,1,MS-LS-4S,0.0020963000133633614,-1433951540.4236443,0.0005429377439574674
Coins,otsu,8,1,MS-LS-4S,0.004068100010044873,-1434597814.7695808,9.248775245332928e-05
Coins,otsu,8,1,MS-LS-4S,0.03057760000228882,-1434644501.1191933,5.9947599933700355e-05
Coins,otsu,8,1,MS-LS-4S,0.03256530000362545,-1434683741.2180717,3.259744698777918e-05
Coins,otsu,8,1,MS-LS-conv,0.010186699975747615,-1434685799.0578196,3.1163142960721237e-05
Coins,otsu,8,1,MS-LS-conv,0.02103419997729361,-1434716369.800272,9.855488147352877e-06
Coins,otsu,8,2,RM-MDE,0.0006892000092193484,-1429349888.5058134,0.003750266149184769
Coins,otsu,8,2,RM-MDE,0.0036930000060237944,-1433503113.460618,0.0008554890976595872
Coins,otsu,8,2,RM-MDE,0.008903600042685866,-1434704752.8872943,1.795241847579437e-05
Coins,otsu,8,2,RM-MDE,0.014943200047127903,-1434706084.2692413,1.7024451907874818e-05
Coins,otsu,8,2,RM-MDE,0.04503250011475757,-1434723734.2316155,4.72251628022709e-06
Coins,otsu,8,2,RM-MDE,0.04996890010079369,-1434726144.9878368,3.042231233747389e-06
Coins,otsu,8,2,RM-MDE,0.057841500092763454,-1434727887.2115192,1.8279100280994415e-06
Coins,otsu,8,2,RM-MDE,0.06076810008380562,-1434728455.209108,1.4320185453400476e-06
Coins,otsu,8,2,RM-MDE,0.0640049001085572,-1434728677.8745415,1.276821850287849e-06
Coins,otsu,8,2,MS-LS-4S,0.0019884000066667795,-1434154862.3542895,0.00040122337372507495
Coins,otsu,8,2,MS-LS-4S,0.004088199988473207,-1434462912.0907304,0.00018651424588313496
Coins,otsu,8,2,MS-LS-4S,0.05186700000194833,-1434557461.773633,0.00012061358909864621
Coins,otsu,8,2,MS-LS-4S,0.05385920003755018,-1434636637.5686016,6.542845542409408e-05
Coins,otsu,8,2,MS-LS-conv,0.008471999957691878,-1434716369.800272,9.855488147352877e-06
Coins,otsu,8,2,MS-LS-conv,0.09295329998712987,-1434723264.8019862,5.049706387448818e-06
Coins,otsu,8,3,RM-MDE,0.0006606999668292701,-1430488676.914227,0.002956536315840414
Coins,otsu,8,3,RM-MDE,0.004928099981043488,-1433187506.8261774,0.001075465345666816
Coins,otsu,8,3,RM-MDE,0.007963999989442527,-1434573057.7621398,0.00010974326299866227
Coins,otsu,8,3,RM-MDE,0.022088500030804425,-1434712031.8451996,1.2879021168267692e-05
Coins,otsu,8,3,RM-MDE,0.03018310002516955,-1434712955.2975316,1.2235379504741648e-05
Coins,otsu,8,3,RM-MDE,0.03514860005816445,-1434719883.661058,7.406344728408694e-06
Coins,otsu,8,3,RM-MDE,0.0461704001063481,-1434730287.1043723,1.551966950521985e-07
Coins,otsu,8,3,RM-MDE,0.05421520012896508,-1434730509.7698057,0.0
Coins,otsu,8,3,MS-LS-4S,0.0019135999609716237,-1434152392.0242107,0.00040294518145274127
Coins,otsu,8,3,MS-LS-4S,0.006095099961385131,-1434547295.9681697,0.00012769910473666322
Coins,otsu,8,3,MS-LS-4S,0.027295099978800863,-1434629178.220704,7.062758365530902e-05
Coins,otsu,8,3,MS-LS-4S,0.029315299994777888,-1434702661.050219,1.94104184702108e-05
Coins,otsu,8,3,MS-LS-4S,0.12444320000940934,-1434706909.19034,1.6449486021883127e-05
Coins,otsu,8,3,MS-LS-conv,0.00895920000039041,-1434716369.800272,9.855488147352877e-06
Coins,otsu,8,3,MS-LS-conv,0.023151100031100214,-1434723264.8019862,5.049706387448818e-06
Coins,otsu,8,3,MS-LS-conv,0.08383700001286343,-1434728455.209108,1.4320185453400476e-06
Coins,otsu,8,4,RM-MDE,0.0006618999759666622,-1427948569.4810367,0.004726978511007709
Coins,otsu,8,4,RM-MDE,0.0077442999463528395,-1434679279.2858388,3.5707391470365424e-05
Coins,otsu,8,4,RM-MDE,0.012743899947963655,-1434718265.2260756,8.534385828307986e-06
Coins,otsu,8,4,RM-MDE,0.017623899970203638,-1434722924.1814036,5.287117232385277e-06
Coins,otsu,8,4,RM-MDE,0.024615599948447198,-1434723739.0551004,4.719154335342829e-06
Coins,otsu,8,4,RM-MDE,0.04669090005336329,-1434729834.3240736,4.707823019844128e-07
Coins,otsu,8,4,MS-LS-4S,0.002130199980456382,-1433534175.7029219,0.0008338388699043888
Coins,otsu,8,4,MS-LS-4S,0.0085696000023745,-1434326756.912354,0.0002814137252273649
Coins,otsu,8,4,MS-LS-4S,0.01281429996015504,-1434461881.5161552,0.00018723255121515939
Coins,otsu,8,4,MS-LS-4S,0.027109399961773306,-1434516979.9688494,0.00014882920485918214
Coins,otsu,8,4,MS-LS-4S,0.029000399983488023,-1434697275.008885,2.3164462381228195e-05
Coins,otsu,8,4,MS-LS-conv,0.010079899977426976,-1434685799.0578196,3.1163142960721237e-05
Coins,otsu,8,4,MS-LS-conv,0.055043799977283925,-1434689790.8372114,2.838089266034528e-05
Coins,otsu,8,4,MS-LS-conv,0.09612239996204153,-1434704730.846666,1.7967780683571177e-05
Coins,otsu,8,4,MS-LS-conv,0.10713779996149242,-1434716369.800272,9.855488147352877e-06
Coins,otsu,8,4,MS-LS-conv,0.11684169998625293,-1434723264.8019862,5.049706387448818e-06
Coins,otsu,8,5,RM-MDE,0.0006818999536335468,-1430711720.8899713,0.0028010757786695465
Coins,otsu,8,5,RM-MDE,0.003932599967811257,-1432777075.230905,0.0013615341178003046
Coins,otsu,8,5,RM-MDE,0.00929099996574223,-1433675142.9001906,0.0007355854374243464
Coins,otsu,8,5,RM-MDE,0.015450199949555099,-1434661862.1449149,4.7847051709953815e-05
Coins,otsu,8,5,RM-MDE,0.0203957999474369,-1434698115.037312,2.25789667627801e-05
Coins,otsu,8,5,RM-MDE,0.03440289996797219,-1434704629.0446515,1.8038736179321834e-05
Coins,otsu,8,5,RM-MDE,0.03845220000948757,-1434728455.209108,1.4320185453400476e-06
Coins,otsu,8,5,RM-MDE,0.06428270007018,-1434729834.3240736,4.707823019844128e-07
Coins,otsu,8,5,MS-LS-4S,0.00195430003805086,-1434600718.3808308,9.046394991330413e-05
Coins,otsu,8,5,MS-LS-4S,0.006162500008940697,-1434687715.0367708,2.9827715200477154e-05
Coins,otsu,8,5,MS-LS-4S,0.040764100034721196,-1434698704.584864,2.2168055063435994e-05
Coins,otsu,8,5,MS-LS-4S,0.0486185000045225,-1434721902.3363514,5.999338130514939e-06
Coins,otsu,8,5,MS-LS-conv,0.004248799988999963,-1434723264.8019862,5.049706387448818e-06
Coins,otsu,8,5,MS-LS-conv,0.018835900002159178,-1434728455.209108,1.4320185453400476e-06
Coins,otsu,8,6,RM-MDE,0.000658600009046495,-1431733298.2808254,0.00208904143919068
Coins,otsu,8,6,RM-MDE,0.003827800042927265,-1434715305.9243717,1.0597004336647022e-05
Coins,otsu,8,6,RM-MDE,0.03439760010223836,-1434721871.833077,6.020598760461157e-06
Coins,otsu,8,6,RM-MDE,0.040795800159685314,-1434723565.1672468,4.8403533008895615e-06
Coins,otsu,8,6,RM-MDE,0.054495399992447346,-1434726770.4289277,2.6063019170128e-06
Coins,otsu,8,6,RM-MDE,0.05792589992051944,-1434728455.209108,1.4320185453400476e-06
Coins,otsu,8,6,RM-MDE,0.059897399914916605,-1434729834.3240736,4.707823019844128e-07
Coins,otsu,8,6,MS-LS-4S,0.002093799994327128,-1434587310.9314086,9.980887520124006e-05
Coins,otsu,8,6,MS-LS-4S,0.00823189999209717,-1434614389.9750566,8.093491701633381e-05
Coins,otsu,8,6,MS-LS-4S,0.0364490999490954,-1434655435.6011648,5.2326320608388816e-05
Coins,otsu,8,6,MS-LS-4S,0.053142699995078146,-1434674515.521204,3.902771162973247e-05
Coins,otsu,8,6,MS-LS-conv,0.006283200054895133,-1434685799.0578196,3.1163142960721237e-05
Coins,otsu,8,6,MS-LS-conv,0.025979600031860173,-1434716369.800272,9.855488147352877e-06
Coins,otsu,8,7,RM-MDE,0.0006828999612480402,-1430393368.5404246,0.003022965776393055
Coins,otsu,8,7,RM-MDE,0.0048247999511659145,-1434608098.3128042,8.532017418454975e-05
Coins,otsu,8,7,RM-MDE,0.012682699947617948,-1434709588.5544558,1.4581982614469761e-05
Coins,otsu,8,7,RM-MDE,0.020958199922461063,-1434713119.8989835,1.2120653114835721e-05
Coins,otsu,8,7,RM-MDE,0.030822599946986884,-1434728677.8745415,1.276821850287849e-06
Coins,otsu,8,7,RM-MDE,0.0391057999804616,-1434730287.1043723,1.551966950521985e-07
Coins,otsu,8,7,RM-MDE,0.06862839992390946,-1434730509.7698057,0.0
Coins,otsu,8,7,MS-LS-4S,0.0021446000318974257,-1433079506.462693,0.001150741059641638
Coins,otsu,8,7,MS-LS-4S,0.004045900015626103,-1434695398.535548,2.4472354925616975e-05
Coins,otsu,8,7,MS-LS-4S,0.07436090003466234,-1434725797.688691,3.2842970039892776e-06
Coins,otsu,8,7,MS-LS-conv,0.011061400000471622,-1434685799.0578196,3.1163142960721237e-05
Coins,otsu,8,7,MS-LS-conv,0.014421399973798543,-1434716369.800272,9.855488147352877e-06
Coins,otsu,8,8,RM-MDE,0.0006873999955132604,-1430241457.0742035,0.0031288473096751958
Coins,otsu,8,8,RM-MDE,0.003686399955768138,-1433720409.7774596,0.000704034650038991
Coins,otsu,8,8,RM-MDE,0.006609599920921028,-1434567173.266746,0.00011384472689984967
Coins,otsu,8,8,RM-MDE,0.01676589995622635,-1434600107.8426044,9.088949200794043e-05
Coins,otsu,8,8,RM-MDE,0.021775499917566776,-1434728455.209108,1.4320185453400476e-06
Coins,otsu,8,8,RM-MDE,0.05447209993144497,-1434729834.3240736,4.707823019844128e-07
Coins,otsu,8,8,RM-MDE,0.07445109990658239,-1434730287.1043723,1.551966950521985e-07
Coins,otsu,8,8,MS-LS-4S,0.0021019999985583127,-1434412433.4445012,0.0002216976102052376
Coins,otsu,8,8,MS-LS-4S,0.006259000045247376,-1434647681.1009,5.773116856560359e-05
Coins,otsu,8,8,MS-LS-4S,0.04171430005226284,-1434662178.4573817,4.762658350027549e-05
Coins,otsu,8,8,MS-LS-4S,0.08110000001033768,-1434693747.7167003,2.56229674179387e-05
Coins,otsu,8,8,MS-LS-4S,0.08934770000632852,-1434730287.1043723,1.551966950521985e-07
Coins,otsu,8,8,MS-LS-conv,0.00710129999788478,-1434685799.0578196,3.1163142960721237e-05
Coins,otsu,8,8,MS-LS-conv,0.01870060001965612,-1434716369.800272,9.855488147352877e-06
Coins,otsu,8,9,RM-MDE,0.0007150000310502946,-1429029091.96521,0.003973859735868075
Coins,otsu,8,9,RM-MDE,0.0058392000501044095,-1434498718.4518018,0.0001615573910399957
Coins,otsu,8,9,RM-MDE,0.013925400038715452,-1434685830.5096698,3.114122117822502e-05
Coins,otsu,8,9,RM-MDE,0.019856300088576972,-1434723264.8019862,5.049706387448818e-06
Coins,otsu,8,9,RM-MDE,0.037786000000778586,-1434727976.883101,1.7654093834595398e-06
Coins,otsu,8,9,RM-MDE,0.05015659995842725,-1434728455.209108,1.4320185453400476e-06
Coins,otsu,8,9,RM-MDE,0.052209299989044666,-1434729834.3240736,4.707823019844128e-07
Coins,otsu,8,9,MS-LS-4S,0.002318299957551062,-1428540088.475638,0.0043146927259259124
Coins,otsu,8,9,MS-LS-4S,0.004505199962295592,-1434268544.7225602,0.0003219873307912175
Coins,otsu,8,9,MS-LS-4S,0.013221499975770712,-1434341392.8652213,0.000271212539173534
Coins,otsu,8,9,MS-LS-4S,0.01735229999758303,-1434619575.9288704,7.732033310773391e-05
Coins,otsu,8,9,MS-LS-4S,0.07222789997467771,-1434680213.7702715,3.505606048776352e-05
Coins,otsu,8,9,MS-LS-4S,0.08468179998453707,-1434707502.6891813,1.6035820293549986e-05
Coins,otsu,8,9,MS-LS-conv,0.013988599996082485,-1434685799.0578196,3.1163142960721237e-05
Coins,otsu,8,9,MS-LS-conv,0.05409799999324605,-1434716369.800272,9.855488147352877e-06
Coins,otsu,8,9,MS-LS-conv,0.12057249998906627,-1434724613.025621,4.110001247327302e-06
Coins,kapur,6,0,RM-MDE,0.000859099964145571,-23.0660337625216,0.03892553454402609
Coins,kapur,6,0,RM-MDE,0.009635099966544658,-24.000089024990025,6.98134474189408e-06
Coins,kapur,6,0,RM-MDE,0.056378699897322804,-24.000256579055097,0.0
Coins,kapur,6,0,MS-LS-4S,0.006232099956832826,-23.970144140508715,0.0012546715259978182
Coins,kapur,6,0,MS-LS-4S,0.1167775999638252,-23.998190974583906,8.606593285314913e-05
Coins,kapur,6,0,MS-LS-4S,0.135672899952624,-23.99943211024705,3.4352499746507095e-05
Coins,kapur,6,0,MS-LS-conv,0.015799399989191443,-24.000089024990025,6.98134474189408e-06
Coins,kapur,6,1,RM-MDE,0.0008374000317417085,-23.38658504213691,0.02556937401468176
Coins,kapur,6,1,RM-MDE,0.0020613999804481864,-23.607165815653055,0.016378606708108746
Coins,kapur,6,1,RM-MDE,0.015802400012034923,-23.895748799233658,0.004354444273426758
Coins,kapur,6,1,RM-MDE,0.029400200000964105,-23.993219290941028,0.00029321720336153824
Coins,kapur,6,1,RM-MDE,0.10121839994098991,-23.99943211024705,3.4352499746507095e-05
Coins,kapur,6,1,RM-MDE,0.11285499989753589,-24.000089024990025,6.98134474189408e-06
Coins,kapur,6,1,RM-MDE,0.14131949981674552,-24.000256579055097,0.0
Coins,kapur,6,1,MS-LS-4S,0.006007199990563095,-23.904925403283894,0.003972089859005869
Coins,kapur,6,1,MS-LS-4S,0.011765300005208701,-23.947426853235594,0.00220121504307614
Coins,kapur,6,1,MS-LS-4S,0.024016499985009432,-23.990650883014048,0.00040023305623458085
Coins,kapur,6,1,MS-LS-4S,0.04421540000475943,-24.000089024990025,6.98134474189408e-06
Coins,kapur,6,1,MS-LS-4S,0.09519349999027327,-24.000256579055097,0.0
Coins,kapur,6,1,MS-LS-conv,0.016087000025436282,-23.93802939147308,0.0025927717637953445
Coins,kapur,6,1,MS-LS-conv,0.02764220000244677,-23.949411175045316,0.00211853585157725
Coins,kapur,6,1,MS-LS-conv,0.043004199978895485,-23.99943211024705,3.4352499746507095e-05
Coins,kapur,6,1,MS-LS-conv,0.057292999990750104,-24.000089024990025,6.98134474189408e-06
Coins,kapur,6,1,MS-LS-conv,0.2257056999951601,-24.000256579055097,0.0
Coins,kapur,6,2,RM-MDE,0.0008695999858900905,-23.465649574258375,0.022275053728520188
Coins,kapur,6,2,RM-MDE,0.008508600003551692,-23.804049446013657,0.00817520981057633
Coins,kapur,6,2,RM-MDE,0.022834200004581362,-23.949060262062343,0.0021331570695553937
Coins,kapur,6,2,RM-MDE,0.03027380001731217,-23.98749759755629,0.0005316185456927099
Coins,kapur,6,2,RM-MDE,0.04496259998995811,-23.998190974583906,8.606593285314913e-05
Coins,kapur,6,2,RM-MDE,0.06318339996505529,-23.99943211024705,3.4352499746507095e-05
Coins,kapur,6,2,RM-MDE,0.11031809984706342,-24.000256579055097,0.0
Coins,kapur,6,2,MS-LS-4S,0.006309900025371462,-23.99929403321869,4.0105647755800776e-05
Coins,kapur,6,2,MS-LS-4S,0.17736820003483444,-24.000021920009267,9.777355715229507e-06
Coins,kapur,6,2,MS-LS-4S,0.2632185000111349,-24.000089024990025,6.98134474189408e-06
Coins,kapur,6,2,MS-LS-conv,0.010101299965754151,-24.000089024990025,6.98134474189408e-06
Coins,kapur,6,3,RM-MDE,0.0008468999876640737,-23.497531090879843,0.020946671404087437
Coins,kapur,6,3,RM-MDE,0.013848899980075657,-23.978036138001073,0.0009258418126002864
Coins,kapur,6,3,RM-MDE,0.03055100003257394,-23.998190974583906,8.606593285314913e-05
Coins,kapur,6,3,RM-MDE,0.07331050001084805,-23.99943211024705,3.4352499746507095e-05
Coins,kapur,6,3,RM-MDE,0.08083480002824217,-24.000089024990025,6.98134474189408e-06
Coins,kapur,6,3,RM-MDE,0.09738450002623722,-24.000256579055097,0.0
Coins,kapur,6,3,MS-LS-4S,0.0064965999918058515,-23.96305181693144,0.0015501818491443103
Coins,kapur,6,3,MS-LS-4S,0.01273890002630651,-23.965482386581158,0.001448909196424458
Coins,kapur,6,3,MS-LS-4S,0.025364600005559623,-24.000021920009267,9.777355715229507e-06
Coins,kapur,6,3,MS-LS-4S,0.061675300006754696,-24.000089024990025,6.98134474189408e-06
Coins,kapur,6,3,MS-LS-4S,0.2227640000055544,-24.000256579055097,0.0
Coins,kapur,6,3,MS-LS-conv,0.013631800014991313,-23.99943211024705,3.4352499746507095e-05
Coins,kapur,6,3,MS-LS-conv,0.058050199993886054,-24.000089024990025,6.98134474189408e-06
Coins,kapur,6,4,RM-MDE,0.0008116000099107623,-23.385206551441623,0.025626810512943653
Coins,kapur,6,4,RM-MDE,0.008173499954864383,-23.91301045883622,0.0036352161457731264
Coins,kapur,6,4,RM-MDE,0.03368889994453639,-23.979906619423097,0.0008479059198791793
Coins,kapur,6,4,RM-MDE,0.047345399914775044,-23.99045091346737,0.000408565031604061
Coins,kapur,6,4,RM-MDE,0.060872399946674705,-24.000089024990025,6.98134474189408e-06
Coins,kapur,6,4,RM-MDE,0.1374601000570692,-24.000256579055097,0.0
Coins,kapur,6,4,MS-LS-4S,0.006469599960837513,-23.7530986282911,0.010298137853229961
Coins,kapur,6,4,MS-LS-4S,0.025342299952171743,-23.933580262500477,0.002778150155811589
Coins,kapur,6,4,MS-LS-4S,0.03109459998086095,-23.93621033909824,0.0026685648024593173
Coins,kapur,6,4,MS-LS-4S,0.043125599971972406,-23.940951294030338,0.0024710271254564393
Coins,kapur,6,4,MS-LS-4S,0.06159669999033213,-23.954843305859455,0.0018921994873702295
Coins,kapur,6,4,MS-LS-4S,0.07413909997558221,-23.995839404589496,0.00018404696845849715
Coins,kapur,6,4,MS-LS-4S,0.22737249999772757,-23.99781431532346,0.00010175990092410287
Coins,kapur,6,4,MS-LS-4S,0.2530457999673672,-23.998997116573015,5.2477042398838854e-05
Coins,kapur,6,4,MS-LS-4S,0.33920549997128546,-24.000089024990025,6.98134474189408e-06
Coins,kapur,6,4,MS-LS-conv,0.023494700028095394,-23.93802939147308,0.0025927717637953445
Coins,kapur,6,4,MS-LS-conv,0.10236000001896173,-23.945881842244013,0.002265589812841286
Coins,kapur,6,4,MS-LS-conv,0.13972679997095838,-23.949411175045316,0.00211853585157725
Coins,kapur,6,4,MS-LS-conv,0.15480760001810268,-23.99943211024705,3.4352499746507095e-05
Coins,kapur,6,4,MS-LS-conv,0.19203350000316277,-24.000089024990025,6.98134474189408e-06
Coins,kapur,6,5,RM-MDE,0.0008292999700643122,-23.183498202147035,0.03403123521691193
Coins,kapur,6,5,RM-MDE,0.013825299974996597,-23.885898175229002,0.004764882552376353
Coins,kapur,6,5,RM-MDE,0.02899799996521324,-23.99943211024705,3.4352499746507095e-05
Coins,kapur,6,5,RM-MDE,0.10501290002139285,-24.000089024990025,6.98134474189408e-06
Coins,kapur,6,5,RM-MDE,0.1260150001035072,-24.000256579055097,0.0
Coins,kapur,6,5,MS-LS-4S,0.006847600045148283,-23.99497851441977,0.000219917008717862
Coins,kapur,6,5,MS-LS-4S,0.013306800043210387,-24.000256579055097,0.0
Coins,kapur,6,5,MS-LS-conv,0.012665000045672059,-24.000089024990025,6.98134474189408e-06
Coins,kapur,6,5,MS-LS-conv,0.02040610002586618,-24.000256579055097,0.0
Coins,kapur,6,6,RM-MDE,0.0008882000111043453,-22.826542594374345,0.04890422653668822
Coins,kapur,6,6,RM-MDE,0.014377899991814047,-23.914505831739092,0.003572909607593102
Coins,kapur,6,6,RM-MDE,0.034665699990000576,-23.948823277046486,0.002143031339652297
Coins,kapur,6,6,RM-MDE,0.05640499998116866,-23.997363517922373,0.00012054292516392464
Coins,kapur,6,6,RM-MDE,0.09185510000679642,-23.99943211024705,3.4352499746507095e-05
Coins,kapur,6,6,RM-MDE,0.11839119996875525,-24.000089024990025,6.98134474189408e-06
Coins,kapur,6,6,RM-MDE,0.12424719997216016,-24.000256579055097,0.0
Coins,kapur,6,6,MS-LS-4S,0.005799799982924014,-23.940868617977618,0.002474471924158822
Coins,kapur,6,6,MS-LS-4S,0.012076999992132187,-23.99497851441977,0.000219917008717862
Coins,kapur,6,6,MS-LS-4S,0.025224799988791347,-23.99943211024705,3.4352499746507095e-05
Coins,kapur,6,6,MS-LS-4S,0.27224620000924915,-24.000089024990025,6.98134474189408e-06
Coins,kapur,6,6,MS-LS-4S,0.2969543999643065,-24.000256579055097,0.0
Coins,kapur,6,6,MS-LS-conv,0.013318400015123188,-23.95143337336827,0.002034278488898909
Coins,kapur,6,6,MS-LS-conv,0.026066899998113513,-24.000089024990025,6.98134474189408e-06
Coins,kapur,6,7,RM-MDE,0.0008342000073753297,-23.071594125158732,0.03869385524431451
Coins,kapur,6,7,RM-MDE,0.007857400050852448,-23.95143337336827,0.002034278488898909
Coins,kapur,6,7,RM-MDE,0.10041040007490665,-23.951453026902456,0.0020334596003957696
Coins,kapur,6,7,RM-MDE,0.1355854002176784,-23.95217085617747,0.002003550367023607
Coins,kapur,6,7,MS-LS-4S,0.006237800000235438,-23.726651900617956,0.011400073059048676
Coins,kapur,6,7,MS-LS-4S,0.012619999994058162,-23.99948268200602,3.224536564973764e-05
Coins,kapur,6,7,MS-LS-4S,0.04287929995916784,-24.000089024990025,6.98134474189408e-06
Coins,kapur,6,7,MS-LS-4S,0.08604019996710122,-24.000256579055097,0.0
Coins,kapur,6,7,MS-LS-conv,0.023753299959935248,-23.93802939147308,0.0025927717637953445
Coins,kapur,6,7,MS-LS-conv,0.03326749999541789,-24.000089024990025,6.98134474189408e-06
Coins,kapur,6,7,MS-LS-conv,0.1930479999864474,-24.000256579055097,0.0
Coins,kapur,6,8,RM-MDE,0.000989199965260923,-23.317346826033315,0.0284542688438487
Coins,kapur,6,8,RM-MDE,0.002510499965865165,-23.34419266505784,0.02733570417617125
Coins,kapur,6,8,RM-MDE,0.010654699930455536,-23.948365687683516,0.002162097359278489
Coins,kapur,6,8,RM-MDE,0.024565199972130358,-23.98749759755629,0.0005316185456927099
Coins,kapur,6,8,RM-MDE,0.03187819995218888,-23.998190974583906,8.606593285314913e-05
Coins,kapur,6,8,RM-MDE,0.0667665998917073,-24.000089024990025,6.98134474189408e-06
Coins,kapur,6,8,MS-LS-4S,0.0062117999768815935,-23.81483142174181,0.0077259656246802776
Coins,kapur,6,8,MS-LS-4S,0.017957199946977198,-23.970018004099664,0.001259927153521446
Coins,kapur,6,8,MS-LS-4S,0.024319699965417385,-23.99045091346737,0.000408565031604061
Coins,kapur,6,8,MS-LS-4S,0.0887663999455981,-23.998997116573015,5.2477042398838854e-05
Coins,kapur,6,8,MS-LS-4S,0.11298699997132644,-23.99943211024705,3.4352499746507095e-05
Coins,kapur,6,8,MS-LS-4S,0.2168692999985069,-24.000256579055097,0.0
Coins,kapur,6,8,MS-LS-conv,0.020570900000166148,-23.93802939147308,0.0025927717637953445
Coins,kapur,6,8,MS-LS-conv,0.0396391999674961,-23.99943211024705,3.4352499746507095e-05
Coins,kapur,6,8,MS-LS-conv,0.06697059998987243,-24.000089024990025,6.98134474189408e-06
Coins,kapur,6,9,RM-MDE,0.000805600022431463,-23.824437015975658,0.007325736810367124
Coins,kapur,6,9,RM-MDE,0.007994300045538694,-23.92714287611767,0.003046371720927044
Coins,kapur,6,9,RM-MDE,0.022383800067473203,-23.993219290941028,0.00029321720336153824
Coins,kapur,6,9,RM-MDE,0.053406499908305705,-23.998808467785693,6.033732450460593e-05
Coins,kapur,6,9,RM-MDE,0.11248700000578538,-24.000256579055097,0.0
Coins,kapur,6,9,MS-LS-4S,0.006188699975609779,-23.647370059310656,0.014703447797820767
Coins,kapur,6,9,MS-LS-4S,0.012649299984332174,-23.970144140508715,0.0012546715259978182
Coins,kapur,6,9,MS-LS-4S,0.037652899976819754,-23.993219290941028,0.00029321720336153824
Coins,kapur,6,9,MS-LS-4S,0.04367279994767159,-23.995521572556427,0.00019728982825968695
Coins,kapur,6,9,MS-LS-4S,0.13590509997447953,-23.998190974583906,8.606593285314913e-05
Coins,kapur,6,9,MS-LS-4S,0.1768189999856986,-23.998997116573015,5.2477042398838854e-05
Coins,kapur,6,9,MS-LS-4S,0.18302629998652264,-24.000256579055097,0.0
Coins,kapur,6,9,MS-LS-conv,0.026635599962901324,-23.93802939147308,0.0025927717637953445
Coins,kapur,6,9,MS-LS-conv,0.04224629997042939,-24.000089024990025,6.98134474189408e-06
Coins,kapur,7,0,RM-MDE,0.0008776999893598258,-25.358213013557656,0.04382143245174898
Coins,kapur,7,0,RM-MDE,0.020793400006368756,-26.513176777240258,0.00027137643882210597
Coins,kapur,7,0,RM-MDE,0.062273899966385216,-26.514138910903828,0.00023509740024273994
Coins,kapur,7,0,RM-MDE,0.09736799995880574,-26.51487841211868,0.00020721313205951115
Coins,kapur,7,0,RM-MDE,0.1511414998676628,-26.51526800499284,0.00019252280841001947
Coins,kapur,7,0,RM-MDE,0.15609989984659478,-26.519392959793013,3.6983718572684965e-05
Coins,kapur,7,0,RM-MDE,0.16855159972328693,-26.519783167374577,2.22702162376944e-05
Coins,kapur,7,0,RM-MDE,0.17291349970037118,-26.520147108497813,8.547139548419154e-06
Coins,kapur,7,0,RM-MDE,0.1858979997341521,-26.52033535025871,1.4491339756497852e-06
Coins,kapur,7,0,RM-MDE,0.19576929975301027,-26.520373781833403,0.0
Coins,kapur,7,0,MS-LS-4S,0.006434099981561303,-26.468531772276666,0.0019547993547605466
Coins,kapur,7,0,MS-LS-4S,0.018846500024665147,-26.51710863700355,0.00012311835635176382
Coins,kapur,7,0,MS-LS-conv,0.018868700019083917,-26.50882886225186,0.0004353226570830075
Coins,kapur,7,0,MS-LS-conv,0.0448276000097394,-26.51872819409006,6.204994533187555e-05
Coins,kapur,7,0,MS-LS-conv,0.16287860000738874,-26.519713678162777,2.489043616262751e-05
Coins,kapur,7,1,RM-MDE,0.0008617000421509147,-24.57215548144687,0.07346119313450522
Coins,kapur,7,1,RM-MDE,0.002150900079868734,-25.284957283203706,0.04658367596145886
Coins,kapur,7,1,RM-MDE,0.015690900094341487,-26.464304690796197,0.002114189320951912
Coins,kapur,7,1,RM-MDE,0.03605040011461824,-26.518922938086614,5.4706760874614895e-05
Coins,kapur,7,1,RM-MDE,0.0552548001287505,-26.519507936542087,3.264830648459374e-05
Coins,kapur,7,1,RM-MDE,0.16108940017875284,-26.520373781833403,0.0
Coins,kapur,7,1,MS-LS-4S,0.006332599965389818,-26.21241898530259,0.011612008151324106
Coins,kapur,7,1,MS-LS-4S,0.01236839999910444,-26.347182996633247,0.006530480551476696
Coins,kapur,7,1,MS-LS-4S,0.03820179996546358,-26.4279679087187,0.0034843352463607437
Coins,kapur,7,1,MS-LS-4S,0.050827300001401454,-26.46522353258215,0.0020795426831061526
Coins,kapur,7,1,MS-LS-4S,0.07071439997525886,-26.513675446299867,0.000252573194806314
Coins,kapur,7,1,MS-LS-4S,0.10811699996702373,-26.520113494596696,9.814614184836454e-06
Coins,kapur,7,1,MS-LS-conv,0.015384700032882392,-26.231437004203006,0.010894898390471414
Coins,kapur,7,1,MS-LS-conv,0.022838200035039335,-26.347182996633247,0.006530480551476696
Coins,kapur,7,1,MS-LS-conv,0.04925750003894791,-26.51872819409006,6.204994533187555e-05
Coins,kapur,7,1,MS-LS-conv,0.303126799990423,-26.520373781833403,0.0
Coins,kapur,7,2,RM-MDE,0.0008817000198177993,-25.26055055143496,0.047503977159681965
Coins,kapur,7,2,RM-MDE,0.008972200041171163,-26.45291320452599,0.0025437264897684867
Coins,kapur,7,2,RM-MDE,0.04747469996800646,-26.507174088555445,0.0004977189758539433
Coins,kapur,7,2,RM-MDE,0.0627223999472335,-26.513165200196656,0.0002718129727750715
Coins,kapur,7,2,RM-MDE,0.09796509984880686,-26.514008152071217,0.00024002790513256723
Coins,kapur,7,2,RM-MDE,0.11797929980093613,-26.519507936542087,3.264830648459374e-05
Coins,kapur,7,2,RM-MDE,0.17775699985213578,-26.520147108497813,8.547139548419154e-06
Coins,kapur,7,2,MS-LS-4S,0.006097600038629025,-26.50925265368302,0.00041934281326004737
Coins,kapur,7,2,MS-LS-4S,0.043761300039477646,-26.51872819409006,6.204994533187555e-05
Coins,kapur,7,2,MS-LS-4S,0.24352750001708046,-26.520373781833403,0.0
Coins,kapur,7,2,MS-LS-conv,0.014253500034101307,-26.51872819409006,6.204994533187555e-05
Coins,kapur,7,3,RM-MDE,0.0008716000011190772,-24.669305052466328,0.06979798793918458
Coins,kapur,7,3,RM-MDE,0.014235700014978647,-26.452890158454068,0.0025445954847575203
Coins,kapur,7,3,RM-MDE,0.08312080008909106,-26.520147108497813,8.547139548419154e-06
Coins,kapur,7,3,RM-MDE,0.1721729999408126,-26.520373781833403,0.0
Coins,kapur,7,3,MS-LS-4S,0.006085100001655519,-26.480737300696227,0.0014945672132391779
Coins,kapur,7,3,MS-LS-4S,0.012388799979817122,-26.493910906880892,0.000997831899738837
Coins,kapur,7,3,MS-LS-4S,0.03157479997025803,-26.51022309221274,0.0003827506242621479
Coins,kapur,7,3,MS-LS-4S,0.056596599984914064,-26.515050564420587,0.00020072180945134068
Coins,kapur,7,3,MS-LS-4S,0.10762699996121228,-26.51871685276506,6.247759107670686e-05
Coins,kapur,7,3,MS-LS-4S,0.16376239998498932,-26.520147108497813,8.547139548419154e-06
Coins,kapur,7,3,MS-LS-conv,0.02185369998915121,-26.51872819409006,6.204994533187555e-05
Coins,kapur,7,3,MS-LS-conv,0.09265480004251003,-26.52033535025871,1.4491339756497852e-06
Coins,kapur,7,4,RM-MDE,0.0008784999954514205,-25.552413824204958,0.03649872982904571
Coins,kapur,7,4,RM-MDE,0.0035077999345958233,-25.893709376563926,0.023629546492242314
Coins,kapur,7,4,RM-MDE,0.011068199935834855,-26.507174088555445,0.0004977189758539433
Coins,kapur,7,4,RM-MDE,0.08710699988296255,-26.516407090998666,0.00014957145277697074
Coins,kapur,7,4,RM-MDE,0.09844529995461926,-26.5183630110638,7.581985028350962e-05
Coins,kapur,7,4,RM-MDE,0.12218379980186,-26.519507936542087,3.264830648459374e-05
Coins,kapur,7,4,RM-MDE,0.13829649990657344,-26.519876519070532,1.875021698264858e-05
Coins,kapur,7,4,RM-MDE,0.1395003998768516,-26.520373781833403,0.0
Coins,kapur,7,4,MS-LS-4S,0.00633679999737069,-26.17592025180202,0.012988260756239276
Coins,kapur,7,4,MS-LS-4S,0.012572399980854243,-26.226112116081676,0.01109568319709344
Coins,kapur,7,4,MS-LS-4S,0.031668399984482676,-26.51078616479991,0.000361518925500971
Coins,kapur,7,4,MS-LS-conv,0.018663199967704713,-26.231437004203006,0.010894898390471414
Coins,kapur,7,4,MS-LS-conv,0.0765236999723129,-26.514138910903828,0.00023509740024273994
Coins,kapur,7,4,MS-LS-conv,0.10886360000586137,-26.514664482810986,0.0002152797343425044
Coins,kapur,7,4,MS-LS-conv,0.19961959996726364,-26.51872819409006,6.204994533187555e-05
Coins,kapur,7,5,RM-MDE,0.0009284000261686742,-25.25262354720737,0.04780287959193273
Coins,kapur,7,5,RM-MDE,0.008282000024337322,-26.304690578311593,0.008132736186001783
Coins,kapur,7,5,RM-MDE,0.017600600025616586,-26.468531772276666,0.0019547993547605466
Coins,kapur,7,5,RM-MDE,0.0781989999813959,-26.507174088555445,0.0004977189758539433
Coins,kapur,7,5,RM-MDE,0.08689359994605184,-26.514138910903828,0.00023509740024273994
Coins,kapur,7,5,RM-MDE,0.09549819998210296,-26.519507936542087,3.264830648459374e-05
Coins,kapur,7,5,RM-MDE,0.11178950004978105,-26.51955679246806,3.080610296312803e-05
Coins,kapur,7,5,RM-MDE,0.15137269988190383,-26.52033535025871,1.4491339756497852e-06
Coins,kapur,7,5,RM-MDE,0.15862789982929826,-26.520373781833403,0.0
Coins,kapur,7,5,MS-LS-4S,0.006328799994662404,-26.52033535025871,1.4491339756497852e-06
Coins,kapur,7,5,MS-LS-conv,0.00777399999788031,-26.52033535025871,1.4491339756497852e-06
Coins,kapur,7,6,RM-MDE,0.001331400009803474,-24.93908591175967,0.059625399064206414
Coins,kapur,7,6,RM-MDE,0.011526399990543723,-26.431988447031948,0.003332733374293508
Coins,kapur,7,6,RM-MDE,0.02799609990324825,-26.518601559600175,6.682493421122635e-05
Coins,kapur,7,6,RM-MDE,0.044328799936920404,-26.519465676899262,3.424178488624672e-05
Coins,kapur,7,6,RM-MDE,0.05040549993282184,-26.519713678162777,2.489043616262751e-05
Coins,kapur,7,6,RM-MDE,0.10828469990519807,-26.519836308361658,2.0266436520329275e-05
Coins,kapur,7,6,RM-MDE,0.12984589993720874,-26.519876519070532,1.875021698264858e-05
Coins,kapur,7,6,RM-MDE,0.14125389989931136,-26.52033535025871,1.4491339756497852e-06
Coins,kapur,7,6,RM-MDE,0.17030529986368492,-26.520373781833403,0.0
Coins,kapur,7,6,MS-LS-4S,0.006081799976527691,-26.33586699306224,0.006957171504782901
Coins,kapur,7,6,MS-LS-4S,0.012427199981175363,-26.49261560200078,0.0010466737784683244
Coins,kapur,7,6,MS-LS-4S,0.025323899986688048,-26.51664139801051,0.00014073647127287376
Coins,kapur,7,6,MS-LS-conv,0.014150300004985183,-26.358991598006526,0.006085215282200307
Coins,kapur,7,6,MS-LS-conv,0.02691339998273179,-26.50882886225186,0.0004353226570830075
Coins,kapur,7,6,MS-LS-conv,0.05720919999293983,-26.519465676899262,3.424178488624672e-05
Coins,kapur,7,7,RM-MDE,0.0009141999762505293,-24.71802103344546,0.06796106130384044
Coins,kapur,7,7,RM-MDE,0.014601900009438396,-26.51656359312062,0.0001436702493006985
Coins,kapur,7,7,RM-MDE,0.04815380001673475,-26.51664139801051,0.00014073647127287376
Coins,kapur,7,7,RM-MDE,0.09921150008449331,-26.517114967705815,0.0001228796454527965
Coins,kapur,7,7,RM-MDE,0.11217260011471808,-26.51872819409006,6.204994533187555e-05
Coins,kapur,7,7,RM-MDE,0.12281530007021502,-26.519713678162777,2.489043616262751e-05
Coins,kapur,7,7,RM-MDE,0.1463058001245372,-26.52033535025871,1.4491339756497852e-06
Coins,kapur,7,7,RM-MDE,0.1682481000898406,-26.520373781833403,0.0
Coins,kapur,7,7,MS-LS-4S,0.006647699978202581,-26.296468593269662,0.008442761418284274
Coins,kapur,7,7,MS-LS-4S,0.012958499952219427,-26.51370554829375,0.0002514381431614897
Coins,kapur,7,7,MS-LS-4S,0.08121019997633994,-26.51710863700355,0.00012311835635176382
Coins,kapur,7,7,MS-LS-4S,0.2273311999742873,-26.519434015826647,3.543562449332254e-05
Coins,kapur,7,7,MS-LS-conv,0.026434100000187755,-26.50882886225186,0.0004353226570830075
Coins,kapur,7,7,MS-LS-conv,0.03775899996981025,-26.51872819409006,6.204994533187555e-05
Coins,kapur,7,8,RM-MDE,0.000908799993339926,-25.237642305108977,0.04836777517830851
Coins,kapur,7,8,RM-MDE,0.014786300016567111,-26.488702415584044,0.0011942277476893678
Coins,kapur,7,8,RM-MDE,0.044850300007965416,-26.50499357126509,0.000579939434294434
Coins,kapur,7,8,RM-MDE,0.059155400027520955,-26.516407090998666,0.00014957145277697074
Coins,kapur,7,8,RM-MDE,0.09967969998251647,-26.51672225833157,0.00013768748253219652
Coins,kapur,7,8,RM-MDE,0.10736480000196025,-26.51872819409006,6.204994533187555e-05
Coins,kapur,7,8,RM-MDE,0.12289139995118603,-26.518882699569705,5.62240289659553e-05
Coins,kapur,7,8,RM-MDE,0.14048489998094738,-26.519713678162777,2.489043616262751e-05
Coins,kapur,7,8,RM-MDE,0.1443405999452807,-26.519876519070532,1.875021698264858e-05
Coins,kapur,7,8,RM-MDE,0.15378849994158372,-26.52033535025871,1.4491339756497852e-06
Coins,kapur,7,8,RM-MDE,0.1651482999441214,-26.520373781833403,0.0
Coins,kapur,7,8,MS-LS-4S,0.006591200013644993,-26.29390704902465,0.008539349206453627
Coins,kapur,7,8,MS-LS-4S,0.029155700001865625,-26.39178464281717,0.004848692558938046
Coins,kapur,7,8,MS-LS-4S,0.04176180000649765,-26.50607059872127,0.0005393281116547146
Coins,kapur,7,8,MS-LS-4S,0.048134899989236146,-26.50676060669131,0.0005133100782847614
Coins,kapur,7,8,MS-LS-4S,0.06009949999861419,-26.509335857337458,0.00041620546477763777
Coins,kapur,7,8,MS-LS-4S,0.1911314000026323,-26.513675446299867,0.000252573194806314
Coins,kapur,7,8,MS-LS-conv,0.026053299952764064,-26.50882886225186,0.0004353226570830075
Coins,kapur,7,8,MS-LS-conv,0.05580859998008236,-26.51872819409006,6.204994533187555e-05
Coins,kapur,7,9,RM-MDE,0.0009414000087417662,-25.766962849875775,0.02840875992757382
Coins,kapur,7,9,RM-MDE,0.015132299973629415,-26.458784903495257,0.0023223231634968305
Coins,kapur,7,9,RM-MDE,0.03956649999599904,-26.509188641584448,0.00042175650844773445
Coins,kapur,7,9,RM-MDE,0.08167639997554943,-26.519465676899262,3.424178488624672e-05
Coins,kapur,7,9,RM-MDE,0.11664079991169274,-26.519876519070532,1.875021698264858e-05
Coins,kapur,7,9,RM-MDE,0.12285449990304187,-26.520373781833403,0.0
Coins,kapur,7,9,MS-LS-4S,0.006313999998383224,-25.90696911387832,0.023129563444361016
Coins,kapur,7,9,MS-LS-4S,0.012964800000190735,-26.508147950372955,0.0004609977054253563
Coins,kapur,7,9,MS-LS-4S,0.057647000008728355,-26.520113494596696,9.814614184836454e-06
Coins,kapur,7,9,MS-LS-conv,0.02331930003128946,-26.231437004203006,0.010894898390471414
Coins,kapur,7,9,MS-LS-conv,0.03428850002819672,-26.519465676899262,3.424178488624672e-05
Coins,kapur,7,9,MS-LS-conv,0.16650640004081652,-26.520373781833403,0.0
Coins,kapur,8,0,RM-MDE,0.000949900015257299,-26.89034885593932,0.0702420890007857
Coins,kapur,8,0,RM-MDE,0.0023335000150837004,-27.39491882051596,0.05279613027667232
Coins,kapur,8,0,RM-MDE,0.009703500021714717,-28.622729928188647,0.010343460856608335
Coins,kapur,8,0,RM-MDE,0.019573000026866794,-28.79306996583658,0.0044538013950841514
Coins,kapur,8,0,RM-MDE,0.033891000028233975,-28.79518653497401,0.004380619120274467
Coins,kapur,8,0,RM-MDE,0.0418550000176765,-28.79940870091445,0.004234633948951228
Coins,kapur,8,0,RM-MDE,0.057804199983365834,-28.867875068921045,0.0018673479151200465
Coins,kapur,8,0,RM-MDE,0.07176920003257692,-28.9203817483494,5.188241705791213e-05
Coins,kapur,8,0,RM-MDE,0.11483890004456043,-28.920600024490128,4.433532387173642e-05
Coins,kapur,8,0,RM-MDE,0.13068900001235306,-28.921882285508236,0.0
Coins,kapur,8,0,MS-LS-4S,0.006571200035978109,-28.79518653497401,0.004380619120274467
Coins,kapur,8,0,MS-LS-4S,0.019646600005216897,-28.921102540347032,2.6960387761283328e-05
Coins,kapur,8,0,MS-LS-conv,0.013399099989328533,-28.801533765699777,0.004161157929501767
Coins,kapur,8,0,MS-LS-conv,0.039997899963054806,-28.921102540347032,2.6960387761283328e-05
Coins,kapur,8,1,RM-MDE,0.0009552999981679022,-26.710210587179088,0.07647053108425592
Coins,kapur,8,1,RM-MDE,0.008647299953736365,-28.847095331023187,0.0025858259758743977
Coins,kapur,8,1,RM-MDE,0.03751149994786829,-28.90003546776427,0.0007553733027574587
Coins,kapur,8,1,RM-MDE,0.05293639993760735,-28.907314735495753,0.0005036860972144406
Coins,kapur,8,1,RM-MDE,0.07785150001291186,-28.91671780624481,0.00017856649897271624
Coins,kapur,8,1,RM-MDE,0.09194370004115626,-28.920729656132004,3.985319367715658e-05
Coins,kapur,8,1,RM-MDE,0.12715270003536716,-28.921810408770195,2.48520263415078e-06
Coins,kapur,8,1,RM-MDE,0.1525965001201257,-28.921882285508236,0.0
Coins,kapur,8,1,MS-LS-4S,0.006595599988941103,-28.752282329678017,0.005864070469410599
Coins,kapur,8,1,MS-LS-4S,0.01293580001220107,-28.915864169559285,0.00020808175240953926
Coins,kapur,8,1,MS-LS-4S,0.11624719999963418,-28.920140234450745,6.023297655020518e-05
Coins,kapur,8,1,MS-LS-conv,0.019414099981077015,-28.801533765699777,0.004161157929501767
Coins,kapur,8,1,MS-LS-conv,0.02875190001213923,-28.921102540347032,2.6960387761283328e-05
Coins,kapur,8,1,MS-LS-conv,0.2848443000111729,-28.921882285508236,0.0
Coins,kapur,8,2,RM-MDE,0.0009119999594986439,-27.52595645859,0.048265386503481056
Coins,kapur,8,2,RM-MDE,0.009924899903126061,-28.918553240835735,0.00011510470306316263
Coins,kapur,8,2,RM-MDE,0.08393099991371855,-28.921102540347032,2.6960387761283328e-05
Coins,kapur,8,2,RM-MDE,0.14635589969111606,-28.921658223436804,7.747146925635753e-06
Coins,kapur,8,2,RM-MDE,0.15704479964915663,-28.921810408770195,2.48520263415078e-06
Coins,kapur,8,2,RM-MDE,0.17554269963875413,-28.921882285508236,0.0
Coins,kapur,8,2,MS-LS-4S,0.0060341000207699835,-28.742350011991785,0.006207489254819624
Coins,kapur,8,2,MS-LS-4S,0.012419499980751425,-28.882373870915707,0.001366038842234178
Coins,kapur,8,2,MS-LS-4S,0.1003966000280343,-28.910097077845958,0.00040748411690283935
Coins,kapur,8,2,MS-LS-4S,0.112948999973014,-28.916808544766557,0.00017542913326292275
Coins,kapur,8,2,MS-LS-4S,0.2835557999787852,-28.917209537778348,0.000161564440507711
Coins,kapur,8,2,MS-LS-conv,0.021822300041094422,-28.907877056153893,0.00048424335650381283
Coins,kapur,8,2,MS-LS-conv,0.040616200014483184,-28.921882285508236,0.0
Coins,kapur,8,3,RM-MDE,0.0009262000094167888,-27.066899681083008,0.06413768599544767
Coins,kapur,8,3,RM-MDE,0.008663099957630038,-28.841705587285915,0.002772181195913879
Coins,kapur,8,3,RM-MDE,0.024112399900332093,-28.887765997887765,0.0011796012197160864
Coins,kapur,8,3,RM-MDE,0.04675949993543327,-28.91113488896426,0.0003716008673945042
Coins,kapur,8,3,RM-MDE,0.07697369996458292,-28.921882285508236,0.0
Coins,kapur,8,3,MS-LS-4S,0.006222900003194809,-28.68451170786735,0.008207300454985359
Coins,kapur,8,3,MS-LS-4S,0.018561200005933642,-28.864971542994954,0.0019677399261733854
Coins,kapur,8,3,MS-LS-4S,0.04474640003172681,-28.885987835597692,0.0012410827744959337
Coins,kapur,8,3,MS-LS-4S,0.08831990003818646,-28.90016427746664,0.0007509195918578884
Coins,kapur,8,3,MS-LS-4S,0.0947505000513047,-28.900442912375443,0.000741285540171624
Coins,kapur,8,3,MS-LS-4S,0.13875500002177432,-28.916936380227565,0.00017100910763160438
Coins,kapur,8,3,MS-LS-4S,0.17619720002403483,-28.921102540347032,2.6960387761283328e-05
Coins,kapur,8,3,MS-LS-conv,0.024179100000765175,-28.907877056153893,0.00048424335650381283
Coins,kapur,8,3,MS-LS-conv,0.047502500005066395,-28.920600024490128,4.433532387173642e-05
Coins,kapur,8,4,RM-MDE,0.0009763999842107296,-27.15632214817187,0.06104582405485506
Coins,kapur,8,4,RM-MDE,0.0023805000237189233,-27.675060811098742,0.04310996988720313
Coins,kapur,8,4,RM-MDE,0.010434199997689575,-28.852011767381534,0.002415835782642405
Coins,kapur,8,4,RM-MDE,0.019428799976594746,-28.912685186404296,0.0003179979440186012
Coins,kapur,8,4,RM-MDE,0.04202609998174012,-28.91706229860882,0.00016665536675086642
Coins,kapur,8,4,RM-MDE,0.08062889997381717,-28.918553240835735,0.00011510470306316263
Coins,kapur,8,4,RM-MDE,0.09785209997789934,-28.9203817483494,5.188241705791213e-05
Coins,kapur,8,4,RM-MDE,0.11678280000342056,-28.921810408770195,2.48520263415078e-06
Coins,kapur,8,4,RM-MDE,0.1622739000013098,-28.921882285508236,0.0
Coins,kapur,8,4,MS-LS-4S,0.006939399987459183,-28.723680482840464,0.006853004956979704
Coins,kapur,8,4,MS-LS-4S,0.03340389998629689,-28.790208506961466,0.0045527389001492015
Coins,kapur,8,4,MS-LS-4S,0.04008890001568943,-28.87537773019899,0.0016079366775013225
Coins,kapur,8,4,MS-LS-4S,0.08578880003187805,-28.900442912375443,0.000741285540171624
Coins,kapur,8,4,MS-LS-4S,0.13714260002598166,-28.91454760127134,0.0002536032808822416
Coins,kapur,8,4,MS-LS-4S,0.3333920000004582,-28.918553240835735,0.00011510470306316263
Coins,kapur,8,4,MS-LS-conv,0.02044150000438094,-28.801533765699777,0.004161157929501767
Coins,kapur,8,4,MS-LS-conv,0.09736650000559166,-28.9203817483494,5.188241705791213e-05
Coins,kapur,8,4,MS-LS-conv,0.21858939999947324,-28.921102540347032,2.6960387761283328e-05
Coins,kapur,8,5,RM-MDE,0.0009690999868325889,-27.43193913311135,0.051516119790842446
Coins,kapur,8,5,RM-MDE,0.015915900003165007,-28.78773009052396,0.004638432369648825
Coins,kapur,8,5,RM-MDE,0.03328160004457459,-28.79166837705824,0.004502262583208193
Coins,kapur,8,5,RM-MDE,0.04118410003138706,-28.908795165421648,0.0004524989057557228
Coins,kapur,8,5,RM-MDE,0.050624200026504695,-28.911808088111325,0.0003483244035592583
Coins,kapur,8,5,RM-MDE,0.06495880003785715,-28.916011302842286,0.0002029944872879853
Coins,kapur,8,5,RM-MDE,0.09480250003980473,-28.917007371834885,0.00016855450918538232
Coins,kapur,8,5,RM-MDE,0.1384051000350155,-28.921102540347032,2.6960387761283328e-05
Coins,kapur,8,5,RM-MDE,0.17688650015043095,-28.921882285508236,0.0
Coins,kapur,8,5,MS-LS-4S,0.006134300027042627,-28.88672110556141,0.001215729308339103
Coins,kapur,8,5,MS-LS-4S,0.019794000021647662,-28.90811052661151,0.0004761709061940118
Coins,kapur,8,5,MS-LS-4S,0.039577200019266456,-28.917435350159312,0.00015375677506133763
Coins,kapur,8,5,MS-LS-conv,0.015531100041698664,-28.907877056153893,0.00048424335650381283
Coins,kapur,8,5,MS-LS-conv,0.05502990004606545,-28.917435350159312,0.00015375677506133763
Coins,kapur,8,5,MS-LS-conv,0.143071600003168,-28.9203817483494,5.188241705791213e-05
Coins,kapur,8,6,RM-MDE,0.0010065000387839973,-28.046002207855086,0.03028433865426607
Coins,kapur,8,6,RM-MDE,0.010048100026324391,-28.857420913139205,0.002228809720359406
Coins,kapur,8,6,RM-MDE,0.03177260002121329,-28.91072956688634,0.000385615241490883
Coins,kapur,8,6,RM-MDE,0.04114390001632273,-28.917388036362272,0.00015539269199693652
Coins,kapur,8,6,RM-MDE,0.07622029999038205,-28.9203817483494,5.188241705791213e-05
Coins,kapur,8,6,RM-MDE,0.12713249999796972,-28.921102540347032,2.6960387761283328e-05
Coins,kapur,8,6,RM-MDE,0.1343117999495007,-28.921810408770195,2.48520263415078e-06
Coins,kapur,8,6,RM-MDE,0.15275359991937876,-28.921882285508236,0.0
Coins,kapur,8,6,MS-LS-4S,0.006471999979112297,-28.890377202443677,0.001089316482016975
Coins,kapur,8,6,MS-LS-4S,0.02576039999257773,-28.920907602758422,3.370052959180194e-05
Coins,kapur,8,6,MS-LS-conv,0.014356300001963973,-28.9203817483494,5.188241705791213e-05
Coins,kapur,8,6,MS-LS-conv,0.06490940001094714,-28.920907602758422,3.370052959180194e-05
Coins,kapur,8,7,RM-MDE,0.0009493000106886029,-27.741088041617754,0.04082701921797591
Coins,kapur,8,7,RM-MDE,0.009026800049468875,-28.80514371821931,0.004036340585876059
Coins,kapur,8,7,RM-MDE,0.031565200071781874,-28.859221199207553,0.002166563216118191
Coins,kapur,8,7,RM-MDE,0.062340900069102645,-28.88267328757188,0.001355686243007856
Coins,kapur,8,7,RM-MDE,0.07598910009255633,-28.905892074446772,0.0005528758779810108
Coins,kapur,8,7,RM-MDE,0.11082390008959919,-28.920907602758422,3.370052959180194e-05
Coins,kapur,8,7,RM-MDE,0.18239050009287894,-28.921658223436804,7.747146925635753e-06
Coins,kapur,8,7,RM-MDE,0.20441050006775185,-28.921882285508236,0.0
Coins,kapur,8,7,MS-LS-4S,0.006950499955564737,-28.70693604969874,0.007431958739324445
Coins,kapur,8,7,MS-LS-4S,0.013195799954701215,-28.850070003003825,0.0024829740262235006
Coins,kapur,8,7,MS-LS-4S,0.026956899964716285,-28.913999149941027,0.00027256647715348124
Coins,kapur,8,7,MS-LS-4S,0.07865399995353073,-28.914422218833508,0.00025793849103887567
Coins,kapur,8,7,MS-LS-4S,0.14381589996628463,-28.919035453402994,9.843177138812828e-05
Coins,kapur,8,7,MS-LS-4S,0.2535257999552414,-28.921102540347032,2.6960387761283328e-05
Coins,kapur,8,7,MS-LS-conv,0.01999729999806732,-28.801533765699777,0.004161157929501767
Coins,kapur,8,7,MS-LS-conv,0.04015730001265183,-28.907877056153893,0.00048424335650381283
Coins,kapur,8,7,MS-LS-conv,0.07448889996157959,-28.921882285508236,0.0
Coins,kapur,8,8,RM-MDE,0.0009271000162698328,-27.512225991167693,0.04874012971994127
Coins,kapur,8,8,RM-MDE,0.004982999991625547,-28.017540940958945,0.03126841246437219
Coins,kapur,8,8,RM-MDE,0.012737200013361871,-28.920907602758422,3.370052959180194e-05
Coins,kapur,8,8,RM-MDE,0.11492180003551766,-28.921882285508236,0.0
Coins,kapur,8,8,MS-LS-4S,0.006362999964039773,-28.800059910840112,0.004212117782152961
Coins,kapur,8,8,MS-LS-4S,0.018529599998146296,-28.919434512198958,8.463395587860923e-05
Coins,kapur,8,8,MS-LS-conv,0.011346499959472567,-28.80361890533903,0.004089062357758947
Coins,kapur,8,8,MS-LS-conv,0.03876629995647818,-28.907877056153893,0.00048424335650381283
Coins,kapur,8,8,MS-LS-conv,0.048469899978954345,-28.920673250157975,4.180348078059015e-05
Coins,kapur,8,9,RM-MDE,0.0009496000129729509,-26.90916771412028,0.0695914101135962
Coins,kapur,8,9,RM-MDE,0.014945400005672127,-28.804710442068252,0.004051321497103746
Coins,kapur,8,9,RM-MDE,0.028446000011172146,-28.813177134999815,0.003758578001089814
Coins,kapur,8,9,RM-MDE,0.05138080002507195,-28.87419869214646,0.0016487029748291169
Coins,kapur,8,9,RM-MDE,0.07439020002493635,-28.912716745570048,0.00031690675757920303
Coins,kapur,8,9,RM-MDE,0.11524380004266277,-28.91816678563468,0.0001284667379833386
Coins,kapur,8,9,RM-MDE,0.14916829991852865,-28.9203817483494,5.188241705791213e-05
Coins,kapur,8,9,RM-MDE,0.1754600998829119,-28.921658223436804,7.747146925635753e-06
Coins,kapur,8,9,RM-MDE,0.18601189996115863,-28.921810408770195,2.48520263415078e-06
Coins,kapur,8,9,MS-LS-4S,0.0063933999626897275,-27.751762748208243,0.04045793167086844
Coins,kapur,8,9,MS-LS-4S,0.012842800002545118,-28.810675501222388,0.0038450742309247923
Coins,kapur,8,9,MS-LS-4S,0.04738139995606616,-28.860900463510593,0.0021085011478730463
Coins,kapur,8,9,MS-LS-4S,0.05379159998847172,-28.908022016781285,0.0004792312128970951
Coins,kapur,8,9,MS-LS-4S,0.08580399997299537,-28.91935610923463,8.734480863546196e-05
Coins,kapur,8,9,MS-LS-conv,0.033561999967787415,-28.62733471550972,0.010184246208142029
Coins,kapur,8,9,MS-LS-conv,0.04478569998173043,-28.815090655856974,0.003692416302543757
Coins,kapur,8,9,MS-LS-conv,0.11843139998381957,-28.907877056153893,0.00048424335650381283
Coins,kapur,8,9,MS-LS-conv,0.14396959997247905,-28.9203817483494,5.188241705791213e-05
Coins,kapur,8,9,MS-LS-conv,0.15491479996126145,-28.921102540347032,2.6960387761283328e-05
Coins,mcet,6,0,RM-MDE,0.0007317999843508005,-53794417.73733799,0.0003030518370102218
Coins,mcet,6,0,RM-MDE,0.007393100007902831,-53797291.379632324,0.00024964905745448687
Coins,mcet,6,0,RM-MDE,0.008584100054576993,-53799330.69239525,0.00021175117081132568
Coins,mcet,6,0,RM-MDE,0.016407700022682548,-53810701.26678937,4.4432897197264643e-07
Coins,mcet,6,0,RM-MDE,0.03341610002098605,-53810725.17645357,0.0
Coins,mcet,6,0,MS-LS-4S,0.004818100016564131,-53805437.32497239,9.826761233633707e-05
Coins,mcet,6,0,MS-LS-4S,0.019393599999602884,-53810725.17645357,0.0
Coins,mcet,6,0,MS-LS-conv,0.014638900000136346,-53810701.26678937,4.4432897197264643e-07
Coins,mcet,6,0,MS-LS-conv,0.06028749997494742,-53810725.17645357,0.0
Coins,mcet,6,1,RM-MDE,0.0007340000011026859,-53765317.25539765,0.0008438451796927272
Coins,mcet,6,1,RM-MDE,0.007014899980276823,-53803011.54293603,0.00014334751097010514
Coins,mcet,6,1,RM-MDE,0.024489799921866506,-53810055.16537207,1.2451255382590041e-05
Coins,mcet,6,1,RM-MDE,0.03999029996339232,-53810701.26678937,4.4432897197264643e-07
Coins,mcet,6,1,RM-MDE,0.07258949993411079,-53810725.17645357,0.0
Coins,mcet,6,1,MS-LS-4S,0.005086899967864156,-53803435.72695938,0.0001354646210451039
Coins,mcet,6,1,MS-LS-4S,0.014526700018905103,-53810701.26678937,4.4432897197264643e-07
Coins,mcet,6,1,MS-LS-4S,0.21472410002024844,-53810707.53457637,3.278505751200858e-07
Coins,mcet,6,1,MS-LS-conv,0.017569399962667376,-53810701.26678937,4.4432897197264643e-07
Coins,mcet,6,1,MS-LS-conv,0.261863199993968,-53810725.17645357,0.0
Coins,mcet,6,2,RM-MDE,0.0007866999949328601,-53774212.79760986,0.0006785334842446403
Coins,mcet,6,2,RM-MDE,0.012126700021326542,-53804435.589516655,0.00011688351934096625
Coins,mcet,6,2,RM-MDE,0.03411520004738122,-53810725.17645357,0.0
Coins,mcet,6,2,MS-LS-4S,0.004827000026125461,-53805283.91003407,0.00010111862275888999
Coins,mcet,6,2,MS-LS-4S,0.00911350001115352,-53807469.770548604,6.049734312794783e-05
Coins,mcet,6,2,MS-LS-4S,0.024079599999822676,-53810031.97926603,1.2882137998742175e-05
Coins,mcet,6,2,MS-LS-4S,0.07830529997590929,-53810624.80287892,1.865307971880827e-06
Coins,mcet,6,2,MS-LS-4S,0.23124260001350194,-53810689.211432435,6.683615769066123e-07
Coins,mcet,6,2,MS-LS-conv,0.016038100002333522,-53810701.26678937,4.4432897197264643e-07
Coins,mcet,6,2,MS-LS-conv,0.027712800016161054,-53810725.17645357,0.0
Coins,mcet,6,3,RM-MDE,0.0007669999613426626,-53785720.469469264,0.00046467887028672533
Coins,mcet,6,3,RM-MDE,0.007856099982745945,-53810701.26678937,4.4432897197264643e-07
Coins,mcet,6,3,RM-MDE,0.05733679997501895,-53810723.03371997,3.9819823822090595e-08
Coins,mcet,6,3,RM-MDE,0.09699940000427887,-53810725.17645357,0.0
Coins,mcet,6,3,MS-LS-4S,0.005206200003158301,-53810390.05303314,6.227818326659577e-06
Coins,mcet,6,3,MS-LS-4S,0.009704100026283413,-53810624.80287892,1.865307971880827e-06
Coins,mcet,6,3,MS-LS-4S,0.09121480002067983,-53810701.26678937,4.4432897197264643e-07
Coins,mcet,6,3,MS-LS-4S,0.2503724999842234,-53810707.53457637,3.278505751200858e-07
Coins,mcet,6,3,MS-LS-4S,0.27829789998941123,-53810725.17645357,0.0
Coins,mcet,6,3,MS-LS-conv,0.008596599975135177,-53810725.17645357,0.0
Coins,mcet,6,4,RM-MDE,0.0007306000334210694,-53745644.20650846,0.0012094423506038984
Coins,mcet,6,4,RM-MDE,0.01596859999699518,-53810535.13170397,3.5317262306359774e-06
Coins,mcet,6,4,RM-MDE,0.07097169995540753,-53810701.26678937,4.4432897197264643e-07
Coins,mcet,6,4,RM-MDE,0.08091509994119406,-53810725.17645357,0.0
Coins,mcet,6,4,MS-LS-4S,0.0051731999847106636,-53801099.627796724,0.0001788778840143849
Coins,mcet,6,4,MS-LS-4S,0.020868899999186397,-53802355.61631027,0.0001555370256738659
Coins,mcet,6,4,MS-LS-4S,0.0256779000046663,-53806740.631591566,7.404741060329897e-05
Coins,mcet,6,4,MS-LS-4S,0.040326799964532256,-53809913.74201036,1.5079418471778216e-05
Coins,mcet,6,4,MS-LS-4S,0.06055940000806004,-53810291.29844368,8.06303963499465e-06
Coins,mcet,6,4,MS-LS-4S,0.08128759998362511,-53810701.26678937,4.4432897197264643e-07
Coins,mcet,6,4,MS-LS-conv,0.01855979999527335,-53810701.26678937,4.4432897197264643e-07
Coins,mcet,6,4,MS-LS-conv,0.1413252999773249,-53810725.17645357,0.0
Coins,mcet,6,5,RM-MDE,0.0008170999935828149,-53778783.11875037,0.000593600208851565
Coins,mcet,6,5,RM-MDE,0.011405800003558397,-53810701.26678937,4.4432897197264643e-07
Coins,mcet,6,5,RM-MDE,0.047720400034449995,-53810707.53457637,3.278505751200858e-07
Coins,mcet,6,5,RM-MDE,0.05320409999694675,-53810723.03371997,3.9819823822090595e-08
Coins,mcet,6,5,RM-MDE,0.07449830003315583,-53810725.17645357,0.0
Coins,mcet,6,5,MS-LS-4S,0.0049374999944120646,-53804873.39100521,0.00010874756712845937
Coins,mcet,6,5,MS-LS-4S,0.009799799998290837,-53810300.592190325,7.890327845434246e-06
Coins,mcet,6,5,MS-LS-4S,0.030169100034981966,-53810701.26678937,4.4432897197264643e-07
Coins,mcet,6,5,MS-LS-4S,0.19167760002892464,-53810725.17645357,0.0
Coins,mcet,6,5,MS-LS-conv,0.016175800003111362,-53810701.26678937,4.4432897197264643e-07
Coins,mcet,6,5,MS-LS-conv,0.024586500017903745,-53810725.17645357,0.0
Coins,mcet,6,6,RM-MDE,0.0007385999779216945,-53751436.40889902,0.0011018020545185826
Coins,mcet,6,6,RM-MDE,0.02200060000177473,-53810535.13170397,3.5317262306359774e-06
Coins,mcet,6,6,RM-MDE,0.03454680001595989,-53810725.17645357,0.0
Coins,mcet,6,6,MS-LS-4S,0.004789699974935502,-53805283.91003407,0.00010111862275888999
Coins,mcet,6,6,MS-LS-4S,0.009558399964589626,-53805597.103632376,9.529834070023608e-05
Coins,mcet,6,6,MS-LS-4S,0.019389399967622012,-53807195.21952098,6.559950495025192e-05
Coins,mcet,6,6,MS-LS-4S,0.048660999978892505,-53808385.409266345,4.348142827569012e-05
Coins,mcet,6,6,MS-LS-4S,0.08943220000946894,-53810603.40347023,2.262987219288467e-06
Coins,mcet,6,6,MS-LS-4S,0.15928739996161312,-53810723.03371997,3.9819823822090595e-08
Coins,mcet,6,6,MS-LS-4S,0.24610910000046715,-53810725.17645357,0.0
Coins,mcet,6,6,MS-LS-conv,0.01951870002085343,-53810701.26678937,4.4432897197264643e-07
Coins,mcet,6,6,MS-LS-conv,0.1616781000047922,-53810725.17645357,0.0
Coins,mcet,6,7,RM-MDE,0.0007456999737769365,-53773490.9510957,0.0006919480314708839
Coins,mcet,6,7,RM-MDE,0.007049799954984337,-53799223.53020316,0.0002137426361136886
Coins,mcet,6,7,RM-MDE,0.012686199916061014,-53810725.17645357,0.0
Coins,mcet,6,7,MS-LS-4S,0.005199700011871755,-53795608.50337483,0.00028092305073325585
Coins,mcet,6,7,MS-LS-4S,0.009968700003810227,-53806353.22516827,8.124683826428457e-05
Coins,mcet,6,7,MS-LS-4S,0.019814300001598895,-53810031.97926603,1.2882137998742175e-05
Coins,mcet,6,7,MS-LS-4S,0.03374490002170205,-53810127.884529985,1.1099867575170984e-05
Coins,mcet,6,7,MS-LS-4S,0.06775190000189468,-53810551.81606504,3.221669805719124e-06
Coins,mcet,6,7,MS-LS-4S,0.10697720001917332,-53810580.16221088,2.6948947855805228e-06
Coins,mcet,6,7,MS-LS-4S,0.2014014000305906,-53810723.03371997,3.9819823822090595e-08
Coins,mcet,6,7,MS-LS-conv,0.021894700010307133,-53810701.26678937,4.4432897197264643e-07
Coins,mcet,6,7,MS-LS-conv,0.09396550001110882,-53810725.17645357,0.0
Coins,mcet,6,8,RM-MDE,0.0007832999690435827,-53779444.346503176,0.000581312179826933
Coins,mcet,6,8,RM-MDE,0.0030952999368309975,-53795265.580456406,0.000287295812246867
Coins,mcet,6,8,RM-MDE,0.004281099943909794,-53799675.03374697,0.0002053520496213396
Coins,mcet,6,8,RM-MDE,0.010114299948327243,-53809364.14177426,2.5293000137899898e-05
Coins,mcet,6,8,RM-MDE,0.016597199952229857,-53810689.211432435,6.683615769066123e-07
Coins,mcet,6,8,RM-MDE,0.039497099933214486,-53810701.26678937,4.4432897197264643e-07
Coins,mcet,6,8,RM-MDE,0.06817039998713881,-53810725.17645357,0.0
Coins,mcet,6,8,MS-LS-4S,0.005194899975322187,-53800768.00847226,0.0001850405834275715
Coins,mcet,6,8,MS-LS-4S,0.009323499980382621,-53806775.72515645,7.339524386947783e-05
Coins,mcet,6,8,MS-LS-4S,0.013879399979487062,-53810689.211432435,6.683615769066123e-07
Coins,mcet,6,8,MS-LS-conv,0.020226499997079372,-53810701.26678937,4.4432897197264643e-07
Coins,mcet,6,8,MS-LS-conv,0.033253900008276105,-53810725.17645357,0.0
Coins,mcet,6,9,RM-MDE,0.0007513000164180994,-53769508.786174305,0.0007659512140769044
Coins,mcet,6,9,RM-MDE,0.02175580005859956,-53807243.33605607,6.47053238194062e-05
Coins,mcet,6,9,RM-MDE,0.029748500033747405,-53807286.04266644,6.391167886788192e-05
Coins,mcet,6,9,RM-MDE,0.04577680001966655,-53810611.15638162,2.118909781873322e-06
Coins,mcet,6,9,RM-MDE,0.059213300060946494,-53810701.26678937,4.4432897197264643e-07
Coins,mcet,6,9,RM-MDE,0.0748868000227958,-53810725.17645357,0.0
Coins,mcet,6,9,MS-LS-4S,0.005258399993181229,-53784374.64846753,0.0004896891446756637
Coins,mcet,6,9,MS-LS-4S,0.01008659997023642,-53805597.103632376,9.529834070023608e-05
Coins,mcet,6,9,MS-LS-4S,0.033311499981209636,-53810053.62696824,1.2479844550016752e-05
Coins,mcet,6,9,MS-LS-4S,0.038097399985417724,-53810390.05303314,6.227818326659577e-06
Coins,mcet,6,9,MS-LS-4S,0.091589399962686,-53810634.52654915,1.6846066303279979e-06
Coins,mcet,6,9,MS-LS-conv,0.02097509999293834,-53810701.26678937,4.4432897197264643e-07
Coins,mcet,6,9,MS-LS-conv,0.1149413000093773,-53810725.17645357,0.0
Coins,mcet,7,0,RM-MDE,0.0007654000073671341,-53793157.46941189,0.0004760569362610259
Coins,mcet,7,0,RM-MDE,0.012016900000162423,-53817898.1995352,1.6352518627809117e-05
Coins,mcet,7,0,RM-MDE,0.030421999981626868,-53818608.16847166,3.160674456456786e-06
Coins,mcet,7,0,RM-MDE,0.036351699964143336,-53818617.253728375,2.9918624356382574e-06
Coins,mcet,7,0,RM-MDE,0.04724270000588149,-53818650.667845204,2.3709989024548972e-06
Coins,mcet,7,0,RM-MDE,0.08073200000217184,-53818662.58953192,2.1494835299560768e-06
Coins,mcet,7,0,RM-MDE,0.09365799999795854,-53818778.27210942,0.0
Coins,mcet,7,0,MS-LS-4S,0.005103799980133772,-53815699.181389645,5.7212200251116565e-05
Coins,mcet,7,0,MS-LS-4S,0.015435399953275919,-53817962.21156224,1.516311914503979e-05
Coins,mcet,7,0,MS-LS-4S,0.09318589995382354,-53818565.20663269,3.958943022697398e-06
Coins,mcet,7,0,MS-LS-conv,0.018726499984040856,-53818590.2698347,3.493246795222952e-06
Coins,mcet,7,1,RM-MDE,0.0008060000254772604,-53785436.663062945,0.0006195162751167982
Coins,mcet,7,1,RM-MDE,0.017492600018158555,-53816512.96331102,4.2091419967749474e-05
Coins,mcet,7,1,RM-MDE,0.04138159996364266,-53818460.82913984,5.8983681861101115e-06
Coins,mcet,7,1,RM-MDE,0.0623446999816224,-53818754.16016005,4.480211209440795e-07
Coins,mcet,7,1,RM-MDE,0.08805429999483749,-53818755.52203979,4.2271620345320027e-07
Coins,mcet,7,1,RM-MDE,0.10903719998896122,-53818759.53369516,3.481761359022832e-07
Coins,mcet,7,1,RM-MDE,0.11589390004519373,-53818778.27210942,0.0
Coins,mcet,7,1,MS-LS-4S,0.0052494999836198986,-53807542.700972095,0.0002087667445833976
Coins,mcet,7,1,MS-LS-4S,0.010072699980810285,-53813682.50727254,9.468377024675734e-05
Coins,mcet,7,1,MS-LS-4S,0.014483399980235845,-53818695.737574145,1.5335638957951143e-06
Coins,mcet,7,1,MS-LS-conv,0.022408399963751435,-53818590.2698347,3.493246795222952e-06
Coins,mcet,7,1,MS-LS-conv,0.04663019999861717,-53818695.737574145,1.5335638957951143e-06
Coins,mcet,7,2,RM-MDE,0.0009003000450320542,-53796618.69699861,0.00041174429859348557
Coins,mcet,7,2,RM-MDE,0.007273800030816346,-53808610.31969658,0.00018892945435191355
Coins,mcet,7,2,RM-MDE,0.012900100031401962,-53818437.8891222,6.324613789914145e-06
Coins,mcet,7,2,RM-MDE,0.0288989000255242,-53818760.11603121,3.3735582253772985e-07
Coins,mcet,7,2,RM-MDE,0.07287649996578693,-53818770.556909226,1.4335517157632314e-07
Coins,mcet,7,2,RM-MDE,0.09952389990212396,-53818778.27210942,0.0
Coins,mcet,7,2,MS-LS-4S,0.004771400010213256,-53817962.5018526,1.5157725296044087e-05
Coins,mcet,7,2,MS-LS-4S,0.009524699999019504,-53818480.63171313,5.53041904416054e-06
Coins,mcet,7,2,MS-LS-4S,0.15204050001921132,-53818508.19180077,5.0183284964298005e-06
Coins,mcet,7,2,MS-LS-conv,0.014021200011484325,-53818590.2698347,3.493246795222952e-06
Coins,mcet,7,2,MS-LS-conv,0.15781590004917234,-53818629.19383643,2.7700047785763177e-06
Coins,mcet,7,3,RM-MDE,0.0008235999848693609,-53785166.6422252,0.000624533498591871
Coins,mcet,7,3,RM-MDE,0.022958099958486855,-53818354.5222633,7.873642987085585e-06
Coins,mcet,7,3,RM-MDE,0.037862799945287406,-53818605.66507286,3.207189796989952e-06
Coins,mcet,7,3,RM-MDE,0.06109339988324791,-53818629.19383643,2.7700047785763177e-06
Coins,mcet,7,3,RM-MDE,0.06905829987954348,-53818759.53369516,3.481761359022832e-07
Coins,mcet,7,3,RM-MDE,0.1141979998210445,-53818766.34399391,2.216348251002933e-07
Coins,mcet,7,3,RM-MDE,0.1177166998386383,-53818778.27210942,0.0
Coins,mcet,7,3,MS-LS-4S,0.004677799995988607,-53818435.55785648,6.367930747304156e-06
Coins,mcet,7,3,MS-LS-4S,0.10025089996634051,-53818585.002405114,3.5911202466815187e-06
Coins,mcet,7,3,MS-LS-4S,0.10968869994394481,-53818696.328929946,1.5225759874922029e-06
Coins,mcet,7,3,MS-LS-conv,0.006849299999885261,-53818618.93609042,2.960602676565664e-06
Coins,mcet,7,3,MS-LS-conv,0.2146902999957092,-53818629.19383643,2.7700047785763177e-06
Coins,mcet,7,4,RM-MDE,0.0008131000213325024,-53792313.4121569,0.0004917402587384964
Coins,mcet,7,4,RM-MDE,0.013345500046852976,-53812706.15882407,0.00011282517887431456
Coins,mcet,7,4,RM-MDE,0.02380220004124567,-53818502.921220526,5.116260489987817e-06
Coins,mcet,7,4,RM-MDE,0.0596133999642916,-53818577.96864075,3.7218137441587797e-06
Coins,mcet,7,4,RM-MDE,0.07218970003305003,-53818603.1027033,3.2548008657934744e-06
Coins,mcet,7,4,RM-MDE,0.07675620005466044,-53818652.37910242,2.339202245845343e-06
Coins,mcet,7,4,RM-MDE,0.09382940008072183,-53818760.11603121,3.3735582253772985e-07
Coins,mcet,7,4,RM-MDE,0.10206470009870827,-53818766.66294304,2.157084710767011e-07
Coins,mcet,7,4,RM-MDE,0.13150230020983145,-53818769.2866494,1.6695771084157621e-07
Coins,mcet,7,4,RM-MDE,0.13269180024508387,-53818773.75984565,8.384180972312488e-08
Coins,mcet,7,4,RM-MDE,0.13713860022835433,-53818778.27210942,0.0
Coins,mcet,7,4,MS-LS-4S,0.005421000008936971,-53804036.20092574,0.0002739205841712927
Coins,mcet,7,4,MS-LS-4S,0.010525599995162338,-53806017.36652832,0.0002371087934509074
Coins,mcet,7,4,MS-LS-4S,0.02122379996581003,-53807055.94117362,0.00021781116762870602
Coins,mcet,7,4,MS-LS-4S,0.0261060000048019,-53816012.19781833,5.139608106862496e-05
Coins,mcet,7,4,MS-LS-4S,0.03700999997090548,-53817711.36557594,1.982405709927821e-05
Coins,mcet,7,4,MS-LS-4S,0.0569761999649927,-53818291.87437216,9.037695631029388e-06
Coins,mcet,7,4,MS-LS-4S,0.06644460000097752,-53818450.92892714,6.08232280237954e-06
Coins,mcet,7,4,MS-LS-4S,0.08031099999789149,-53818570.16654203,3.866783566435646e-06
Coins,mcet,7,4,MS-LS-conv,0.024639900017064065,-53818590.2698347,3.493246795222952e-06
Coins,mcet,7,4,MS-LS-conv,0.15019740001298487,-53818629.19383643,2.7700047785763177e-06
Coins,mcet,7,5,RM-MDE,0.0007999999797903001,-53771300.07234691,0.000882186502310718
Coins,mcet,7,5,RM-MDE,0.00738569995155558,-53807904.06336335,0.00020205231510622262
Coins,mcet,7,5,RM-MDE,0.013118699949700385,-53818697.61041718,1.4987648331873327e-06
Coins,mcet,7,5,RM-MDE,0.0713908999459818,-53818712.83063584,1.2159598504823488e-06
Coins,mcet,7,5,RM-MDE,0.07700749993091449,-53818770.556909226,1.4335517157632314e-07
Coins,mcet,7,5,RM-MDE,0.10183629987295717,-53818773.75984565,8.384180972312488e-08
Coins,mcet,7,5,RM-MDE,0.13344259973382577,-53818778.27210942,0.0
Coins,mcet,7,5,MS-LS-4S,0.004846900003030896,-53817499.55959608,2.3759597567921172e-05
Coins,mcet,7,5,MS-LS-4S,0.025361499981954694,-53817817.85115082,1.7845461926783624e-05
Coins,mcet,7,5,MS-LS-4S,0.034892700030468404,-53818627.41097388,2.8031319250621807e-06
Coins,mcet,7,5,MS-LS-conv,0.017804000002797693,-53818590.2698347,3.493246795222952e-06
Coins,mcet,7,5,MS-LS-conv,0.09287359996233135,-53818629.19383643,2.7700047785763177e-06
Coins,mcet,7,5,MS-LS-conv,0.12292930000694469,-53818706.8848164,1.3264383791371907e-06
Coins,mcet,7,6,RM-MDE,0.0007831999682821333,-53765530.75587704,0.0009893854513597035
Coins,mcet,7,6,RM-MDE,0.0069898999645374715,-53812465.33616477,0.00011729987464093287
Coins,mcet,7,6,RM-MDE,0.01357889996143058,-53816336.55815028,4.5369182235932296e-05
Coins,mcet,7,6,RM-MDE,0.030778200016357005,-53817598.00423646,2.1930409995409115e-05
Coins,mcet,7,6,RM-MDE,0.04390200006309897,-53818356.8227768,7.830897432980778e-06
Coins,mcet,7,6,RM-MDE,0.054202300030738115,-53818572.61288397,3.821328392278743e-06
Coins,mcet,7,6,RM-MDE,0.06568480003625154,-53818593.521394804,3.4328299628223072e-06
Coins,mcet,7,6,RM-MDE,0.09004849998746067,-53818629.19383643,2.7700047785763177e-06
Coins,mcet,7,6,RM-MDE,0.10160360002191737,-53818656.80746953,2.2569193093363195e-06
Coins,mcet,7,6,RM-MDE,0.11686390009708703,-53818658.88473479,2.21832190296915e-06
Coins,mcet,7,6,RM-MDE,0.14889340021181852,-53818662.58953192,2.1494835299560768e-06
Coins,mcet,7,6,MS-LS-4S,0.004941900027915835,-53812467.03424532,0.00011726832281828524
Coins,mcet,7,6,MS-LS-4S,0.009875199990347028,-53816722.73045792,3.819376279984226e-05
Coins,mcet,7,6,MS-LS-4S,0.019800900015980005,-53817857.250068456,1.7113395556964462e-05
Coins,mcet,7,6,MS-LS-4S,0.11136570002418011,-53818119.327863045,1.2243760775141123e-05
Coins,mcet,7,6,MS-LS-4S,0.136574300006032,-53818184.12338151,1.1039803336015843e-05
Coins,mcet,7,6,MS-LS-4S,0.14103790000081062,-53818392.2826011,7.1720228646653e-06
Coins,mcet,7,6,MS-LS-4S,0.17462459998205304,-53818766.66294304,2.157084710767011e-07
Coins,mcet,7,6,MS-LS-conv,0.019827200041618198,-53818590.2698347,3.493246795222952e-06
Coins,mcet,7,6,MS-LS-conv,0.03262980002909899,-53818629.19383643,2.7700047785763177e-06
Coins,mcet,7,7,RM-MDE,0.0008148000342771411,-53759331.07065898,0.001104581028388835
Coins,mcet,7,7,RM-MDE,0.02175620006164536,-53817772.49252772,1.8688264839653962e-05
Coins,mcet,7,7,RM-MDE,0.03352429997175932,-53818383.598408684,7.333382759814621e-06
Coins,mcet,7,7,RM-MDE,0.04392399999778718,-53818650.200108945,2.3796898514901564e-06
Coins,mcet,7,7,RM-MDE,0.05435499991290271,-53818689.588726796,1.647814860725966e-06
Coins,mcet,7,7,RM-MDE,0.07151869992958382,-53818748.904172875,5.456819624487778e-07
Coins,mcet,7,7,RM-MDE,0.09532939991913736,-53818769.2866494,1.6695771084157621e-07
Coins,mcet,7,7,RM-MDE,0.10333829990122467,-53818778.27210942,0.0
Coins,mcet,7,7,MS-LS-4S,0.005100400012452155,-53809163.747676745,0.0001786462781459422
Coins,mcet,7,7,MS-LS-4S,0.00984390004305169,-53817753.15171226,1.9047634117127787e-05
Coins,mcet,7,7,MS-LS-4S,0.02008460002252832,-53817769.988605276,1.8734789910046722e-05
Coins,mcet,7,7,MS-LS-4S,0.024662100011482835,-53818402.01739652,6.9911418464323725e-06
Coins,mcet,7,7,MS-LS-4S,0.03929400001652539,-53818580.88067726,3.6677055573545678e-06
Coins,mcet,7,7,MS-LS-4S,0.09454350004671142,-53818612.10899314,3.087456118682931e-06
Coins,mcet,7,7,MS-LS-4S,0.18602200003806502,-53818679.687989354,1.8317792270669812e-06
Coins,mcet,7,7,MS-LS-conv,0.022660399961750954,-53818590.2698347,3.493246795222952e-06
Coins,mcet,7,7,MS-LS-conv,0.07457900000736117,-53818629.19383643,2.7700047785763177e-06
Coins,mcet,7,7,MS-LS-conv,0.0962003999738954,-53818706.8848164,1.3264383791371907e-06
Coins,mcet,7,8,RM-MDE,0.0008419000077992678,-53795697.46347288,0.00042886162372251184
Coins,mcet,7,8,RM-MDE,0.012091899989172816,-53818186.062047765,1.1003781220380291e-05
Coins,mcet,7,8,RM-MDE,0.031182700011413544,-53818506.51025782,5.049573036148577e-06
Coins,mcet,7,8,RM-MDE,0.04609740007435903,-53818754.16016005,4.480211209440795e-07
Coins,mcet,7,8,RM-MDE,0.073497400037013,-53818766.66294304,2.157084710767011e-07
Coins,mcet,7,8,RM-MDE,0.12354799982858822,-53818770.556909226,1.4335517157632314e-07
Coins,mcet,7,8,RM-MDE,0.12916299980133772,-53818778.27210942,0.0
Coins,mcet,7,8,MS-LS-4S,0.005170300020836294,-53809421.673222154,0.00017385379578773553
Coins,mcet,7,8,MS-LS-4S,0.018588599981740117,-53809996.73490075,0.00016316864653205545
Coins,mcet,7,8,MS-LS-4S,0.022999999986495823,-53818697.13380878,1.507620634421194e-06
Coins,mcet,7,8,MS-LS-conv,0.02189979999093339,-53818590.2698347,3.493246795222952e-06
Coins,mcet,7,8,MS-LS-conv,0.07716699998127297,-53818766.66294304,2.157084710767011e-07
Coins,mcet,7,9,RM-MDE,0.000797600019723177,-53776010.04034226,0.0007946711750111675
Coins,mcet,7,9,RM-MDE,0.011384200013708323,-53818284.94448173,9.166459059965398e-06
Coins,mcet,7,9,RM-MDE,0.022669400030281395,-53818618.95403046,2.960269334840358e-06
Coins,mcet,7,9,RM-MDE,0.045926300110295415,-53818650.72611565,2.369916186554853e-06
Coins,mcet,7,9,RM-MDE,0.08064250007737428,-53818654.8523728,2.293246717573175e-06
Coins,mcet,7,9,RM-MDE,0.09326750005129725,-53818663.54447818,2.1317397927730105e-06
Coins,mcet,7,9,RM-MDE,0.09891090006567538,-53818713.33663287,1.2065579828039565e-06
Coins,mcet,7,9,RM-MDE,0.11485100019490346,-53818739.60347877,7.184969985126724e-07
Coins,mcet,7,9,RM-MDE,0.12288680026540533,-53818748.904172875,5.456819624487778e-07
Coins,mcet,7,9,RM-MDE,0.13312960037728772,-53818770.556909226,1.4335517157632314e-07
Coins,mcet,7,9,RM-MDE,0.1656050004530698,-53818773.75984565,8.384180972312488e-08
Coins,mcet,7,9,RM-MDE,0.17687720048706979,-53818778.27210942,0.0
Coins,mcet,7,9,MS-LS-4S,0.005436300009023398,-53786493.91578179,0.0005998715943420318
Coins,mcet,7,9,MS-LS-4S,0.010416400036774576,-53816336.55815028,4.5369182235932296e-05
Coins,mcet,7,9,MS-LS-4S,0.026333400048315525,-53816483.14921138,4.2645392030974567e-05
Coins,mcet,7,9,MS-LS-4S,0.04570600000442937,-53817898.1995352,1.6352518627809117e-05
Coins,mcet,7,9,MS-LS-4S,0.05033910000929609,-53818336.58920013,8.206854995004713e-06
Coins,mcet,7,9,MS-LS-4S,0.10015190002741292,-53818376.45142295,7.466180009426709e-06
Coins,mcet,7,9,MS-LS-4S,0.10931000002892688,-53818610.099455394,3.124795088713654e-06
Coins,mcet,7,9,MS-LS-conv,0.0362073999713175,-53818590.2698347,3.493246795222952e-06
Coins,mcet,7,9,MS-LS-conv,0.047967899998184294,-53818629.19383643,2.7700047785763177e-06
Coins,mcet,8,0,RM-MDE,0.0008804999524727464,-53781797.634778164,0.0008140103906657515
Coins,mcet,8,0,RM-MDE,0.0021909999195486307,-53786939.25750254,0.0007184866704483381
Coins,mcet,8,0,RM-MDE,0.015417999937199056,-53825436.04237702,3.2735354617967906e-06
Coins,mcet,8,0,RM-MDE,0.04653109994251281,-53825597.12618058,2.8083743471633796e-07
Coins,mcet,8,0,RM-MDE,0.0774688997771591,-53825597.68134798,2.705232482869038e-07
Coins,mcet,8,0,RM-MDE,0.09879879973595962,-53825612.242427446,0.0
Coins,mcet,8,0,MS-LS-4S,0.005327299993950874,-53819769.651185706,0.00010854667505545496
Coins,mcet,8,0,MS-LS-4S,0.010730299982242286,-53819839.28511253,0.00010725298002956082
Coins,mcet,8,0,MS-LS-4S,0.015673500020056963,-53823002.6858415,4.848168886945302e-05
Coins,mcet,8,0,MS-LS-4S,0.03667659999337047,-53823169.847419254,4.5376074817153226e-05
Coins,mcet,8,0,MS-LS-4S,0.041270899993833154,-53824317.05267869,2.4062703512281993e-05
Coins,mcet,8,0,MS-LS-4S,0.14045619999524206,-53825370.44617899,4.4922154785586e-06
Coins,mcet,8,0,MS-LS-conv,0.024043900019023567,-53825004.387411065,1.1293044167204353e-05
Coins,mcet,8,0,MS-LS-conv,0.14980569999897853,-53825579.64204633,6.056667031813512e-07
Coins,mcet,8,1,RM-MDE,0.0008708999957889318,-53790186.17954688,0.0006581636771916549
Coins,mcet,8,1,RM-MDE,0.011569700029212981,-53825199.86028059,7.661448326873339e-06
Coins,mcet,8,1,RM-MDE,0.053035100107081234,-53825585.135008305,5.036156211014688e-07
Coins,mcet,8,1,RM-MDE,0.07992420007940382,-53825597.12618058,2.8083743471633796e-07
Coins,mcet,8,1,RM-MDE,0.08923050010344014,-53825601.74735048,1.9498295573484083e-07
Coins,mcet,8,1,RM-MDE,0.11374410009011626,-53825612.242427446,0.0
Coins,mcet,8,1,MS-LS-4S,0.0053527000127360225,-53819496.00118047,0.00011363068606500492
Coins,mcet,8,1,MS-LS-4S,0.010223900026176125,-53822246.63985686,6.252790131633668e-05
Coins,mcet,8,1,MS-LS-4S,0.015243100002408028,-53825410.39246194,3.7500728202808244e-06
Coins,mcet,8,1,MS-LS-conv,0.023995600000489503,-53825004.387411065,1.1293044167204353e-05
Coins,mcet,8,1,MS-LS-conv,0.054409599979408085,-53825590.186972454,4.0975762416637966e-07
Coins,mcet,8,2,RM-MDE,0.0008744999649934471,-53805298.31072338,0.00037740270584520096
Coins,mcet,8,2,RM-MDE,0.006722399964928627,-53822531.81288097,5.722980971589016e-05
Coins,mcet,8,2,RM-MDE,0.03327049984363839,-53824780.246735394,1.5457245303679717e-05
Coins,mcet,8,2,RM-MDE,0.03895369981182739,-53825362.61631453,4.637682740909177e-06
Coins,mcet,8,2,RM-MDE,0.07344879989977926,-53825461.87128128,2.793672749834624e-06
Coins,mcet,8,2,RM-MDE,0.08064569992711768,-53825585.135008305,5.036156211014688e-07
Coins,mcet,8,2,RM-MDE,0.10508360003586859,-53825597.12618058,2.8083743471633796e-07
Coins,mcet,8,2,RM-MDE,0.10976760002085939,-53825597.15727333,2.8025977759827523e-07
Coins,mcet,8,2,RM-MDE,0.11562589998356998,-53825601.74735048,1.9498295573484083e-07
Coins,mcet,8,2,RM-MDE,0.15093880001222715,-53825612.242427446,0.0
Coins,mcet,8,2,MS-LS-4S,0.004683899984229356,-53824052.13541795,2.8984473088131033e-05
Coins,mcet,8,2,MS-LS-4S,0.041294599999673665,-53824767.43269594,1.569531114111321e-05
Coins,mcet,8,2,MS-LS-4S,0.13500060001388192,-53824920.20137341,1.2857095817430373e-05
Coins,mcet,8,2,MS-LS-4S,0.1501060000155121,-53825256.54451024,6.608339457543607e-06
Coins,mcet,8,2,MS-LS-conv,0.00917849998222664,-53825546.28372062,1.225414892243072e-06
Coins,mcet,8,2,MS-LS-conv,0.15621859999373555,-53825585.135008305,5.036156211014688e-07
Coins,mcet,8,3,RM-MDE,0.000887200003489852,-53803464.448164165,0.00041147315080279146
Coins,mcet,8,3,RM-MDE,0.01955849991645664,-53821762.79251502,7.151706691400288e-05
Coins,mcet,8,3,RM-MDE,0.027945299923885614,-53825436.04237702,3.2735354617967906e-06
Coins,mcet,8,3,RM-MDE,0.05182089994195849,-53825567.94207795,8.230347533582856e-07
Coins,mcet,8,3,RM-MDE,0.07872879999922588,-53825597.12618058,2.8083743471633796e-07
Coins,mcet,8,3,RM-MDE,0.10942850005812943,-53825612.242427446,0.0
Coins,mcet,8,3,MS-LS-4S,0.00472630001604557,-53824369.20418604,2.3093805896906345e-05
Coins,mcet,8,3,MS-LS-4S,0.014786300016567111,-53825196.63835772,7.721306872513075e-06
Coins,mcet,8,3,MS-LS-4S,0.0910645000403747,-53825579.64204633,6.056667031813512e-07
Coins,mcet,8,3,MS-LS-conv,0.01218159997370094,-53825567.94207795,8.230347533582856e-07
Coins,mcet,8,3,MS-LS-conv,0.21157240000320598,-53825579.64204633,6.056667031813512e-07
Coins,mcet,8,4,RM-MDE,0.0008601000299677253,-53793001.659064926,0.0006058562458266812
Coins,mcet,8,4,RM-MDE,0.012798000068869442,-53816304.422299325,0.00017292548547703644
Coins,mcet,8,4,RM-MDE,0.0289002000936307,-53825325.18824786,5.333040677616349e-06
Coins,mcet,8,4,RM-MDE,0.04356480005662888,-53825601.74735048,1.9498295573484083e-07
Coins,mcet,8,4,RM-MDE,0.1434152004076168,-53825611.6270136,1.1433475978194737e-08
Coins,mcet,8,4,RM-MDE,0.14462660043500364,-53825612.242427446,0.0
Coins,mcet,8,4,MS-LS-4S,0.005479299987200648,-53817144.52118015,0.00015731769495077786
Coins,mcet,8,4,MS-LS-4S,0.021996799972839653,-53820206.21153173,0.00010043603166776796
Coins,mcet,8,4,MS-LS-4S,0.03217169997515157,-53822938.08848645,4.968181186595301e-05
Coins,mcet,8,4,MS-LS-4S,0.07197849999647588,-53824654.31028636,1.7796957641159348e-05
Coins,mcet,8,4,MS-LS-4S,0.15611479996005073,-53825334.92543956,5.152138105517596e-06
Coins,mcet,8,4,MS-LS-conv,0.02500660001533106,-53825004.387411065,1.1293044167204353e-05
Coins,mcet,8,5,RM-MDE,0.0008682999759912491,-53807750.14253176,0.00033185130928443593
Coins,mcet,8,5,RM-MDE,0.013815099955536425,-53820720.26286276,9.088572077277833e-05
Coins,mcet,8,5,RM-MDE,0.035419999971054494,-53821251.7422954,8.101162161253642e-05
Coins,mcet,8,5,RM-MDE,0.051807699957862496,-53821738.15561103,7.197478402970184e-05
Coins,mcet,8,5,RM-MDE,0.06296769995242357,-53822547.2911276,5.694224686273532e-05
Coins,mcet,8,5,RM-MDE,0.07999379996908829,-53823872.91828321,3.231406149925296e-05
Coins,mcet,8,5,RM-MDE,0.08591849997173995,-53824790.38647874,1.5268863919417392e-05
Coins,mcet,8,5,RM-MDE,0.09762859996408224,-53825567.94207795,8.230347533582856e-07
Coins,mcet,8,5,RM-MDE,0.1259241999941878,-53825612.242427446,0.0
Coins,mcet,8,5,MS-LS-4S,0.005132799968123436,-53825200.22135697,7.65474006346973e-06
Coins,mcet,8,5,MS-LS-4S,0.0721192000200972,-53825585.135008305,5.036156211014688e-07
Coins,mcet,8,5,MS-LS-conv,0.009389799961354584,-53825543.83784059,1.2708557136509124e-06
Coins,mcet,8,5,MS-LS-conv,0.27792439999757335,-53825585.135008305,5.036156211014688e-07
Coins,mcet,8,6,RM-MDE,0.0009088999941013753,-53797561.2696873,0.0005211454467773368
Coins,mcet,8,6,RM-MDE,0.007117399945855141,-53823753.058439374,3.454087952958753e-05
Coins,mcet,8,6,RM-MDE,0.03739099990343675,-53824269.887832746,2.493895635880835e-05
Coins,mcet,8,6,RM-MDE,0.04916129988851026,-53824733.81328812,1.631990984825474e-05
Coins,mcet,8,6,RM-MDE,0.06106229993747547,-53825265.05407867,6.450244304029017e-06
Coins,mcet,8,6,RM-MDE,0.06826529995305464,-53825601.74735048,1.9498295573484083e-07
Coins,mcet,8,6,RM-MDE,0.15788489999249578,-53825612.242427446,0.0
Coins,mcet,8,6,MS-LS-4S,0.005006799998227507,-53822096.95598817,6.530880547061099e-05
Coins,mcet,8,6,MS-LS-4S,0.015730599989183247,-53824314.22574881,2.411522367442035e-05
Coins,mcet,8,6,MS-LS-4S,0.10512680001556873,-53824516.237783164,2.0362139855387443e-05
Coins,mcet,8,6,MS-LS-4S,0.12115170003380626,-53824581.26158943,1.9154094028177466e-05
Coins,mcet,8,6,MS-LS-4S,0.12595940002938733,-53825292.82023583,5.934390307977611e-06
Coins,mcet,8,6,MS-LS-4S,0.15151360002346337,-53825325.18824786,5.333040677616349e-06
Coins,mcet,8,6,MS-LS-conv,0.01989799999864772,-53825004.387411065,1.1293044167204353e-05
Coins,mcet,8,6,MS-LS-conv,0.05451610003365204,-53825585.135008305,5.036156211014688e-07
Coins,mcet,8,7,RM-MDE,0.0008830999722704291,-53791624.980618455,0.0006314328884159231
Coins,mcet,8,7,RM-MDE,0.012081600027158856,-53823844.827324286,3.2835949829971457e-05
Coins,mcet,8,7,RM-MDE,0.02418290002970025,-53825567.94207795,8.230347533582856e-07
Coins,mcet,8,7,RM-MDE,0.07561020005960017,-53825579.64204633,6.056667031813512e-07
Coins,mcet,8,7,RM-MDE,0.10213410010328516,-53825590.186972454,4.0975762416637966e-07
Coins,mcet,8,7,RM-MDE,0.10335680010030046,-53825594.7582932,3.2482926846501333e-07
Coins,mcet,8,7,RM-MDE,0.10457610012963414,-53825597.68134798,2.705232482869038e-07
Coins,mcet,8,7,RM-MDE,0.11653070006286725,-53825611.6270136,1.1433475978194737e-08
Coins,mcet,8,7,RM-MDE,0.13943030021619052,-53825612.242427446,0.0
Coins,mcet,8,7,MS-LS-4S,0.005470900039654225,-53811055.18624821,0.0002704485016105113
Coins,mcet,8,7,MS-LS-4S,0.010253400017973036,-53823911.73443385,3.159291502221698e-05
Coins,mcet,8,7,MS-LS-4S,0.03582859999733046,-53825403.697916865,3.8744475332919e-06
Coins,mcet,8,7,MS-LS-4S,0.046016500040423125,-53825535.13062352,1.4326228855367292e-06
Coins,mcet,8,7,MS-LS-4S,0.16202460002386943,-53825597.68134798,2.705232482869038e-07
Coins,mcet,8,7,MS-LS-conv,0.027651300013531,-53825004.387411065,1.1293044167204353e-05
Coins,mcet,8,7,MS-LS-conv,0.10612219996983185,-53825567.94207795,8.230347533582856e-07
Coins,mcet,8,7,MS-LS-conv,0.17680489999474958,-53825597.12618058,2.8083743471633796e-07
Coins,mcet,8,8,RM-MDE,0.0012872000224888325,-53806653.430644035,0.00035222658867345934
Coins,mcet,8,8,RM-MDE,0.01384559995494783,-53822147.383652754,6.437193429563414e-05
Coins,mcet,8,8,RM-MDE,0.035763399908319116,-53825407.13772011,3.8105410935993843e-06
Coins,mcet,8,8,RM-MDE,0.05050069990102202,-53825604.697206184,1.4017901417817388e-07
Coins,mcet,8,8,RM-MDE,0.17596249951748177,-53825611.6270136,1.1433475978194737e-08
Coins,mcet,8,8,RM-MDE,0.17833309952402487,-53825612.242427446,0.0
Coins,mcet,8,8,MS-LS-4S,0.0052900000009685755,-53820855.91367034,8.836553006931028e-05
Coins,mcet,8,8,MS-LS-4S,0.009916900016833097,-53822745.66505202,5.325675372750039e-05
Coins,mcet,8,8,MS-LS-4S,0.01492699998198077,-53823150.40879251,4.573721565576185e-05
Coins,mcet,8,8,MS-LS-4S,0.019520799978636205,-53825265.05407867,6.450244304029017e-06
Coins,mcet,8,8,MS-LS-conv,0.02305820002220571,-53825004.387411065,1.1293044167204353e-05
Coins,mcet,8,8,MS-LS-conv,0.044048900017514825,-53825567.94207795,8.230347533582856e-07
Coins,mcet,8,9,RM-MDE,0.0008445000275969505,-53804892.2570306,0.0003849465808865399
Coins,mcet,8,9,RM-MDE,0.01659680000739172,-53823152.90702088,4.5690802279915954e-05
Coins,mcet,8,9,RM-MDE,0.022279300028458238,-53823374.78314488,4.156867315307441e-05
Coins,mcet,8,9,RM-MDE,0.02936550008598715,-53825542.852659054,1.2891589245528708e-06
Coins,mcet,8,9,RM-MDE,0.06286270008422434,-53825604.697206184,1.4017901417817388e-07
Coins,mcet,8,9,RM-MDE,0.12360869988333434,-53825612.242427446,0.0
Coins,mcet,8,9,MS-LS-4S,0.005662199982907623,-53787269.66707791,0.0007123481508551501
Coins,mcet,8,9,MS-LS-4S,0.010884099989198148,-53821434.19369555,7.76219453496527e-05
Coins,mcet,8,9,MS-LS-4S,0.041786600020714104,-53822659.71033243,5.485366486342998e-05
Coins,mcet,8,9,MS-LS-4S,0.04669980000471696,-53824581.26158943,1.9154094028177466e-05
Coins,mcet,8,9,MS-LS-4S,0.09732519998215139,-53824883.68390839,1.353553612686362e-05
Coins,mcet,8,9,MS-LS-4S,0.20037979999324307,-53825272.61111311,6.309845818521744e-06
Coins,mcet,8,9,MS-LS-conv,0.032187199976760894,-53825004.387411065,1.1293044167204353e-05
Coins,mcet,8,9,MS-LS-conv,0.11986649996833876,-53825567.94207795,8.230347533582856e-07
Coins,mcet,8,9,MS-LS-conv,0.19558119995053858,-53825579.64204633,6.056667031813512e-07
Moon,otsu,6,0,RM-MDE,0.0006457000272348523,-3395830987.983631,0.0011996445574164742
Moon,otsu,6,0,RM-MDE,0.004644400090910494,-3399337008.7972,0.00016843456870582242
Moon,otsu,6,0,RM-MDE,0.009695300075691193,-3399761116.350331,4.369373904978648e-05
Moon,otsu,6,0,RM-MDE,0.022195100085809827,-3399808084.6608505,2.9879163057161902e-05
Moon,otsu,6,0,RM-MDE,0.027821100084111094,-3399833079.1744103,2.252764022931812e-05
Moon,otsu,6,0,RM-MDE,0.03494839993072674,-3399896956.244158,3.7397676307866474e-06
Moon,otsu,6,0,RM-MDE,0.038663299987092614,-3399899608.1679416,2.9597693248585853e-06
Moon,otsu,6,0,RM-MDE,0.04814029997214675,-3399905656.1418715,1.1809062035050357e-06
Moon,otsu,6,0,RM-MDE,0.05246239993721247,-3399909671.1162934,0.0
Moon,otsu,6,0,MS-LS-4S,0.0020924999844282866,-3399745694.57871,4.822967474000939e-05
Moon,otsu,6,0,MS-LS-4S,0.012852699961513281,-3399833079.1744103,2.252764022931812e-05
Moon,otsu,6,0,MS-LS-4S,0.01710919995093718,-3399894189.858039,4.553432223817017e-06
Moon,otsu,6,0,MS-LS-conv,0.0035723000182770193,-3399804546.6091185,3.0919794154546804e-05
Moon,otsu,6,0,MS-LS-conv,0.009856899967417121,-3399896956.244158,3.7397676307866474e-06
Moon,otsu,6,1,RM-MDE,0.0006322999834083021,-3397172438.68414,0.0008050897514740468
Moon,otsu,6,1,RM-MDE,0.007569499954115599,-3399804546.6091185,3.0919794154546804e-05
Moon,otsu,6,1,RM-MDE,0.023962699924595654,-3399899608.1679416,2.9597693248585853e-06
Moon,otsu,6,1,RM-MDE,0.03334959992207587,-3399909671.1162934,0.0
Moon,otsu,6,1,MS-LS-4S,0.0021154999849386513,-3399534241.839003,0.00011042330932488551
Moon,otsu,6,1,MS-LS-4S,0.004198599955998361,-3399736709.5400543,5.0872403378387554e-05
Moon,otsu,6,1,MS-LS-4S,0.0082154999836348,-3399792671.4202795,3.441258954844906e-05
Moon,otsu,6,1,MS-LS-4S,0.014675499987788498,-3399833079.1744103,2.252764022931812e-05
Moon,otsu,6,1,MS-LS-4S,0.040653000003658235,-3399909671.1162934,0.0
Moon,otsu,6,1,MS-LS-conv,0.005495899997185916,-3399896956.244158,3.7397676307866474e-06
Moon,otsu,6,1,MS-LS-conv,0.09036660002311692,-3399909671.1162934,0.0
Moon,otsu,6,2,RM-MDE,0.0006308000301942229,-3395611342.079592,0.001264248010239028
Moon,otsu,6,2,RM-MDE,0.005677900044247508,-3399831098.9158077,2.3110084704076473e-05
Moon,otsu,6,2,RM-MDE,0.02464340004371479,-3399894189.858039,4.553432223817017e-06
Moon,otsu,6,2,RM-MDE,0.04674960003467277,-3399896956.244158,3.7397676307866474e-06
Moon,otsu,6,2,RM-MDE,0.05138670006999746,-3399909671.1162934,0.0
Moon,otsu,6,2,MS-LS-4S,0.0019846000359393656,-3399795781.131035,3.3497944438384365e-05
Moon,otsu,6,2,MS-LS-4S,0.016449400049168617,-3399831098.9158077,2.3110084704076473e-05
Moon,otsu,6,2,MS-LS-4S,0.08329290000256151,-3399896956.244158,3.7397676307866474e-06
Moon,otsu,6,2,MS-LS-4S,0.08939590002410114,-3399903389.1134267,1.8476969903386942e-06
Moon,otsu,6,2,MS-LS-4S,0.09949150000466034,-3399909671.1162934,0.0
Moon,otsu,6,2,MS-LS-conv,0.0029814000008627772,-3399804546.6091185,3.0919794154546804e-05
Moon,otsu,6,2,MS-LS-conv,0.013378100004047155,-3399896956.244158,3.7397676307866474e-06
Moon,otsu,6,3,RM-MDE,0.0006198000046424568,-3396555592.8919373,0.000986519804584964
Moon,otsu,6,3,RM-MDE,0.010915699996985495,-3399736709.5400543,5.0872403378387554e-05
Moon,otsu,6,3,RM-MDE,0.01734779996331781,-3399894189.858039,4.553432223817017e-06
Moon,otsu,6,3,RM-MDE,0.02959650004049763,-3399909671.1162934,0.0
Moon,otsu,6,3,MS-LS-4S,0.0019317000405862927,-3399673634.838036,6.942427919853298e-05
Moon,otsu,6,3,MS-LS-4S,0.0038135999930091202,-3399804546.6091185,3.0919794154546804e-05
Moon,otsu,6,3,MS-LS-4S,0.01828320004278794,-3399909671.1162934,0.0
Moon,otsu,6,3,MS-LS-conv,0.0038330000243149698,-3399807329.6939187,3.0101218054161877e-05
Moon,otsu,6,3,MS-LS-conv,0.011629300017375499,-3399896956.244158,3.7397676307866474e-06
Moon,otsu,6,3,MS-LS-conv,0.037267600011546165,-3399909671.1162934,0.0
Moon,otsu,6,4,RM-MDE,0.0006439999560825527,-3394237348.7374477,0.0016683744356606087
Moon,otsu,6,4,RM-MDE,0.00795609992928803,-3399833079.1744103,2.252764022931812e-05
Moon,otsu,6,4,RM-MDE,0.017054099938832223,-3399909671.1162934,0.0
Moon,otsu,6,4,MS-LS-4S,0.0022293999791145325,-3399534241.839003,0.00011042330932488551
Moon,otsu,6,4,MS-LS-4S,0.008977499965112656,-3399722118.6781054,5.516394737819516e-05
Moon,otsu,6,4,MS-LS-4S,0.010939300002064556,-3399833079.1744103,2.252764022931812e-05
Moon,otsu,6,4,MS-LS-4S,0.1137929999968037,-3399909671.1162934,0.0
Moon,otsu,6,4,MS-LS-conv,0.005553200026042759,-3399896956.244158,3.7397676307866474e-06
Moon,otsu,6,5,RM-MDE,0.0006209000130183995,-3397553977.4662876,0.0006928694812154735
Moon,otsu,6,5,RM-MDE,0.011585000029299408,-3399833079.1744103,2.252764022931812e-05
Moon,otsu,6,5,RM-MDE,0.03623590007191524,-3399893363.2025304,4.796572656499983e-06
Moon,otsu,6,5,RM-MDE,0.03864930005511269,-3399909671.1162934,0.0
Moon,otsu,6,5,MS-LS-4S,0.00197049998678267,-3399888690.7342544,6.170864543051708e-06
Moon,otsu,6,5,MS-LS-4S,0.056530500005465,-3399896956.244158,3.7397676307866474e-06
Moon,otsu,6,5,MS-LS-4S,0.0936822000076063,-3399903389.1134267,1.8476969903386942e-06
Moon,otsu,6,5,MS-LS-conv,0.0036557000130414963,-3399896956.244158,3.7397676307866474e-06
Moon,otsu,6,6,RM-MDE,0.00074970000423491,-3396524926.5049057,0.0009955395698134578
Moon,otsu,6,6,RM-MDE,0.008423799998126924,-3399722118.6781054,5.516394737819516e-05
Moon,otsu,6,6,RM-MDE,0.011447900033090264,-3399779357.1614857,3.83286520565037e-05
Moon,otsu,6,6,RM-MDE,0.021382100065238774,-3399804546.6091185,3.0919794154546804e-05
Moon,otsu,6,6,RM-MDE,0.02431940007954836,-3399871230.521336,1.1306357720006858e-05
Moon,otsu,6,6,RM-MDE,0.027186900086235255,-3399894189.858039,4.553432223817017e-06
Moon,otsu,6,6,RM-MDE,0.03477030014619231,-3399896956.244158,3.7397676307866474e-06
Moon,otsu,6,6,RM-MDE,0.04182840010616928,-3399909671.1162934,0.0
Moon,otsu,6,6,MS-LS-4S,0.00209199998062104,-3399888690.7342544,6.170864543051708e-06
Moon,otsu,6,6,MS-LS-4S,0.00867629999993369,-3399894189.858039,4.553432223817017e-06
Moon,otsu,6,6,MS-LS-4S,0.10826080001424998,-3399909671.1162934,0.0
Moon,otsu,6,6,MS-LS-conv,0.0033486999454908073,-3399896956.244158,3.7397676307866474e-06
Moon,otsu,6,7,RM-MDE,0.0006339000537991524,-3395531240.4607964,0.0012878079358089247
Moon,otsu,6,7,RM-MDE,0.003869200067128986,-3399722118.6781054,5.516394737819516e-05
Moon,otsu,6,7,RM-MDE,0.008631700067780912,-3399831098.9158077,2.3110084704076473e-05
Moon,otsu,6,7,RM-MDE,0.02435320010408759,-3399886859.358312,6.709518836660905e-06
Moon,otsu,6,7,RM-MDE,0.044242699979804456,-3399895072.305941,4.293881827611087e-06
Moon,otsu,6,7,RM-MDE,0.049271400028374046,-3399909671.1162934,0.0
Moon,otsu,6,7,MS-LS-4S,0.0022794000105932355,-3399722118.6781054,5.516394737819516e-05
Moon,otsu,6,7,MS-LS-4S,0.004342400003224611,-3399795781.131035,3.3497944438384365e-05
Moon,otsu,6,7,MS-LS-4S,0.018775400007143617,-3399896956.244158,3.7397676307866474e-06
Moon,otsu,6,7,MS-LS-conv,0.0053115999908186495,-3399896956.244158,3.7397676307866474e-06
Moon,otsu,6,8,RM-MDE,0.0006612000288441777,-3396687292.3158336,0.0009477836507938333
Moon,otsu,6,8,RM-MDE,0.008564200019463897,-3399722118.6781054,5.516394737819516e-05
Moon,otsu,6,8,RM-MDE,0.024336200032848865,-3399909671.1162934,0.0
Moon,otsu,6,8,MS-LS-4S,0.0022202999680303037,-3399534241.839003,0.00011042330932488551
Moon,otsu,6,8,MS-LS-4S,0.005892599991057068,-3399673634.838036,6.942427919853298e-05
Moon,otsu,6,8,MS-LS-4S,0.007906700018793344,-3399909671.1162934,0.0
Moon,otsu,6,8,MS-LS-conv,0.005460200016386807,-3399896956.244158,3.7397676307866474e-06
Moon,otsu,6,8,MS-LS-conv,0.01613030000589788,-3399909671.1162934,0.0
Moon,otsu,6,9,RM-MDE,0.0006575000006705523,-3396489462.522877,0.0010059704298829963
Moon,otsu,6,9,RM-MDE,0.004944399988744408,-3399564815.8216066,0.00010143072259139397
Moon,otsu,6,9,RM-MDE,0.014070999925024807,-3399789294.620984,3.540579219854086e-05
Moon,otsu,6,9,RM-MDE,0.018744599947240204,-3399896956.244158,3.7397676307866474e-06
Moon,otsu,6,9,RM-MDE,0.023841499933041632,-3399903389.1134267,1.8476969903386942e-06
Moon,otsu,6,9,RM-MDE,0.037641000002622604,-3399909671.1162934,0.0
Moon,otsu,6,9,MS-LS-4S,0.0021872000070288777,-3398648156.314181,0.00037104362296142587
Moon,otsu,6,9,MS-LS-4S,0.004199200018774718,-3399722118.6781054,5.516394737819516e-05
Moon,otsu,6,9,MS-LS-4S,0.01293600001372397,-3399804546.6091185,3.0919794154546804e-05
Moon,otsu,6,9,MS-LS-4S,0.01914540003053844,-3399831098.9158077,2.3110084704076473e-05
Moon,otsu,6,9,MS-LS-4S,0.028918900003191084,-3399871230.521336,1.1306357720006858e-05
Moon,otsu,6,9,MS-LS-4S,0.0986329999868758,-3399896956.244158,3.7397676307866474e-06
Moon,otsu,6,9,MS-LS-conv,0.0058800000115297735,-3399896956.244158,3.7397676307866474e-06
Moon,otsu,7,0,RM-MDE,0.0011246000067330897,-3396581700.1600747,0.0012772938287734098
Moon,otsu,7,0,RM-MDE,0.006877899984829128,-3400680178.912085,7.218700322579033e-05
Moon,otsu,7,0,RM-MDE,0.017172099906019866,-3400925681.5452294,0.0
Moon,otsu,7,0,MS-LS-4S,0.0021689999848604202,-3400748165.094836,5.219650971983143e-05
Moon,otsu,7,0,MS-LS-4S,0.006535599997732788,-3400850512.9549284,2.2102391330963625e-05
Moon,otsu,7,0,MS-LS-4S,0.014957199979107827,-3400887343.804703,1.1272736929899737e-05
Moon,otsu,7,0,MS-LS-4S,0.0912188999936916,-3400922805.346711,8.457104881425688e-07
Moon,otsu,7,0,MS-LS-conv,0.006227599980775267,-3400922267.4902263,1.0038605141218505e-06
Moon,otsu,7,0,MS-LS-conv,0.036221800022758543,-3400925681.5452294,0.0
Moon,otsu,7,1,RM-MDE,0.0006364000146277249,-3397103412.4896836,0.0011238907913474715
Moon,otsu,7,1,RM-MDE,0.006017700012307614,-3400849419.8928223,2.242379268120891e-05
Moon,otsu,7,1,RM-MDE,0.012551299994811416,-3400909963.432217,4.6217161102950744e-06
Moon,otsu,7,1,RM-MDE,0.02409969997825101,-3400922805.346711,8.457104881425688e-07
Moon,otsu,7,1,RM-MDE,0.028296699980273843,-3400925681.5452294,0.0
Moon,otsu,7,1,MS-LS-4S,0.0021593000274151564,-3399878590.887488,0.0003078840162322498
Moon,otsu,7,1,MS-LS-4S,0.004178100032731891,-3400414642.890365,0.00015026457579987986
Moon,otsu,7,1,MS-LS-4S,0.01670640002703294,-3400748165.094836,5.219650971983143e-05
Moon,otsu,7,1,MS-LS-4S,0.027896200015675277,-3400828885.643277,2.8461633983218046e-05
Moon,otsu,7,1,MS-LS-4S,0.03594670002348721,-3400875318.3079185,1.4808685054241928e-05
Moon,otsu,7,1,MS-LS-4S,0.06144920003134757,-3400892447.4349856,9.772077768161403e-06
Moon,otsu,7,1,MS-LS-4S,0.09462340001482517,-3400917559.5460157,2.3881730958629036e-06
Moon,otsu,7,1,MS-LS-4S,0.13009760004933923,-3400925681.5452294,0.0
Moon,otsu,7,1,MS-LS-conv,0.005857200012542307,-3400536221.8741016,0.00011451578411170778
Moon,otsu,7,1,MS-LS-conv,0.017215900006704032,-3400925681.5452294,0.0
Moon,otsu,7,2,RM-MDE,0.0006988999666646123,-3398474988.3367033,0.0007205959312267736
Moon,otsu,7,2,RM-MDE,0.0048815999762155116,-3400917559.5460157,2.3881730958629036e-06
Moon,otsu,7,2,RM-MDE,0.038178900023922324,-3400922267.4902263,1.0038605141218505e-06
Moon,otsu,7,2,RM-MDE,0.050897100067231804,-3400925681.5452294,0.0
Moon,otsu,7,2,MS-LS-4S,0.002028200018685311,-3400599599.6635785,9.588033146986251e-05
Moon,otsu,7,2,MS-LS-4S,0.003977300017140806,-3400910437.172705,4.482418597672828e-06
Moon,otsu,7,2,MS-LS-conv,0.005078200018033385,-3400925681.5452294,0.0
Moon,otsu,7,3,RM-MDE,0.000626100052613765,-3398152664.3149657,0.0008153713106144013
Moon,otsu,7,3,RM-MDE,0.00445209996541962,-3399662095.4385486,0.0003715418168463925
Moon,otsu,7,3,RM-MDE,0.009211399941705167,-3400892075.729296,9.881373214235764e-06
Moon,otsu,7,3,RM-MDE,0.01771409995853901,-3400925681.5452294,0.0
Moon,otsu,7,3,MS-LS-4S,0.0020612000371329486,-3400888984.179887,1.0790404959964718e-05
Moon,otsu,7,3,MS-LS-4S,0.004105200001504272,-3400917559.5460157,2.3881730958629036e-06
Moon,otsu,7,3,MS-LS-conv,0.0034556000027805567,-3400925681.5452294,0.0
Moon,otsu,7,4,RM-MDE,0.0006599000189453363,-3397317764.848692,0.0010608631397373606
Moon,otsu,7,4,RM-MDE,0.006090100039727986,-3400774770.3020163,4.4373578650095454e-05
Moon,otsu,7,4,RM-MDE,0.023203000077046454,-3400912173.167427,3.9719708888888075e-06
Moon,otsu,7,4,RM-MDE,0.0534723000600934,-3400925681.5452294,0.0
Moon,otsu,7,4,MS-LS-4S,0.002175200032070279,-3399878590.887488,0.0003078840162322498
Moon,otsu,7,4,MS-LS-4S,0.004302199988160282,-3400124014.603844,0.00023572021750884817
Moon,otsu,7,4,MS-LS-4S,0.010884999996051192,-3400774770.3020163,4.4373578650095454e-05
Moon,otsu,7,4,MS-LS-4S,0.051375499984715134,-3400917559.5460157,2.3881730958629036e-06
Moon,otsu,7,4,MS-LS-conv,0.0060996999964118,-3400536221.8741016,0.00011451578411170778
Moon,otsu,7,4,MS-LS-conv,0.028248900023754686,-3400922267.4902263,1.0038605141218505e-06
Moon,otsu,7,4,MS-LS-conv,0.05938719998812303,-3400925681.5452294,0.0
Moon,otsu,7,5,RM-MDE,0.0006589999538846314,-3396206445.50997,0.0013876328027006563
Moon,otsu,7,5,RM-MDE,0.004009899916127324,-3400283210.1144094,0.00018891075283011707
Moon,otsu,7,5,RM-MDE,0.011883499915711582,-3400925681.5452294,0.0
Moon,otsu,7,5,MS-LS-4S,0.001996800012420863,-3400760803.7816567,4.848026067355278e-05
Moon,otsu,7,5,MS-LS-4S,0.008921100001316518,-3400772658.6063104,4.499449657175118e-05
Moon,otsu,7,5,MS-LS-4S,0.010977900004945695,-3400828885.643277,2.8461633983218046e-05
Moon,otsu,7,5,MS-LS-4S,0.02296640002168715,-3400862576.476874,1.8555262379884808e-05
Moon,otsu,7,5,MS-LS-4S,0.029653300007339567,-3400875318.3079185,1.4808685054241928e-05
Moon,otsu,7,5,MS-LS-4S,0.03615970001555979,-3400915690.3479896,2.937787583566436e-06
Moon,otsu,7,5,MS-LS-conv,0.005311000044457614,-3400922267.4902263,1.0038605141218505e-06
Moon,otsu,7,5,MS-LS-conv,0.036965500039514154,-3400925681.5452294,0.0
Moon,otsu,7,6,RM-MDE,0.0006307000294327736,-3399422928.8063474,0.000441865797608162
Moon,otsu,7,6,RM-MDE,0.004069100017659366,-3400649658.2711053,8.116121902397256e-05
Moon,otsu,7,6,RM-MDE,0.014703499968163669,-3400760803.7816567,4.848026067355278e-05
Moon,otsu,7,6,RM-MDE,0.0202473999815993,-3400925681.5452294,0.0
Moon,otsu,7,6,MS-LS-4S,0.002079300000332296,-3400356023.291927,0.00016750094140362008
Moon,otsu,7,6,MS-LS-4S,0.00444479996804148,-3400427577.0227304,0.00014646145465688857
Moon,otsu,7,6,MS-LS-4S,0.008926399983465672,-3400850512.9549284,2.2102391330963625e-05
Moon,otsu,7,6,MS-LS-4S,0.011044399987440556,-3400912173.167427,3.9719708888888075e-06
Moon,otsu,7,6,MS-LS-4S,0.061608699965290725,-3400922267.4902263,1.0038605141218505e-06
Moon,otsu,7,6,MS-LS-conv,0.0048386999987997115,-3400536221.8741016,0.00011451578411170778
Moon,otsu,7,6,MS-LS-conv,0.009787900024093688,-3400925681.5452294,0.0
Moon,otsu,7,7,RM-MDE,0.0006338999955914915,-3396253136.2967978,0.0013739039561454591
Moon,otsu,7,7,RM-MDE,0.010075900005176663,-3400610139.4381194,9.278124153734968e-05
Moon,otsu,7,7,RM-MDE,0.018253599933814257,-3400772658.6063104,4.499449657175118e-05
Moon,otsu,7,7,RM-MDE,0.02677959989523515,-3400920692.338893,1.467014220149435e-06
Moon,otsu,7,7,RM-MDE,0.04376909980783239,-3400922267.4902263,1.0038605141218505e-06
Moon,otsu,7,7,RM-MDE,0.04860339983133599,-3400925681.5452294,0.0
Moon,otsu,7,7,MS-LS-4S,0.002230799989774823,-3400779145.1163616,4.308721877193073e-05
Moon,otsu,7,7,MS-LS-4S,0.004273300000932068,-3400850512.9549284,2.2102391330963625e-05
Moon,otsu,7,7,MS-LS-4S,0.008647000009659678,-3400880497.019981,1.3285949026677257e-05
Moon,otsu,7,7,MS-LS-4S,0.010638999985530972,-3400910949.9138007,4.331653440314276e-06
Moon,otsu,7,7,MS-LS-4S,0.11086979997344315,-3400922805.346711,8.457104881425688e-07
Moon,otsu,7,7,MS-LS-conv,0.005436300009023398,-3400922267.4902263,1.0038605141218505e-06
Moon,otsu,7,7,MS-LS-conv,0.022709700046107173,-3400925681.5452294,0.0
Moon,otsu,7,8,RM-MDE,0.0006512000109069049,-3398988216.4671626,0.0005696875672938927
Moon,otsu,7,8,RM-MDE,0.00770300003932789,-3400875514.5856175,1.4750972032149513e-05
Moon,otsu,7,8,RM-MDE,0.013837200065609068,-3400917549.177872,2.391221719834537e-06
Moon,otsu,7,8,RM-MDE,0.020267600018996745,-3400925681.5452294,0.0
Moon,otsu,7,8,MS-LS-4S,0.002279600012116134,-3400625545.64299,8.825123814612563e-05
Moon,otsu,7,8,MS-LS-4S,0.014408999995794147,-3400649658.2711053,8.116121902397256e-05
Moon,otsu,7,8,MS-LS-4S,0.02058399998350069,-3400850512.9549284,2.2102391330963625e-05
Moon,otsu,7,8,MS-LS-4S,0.09479100001044571,-3400878516.7613783,1.3868219498909225e-05
Moon,otsu,7,8,MS-LS-4S,0.09674760000780225,-3400892447.4349856,9.772077768161403e-06
Moon,otsu,7,8,MS-LS-4S,0.13962769997306168,-3400922805.346711,8.457104881425688e-07
Moon,otsu,7,8,MS-LS-conv,0.005972399958409369,-3400922267.4902263,1.0038605141218505e-06
Moon,otsu,7,8,MS-LS-conv,0.01484409999102354,-3400925681.5452294,0.0
Moon,otsu,7,9,RM-MDE,0.0006670000148005784,-3396550407.390288,0.0012864950794671964
Moon,otsu,7,9,RM-MDE,0.00525380001636222,-3400250199.1711493,0.00019861721111567247
Moon,otsu,7,9,RM-MDE,0.010358900006394833,-3400682297.201531,7.15641464967028e-05
Moon,otsu,7,9,RM-MDE,0.0210997000685893,-3400877398.4100046,1.4197056844500488e-05
Moon,otsu,7,9,RM-MDE,0.024097900080960244,-3400884704.7274947,1.2048724838968043e-05
Moon,otsu,7,9,RM-MDE,0.027087800088338554,-3400920692.338893,1.467014220149435e-06
Moon,otsu,7,9,RM-MDE,0.04129349999129772,-3400925681.5452294,0.0
Moon,otsu,7,9,MS-LS-4S,0.002292299992404878,-3398942797.819182,0.000583042357205107
Moon,otsu,7,9,MS-LS-4S,0.004393399984110147,-3400646990.0179424,8.194578576041725e-05
Moon,otsu,7,9,MS-LS-4S,0.011111799976788461,-3400774770.3020163,4.4373578650095454e-05
Moon,otsu,7,9,MS-LS-4S,0.017247599957045168,-3400875318.3079185,1.4808685054241928e-05
Moon,otsu,7,9,MS-LS-4S,0.044221999996807426,-3400892447.4349856,9.772077768161403e-06
Moon,otsu,7,9,MS-LS-conv,0.0065950999851338565,-3400536221.8741016,0.00011451578411170778
Moon,otsu,7,9,MS-LS-conv,0.011819500010460615,-3400922267.4902263,1.0038605141218505e-06
Moon,otsu,7,9,MS-LS-conv,0.03634190000593662,-3400925681.5452294,0.0
Moon,otsu,8,0,RM-MDE,0.000680199998896569,-3398585606.44872,0.000852684591906454
Moon,otsu,8,0,RM-MDE,0.003954699961468577,-3401342330.453869,4.2237627192894045e-05
Moon,otsu,8,0,RM-MDE,0.009232999931555241,-3401402362.823495,2.458876148957415e-05
Moon,otsu,8,0,RM-MDE,0.019617499958258122,-3401471663.4178357,4.215138220996456e-06
Moon,otsu,8,0,RM-MDE,0.024537099932786077,-3401472999.3965826,3.822374956223719e-06
Moon,otsu,8,0,RM-MDE,0.048420699895359576,-3401485510.158293,1.4434667507491279e-07
Moon,otsu,8,0,RM-MDE,0.07499979995191097,-3401486001.1514874,0.0
Moon,otsu,8,0,MS-LS-4S,0.002215599990449846,-3401236724.956612,7.328449824307792e-05
Moon,otsu,8,0,MS-LS-4S,0.0064907000050880015,-3401381652.3182387,3.067742545854682e-05
Moon,otsu,8,0,MS-LS-4S,0.013038000033702701,-3401433892.728847,1.531931121359419e-05
Moon,otsu,8,0,MS-LS-4S,0.03741839999565855,-3401461864.2653313,7.09598279925633e-06
Moon,otsu,8,0,MS-LS-4S,0.0822704000165686,-3401476118.016959,2.90553438256527e-06
Moon,otsu,8,0,MS-LS-conv,0.007113600033335388,-3401472471.4510107,3.977585229533882e-06
Moon,otsu,8,1,RM-MDE,0.0006848999764770269,-3399085775.0515122,0.0007056404463115747
Moon,otsu,8,1,RM-MDE,0.0062194999773055315,-3401379392.9799037,3.1341646429696606e-05
Moon,otsu,8,1,RM-MDE,0.015725200006272644,-3401459857.189963,7.686041193653646e-06
Moon,otsu,8,1,RM-MDE,0.01874969998607412,-3401472471.4510107,3.977585229533882e-06
Moon,otsu,8,1,RM-MDE,0.027244500000961125,-3401472999.3965826,3.822374956223719e-06
Moon,otsu,8,1,RM-MDE,0.04095440002856776,-3401485510.158293,1.4434667507491279e-07
Moon,otsu,8,1,RM-MDE,0.05259199999272823,-3401486001.1514874,0.0
Moon,otsu,8,1,MS-LS-4S,0.0023816999746486545,-3400915639.2944846,0.00016768020118549762
Moon,otsu,8,1,MS-LS-4S,0.004488199949264526,-3401378684.4707513,3.1549940437719146e-05
Moon,otsu,8,1,MS-LS-4S,0.0335270999930799,-3401461864.2653313,7.09598279925633e-06
Moon,otsu,8,1,MS-LS-4S,0.10379229998216033,-3401466549.7876654,5.718490040940509e-06
Moon,otsu,8,1,MS-LS-conv,0.007600800017826259,-3401472471.4510107,3.977585229533882e-06
Moon,otsu,8,1,MS-LS-conv,0.01903249998576939,-3401479689.781109,1.8554744533294294e-06
Moon,otsu,8,2,RM-MDE,0.0006820000126026571,-3399564674.981338,0.0005648490599399526
Moon,otsu,8,2,RM-MDE,0.009340100106783211,-3401360597.272981,3.6867380451876415e-05
Moon,otsu,8,2,RM-MDE,0.018993800040334463,-3401368897.2241974,3.442728479562173e-05
Moon,otsu,8,2,RM-MDE,0.024057800066657364,-3401384782.3639817,2.9757225951058333e-05
Moon,otsu,8,2,RM-MDE,0.03024570009438321,-3401443368.191437,1.253362796029458e-05
Moon,otsu,8,2,RM-MDE,0.03540610009804368,-3401461547.7747235,7.1890276060352955e-06
Moon,otsu,8,2,RM-MDE,0.0402743000886403,-3401482195.1442156,1.1189248670958031e-06
Moon,otsu,8,2,RM-MDE,0.04574120003962889,-3401485510.158293,1.4434667507491279e-07
Moon,otsu,8,2,RM-MDE,0.05811179999727756,-3401486001.1514874,0.0
Moon,otsu,8,2,MS-LS-4S,0.002075799973681569,-3401069578.4449115,0.00012242376021388918
Moon,otsu,8,2,MS-LS-4S,0.004142399993725121,-3401290036.5182667,5.761147720564886e-05
Moon,otsu,8,2,MS-LS-4S,0.035242200014181435,-3401356984.47127,3.7929504979174025e-05
Moon,otsu,8,2,MS-LS-4S,0.09986150002805516,-3401371796.866105,3.357482151730445e-05
Moon,otsu,8,2,MS-LS-conv,0.005853899987414479,-3401446311.7613544,1.1668250323378725e-05
Moon,otsu,8,2,MS-LS-conv,0.011809099989477545,-3401472471.4510107,3.977585229533882e-06
Moon,otsu,8,2,MS-LS-conv,0.02559779997682199,-3401479689.781109,1.8554744533294294e-06
Moon,otsu,8,3,RM-MDE,0.0007305999752134085,-3398840210.136588,0.0007778338684926493
Moon,otsu,8,3,RM-MDE,0.0038225999451242387,-3400687962.7349377,0.00023461464085976742
Moon,otsu,8,3,RM-MDE,0.007143999915570021,-3401372398.4302254,3.339796818905643e-05
Moon,otsu,8,3,RM-MDE,0.012482599937357008,-3401443546.5059433,1.248120542894493e-05
Moon,otsu,8,3,RM-MDE,0.020667499979026616,-3401467312.9669657,5.494123602257571e-06
Moon,otsu,8,3,RM-MDE,0.039689699944574386,-3401472999.3965826,3.822374956223719e-06
Moon,otsu,8,3,RM-MDE,0.04935209994437173,-3401473153.7595196,3.7769939266027484e-06
Moon,otsu,8,3,RM-MDE,0.05230959987966344,-3401474452.047266,3.3953114072597493e-06
Moon,otsu,8,3,RM-MDE,0.0572729998966679,-3401481897.2568407,1.2065005251396955e-06
Moon,otsu,8,3,RM-MDE,0.0666966000571847,-3401486001.1514874,0.0
Moon,otsu,8,3,MS-LS-4S,0.0019519999623298645,-3401246361.8286304,7.045136236802951e-05
Moon,otsu,8,3,MS-LS-4S,0.008617400017101318,-3401262819.6494074,6.561294152156181e-05
Moon,otsu,8,3,MS-LS-4S,0.015643699967768043,-3401323037.4718,4.790955471588969e-05
Moon,otsu,8,3,MS-LS-4S,0.028937499970197678,-3401432974.6084776,1.5589228646481918e-05
Moon,otsu,8,3,MS-LS-4S,0.03758209996158257,-3401453034.029656,9.69197633630034e-06
Moon,otsu,8,3,MS-LS-conv,0.004666099965106696,-3401446311.7613544,1.1668250323378725e-05
Moon,otsu,8,3,MS-LS-conv,0.013506899995263666,-3401472471.4510107,3.977585229533882e-06
Moon,otsu,8,3,MS-LS-conv,0.01913629996124655,-3401475522.3471317,3.0806548526361723e-06
Moon,otsu,8,3,MS-LS-conv,0.09739229996921495,-3401479689.781109,1.8554744533294294e-06
Moon,otsu,8,4,RM-MDE,0.0006881000008434057,-3397350822.9798393,0.0012156975422648116
Moon,otsu,8,4,RM-MDE,0.008083200023975223,-3401329378.2253404,4.6045441931545026e-05
Moon,otsu,8,4,RM-MDE,0.016542800003662705,-3401351245.161414,3.961679984206485e-05
Moon,otsu,8,4,RM-MDE,0.02682460000505671,-3401470134.038677,4.664759109625463e-06
Moon,otsu,8,4,RM-MDE,0.03157759999157861,-3401475522.3471317,3.0806548526361723e-06
Moon,otsu,8,4,RM-MDE,0.04447230004006997,-3401479689.781109,1.8554744533294294e-06
Moon,otsu,8,4,RM-MDE,0.0540978999924846,-3401485510.158293,1.4434667507491279e-07
Moon,otsu,8,4,RM-MDE,0.06270099995890632,-3401486001.1514874,0.0
Moon,otsu,8,4,MS-LS-4S,0.002341599960345775,-3400882201.4077864,0.00017751057728786183
Moon,otsu,8,4,MS-LS-4S,0.013897099997848272,-3401155501.7896013,9.716322859307439e-05
Moon,otsu,8,4,MS-LS-4S,0.02901139995083213,-3401371796.866105,3.357482151730445e-05
Moon,otsu,8,4,MS-LS-4S,0.031301299983169883,-3401395884.803348,2.6493229167716527e-05
Moon,otsu,8,4,MS-LS-4S,0.09316819999366999,-3401429818.4429564,1.6517107085516044e-05
Moon,otsu,8,4,MS-LS-conv,0.007519800041336566,-3401472471.4510107,3.977585229533882e-06
Moon,otsu,8,4,MS-LS-conv,0.07378969999263063,-3401479689.781109,1.8554744533294294e-06
Moon,otsu,8,5,RM-MDE,0.000686999992467463,-3398150706.9405518,0.0009805403314335302
Moon,otsu,8,5,RM-MDE,0.006096100027207285,-3400826004.8673015,0.00019403175081786646
Moon,otsu,8,5,RM-MDE,0.012473900045733899,-3401286573.764966,5.8629489127348546e-05
Moon,otsu,8,5,RM-MDE,0.01864600006956607,-3401379392.9799037,3.1341646429696606e-05
Moon,otsu,8,5,RM-MDE,0.023551400110591203,-3401415273.7121067,2.079310023816143e-05
Moon,otsu,8,5,RM-MDE,0.02864530001534149,-3401452226.9492025,9.929249237944688e-06
Moon,otsu,8,5,RM-MDE,0.0374428000068292,-3401476118.016959,2.90553438256527e-06
Moon,otsu,8,5,RM-MDE,0.040452999994158745,-3401479689.781109,1.8554744533294294e-06
Moon,otsu,8,5,RM-MDE,0.06343319988809526,-3401485510.158293,1.4434667507491279e-07
Moon,otsu,8,5,RM-MDE,0.07309499999973923,-3401486001.1514874,0.0
Moon,otsu,8,5,MS-LS-4S,0.002047699992544949,-3401303090.7615027,5.377367124917991e-05
Moon,otsu,8,5,MS-LS-4S,0.006778600043617189,-3401377805.2925982,3.1808409281260004e-05
Moon,otsu,8,5,MS-LS-4S,0.013548100017942488,-3401440491.9929185,1.3379199136334274e-05
Moon,otsu,8,5,MS-LS-4S,0.044473999994806945,-3401469595.2524924,4.823156405573574e-06
Moon,otsu,8,5,MS-LS-conv,0.0049906999920494854,-3401479689.781109,1.8554744533294294e-06
Moon,otsu,8,6,RM-MDE,0.0007250999915413558,-3398956444.289097,0.0007436622880512225
Moon,otsu,8,6,RM-MDE,0.0060965000302530825,-3401426078.103337,1.761672637495905e-05
Moon,otsu,8,6,RM-MDE,0.017707700026221573,-3401461864.2653313,7.09598279925633e-06
Moon,otsu,8,6,RM-MDE,0.031655200000386685,-3401465391.8985763,6.058896877457119e-06
Moon,otsu,8,6,RM-MDE,0.033773800008930266,-3401466761.062331,5.656377580162779e-06
Moon,otsu,8,6,RM-MDE,0.03679460001876578,-3401467312.9669657,5.494123602257571e-06
Moon,otsu,8,6,RM-MDE,0.04596099996706471,-3401469369.926439,4.889399821993076e-06
Moon,otsu,8,6,RM-MDE,0.04793699999572709,-3401472471.4510107,3.977585229533882e-06
Moon,otsu,8,6,RM-MDE,0.05039389996090904,-3401480242.9148483,1.6928591318833948e-06
Moon,otsu,8,6,RM-MDE,0.05139069992583245,-3401481778.953064,1.2412805526632482e-06
Moon,otsu,8,6,RM-MDE,0.055445099947974086,-3401482434.9423623,1.0484268122328628e-06
Moon,otsu,8,6,RM-MDE,0.059959699923638254,-3401485185.503088,2.3979178484841924e-07
Moon,otsu,8,6,RM-MDE,0.06498179992195219,-3401486001.1514874,0.0
Moon,otsu,8,6,MS-LS-4S,0.002141100005246699,-3401372783.3476887,3.328480662873477e-05
Moon,otsu,8,6,MS-LS-4S,0.008787800034042448,-3401383005.781615,3.0279521902398996e-05
Moon,otsu,8,6,MS-LS-conv,0.004059700004290789,-3401472471.4510107,3.977585229533882e-06
Moon,otsu,8,6,MS-LS-conv,0.09180380002362654,-3401479689.781109,1.8554744533294294e-06
Moon,otsu,8,7,RM-MDE,0.0006694999756291509,-3399344046.3487287,0.0006297114855194433
Moon,otsu,8,7,RM-MDE,0.0038008999545127153,-3401026115.14899,0.0001352014979163558
Moon,otsu,8,7,RM-MDE,0.013460099988151342,-3401414044.7715564,2.1154395433823345e-05
Moon,otsu,8,7,RM-MDE,0.020013200002722442,-3401466549.7876654,5.718490040940509e-06
Moon,otsu,8,7,RM-MDE,0.02424509997945279,-3401470659.1132174,4.510392888520777e-06
Moon,otsu,8,7,RM-MDE,0.03535670007113367,-3401472999.3965826,3.822374956223719e-06
Moon,otsu,8,7,RM-MDE,0.03885790007188916,-3401482195.1442156,1.1189248670958031e-06
Moon,otsu,8,7,RM-MDE,0.05742140009533614,-3401484761.3521843,3.6448755121588235e-07
Moon,otsu,8,7,RM-MDE,0.05986040009884164,-3401485185.503088,2.3979178484841924e-07
Moon,otsu,8,7,MS-LS-4S,0.0023711000103503466,-3401145719.8813796,0.00010003900353920389
Moon,otsu,8,7,MS-LS-4S,0.004422099969815463,-3401462480.2537713,6.914888877415039e-06
Moon,otsu,8,7,MS-LS-conv,0.007177799998316914,-3401472471.4510107,3.977585229533882e-06
Moon,otsu,8,7,MS-LS-conv,0.0886183999828063,-3401479689.781109,1.8554744533294294e-06
Moon,otsu,8,8,RM-MDE,0.0007100999937392771,-3398609977.223694,0.000845519848330964
Moon,otsu,8,8,RM-MDE,0.004907400056254119,-3401026115.14899,0.0001352014979163558
Moon,otsu,8,8,RM-MDE,0.01285010005813092,-3401439237.3407674,1.3748053263819455e-05
Moon,otsu,8,8,RM-MDE,0.0172147000557743,-3401462480.2537713,6.914888877415039e-06
Moon,otsu,8,8,RM-MDE,0.023382000101264566,-3401472471.4510107,3.977585229533882e-06
Moon,otsu,8,8,RM-MDE,0.02737880009226501,-3401485185.503088,2.3979178484841924e-07
Moon,otsu,8,8,RM-MDE,0.05474980012513697,-3401485510.158293,1.4434667507491279e-07
Moon,otsu,8,8,RM-MDE,0.06429490016307682,-3401486001.1514874,0.0
Moon,otsu,8,8,MS-LS-4S,0.00229789997683838,-3401339178.7034492,4.316420763995447e-05
Moon,otsu,8,8,MS-LS-4S,0.00670119997812435,-3401361408.4702477,3.662889725179737e-05
Moon,otsu,8,8,MS-LS-4S,0.028654499968979508,-3401372783.3476887,3.328480662873477e-05
Moon,otsu,8,8,MS-LS-4S,0.08189879998099059,-3401433892.728847,1.531931121359419e-05
Moon,otsu,8,8,MS-LS-4S,0.10350829997332767,-3401441620.4173403,1.3047454592506881e-05
Moon,otsu,8,8,MS-LS-conv,0.005717399995774031,-3401472471.4510107,3.977585229533882e-06
Moon,otsu,8,8,MS-LS-conv,0.12403400003677234,-3401479689.781109,1.8554744533294294e-06
Moon,otsu,8,9,RM-MDE,0.0007052000146359205,-3398716929.7974215,0.0008140769514055021
Moon,otsu,8,9,RM-MDE,0.0063260000315494835,-3400752635.626281,0.00021560151209156923
Moon,otsu,8,9,RM-MDE,0.009401500050444156,-3401057258.063292,0.00012604581881277293
Moon,otsu,8,9,RM-MDE,0.012349700031336397,-3401140120.973931,0.00010168502161685384
Moon,otsu,8,9,RM-MDE,0.013438500056508929,-3401337772.032372,4.3577753683294126e-05
Moon,otsu,8,9,RM-MDE,0.01659880008082837,-3401370508.352937,3.395363041653905e-05
Moon,otsu,8,9,RM-MDE,0.026146899966988713,-3401394812.72163,2.6808409567578547e-05
Moon,otsu,8,9,RM-MDE,0.033176599943544716,-3401472354.4717464,4.011975864750295e-06
Moon,otsu,8,9,RM-MDE,0.0381052999291569,-3401474338.594933,3.4286651629227373e-06
Moon,otsu,8,9,RM-MDE,0.047613299975637347,-3401479689.781109,1.8554744533294294e-06
Moon,otsu,8,9,RM-MDE,0.05165019998094067,-3401485510.158293,1.4434667507491279e-07
Moon,otsu,8,9,RM-MDE,0.06442210008390248,-3401486001.1514874,0.0
Moon,otsu,8,9,MS-LS-4S,0.0024038999690674245,-3399051816.6049023,0.0007156238613832457
Moon,otsu,8,9,MS-LS-4S,0.004565000010188669,-3401171447.672025,9.247531207115437e-05
Moon,otsu,8,9,MS-LS-4S,0.013923899969086051,-3401216190.707067,7.932134494423912e-05
Moon,otsu,8,9,MS-LS-4S,0.016142399981617928,-3401288404.5675807,5.809125301111314e-05
Moon,otsu,8,9,MS-LS-4S,0.018301900010555983,-3401372270.606593,3.343554695086731e-05
Moon,otsu,8,9,MS-LS-4S,0.042473999958019704,-3401427869.063291,1.7090203568851514e-05
Moon,otsu,8,9,MS-LS-4S,0.08960429998114705,-3401433892.728847,1.531931121359419e-05
Moon,otsu,8,9,MS-LS-conv,0.0105001000338234,-3401472471.4510107,3.977585229533882e-06
Moon,kapur,6,0,RM-MDE,0.0008272000122815371,-20.542530633599867,0.0432820264084765
Moon,kapur,6,0,RM-MDE,0.012802200042642653,-21.413458160153954,0.002720713237690736
Moon,kapur,6,0,RM-MDE,0.051006500027142465,-21.449874496174587,0.0010247117165197144
Moon,kapur,6,0,RM-MDE,0.07988070003921166,-21.471876980091757,0.0
Moon,kapur,6,0,MS-LS-4S,0.00642269995296374,-21.394781421670988,0.00359053651864019
Moon,kapur,6,0,MS-LS-4S,0.02448199997888878,-21.44762884338578,0.0011292974865895733
Moon,kapur,6,0,MS-LS-4S,0.0351717000012286,-21.471876980091757,0.0
Moon,kapur,6,0,MS-LS-conv,0.009000199963338673,-21.413458160153954,0.002720713237690736
Moon,kapur,6,0,MS-LS-conv,0.03392730001360178,-21.466305581868745,0.0002594742056401192
Moon,kapur,6,0,MS-LS-conv,0.05015189998084679,-21.471876980091757,0.0
Moon,kapur,6,1,RM-MDE,0.0007943999953567982,-19.88389101940996,0.07395655080150393
Moon,kapur,6,1,RM-MDE,0.009366099955514073,-21.390612418696207,0.003784697605658615
Moon,kapur,6,1,RM-MDE,0.028670899977441877,-21.471876980091757,0.0
Moon,kapur,6,1,MS-LS-4S,0.006279199966229498,-21.411347293765015,0.0028190216618166966
Moon,kapur,6,1,MS-LS-4S,0.023014699982013553,-21.413458160153954,0.002720713237690736
Moon,kapur,6,1,MS-LS-4S,0.11899240000639111,-21.469766113702818,9.830842412596077e-05
Moon,kapur,6,1,MS-LS-conv,0.009378299990203232,-21.413458160153954,0.002720713237690736
Moon,kapur,6,1,MS-LS-conv,0.14433849998749793,-21.471876980091757,0.0
Moon,kapur,6,2,RM-MDE,0.0008222999749705195,-20.215197067979886,0.058526784280528245
Moon,kapur,6,2,RM-MDE,0.008012999955099076,-20.971975851153374,0.023281668826711337
Moon,kapur,6,2,RM-MDE,0.015192899969406426,-21.413458160153954,0.002720713237690736
Moon,kapur,6,2,RM-MDE,0.061646899848710746,-21.471876980091757,0.0
Moon,kapur,6,2,MS-LS-4S,0.005841100006364286,-21.413458160153954,0.002720713237690736
Moon,kapur,6,2,MS-LS-4S,0.19353799999225885,-21.45320024160879,0.0008698232809494542
Moon,kapur,6,2,MS-LS-conv,0.007688599987886846,-21.413458160153954,0.002720713237690736
Moon,kapur,6,2,MS-LS-conv,0.2636615000083111,-21.471876980091757,0.0
Moon,kapur,6,3,RM-MDE,0.0008270999533124268,-20.4219232628367,0.048899018852825535
Moon,kapur,6,3,RM-MDE,0.007753999962005764,-21.397027074459796,0.003485950748570331
Moon,kapur,6,3,RM-MDE,0.04503359994851053,-21.449874496174587,0.0010247117165197144
Moon,kapur,6,3,RM-MDE,0.0565307000069879,-21.466305581868745,0.0002594742056401192
Moon,kapur,6,3,RM-MDE,0.06953939999220893,-21.471876980091757,0.0
Moon,kapur,6,3,MS-LS-4S,0.005512500007171184,-21.394781421670988,0.00359053651864019
Moon,kapur,6,3,MS-LS-4S,0.04746740002883598,-21.413458160153954,0.002720713237690736
Moon,kapur,6,3,MS-LS-4S,0.11941290000686422,-21.466305581868745,0.0002594742056401192
Moon,kapur,6,3,MS-LS-conv,0.008276900043711066,-21.413458160153954,0.002720713237690736
Moon,kapur,6,3,MS-LS-conv,0.16212950000772253,-21.466305581868745,0.0002594742056401192
Moon,kapur,6,4,RM-MDE,0.0008435000199824572,-19.689608780354327,0.08300476951269371
Moon,kapur,6,4,RM-MDE,0.00808090006466955,-20.971975851153374,0.023281668826711337
Moon,kapur,6,4,RM-MDE,0.021121400059200823,-21.394781421670988,0.00359053651864019
Moon,kapur,6,4,RM-MDE,0.035543000092729926,-21.4554458943976,0.0007652375108795953
Moon,kapur,6,4,RM-MDE,0.07448030012892559,-21.471876980091757,0.0
Moon,kapur,6,4,MS-LS-4S,0.006134999974165112,-20.971975851153374,0.023281668826711337
Moon,kapur,6,4,MS-LS-4S,0.030082399956882,-21.289083537522323,0.008513156196773841
Moon,kapur,6,4,MS-LS-4S,0.047434099949896336,-21.31710508707036,0.00720812126321786
Moon,kapur,6,4,MS-LS-4S,0.059739099990110844,-21.413458160153954,0.002720713237690736
Moon,kapur,6,4,MS-LS-4S,0.08761429996229708,-21.466305581868745,0.0002594742056401192
Moon,kapur,6,4,MS-LS-conv,0.007425000017974526,-20.971975851153374,0.023281668826711337
Moon,kapur,6,4,MS-LS-conv,0.04535209998721257,-21.413458160153954,0.002720713237690736
Moon,kapur,6,4,MS-LS-conv,0.11622939998051152,-21.466305581868745,0.0002594742056401192
Moon,kapur,6,4,MS-LS-conv,0.2492350999964401,-21.471876980091757,0.0
Moon,kapur,6,5,RM-MDE,0.0008347000111825764,-19.82181104398868,0.07684777337505146
Moon,kapur,6,5,RM-MDE,0.01330490002874285,-21.339130776974855,0.0061823287847625665
Moon,kapur,6,5,RM-MDE,0.039269300003070384,-21.464194715479806,0.00035778262976607995
Moon,kapur,6,5,RM-MDE,0.059386099921539426,-21.471876980091757,0.0
Moon,kapur,6,5,MS-LS-4S,0.004503100004512817,-21.413458160153954,0.002720713237690736
Moon,kapur,6,5,MS-LS-4S,0.04597699997248128,-21.466305581868745,0.0002594742056401192
Moon,kapur,6,5,MS-LS-conv,0.004474300018046051,-21.413458160153954,0.002720713237690736
Moon,kapur,6,5,MS-LS-conv,0.055857400002423674,-21.466305581868745,0.0002594742056401192
Moon,kapur,6,5,MS-LS-conv,0.16036460001487285,-21.471876980091757,0.0
Moon,kapur,6,6,RM-MDE,0.000859399966429919,-20.279756913320092,0.05552006784860829
Moon,kapur,6,6,RM-MDE,0.019727899925783277,-21.038544477222665,0.0201813983598578
Moon,kapur,6,6,RM-MDE,0.029012299957685173,-21.394781421670988,0.00359053651864019
Moon,kapur,6,6,RM-MDE,0.0449191999505274,-21.413458160153954,0.002720713237690736
Moon,kapur,6,6,RM-MDE,0.0659532998688519,-21.471876980091757,0.0
Moon,kapur,6,6,MS-LS-4S,0.00600489997304976,-21.413458160153954,0.002720713237690736
Moon,kapur,6,6,MS-LS-4S,0.1886100999545306,-21.44762884338578,0.0011292974865895733
Moon,kapur,6,6,MS-LS-4S,0.29897819994948804,-21.466305581868745,0.0002594742056401192
Moon,kapur,6,6,MS-LS-conv,0.0059559999499469995,-21.413458160153954,0.002720713237690736
Moon,kapur,6,6,MS-LS-conv,0.2584483999526128,-21.466305581868745,0.0002594742056401192
Moon,kapur,6,7,RM-MDE,0.0008234999841079116,-19.894286294859867,0.0734724163469545
Moon,kapur,6,7,RM-MDE,0.013420899980701506,-21.413458160153954,0.002720713237690736
Moon,kapur,6,7,RM-MDE,0.09441369981504977,-21.471876980091757,0.0
Moon,kapur,6,7,MS-LS-4S,0.007056299946270883,-20.971975851153374,0.023281668826711337
Moon,kapur,6,7,MS-LS-4S,0.012813599954824895,-21.413458160153954,0.002720713237690736
Moon,kapur,6,7,MS-LS-4S,0.2771729999803938,-21.44762884338578,0.0011292974865895733
Moon,kapur,6,7,MS-LS-4S,0.3007005999679677,-21.466305581868745,0.0002594742056401192
Moon,kapur,6,7,MS-LS-conv,0.006061799998860806,-20.971975851153374,0.023281668826711337
Moon,kapur,6,7,MS-LS-conv,0.013489199976902455,-21.413458160153954,0.002720713237690736
Moon,kapur,6,8,RM-MDE,0.0008252999978139997,-20.380875992286036,0.05081069479008624
Moon,kapur,6,8,RM-MDE,0.02573260001372546,-21.466305581868745,0.0002594742056401192
Moon,kapur,6,8,RM-MDE,0.038311999989673495,-21.471876980091757,0.0
Moon,kapur,6,8,MS-LS-4S,0.006288599979598075,-20.971975851153374,0.023281668826711337
Moon,kapur,6,8,MS-LS-4S,0.011541299987584352,-21.31710508707036,0.00720812126321786
Moon,kapur,6,8,MS-LS-4S,0.0172813999815844,-21.394781421670988,0.00359053651864019
Moon,kapur,6,8,MS-LS-4S,0.023365899978671223,-21.413458160153954,0.002720713237690736
Moon,kapur,6,8,MS-LS-4S,0.05803299997933209,-21.44762884338578,0.0011292974865895733
Moon,kapur,6,8,MS-LS-4S,0.15027529996586964,-21.45320024160879,0.0008698232809494542
Moon,kapur,6,8,MS-LS-4S,0.3131111999973655,-21.471876980091757,0.0
Moon,kapur,6,8,MS-LS-conv,0.007601900026202202,-20.971975851153374,0.023281668826711337
Moon,kapur,6,8,MS-LS-conv,0.01687990000937134,-21.325915321310738,0.006797806214908516
Moon,kapur,6,8,MS-LS-conv,0.025292200036346912,-21.413458160153954,0.002720713237690736
Moon,kapur,6,8,MS-LS-conv,0.08012730005430058,-21.466305581868745,0.0002594742056401192
Moon,kapur,6,8,MS-LS-conv,0.21294610004406422,-21.471876980091757,0.0
Moon,kapur,6,9,RM-MDE,0.0008267000084742904,-19.996978708096986,0.06868976910412927
Moon,kapur,6,9,RM-MDE,0.013821500004269183,-21.413458160153954,0.002720713237690736
Moon,kapur,6,9,RM-MDE,0.036011199990753084,-21.449874496174587,0.0010247117165197144
Moon,kapur,6,9,RM-MDE,0.07085119996918365,-21.471876980091757,0.0
Moon,kapur,6,9,MS-LS-4S,0.006028199975844473,-19.88120653953616,0.07408157386661783
Moon,kapur,6,9,MS-LS-4S,0.012009199999738485,-21.413458160153954,0.002720713237690736
Moon,kapur,6,9,MS-LS-4S,0.2651620999677107,-21.44762884338578,0.0011292974865895733
Moon,kapur,6,9,MS-LS-4S,0.27646109997294843,-21.471876980091757,0.0
Moon,kapur,6,9,MS-LS-conv,0.011916099989321083,-20.971975851153374,0.023281668826711337
Moon,kapur,6,9,MS-LS-conv,0.017931199981831014,-21.413458160153954,0.002720713237690736
Moon,kapur,7,0,RM-MDE,0.0008550999918952584,-21.926884368493617,0.06949621419216831
Moon,kapur,7,0,RM-MDE,0.020565300015732646,-23.495186795470183,0.002942693816507225
Moon,kapur,7,0,RM-MDE,0.08766670001205057,-23.558063391581015,0.00027442094487628837
Moon,kapur,7,0,RM-MDE,0.13575610000407323,-23.558406862321313,0.00025984519308274264
Moon,kapur,7,0,MS-LS-4S,0.006572100042831153,-23.34689249605877,0.009235808911979315
Moon,kapur,7,0,MS-LS-4S,0.01877770002465695,-23.50497309133483,0.002527396084369149
Moon,kapur,7,0,MS-LS-4S,0.2557723000063561,-23.56452999216703,0.0
Moon,kapur,7,0,MS-LS-conv,0.009201699984259903,-23.365569234541738,0.008443230469329505
Moon,kapur,7,0,MS-LS-conv,0.025849200028460473,-23.50497309133483,0.002527396084369149
Moon,kapur,7,1,RM-MDE,0.0008538999827578664,-20.887299756406925,0.11361271523981302
Moon,kapur,7,1,RM-MDE,0.009388700011186302,-23.17554609320527,0.01650717833502564
Moon,kapur,7,1,RM-MDE,0.01641929999459535,-23.41511540523012,0.006340656358797568
Moon,kapur,7,1,RM-MDE,0.027574699837714434,-23.43213786061103,0.005618280169390632
Moon,kapur,7,1,RM-MDE,0.04031739983474836,-23.55862770640509,0.0002504733072929111
Moon,kapur,7,1,RM-MDE,0.05744019983103499,-23.56452999216703,0.0
Moon,kapur,7,1,MS-LS-4S,0.006512699997983873,-23.3634583681528,0.008532808593299768
Moon,kapur,7,1,MS-LS-4S,0.01233589998446405,-23.43213786061103,0.005618280169390632
Moon,kapur,7,1,MS-LS-4S,0.1395498999627307,-23.465871426287613,0.004186740236797125
Moon,kapur,7,1,MS-LS-4S,0.17600340000353754,-23.563165216618586,5.791651897573452e-05
Moon,kapur,7,1,MS-LS-conv,0.009355599991977215,-23.365569234541738,0.008443230469329505
Moon,kapur,7,1,MS-LS-conv,0.016625599993858486,-23.43213786061103,0.005618280169390632
Moon,kapur,7,2,RM-MDE,0.0008963000145740807,-22.30180249761176,0.0535859401810691
Moon,kapur,7,2,RM-MDE,0.01969780004583299,-23.43213786061103,0.005618280169390632
Moon,kapur,7,2,RM-MDE,0.047299400030169636,-23.506337866883268,0.002469479565393716
Moon,kapur,7,2,RM-MDE,0.07843990001128986,-23.549596628080927,0.0006337221277516839
Moon,kapur,7,2,RM-MDE,0.09229150001192465,-23.558406862321313,0.00025984519308274264
Moon,kapur,7,2,RM-MDE,0.11459380004089326,-23.563165216618586,5.791651897573452e-05
Moon,kapur,7,2,MS-LS-4S,0.00584050000179559,-23.465871426287613,0.004186740236797125
Moon,kapur,7,2,MS-LS-4S,0.011471300036646426,-23.557262930856652,0.00030838982626834406
Moon,kapur,7,2,MS-LS-conv,0.010611700010485947,-23.499988042383507,0.0027389449229404945
Moon,kapur,7,2,MS-LS-conv,0.017995300004258752,-23.557262930856652,0.00030838982626834406
Moon,kapur,7,2,MS-LS-conv,0.07997840002644807,-23.558406862321313,0.00025984519308274264
Moon,kapur,7,3,RM-MDE,0.0008467999869026244,-22.037918761582546,0.06478428515620464
Moon,kapur,7,3,RM-MDE,0.019685499952174723,-23.43002699422209,0.005707858293360895
Moon,kapur,7,3,RM-MDE,0.04876579996198416,-23.495186795470183,0.002942693816507225
Moon,kapur,7,3,RM-MDE,0.06582009990233928,-23.56452999216703,0.0
Moon,kapur,7,3,MS-LS-4S,0.005707699980121106,-23.50497309133483,0.002527396084369149
Moon,kapur,7,3,MS-LS-4S,0.011378500028513372,-23.56452999216703,0.0
Moon,kapur,7,3,MS-LS-conv,0.007249900023452938,-23.50497309133483,0.002527396084369149
Moon,kapur,7,3,MS-LS-conv,0.014496500021778047,-23.56452999216703,0.0
Moon,kapur,7,4,RM-MDE,0.0008441000245511532,-21.787695585302757,0.07540292157131517
Moon,kapur,7,4,RM-MDE,0.007562299957498908,-23.34250766086167,0.009421886682194052
Moon,kapur,7,4,RM-MDE,0.021916799945756793,-23.365569234541738,0.008443230469329505
Moon,kapur,7,4,RM-MDE,0.0414695999934338,-23.543014582827844,0.0009130421589710983
Moon,kapur,7,4,RM-MDE,0.06175670010270551,-23.56452999216703,0.0
Moon,kapur,7,4,MS-LS-4S,0.0065648999880068,-22.67578153308345,0.03771551816985137
Moon,kapur,7,4,MS-LS-4S,0.012692600023001432,-22.846700634687352,0.030462281985606746
Moon,kapur,7,4,MS-LS-4S,0.02596529998118058,-22.911910390458146,0.02769499760554609
Moon,kapur,7,4,MS-LS-4S,0.0319706000154838,-23.43213786061103,0.005618280169390632
Moon,kapur,7,4,MS-LS-4S,0.04417820001253858,-23.491177808143124,0.003112821857609285
Moon,kapur,7,4,MS-LS-4S,0.08036269998410717,-23.518718848002408,0.0019440720515050245
Moon,kapur,7,4,MS-LS-conv,0.01058470003772527,-22.846700634687352,0.030462281985606746
Moon,kapur,7,4,MS-LS-conv,0.03807430004235357,-22.911910390458146,0.02769499760554609
Moon,kapur,7,4,MS-LS-conv,0.04542450001463294,-23.43213786061103,0.005618280169390632
Moon,kapur,7,4,MS-LS-conv,0.06326620001345873,-23.499988042383507,0.0027389449229404945
Moon,kapur,7,4,MS-LS-conv,0.11765400000149384,-23.5528354640983,0.0004962767376483941
Moon,kapur,7,5,RM-MDE,0.0008548999903723598,-21.041197256922615,0.10708181899164486
Moon,kapur,7,5,RM-MDE,0.00805400003446266,-22.846700634687352,0.030462281985606746
Moon,kapur,7,5,RM-MDE,0.023549700039438903,-23.43213786061103,0.005618280169390632
Moon,kapur,7,5,RM-MDE,0.030637000047136098,-23.50497309133483,0.002527396084369149
Moon,kapur,7,5,RM-MDE,0.0634194000158459,-23.55862770640509,0.0002504733072929111
Moon,kapur,7,5,RM-MDE,0.1109759000246413,-23.563165216618586,5.791651897573452e-05
Moon,kapur,7,5,RM-MDE,0.1367810001829639,-23.56452999216703,0.0
Moon,kapur,7,5,MS-LS-4S,0.006115299998782575,-23.506337866883268,0.002469479565393716
Moon,kapur,7,5,MS-LS-4S,0.04285580001305789,-23.537561181773825,0.0011444662975315626
Moon,kapur,7,5,MS-LS-4S,0.137665799993556,-23.5528354640983,0.0004962767376483941
Moon,kapur,7,5,MS-LS-4S,0.22700750001240522,-23.56452999216703,0.0
Moon,kapur,7,5,MS-LS-conv,0.007691900013014674,-23.506337866883268,0.002469479565393716
Moon,kapur,7,5,MS-LS-conv,0.05889799998840317,-23.5528354640983,0.0004962767376483941
Moon,kapur,7,5,MS-LS-conv,0.16875399998389184,-23.558406862321313,0.00025984519308274264
Moon,kapur,7,6,RM-MDE,0.0008624999900348485,-20.970209799916418,0.11009428972752601
Moon,kapur,7,6,RM-MDE,0.008506499987561256,-23.365569234541738,0.008443230469329505
Moon,kapur,7,6,RM-MDE,0.023362800013273954,-23.465871426287613,0.004186740236797125
Moon,kapur,7,6,RM-MDE,0.05510290001984686,-23.549596628080927,0.0006337221277516839
Moon,kapur,7,6,RM-MDE,0.0645132000790909,-23.563165216618586,5.791651897573452e-05
Moon,kapur,7,6,RM-MDE,0.09803820023080334,-23.56452999216703,0.0
Moon,kapur,7,6,MS-LS-4S,0.006326900038402528,-23.43213786061103,0.005618280169390632
Moon,kapur,7,6,MS-LS-4S,0.0247355000465177,-23.50497309133483,0.002527396084369149
Moon,kapur,7,6,MS-LS-conv,0.007569699955638498,-23.43213786061103,0.005618280169390632
Moon,kapur,7,6,MS-LS-conv,0.03350829996634275,-23.50497309133483,0.002527396084369149
Moon,kapur,7,6,MS-LS-conv,0.04371729999547824,-23.506337866883268,0.002469479565393716
Moon,kapur,7,6,MS-LS-conv,0.20292509999126196,-23.558406862321313,0.00025984519308274264
Moon,kapur,7,7,RM-MDE,0.0008750999695621431,-21.44324666105649,0.09002018422670281
Moon,kapur,7,7,RM-MDE,0.02641969994874671,-23.43213786061103,0.005618280169390632
Moon,kapur,7,7,RM-MDE,0.06286869995528832,-23.478716499364545,0.0036416382092497313
Moon,kapur,7,7,RM-MDE,0.07232510001631454,-23.563165216618586,5.791651897573452e-05
Moon,kapur,7,7,RM-MDE,0.0944688999443315,-23.56452999216703,0.0
Moon,kapur,7,7,MS-LS-4S,0.006379100028425455,-23.365569234541738,0.008443230469329505
Moon,kapur,7,7,MS-LS-4S,0.01223660004325211,-23.506337866883268,0.002469479565393716
Moon,kapur,7,7,MS-LS-4S,0.030252400028984994,-23.56452999216703,0.0
Moon,kapur,7,7,MS-LS-conv,0.00805110001238063,-23.365569234541738,0.008443230469329505
Moon,kapur,7,7,MS-LS-conv,0.01567529997555539,-23.506337866883268,0.002469479565393716
Moon,kapur,7,7,MS-LS-conv,0.04154760000528768,-23.56452999216703,0.0
Moon,kapur,7,8,RM-MDE,0.0008832999737933278,-21.744014740482882,0.07725659082906801
Moon,kapur,7,8,RM-MDE,0.019384699931833893,-23.544025229857915,0.0008701536723173353
Moon,kapur,7,8,RM-MDE,0.07108919991878793,-23.56452999216703,0.0
Moon,kapur,7,8,MS-LS-4S,0.006537400011438876,-23.365569234541738,0.008443230469329505
Moon,kapur,7,8,MS-LS-4S,0.028491700009908527,-23.518718848002408,0.0019440720515050245
Moon,kapur,7,8,MS-LS-4S,0.06276290002278984,-23.537561181773825,0.0011444662975315626
Moon,kapur,7,8,MS-LS-conv,0.007829200010746717,-23.365569234541738,0.008443230469329505
Moon,kapur,7,8,MS-LS-conv,0.042804200027603656,-23.5528354640983,0.0004962767376483941
Moon,kapur,7,9,RM-MDE,0.0008506000158376992,-21.536392207550453,0.08606739813146039
Moon,kapur,7,9,RM-MDE,0.014030100021045655,-23.416835044040766,0.006267680627424336
Moon,kapur,7,9,RM-MDE,0.028146600001491606,-23.499988042383507,0.0027389449229404945
Moon,kapur,7,9,RM-MDE,0.03529889998026192,-23.52429024622542,0.0017076405069393731
Moon,kapur,7,9,RM-MDE,0.05876970000099391,-23.563165216618586,5.791651897573452e-05
Moon,kapur,7,9,MS-LS-4S,0.00621379999211058,-21.22710172196404,0.09919265400073604
Moon,kapur,7,9,MS-LS-4S,0.012442200037185103,-23.48471376005903,0.003387134482823663
Moon,kapur,7,9,MS-LS-4S,0.062115700042340904,-23.55360561540799,0.0004635940866494729
Moon,kapur,7,9,MS-LS-4S,0.1338202000479214,-23.55862770640509,0.0002504733072929111
Moon,kapur,7,9,MS-LS-conv,0.01338620000751689,-22.846700634687352,0.030462281985606746
Moon,kapur,7,9,MS-LS-conv,0.02409980003722012,-23.499988042383507,0.0027389449229404945
Moon,kapur,7,9,MS-LS-conv,0.10216340003535151,-23.558406862321313,0.00025984519308274264
Moon,kapur,7,9,MS-LS-conv,0.2149513000040315,-23.55862770640509,0.0002504733072929111
Moon,kapur,8,0,RM-MDE,0.0009154999861493707,-23.361484852839226,0.08474126910292239
Moon,kapur,8,0,RM-MDE,0.008897399995476007,-25.443288882530908,0.00318013006597198
Moon,kapur,8,0,RM-MDE,0.04993699991609901,-25.452099116771286,0.002834961774634757
Moon,kapur,8,0,RM-MDE,0.06379149993881583,-25.498860940493866,0.0010029220860462197
Moon,kapur,8,0,RM-MDE,0.07834609993733466,-25.518667742840577,0.00022692908332505045
Moon,kapur,8,0,MS-LS-4S,0.006359899998642504,-25.22161727959275,0.011864803632705572
Moon,kapur,8,0,MS-LS-4S,0.019134400004986674,-25.523095209598928,5.346932116251497e-05
Moon,kapur,8,0,MS-LS-conv,0.009723199997097254,-25.240294018075716,0.011133084391874054
Moon,kapur,8,0,MS-LS-conv,0.028498100000433624,-25.523095209598928,5.346932116251497e-05
Moon,kapur,8,1,RM-MDE,0.0009441999718546867,-22.567357073617984,0.11585369144930475
Moon,kapur,8,1,RM-MDE,0.014913399936631322,-25.34735255321274,0.00693873374941886
Moon,kapur,8,1,RM-MDE,0.022263299964834005,-25.513772529485834,0.0004187142712425065
Moon,kapur,8,1,RM-MDE,0.05888349999440834,-25.524459985147374,0.0
Moon,kapur,8,1,MS-LS-4S,0.006870399985928088,-25.452736111940247,0.0028100055103560486
Moon,kapur,8,1,MS-LS-4S,0.09212039998965338,-25.524459985147374,0.0
Moon,kapur,8,1,MS-LS-conv,0.009817900019697845,-25.458222246617005,0.002595069144221351
Moon,kapur,8,1,MS-LS-conv,0.13170030002947897,-25.524459985147374,0.0
Moon,kapur,8,2,RM-MDE,0.0010390999959781766,-23.454007769620368,0.08111639645782112
Moon,kapur,8,2,RM-MDE,0.009757300023920834,-25.196969697653486,0.012830449211636731
Moon,kapur,8,2,RM-MDE,0.01739110000198707,-25.22161727959275,0.011864803632705572
Moon,kapur,8,2,RM-MDE,0.03112980001606047,-25.452736111940247,0.0028100055103560486
Moon,kapur,8,2,RM-MDE,0.03854950005188584,-25.523095209598928,5.346932116251497e-05
Moon,kapur,8,2,MS-LS-4S,0.0061932000098749995,-25.184747631424496,0.013309286618426211
Moon,kapur,8,2,MS-LS-4S,0.011867400025948882,-25.297748755344777,0.008882116602447972
Moon,kapur,8,2,MS-LS-4S,0.025224000040907413,-25.417982500675393,0.004171586177883478
Moon,kapur,8,2,MS-LS-4S,0.15425290004350245,-25.465878688339316,0.0022951042585091235
Moon,kapur,8,2,MS-LS-4S,0.16027360002044588,-25.47287341797149,0.0020210639992345927
Moon,kapur,8,2,MS-LS-conv,0.01177000004099682,-25.34735255321274,0.00693873374941886
Moon,kapur,8,2,MS-LS-conv,0.04119630000786856,-25.452099116771286,0.002834961774634757
Moon,kapur,8,2,MS-LS-conv,0.07988960004877299,-25.50555724419296,0.000740573589623937
Moon,kapur,8,3,RM-MDE,0.0009630999993532896,-23.823949736357203,0.06662277085508149
Moon,kapur,8,3,RM-MDE,0.022162699955515563,-25.447297869857962,0.003023065535345773
Moon,kapur,8,3,RM-MDE,0.05980949994409457,-25.51134948649975,0.000513644506299165
Moon,kapur,8,3,RM-MDE,0.13644959992961958,-25.523095209598928,5.346932116251497e-05
Moon,kapur,8,3,RM-MDE,0.18631140002980828,-25.523585968689062,3.42423094874576e-05
Moon,kapur,8,3,RM-MDE,0.19656220002798364,-25.524459985147374,0.0
Moon,kapur,8,3,MS-LS-4S,0.0058738000225275755,-25.34328628499487,0.007098042436859664
Moon,kapur,8,3,MS-LS-4S,0.01843250001547858,-25.372408753814526,0.005957079265196068
Moon,kapur,8,3,MS-LS-4S,0.04408050002530217,-25.452099116771286,0.002834961774634757
Moon,kapur,8,3,MS-LS-4S,0.10520749998977408,-25.503364926270322,0.0008264644536780292
Moon,kapur,8,3,MS-LS-4S,0.13831690000370145,-25.518667742840577,0.00022692908332505045
Moon,kapur,8,3,MS-LS-4S,0.17435330001171678,-25.524459985147374,0.0
Moon,kapur,8,3,MS-LS-conv,0.008907800016459078,-25.34735255321274,0.00693873374941886
Moon,kapur,8,3,MS-LS-conv,0.032348700042348355,-25.452099116771286,0.002834961774634757
Moon,kapur,8,3,MS-LS-conv,0.12229670002125204,-25.507557301438506,0.0006622151347649629
Moon,kapur,8,3,MS-LS-conv,0.20187590003479272,-25.518667742840577,0.00022692908332505045
Moon,kapur,8,4,RM-MDE,0.000957300013396889,-22.294401337443936,0.1265475802263006
Moon,kapur,8,4,RM-MDE,0.002356100012548268,-23.77371474900095,0.06859088251681641
Moon,kapur,8,4,RM-MDE,0.016457000048831105,-25.433927474573487,0.0035468922996438495
Moon,kapur,8,4,RM-MDE,0.03789820004021749,-25.50716607386022,0.0006775426903142287
Moon,kapur,8,4,RM-MDE,0.09569720010040328,-25.524459985147374,0.0
Moon,kapur,8,4,MS-LS-4S,0.006772299995645881,-25.069374916471812,0.01782937107936366
Moon,kapur,8,4,MS-LS-4S,0.025908200012054294,-25.16078359455173,0.014248152196256662
Moon,kapur,8,4,MS-LS-4S,0.032357699994463474,-25.222146301121136,0.01184407757116718
Moon,kapur,8,4,MS-LS-4S,0.03890709998086095,-25.443288882530908,0.00318013006597198
Moon,kapur,8,4,MS-LS-4S,0.12859340000431985,-25.458222246617005,0.002595069144221351
Moon,kapur,8,4,MS-LS-4S,0.2045536999939941,-25.484551126744684,0.0015635534865737707
Moon,kapur,8,4,MS-LS-conv,0.011481800000183284,-25.240294018075716,0.011133084391874054
Moon,kapur,8,4,MS-LS-conv,0.045848899986594915,-25.28849409685533,0.009244696594143453
Moon,kapur,8,4,MS-LS-conv,0.06782579998252913,-25.452099116771286,0.002834961774634757
Moon,kapur,8,4,MS-LS-conv,0.2030765000381507,-25.458222246617005,0.002595069144221351
Moon,kapur,8,5,RM-MDE,0.0009854999952949584,-23.060409397663477,0.09653683521287902
Moon,kapur,8,5,RM-MDE,0.01532279996899888,-25.138944754318253,0.015103756594789916
Moon,kapur,8,5,RM-MDE,0.029269399936310947,-25.443288882530908,0.00318013006597198
Moon,kapur,8,5,RM-MDE,0.09160299989162013,-25.50341268310832,0.0008245934312146799
Moon,kapur,8,5,RM-MDE,0.10062759986612946,-25.524459985147374,0.0
Moon,kapur,8,5,MS-LS-4S,0.0062337000272236764,-25.345502843470648,0.007011201873844176
Moon,kapur,8,5,MS-LS-4S,0.01900030003162101,-25.513772529485834,0.0004187142712425065
Moon,kapur,8,5,MS-LS-4S,0.038109100016299635,-25.524459985147374,0.0
Moon,kapur,8,5,MS-LS-conv,0.0059698999975807965,-25.345502843470648,0.007011201873844176
Moon,kapur,8,5,MS-LS-conv,0.025576199986971915,-25.518667742840577,0.00022692908332505045
Moon,kapur,8,5,MS-LS-conv,0.053446099977009,-25.524459985147374,0.0
Moon,kapur,8,6,RM-MDE,0.000992500048596412,-24.523087656919266,0.039231871264301145
Moon,kapur,8,6,RM-MDE,0.0178978000767529,-25.523095209598928,5.346932116251497e-05
Moon,kapur,8,6,RM-MDE,0.045121900155209005,-25.524459985147374,0.0
Moon,kapur,8,6,MS-LS-4S,0.006230600003618747,-25.524459985147374,0.0
Moon,kapur,8,6,MS-LS-conv,0.00786450004670769,-25.524459985147374,0.0
Moon,kapur,8,7,RM-MDE,0.0009719999507069588,-23.96062912795337,0.06126793115717206
Moon,kapur,8,7,RM-MDE,0.0038744998746551573,-24.30824667466778,0.047648934049429596
Moon,kapur,8,7,RM-MDE,0.011432199855335057,-25.351425132563392,0.006779177803748645
Moon,kapur,8,7,RM-MDE,0.045992699917405844,-25.524459985147374,0.0
Moon,kapur,8,7,MS-LS-4S,0.006849900004453957,-25.21572578850244,0.012095621095395795
Moon,kapur,8,7,MS-LS-4S,0.012690800009295344,-25.507557301438506,0.0006622151347649629
Moon,kapur,8,7,MS-LS-4S,0.07504740002332255,-25.523095209598928,5.346932116251497e-05
Moon,kapur,8,7,MS-LS-conv,0.010078900028020144,-25.240294018075716,0.011133084391874054
Moon,kapur,8,7,MS-LS-conv,0.017305599991232157,-25.507557301438506,0.0006622151347649629
Moon,kapur,8,7,MS-LS-conv,0.11935069999890402,-25.523095209598928,5.346932116251497e-05
Moon,kapur,8,8,RM-MDE,0.0009177000029012561,-23.151243575008387,0.09297812418049026
Moon,kapur,8,8,RM-MDE,0.00396319996798411,-24.26874572201152,0.049196506561414076
Moon,kapur,8,8,RM-MDE,0.016785499989055097,-25.34735255321274,0.00693873374941886
Moon,kapur,8,8,RM-MDE,0.02426709997234866,-25.513866495927253,0.00041503284403606643
Moon,kapur,8,8,RM-MDE,0.0758917000493966,-25.51897385047061,0.00021493636613497582
Moon,kapur,8,8,RM-MDE,0.1083180001587607,-25.524459985147374,0.0
Moon,kapur,8,8,MS-LS-4S,0.0064295000047422945,-25.458222246617005,0.002595069144221351
Moon,kapur,8,8,MS-LS-4S,0.018613099993672222,-25.513866495927253,0.00041503284403606643
Moon,kapur,8,8,MS-LS-conv,0.007948199985548854,-25.458222246617005,0.002595069144221351
Moon,kapur,8,8,MS-LS-conv,0.027114199998322874,-25.518667742840577,0.00022692908332505045
Moon,kapur,8,9,RM-MDE,0.0009524999768473208,-22.95366250854115,0.10071897615472238
Moon,kapur,8,9,RM-MDE,0.008590699988417327,-24.68934137736959,0.03271836537437959
Moon,kapur,8,9,RM-MDE,0.021603699948173016,-24.855897669442143,0.026193005301356636
Moon,kapur,8,9,RM-MDE,0.025485299876891077,-24.87576047644468,0.025414818142290633
Moon,kapur,8,9,RM-MDE,0.03515419986797497,-25.260810353434017,0.010329293229583444
Moon,kapur,8,9,RM-MDE,0.042166999832261354,-25.40371497208521,0.004730560925967625
Moon,kapur,8,9,RM-MDE,0.04955969983711839,-25.518667742840577,0.00022692908332505045
Moon,kapur,8,9,RM-MDE,0.07941369985928759,-25.523095209598928,5.346932116251497e-05
Moon,kapur,8,9,MS-LS-4S,0.006219299975782633,-22.251288178536793,0.12823667213783296
Moon,kapur,8,9,MS-LS-4S,0.012613800005055964,-25.43682483444681,0.00343337922728075
Moon,kapur,8,9,MS-LS-4S,0.12115570000605658,-25.452736111940247,0.0028100055103560486
Moon,kapur,8,9,MS-LS-4S,0.2088277000002563,-25.506192525890068,0.0007156844559271995
Moon,kapur,8,9,MS-LS-4S,0.24526729999342933,-25.50998471095131,0.0005671138274614015
Moon,kapur,8,9,MS-LS-conv,0.013793200021609664,-24.190629422305562,0.052256955235016306
Moon,kapur,8,9,MS-LS-conv,0.02482589997816831,-25.452099116771286,0.002834961774634757
Moon,kapur,8,9,MS-LS-conv,0.19779980002203956,-25.458222246617005,0.002595069144221351
Moon,mcet,6,0,RM-MDE,0.0007367999642156065,-140499726.81459558,0.00011273778879734076
Moon,mcet,6,0,RM-MDE,0.006647099973633885,-140515004.26533014,4.013531926013139e-06
Moon,mcet,6,0,RM-MDE,0.012217899959068745,-140515315.57448784,1.7980538717103392e-06
Moon,mcet,6,0,RM-MDE,0.05603689997224137,-140515512.52855313,3.964008892306614e-07
Moon,mcet,6,0,RM-MDE,0.06949159991927445,-140515568.22904932,0.0
Moon,mcet,6,0,MS-LS-4S,0.005439400032628328,-140514432.64156482,8.081577712852948e-06
Moon,mcet,6,0,MS-LS-4S,0.051450900034978986,-140514807.85477734,5.411316920765749e-06
Moon,mcet,6,0,MS-LS-4S,0.05600900005083531,-140515129.1658545,3.124658714653192e-06
Moon,mcet,6,0,MS-LS-conv,0.009711100021377206,-140514524.12625265,7.430513286412654e-06
Moon,mcet,6,0,MS-LS-conv,0.13136539998231456,-140514889.20667326,4.8323640192924116e-06
Moon,mcet,6,0,MS-LS-conv,0.13934330001939088,-140515564.54615635,2.620985720377991e-08
Moon,mcet,6,1,RM-MDE,0.0007691000355407596,-140502800.42847037,9.08639572103463e-05
Moon,mcet,6,1,RM-MDE,0.007418600027449429,-140514479.9885997,7.744625477109223e-06
Moon,mcet,6,1,RM-MDE,0.026321900077164173,-140515568.22904932,0.0
Moon,mcet,6,1,MS-LS-4S,0.005212099989876151,-140509597.61687025,4.2490752123197004e-05
Moon,mcet,6,1,MS-LS-4S,0.010263599979225546,-140510908.91236484,3.3158722148776416e-05
Moon,mcet,6,1,MS-LS-4S,0.014807300001848489,-140515417.7314052,1.0710389320071248e-06
Moon,mcet,6,1,MS-LS-conv,0.019505000032950193,-140514377.53603038,8.47374446795935e-06
Moon,mcet,6,1,MS-LS-conv,0.044880200002808124,-140515568.22904932,0.0
Moon,mcet,6,2,RM-MDE,0.0007766000344417989,-140499127.5286507,0.0001170026966109873
Moon,mcet,6,2,RM-MDE,0.011847999994643033,-140514432.64156482,8.081577712852948e-06
Moon,mcet,6,2,RM-MDE,0.035365199961233884,-140514446.2155872,7.98497615792509e-06
Moon,mcet,6,2,RM-MDE,0.04093389998888597,-140514571.47328752,7.0935610506689274e-06
Moon,mcet,6,2,RM-MDE,0.05559100001119077,-140515428.88917553,9.916329951682513e-07
Moon,mcet,6,2,RM-MDE,0.08689029997913167,-140515568.22904932,0.0
Moon,mcet,6,2,MS-LS-4S,0.004995999974198639,-140514479.9885997,7.744625477109223e-06
Moon,mcet,6,2,MS-LS-4S,0.0100158000132069,-140514737.6871171,5.91067554074429e-06
Moon,mcet,6,2,MS-LS-4S,0.22782630001893267,-140515023.28738812,3.878158613147964e-06
Moon,mcet,6,2,MS-LS-conv,0.009829499991610646,-140514571.47328752,7.0935610506689274e-06
Moon,mcet,6,2,MS-LS-conv,0.018830799963325262,-140514889.20667326,4.8323640192924116e-06
Moon,mcet,6,3,RM-MDE,0.0007843999774195254,-140500407.7368603,0.00010789190393698832
Moon,mcet,6,3,RM-MDE,0.012961699976585805,-140514339.78035644,8.742438353062572e-06
Moon,mcet,6,3,RM-MDE,0.023362399952020496,-140515512.52855313,3.964008892306614e-07
Moon,mcet,6,3,RM-MDE,0.05257619987241924,-140515564.54615635,2.620985720377991e-08
Moon,mcet,6,3,RM-MDE,0.06286179984454066,-140515568.22904932,0.0
Moon,mcet,6,3,MS-LS-4S,0.004819400026462972,-140514226.94656983,9.545436825252232e-06
Moon,mcet,6,3,MS-LS-4S,0.009491600038018078,-140514493.56262207,7.648023922181363e-06
Moon,mcet,6,3,MS-LS-4S,0.06756730005145073,-140514889.20667326,4.8323640192924116e-06
Moon,mcet,6,3,MS-LS-4S,0.09683410002617165,-140515004.26533014,4.013531926013139e-06
Moon,mcet,6,3,MS-LS-4S,0.1123784999945201,-140515065.19519162,3.5799154787121644e-06
Moon,mcet,6,3,MS-LS-4S,0.12162270001135767,-140515385.25509852,1.3021614124992946e-06
Moon,mcet,6,3,MS-LS-conv,0.00959029997466132,-140514524.12625265,7.430513286412654e-06
Moon,mcet,6,3,MS-LS-conv,0.01764869998442009,-140514571.47328752,7.0935610506689274e-06
Moon,mcet,6,3,MS-LS-conv,0.04584370000520721,-140515549.80021548,1.3115154480418393e-07
Moon,mcet,6,4,RM-MDE,0.0007572000031359494,-140489250.23767602,0.00018729591108652494
Moon,mcet,6,4,RM-MDE,0.0115964999422431,-140514479.9885997,7.744625477109223e-06
Moon,mcet,6,4,RM-MDE,0.026869899942539632,-140514922.38427055,4.596250699590815e-06
Moon,mcet,6,4,RM-MDE,0.06616879993816838,-140515315.57448784,1.7980538717103392e-06
Moon,mcet,6,4,RM-MDE,0.07609789993148297,-140515564.54615635,2.620985720377991e-08
Moon,mcet,6,4,RM-MDE,0.08929849986452609,-140515568.22904932,0.0
Moon,mcet,6,4,MS-LS-4S,0.005432300036773086,-140509597.61687025,4.2490752123197004e-05
Moon,mcet,6,4,MS-LS-4S,0.010874900035560131,-140510316.01284894,3.7378179988000124e-05
Moon,mcet,6,4,MS-LS-4S,0.022091399994678795,-140510903.70910475,3.319575192533075e-05
Moon,mcet,6,4,MS-LS-4S,0.026963400014210492,-140512242.3393036,2.3669190450775305e-05
Moon,mcet,6,4,MS-LS-4S,0.04257290001260117,-140514899.56678012,4.758634773585322e-06
Moon,mcet,6,4,MS-LS-4S,0.21997959999134764,-140515070.79159153,3.540087864065402e-06
Moon,mcet,6,4,MS-LS-conv,0.019116399984341115,-140514377.53603038,8.47374446795935e-06
Moon,mcet,6,4,MS-LS-conv,0.13099770003464073,-140515023.28738812,3.878158613147964e-06
Moon,mcet,6,5,RM-MDE,0.0007667999598197639,-140504593.8163001,7.81010452261195e-05
Moon,mcet,6,5,RM-MDE,0.02601109992247075,-140515436.21665722,9.394858788065634e-07
Moon,mcet,6,5,RM-MDE,0.05054139991989359,-140515522.23310894,3.2733697032255304e-07
Moon,mcet,6,5,RM-MDE,0.05717009986983612,-140515564.54615635,2.620985720377991e-08
Moon,mcet,6,5,RM-MDE,0.08525999973062426,-140515568.22904932,0.0
Moon,mcet,6,5,MS-LS-4S,0.004995999974198639,-140514286.05134258,9.124808894187552e-06
Moon,mcet,6,5,MS-LS-4S,0.020884899946395308,-140514432.64156482,8.081577712852948e-06
Moon,mcet,6,5,MS-LS-4S,0.03135349997319281,-140514513.6710988,7.504918948251195e-06
Moon,mcet,6,5,MS-LS-4S,0.09320219996152446,-140515549.80021548,1.3115154480418393e-07
Moon,mcet,6,5,MS-LS-conv,0.00936649995855987,-140514377.53603038,8.47374446795935e-06
Moon,mcet,6,5,MS-LS-conv,0.01927849999628961,-140514524.12625265,7.430513286412654e-06
Moon,mcet,6,5,MS-LS-conv,0.1110867999959737,-140514571.47328752,7.0935610506689274e-06
Moon,mcet,6,6,RM-MDE,0.0007449000258930027,-140486110.86247414,0.00020963774296641708
Moon,mcet,6,6,RM-MDE,0.01783099997555837,-140510903.70910475,3.319575192533075e-05
Moon,mcet,6,6,RM-MDE,0.02996069996152073,-140514479.9885997,7.744625477109223e-06
Moon,mcet,6,6,RM-MDE,0.04093809996265918,-140514493.56262207,7.648023922181363e-06
Moon,mcet,6,6,RM-MDE,0.07267789996694773,-140515413.23323268,1.1030508476851005e-06
Moon,mcet,6,6,RM-MDE,0.07496830000309274,-140515475.34342468,6.610344022217596e-07
Moon,mcet,6,6,RM-MDE,0.08616690000053495,-140515549.80021548,1.3115154480418393e-07
Moon,mcet,6,6,RM-MDE,0.09078760002739727,-140515564.54615635,2.620985720377991e-08
Moon,mcet,6,6,MS-LS-4S,0.005063600023277104,-140514033.52537793,1.092194758728879e-05
Moon,mcet,6,6,MS-LS-4S,0.01018470001872629,-140514432.64156482,8.081577712852948e-06
Moon,mcet,6,6,MS-LS-4S,0.051200299989432096,-140514737.6871171,5.91067554074429e-06
Moon,mcet,6,6,MS-LS-4S,0.09394230000907555,-140514886.98103842,4.848203081619534e-06
Moon,mcet,6,6,MS-LS-4S,0.16639030002988875,-140515315.57448784,1.7980538717103392e-06
Moon,mcet,6,6,MS-LS-4S,0.2603759000194259,-140515409.67140996,1.1283990902842083e-06
Moon,mcet,6,6,MS-LS-conv,0.010674100019969046,-140514377.53603038,8.47374446795935e-06
Moon,mcet,6,6,MS-LS-conv,0.02031270001316443,-140514524.12625265,7.430513286412654e-06
Moon,mcet,6,6,MS-LS-conv,0.12256720004370436,-140514889.20667326,4.8323640192924116e-06
Moon,mcet,6,7,RM-MDE,0.0011407000129111111,-140490468.0629658,0.00017862907576618003
Moon,mcet,6,7,RM-MDE,0.006538800022099167,-140514130.93986467,1.0228682862505644e-05
Moon,mcet,6,7,RM-MDE,0.021999900054652244,-140514737.6871171,5.91067554074429e-06
Moon,mcet,6,7,RM-MDE,0.03306910005630925,-140514922.38427055,4.596250699590815e-06
Moon,mcet,6,7,RM-MDE,0.052177500154357404,-140514987.81082252,4.130632883768373e-06
Moon,mcet,6,7,RM-MDE,0.08774150017416105,-140515062.39582726,3.5998375727083514e-06
Moon,mcet,6,7,RM-MDE,0.09584970015566796,-140515064.7693748,3.582945867724141e-06
Moon,mcet,6,7,RM-MDE,0.1058011002605781,-140515296.8017995,1.9316525082587048e-06
Moon,mcet,6,7,RM-MDE,0.11818880029022694,-140515309.6734094,1.8400497765568347e-06
Moon,mcet,6,7,RM-MDE,0.12363350030500442,-140515322.75722557,1.7469368472523395e-06
Moon,mcet,6,7,RM-MDE,0.13386040029581636,-140515568.22904932,0.0
Moon,mcet,6,7,MS-LS-4S,0.005253300012554973,-140510420.58737,3.6633959810956855e-05
Moon,mcet,6,7,MS-LS-4S,0.010420400009024888,-140514479.9885997,7.744625477109223e-06
Moon,mcet,6,7,MS-LS-4S,0.029686499969102442,-140514636.3966049,6.631524578902541e-06
Moon,mcet,6,7,MS-LS-4S,0.08406329998979345,-140514879.53168204,4.90121753739131e-06
Moon,mcet,6,7,MS-LS-4S,0.2084095999598503,-140515062.53999063,3.5988116125820153e-06
Moon,mcet,6,7,MS-LS-4S,0.22749099996872246,-140515070.79159153,3.540087864065402e-06
Moon,mcet,6,7,MS-LS-conv,0.017999399977270514,-140514377.53603038,8.47374446795935e-06
Moon,mcet,6,7,MS-LS-conv,0.027477499970700592,-140514571.47328752,7.0935610506689274e-06
Moon,mcet,6,7,MS-LS-conv,0.08081630000378937,-140514889.20667326,4.8323640192924116e-06
Moon,mcet,6,7,MS-LS-conv,0.22705369995674118,-140514987.81082252,4.130632883768373e-06
Moon,mcet,6,8,RM-MDE,0.0008096999954432249,-140503048.75851148,8.909667943294216e-05
Moon,mcet,6,8,RM-MDE,0.016688100004103035,-140510908.91236484,3.3158722148776416e-05
Moon,mcet,6,8,RM-MDE,0.022444200003519654,-140513985.899177,1.1260886549815343e-05
Moon,mcet,6,8,RM-MDE,0.029067200026474893,-140515568.22904932,0.0
Moon,mcet,6,8,MS-LS-4S,0.0054073999635875225,-140510420.58737,3.6633959810956855e-05
Moon,mcet,6,8,MS-LS-4S,0.009773399971891195,-140514807.85477734,5.411316920765749e-06
Moon,mcet,6,8,MS-LS-4S,0.024068199971225113,-140515062.53999063,3.5988116125820153e-06
Moon,mcet,6,8,MS-LS-4S,0.048216399969533086,-140515216.3224505,2.5043957994928603e-06
Moon,mcet,6,8,MS-LS-conv,0.01765950000844896,-140514377.53603038,8.47374446795935e-06
Moon,mcet,6,8,MS-LS-conv,0.025241099996492267,-140514889.20667326,4.8323640192924116e-06
Moon,mcet,6,8,MS-LS-conv,0.04987350001465529,-140515070.37007183,3.543087671859122e-06
Moon,mcet,6,8,MS-LS-conv,0.1114415000192821,-140515549.80021548,1.3115154480418393e-07
Moon,mcet,6,9,RM-MDE,0.000763599993661046,-140502246.75775674,9.480423742706066e-05
Moon,mcet,6,9,RM-MDE,0.012067300034686923,-140514479.9885997,7.744625477109223e-06
Moon,mcet,6,9,RM-MDE,0.036215600033756346,-140515510.00599813,4.1435302809628184e-07
Moon,mcet,6,9,RM-MDE,0.058381700015161186,-140515568.22904932,0.0
Moon,mcet,6,9,MS-LS-4S,0.0056173999910242856,-140510316.01284894,3.7378179988000124e-05
Moon,mcet,6,9,MS-LS-4S,0.010636599967256188,-140514171.7342418,9.938363592816937e-06
Moon,mcet,6,9,MS-LS-4S,0.03285049996338785,-140514432.64156482,8.081577712852948e-06
Moon,mcet,6,9,MS-LS-4S,0.043324199970811605,-140514479.9885997,7.744625477109223e-06
Moon,mcet,6,9,MS-LS-4S,0.06321729999035597,-140514879.53168204,4.90121753739131e-06
Moon,mcet,6,9,MS-LS-4S,0.09347269998397678,-140515549.80021548,1.3115154480418393e-07
Moon,mcet,6,9,MS-LS-conv,0.018073200015351176,-140514377.53603038,8.47374446795935e-06
Moon,mcet,6,9,MS-LS-conv,0.09289430000353605,-140514524.12625265,7.430513286412654e-06
Moon,mcet,6,9,MS-LS-conv,0.10320240003056824,-140515549.80021548,1.3115154480418393e-07
Moon,mcet,7,0,RM-MDE,0.0008542999858036637,-140504317.52105644,0.00011576415598224551
Moon,mcet,7,0,RM-MDE,0.013436899986118078,-140520089.37065402,3.525442888229809e-06
Moon,mcet,7,0,RM-MDE,0.055589300056453794,-140520176.49332014,2.9054435745036395e-06
Moon,mcet,7,0,RM-MDE,0.07784900005208328,-140520326.9914553,1.8344393839218454e-06
Moon,mcet,7,0,RM-MDE,0.09161780006252229,-140520364.732936,1.5658560957833356e-06
Moon,mcet,7,0,RM-MDE,0.10975659999530762,-140520386.3755809,1.4118384837178563e-06
Moon,mcet,7,0,RM-MDE,0.11569710000185296,-140520584.76795024,0.0
Moon,mcet,7,0,MS-LS-4S,0.0057699999888427556,-140519265.51917905,9.388295482609862e-06
Moon,mcet,7,0,MS-LS-4S,0.01615250000031665,-140519793.66182292,5.629823763031725e-06
Moon,mcet,7,0,MS-LS-4S,0.03684879996581003,-140520045.40894613,3.838291770567085e-06
Moon,mcet,7,0,MS-LS-4S,0.05168439995031804,-140520089.37065402,3.525442888229809e-06
Moon,mcet,7,0,MS-LS-conv,0.008845000003930181,-140520048.70127115,3.814862284949208e-06
Moon,mcet,7,0,MS-LS-conv,0.0853913999744691,-140520177.42133823,2.8988394310990157e-06
Moon,mcet,7,0,MS-LS-conv,0.10384689999045804,-140520551.47883964,2.368984633526865e-07
Moon,mcet,7,1,RM-MDE,0.0007874000002630055,-140505814.27628025,0.00010511265445111859
Moon,mcet,7,1,RM-MDE,0.01237579999724403,-140520035.24773943,3.910602932018889e-06
Moon,mcet,7,1,RM-MDE,0.05241729994304478,-140520176.49332014,2.9054435745036395e-06
Moon,mcet,7,1,RM-MDE,0.0652428999892436,-140520345.07116452,1.7057770298495963e-06
Moon,mcet,7,1,RM-MDE,0.1004859998356551,-140520558.56473884,1.8647240502310377e-07
Moon,mcet,7,1,RM-MDE,0.10786489985184744,-140520561.24023166,1.6743254102351873e-07
Moon,mcet,7,1,RM-MDE,0.11951289977878332,-140520567.12311646,1.2556760849317907e-07
Moon,mcet,7,1,RM-MDE,0.12913119979202747,-140520584.58567348,1.2971534090351922e-09
Moon,mcet,7,1,RM-MDE,0.13479979982366785,-140520584.76795024,0.0
Moon,mcet,7,1,MS-LS-4S,0.0055188999976962805,-140511906.01185763,6.176145727645317e-05
Moon,mcet,7,1,MS-LS-4S,0.010576399974524975,-140516933.720127,2.5982298816073674e-05
Moon,mcet,7,1,MS-LS-4S,0.01516720000654459,-140520176.80836928,2.903201560337774e-06
Moon,mcet,7,1,MS-LS-conv,0.01762530003907159,-140520021.13416463,4.011040706499989e-06
Moon,mcet,7,1,MS-LS-conv,0.0410054000094533,-140520551.47883964,2.368984633526865e-07
Moon,mcet,7,2,RM-MDE,0.0008308000396937132,-140510334.43543476,7.294541602146832e-05
Moon,mcet,7,2,RM-MDE,0.00763190008001402,-140519783.4569256,5.702445844210522e-06
Moon,mcet,7,2,RM-MDE,0.02702610002597794,-140520173.73844525,2.9250483526194687e-06
Moon,mcet,7,2,RM-MDE,0.06211770005756989,-140520547.33153808,2.6641229978831296e-07
Moon,mcet,7,2,RM-MDE,0.09026500018080696,-140520584.58567348,1.2971534090351922e-09
Moon,mcet,7,2,RM-MDE,0.12132850021589547,-140520584.76795024,0.0
Moon,mcet,7,2,MS-LS-4S,0.00497519999044016,-140519979.5381845,4.3070541354668295e-06
Moon,mcet,7,2,MS-LS-4S,0.009837099991273135,-140520038.0814644,3.890437025505866e-06
Moon,mcet,7,2,MS-LS-conv,0.007384500000625849,-140519990.76650476,4.2271489721819e-06
Moon,mcet,7,2,MS-LS-conv,0.014785100007429719,-140520173.73844525,2.9250483526194687e-06
Moon,mcet,7,2,MS-LS-conv,0.09950040001422167,-140520177.42133823,2.8988394310990157e-06
Moon,mcet,7,2,MS-LS-conv,0.15187990001868457,-140520551.47883964,2.368984633526865e-07
Moon,mcet,7,3,RM-MDE,0.0008270000107586384,-140508102.13330582,8.883135993941564e-05
Moon,mcet,7,3,RM-MDE,0.007000800047535449,-140520089.37065402,3.525442888229809e-06
Moon,mcet,7,3,RM-MDE,0.025150100060272962,-140520448.06651276,9.728214389303895e-07
Moon,mcet,7,3,RM-MDE,0.0893445000401698,-140520498.7056744,6.124531574434494e-07
Moon,mcet,7,3,RM-MDE,0.11488970014033839,-140520551.47883964,2.368984633526865e-07
Moon,mcet,7,3,RM-MDE,0.1194496001699008,-140520578.34774607,4.5688709402965485e-08
Moon,mcet,7,3,RM-MDE,0.13745500019285828,-140520584.58567348,1.2971534090351922e-09
Moon,mcet,7,3,RM-MDE,0.16536940034711733,-140520584.76795024,0.0
Moon,mcet,7,3,MS-LS-4S,0.004813100036699325,-140520045.40894613,3.838291770567085e-06
Moon,mcet,7,3,MS-LS-4S,0.009686100005637854,-140520048.70127115,3.814862284949208e-06
Moon,mcet,7,3,MS-LS-conv,0.007099300040863454,-140520177.42133823,2.8988394310990157e-06
Moon,mcet,7,4,RM-MDE,0.0008028000011108816,-140502469.42079404,0.00012891596762219394
Moon,mcet,7,4,RM-MDE,0.00850460003130138,-140512420.85440737,5.809763428147021e-05
Moon,mcet,7,4,RM-MDE,0.014823000063188374,-140519788.6601857,5.6654173896070925e-06
Moon,mcet,7,4,RM-MDE,0.021057700098026544,-140520023.94410205,3.991044081648566e-06
Moon,mcet,7,4,RM-MDE,0.044445900071877986,-140520053.41960946,3.7812847253446116e-06
Moon,mcet,7,4,RM-MDE,0.05490840005222708,-140520079.92945418,3.5926301964430926e-06
Moon,mcet,7,4,RM-MDE,0.08927190012764186,-140520089.37065402,3.525442888229809e-06
Moon,mcet,7,4,RM-MDE,0.09385470015695319,-140520170.5451218,2.9477733040454455e-06
Moon,mcet,7,4,RM-MDE,0.09498890017857775,-140520202.22621417,2.722318133660308e-06
Moon,mcet,7,4,RM-MDE,0.1029846002929844,-140520324.70161802,1.8507347706422782e-06
Moon,mcet,7,4,RM-MDE,0.11873240035492927,-140520361.6175966,1.5880260817930625e-06
Moon,mcet,7,4,RM-MDE,0.13712450047023594,-140520364.732936,1.5658560957833356e-06
Moon,mcet,7,4,MS-LS-4S,0.005574400012847036,-140511801.43733656,6.250565088507961e-05
Moon,mcet,7,4,MS-LS-4S,0.010959099978208542,-140512420.85440737,5.809763428147021e-05
Moon,mcet,7,4,MS-LS-4S,0.027627900009974837,-140519783.4569256,5.702445844210522e-06
Moon,mcet,7,4,MS-LS-4S,0.03837079997174442,-140519979.5381845,4.3070541354668295e-06
Moon,mcet,7,4,MS-LS-4S,0.06941709999227896,-140520016.42843962,4.044528504903195e-06
Moon,mcet,7,4,MS-LS-4S,0.12865029997192323,-140520048.70127115,3.814862284949208e-06
Moon,mcet,7,4,MS-LS-conv,0.017162500007543713,-140520021.13416463,4.011040706499989e-06
Moon,mcet,7,4,MS-LS-conv,0.14012260001618415,-140520048.70127115,3.814862284949208e-06
Moon,mcet,7,5,RM-MDE,0.0007870999979786575,-140499746.414704,0.00014829395480137934
Moon,mcet,7,5,RM-MDE,0.007598399999551475,-140513540.1929795,5.0131978758523615e-05
Moon,mcet,7,5,RM-MDE,0.014810000022407621,-140519924.94375178,4.695569688556479e-06
Moon,mcet,7,5,RM-MDE,0.0221414000261575,-140519990.76650476,4.2271489721819e-06
Moon,mcet,7,5,RM-MDE,0.03662210010224953,-140520551.47883964,2.368984633526865e-07
Moon,mcet,7,5,RM-MDE,0.10248070006491616,-140520584.58567348,1.2971534090351922e-09
Moon,mcet,7,5,RM-MDE,0.11943110002903268,-140520584.76795024,0.0
Moon,mcet,7,5,MS-LS-4S,0.005196699989028275,-140519987.01078236,4.253876176667481e-06
Moon,mcet,7,5,MS-LS-4S,0.08763030002592131,-140520044.51899964,3.84462498140588e-06
Moon,mcet,7,5,MS-LS-conv,0.007385400007478893,-140520048.70127115,3.814862284949208e-06
Moon,mcet,7,5,MS-LS-conv,0.049595899996347725,-140520177.42133823,2.8988394310990157e-06
Moon,mcet,7,6,RM-MDE,0.0007857999880798161,-140512177.50557923,5.982940068807019e-05
Moon,mcet,7,6,RM-MDE,0.012770200031809509,-140519312.86621392,9.051355275950708e-06
Moon,mcet,7,6,RM-MDE,0.032463000039570034,-140520008.9070538,4.098053658041009e-06
Moon,mcet,7,6,RM-MDE,0.039666600059717894,-140520053.41960946,3.7812847253446116e-06
Moon,mcet,7,6,RM-MDE,0.06945510004879907,-140520172.81042713,2.9316524962361776e-06
Moon,mcet,7,6,RM-MDE,0.0801567001035437,-140520177.42133823,2.8988394310990157e-06
Moon,mcet,7,6,MS-LS-4S,0.005307999963406473,-140518109.04791793,1.761820189115228e-05
Moon,mcet,7,6,MS-LS-4S,0.010610199999064207,-140519924.94375178,4.695569688556479e-06
Moon,mcet,7,6,MS-LS-4S,0.12275599996792153,-140520089.37065402,3.525442888229809e-06
Moon,mcet,7,6,MS-LS-4S,0.22620419994927943,-140520350.61802995,1.666303343893803e-06
Moon,mcet,7,6,MS-LS-conv,0.012232899956870824,-140520021.13416463,4.011040706499989e-06
Moon,mcet,7,6,MS-LS-conv,0.022300000011455268,-140520028.47782436,3.958780322436738e-06
Moon,mcet,7,6,MS-LS-conv,0.046638900006655604,-140520048.70127115,3.814862284949208e-06
Moon,mcet,7,7,RM-MDE,0.0007788999937474728,-140499647.02802014,0.00014900122971071454
Moon,mcet,7,7,RM-MDE,0.022244499996304512,-140519312.86621392,9.051355275950708e-06
Moon,mcet,7,7,RM-MDE,0.044307999894954264,-140520056.36711782,3.760309091278021e-06
Moon,mcet,7,7,RM-MDE,0.060509600036311895,-140520232.3432624,2.5079933193743335e-06
Moon,mcet,7,7,RM-MDE,0.09203660005005077,-140520364.732936,1.5658560957833356e-06
Moon,mcet,7,7,RM-MDE,0.10250010003801435,-140520416.0044974,1.200987407692754e-06
Moon,mcet,7,7,RM-MDE,0.11281659995438531,-140520463.05435944,8.661620004055268e-07
Moon,mcet,7,7,RM-MDE,0.11841009993804619,-140520584.76795024,0.0
Moon,mcet,7,7,MS-LS-4S,0.0055145000224001706,-140519312.86621392,9.051355275950708e-06
Moon,mcet,7,7,MS-LS-4S,0.010456099989823997,-140519987.01078236,4.253876176667481e-06
Moon,mcet,7,7,MS-LS-4S,0.025626500020734966,-140520048.70127115,3.814862284949208e-06
Moon,mcet,7,7,MS-LS-conv,0.011471100035123527,-140520021.13416463,4.011040706499989e-06
Moon,mcet,7,7,MS-LS-conv,0.01900440000463277,-140520048.70127115,3.814862284949208e-06
Moon,mcet,7,7,MS-LS-conv,0.045785300026182085,-140520177.42133823,2.8988394310990157e-06
Moon,mcet,7,8,RM-MDE,0.0008046000148169696,-140511093.0635524,6.754671860711074e-05
Moon,mcet,7,8,RM-MDE,0.011866899963933975,-140519987.01078236,4.253876176667481e-06
Moon,mcet,7,8,RM-MDE,0.029853199957869947,-140520089.37065402,3.525442888229809e-06
Moon,mcet,7,8,RM-MDE,0.04994449997320771,-140520093.55621678,3.495656769942942e-06
Moon,mcet,7,8,RM-MDE,0.05602550006005913,-140520322.553908,1.866018723728989e-06
Moon,mcet,7,8,RM-MDE,0.06292760011274368,-140520338.74147683,1.7508215882338857e-06
Moon,mcet,7,8,RM-MDE,0.07650880014989525,-140520578.34774607,4.5688709402965485e-08
Moon,mcet,7,8,RM-MDE,0.0922742000548169,-140520581.172432,2.558712830102005e-08
Moon,mcet,7,8,RM-MDE,0.10241230012616143,-140520584.76795024,0.0
Moon,mcet,7,8,MS-LS-4S,0.005414999963250011,-140518340.63028145,1.597017029564962e-05
Moon,mcet,7,8,MS-LS-4S,0.023814199957996607,-140520030.32773688,3.945615614025667e-06
Moon,mcet,7,8,MS-LS-conv,0.012307099997997284,-140520021.13416463,4.011040706499989e-06
Moon,mcet,7,8,MS-LS-conv,0.02808219997677952,-140520551.47883964,2.368984633526865e-07
Moon,mcet,7,9,RM-MDE,0.0007796999998390675,-140501685.40610656,0.00013449532589751873
Moon,mcet,7,9,RM-MDE,0.007641200034413487,-140519592.24800813,7.063164046348241e-06
Moon,mcet,7,9,RM-MDE,0.01796030002878979,-140519938.51777416,4.598971582272526e-06
Moon,mcet,7,9,RM-MDE,0.029954300087410957,-140520055.03074667,3.769819236398751e-06
Moon,mcet,7,9,RM-MDE,0.05804390006233007,-140520510.23918843,5.303761148388152e-07
Moon,mcet,7,9,RM-MDE,0.08502550015691668,-140520581.172432,2.558712830102005e-08
Moon,mcet,7,9,RM-MDE,0.11216200009221211,-140520584.58567348,1.2971534090351922e-09
Moon,mcet,7,9,RM-MDE,0.128798000048846,-140520584.76795024,0.0
Moon,mcet,7,9,MS-LS-4S,0.006010000011883676,-140512420.85440737,5.809763428147021e-05
Moon,mcet,7,9,MS-LS-4S,0.01115199999185279,-140519988.54086992,4.24298746905968e-06
Moon,mcet,7,9,MS-LS-4S,0.11546529998304322,-140520036.02974778,3.905037851634497e-06
Moon,mcet,7,9,MS-LS-conv,0.0182621999992989,-140520021.13416463,4.011040706499989e-06
Moon,mcet,7,9,MS-LS-conv,0.06505929998820648,-140520048.70127115,3.814862284949208e-06
Moon,mcet,7,9,MS-LS-conv,0.11136450001504272,-140520177.42133823,2.8988394310990157e-06
Moon,mcet,7,9,MS-LS-conv,0.19192920002387837,-140520551.47883964,2.368984633526865e-07
Moon,mcet,8,0,RM-MDE,0.0008927999879233539,-140513008.22824582,8.569398564135116e-05
Moon,mcet,8,0,RM-MDE,0.014285799989011139,-140524911.93754047,9.851791867973477e-07
Moon,mcet,8,0,RM-MDE,0.08243720006430522,-140525046.80324054,2.5452079769143252e-08
Moon,mcet,8,0,RM-MDE,0.09752710012253374,-140525050.37989533,0.0
Moon,mcet,8,0,MS-LS-4S,0.005703700007870793,-140521600.5930749,2.454926585057492e-05
Moon,mcet,8,0,MS-LS-4S,0.016642200003843755,-140522078.54160184,2.1148103384120683e-05
Moon,mcet,8,0,MS-LS-4S,0.03308429999742657,-140522404.41685522,1.882912002493758e-05
Moon,mcet,8,0,MS-LS-4S,0.03839980001794174,-140523079.24362728,1.4026938703958547e-05
Moon,mcet,8,0,MS-LS-4S,0.04315490002045408,-140523587.76862752,1.0408188887682851e-05
Moon,mcet,8,0,MS-LS-4S,0.048767899977974594,-140523938.16278815,7.914724842083413e-06
Moon,mcet,8,0,MS-LS-4S,0.08878200000617653,-140523979.52269065,7.620400788191997e-06
Moon,mcet,8,0,MS-LS-4S,0.11056389997247607,-140524265.36275977,5.5863145641172e-06
Moon,mcet,8,0,MS-LS-4S,0.14409959997283295,-140524600.35457355,3.2024562209018045e-06
Moon,mcet,8,0,MS-LS-4S,0.14904300001217052,-140524897.19157615,1.090113960196465e-06
Moon,mcet,8,0,MS-LS-conv,0.024407299992162734,-140525004.44836408,3.26856536441763e-07
Moon,mcet,8,0,MS-LS-conv,0.16544840001733974,-140525050.37989533,0.0
Moon,mcet,8,1,RM-MDE,0.0008755000308156013,-140512549.7585475,8.895653347229285e-05
Moon,mcet,8,1,RM-MDE,0.00722750008571893,-140521971.24086595,2.1911673549018606e-05
Moon,mcet,8,1,RM-MDE,0.013272600073833019,-140525031.40257967,1.3504578445613874e-07
Moon,mcet,8,1,RM-MDE,0.08241790009196848,-140525050.37989533,0.0
Moon,mcet,8,1,MS-LS-4S,0.005562099977396429,-140520299.0599174,3.381119569140458e-05
Moon,mcet,8,1,MS-LS-4S,0.010650500014889985,-140522367.1451929,1.90943514710314e-05
Moon,mcet,8,1,MS-LS-4S,0.01649760000873357,-140524181.42783692,6.18360965575575e-06
Moon,mcet,8,1,MS-LS-4S,0.03826300002401695,-140524270.15763032,5.552193455158773e-06
Moon,mcet,8,1,MS-LS-4S,0.061737700016237795,-140524600.35457355,3.2024562209018045e-06
Moon,mcet,8,1,MS-LS-4S,0.20421559998067096,-140525004.44836408,3.26856536441763e-07
Moon,mcet,8,1,MS-LS-conv,0.02557369996793568,-140525004.44836408,3.26856536441763e-07
Moon,mcet,8,1,MS-LS-conv,0.06139190000249073,-140525050.37989533,0.0
Moon,mcet,8,2,RM-MDE,0.0008980000275187194,-140514577.6230635,7.452590697183694e-05
Moon,mcet,8,2,RM-MDE,0.0021925000473856926,-140516262.19172496,6.253823177159843e-05
Moon,mcet,8,2,RM-MDE,0.019271000055596232,-140523900.68393034,8.181430726293704e-06
Moon,mcet,8,2,RM-MDE,0.025543800031300634,-140525031.06949592,1.3741606468672385e-07
Moon,mcet,8,2,RM-MDE,0.0698741000960581,-140525031.40257967,1.3504578445613874e-07
Moon,mcet,8,2,RM-MDE,0.08438560011563823,-140525049.80924857,4.060818774341047e-09
Moon,mcet,8,2,RM-MDE,0.09555210010148585,-140525050.37989533,0.0
Moon,mcet,8,2,MS-LS-4S,0.005148899974301457,-140522987.66241455,1.4678646086248289e-05
Moon,mcet,8,2,MS-LS-4S,0.02149219997227192,-140524600.35457355,3.2024562209018045e-06
Moon,mcet,8,2,MS-LS-4S,0.09611990000121295,-140524605.1494441,3.1683351119433777e-06
Moon,mcet,8,2,MS-LS-4S,0.13372809998691082,-140524956.59938502,6.673579554167187e-07
Moon,mcet,8,2,MS-LS-4S,0.2824358999496326,-140525007.27305,3.06755594128848e-07
Moon,mcet,8,2,MS-LS-conv,0.01665599999250844,-140525050.37989533,0.0
Moon,mcet,8,3,RM-MDE,0.0008628999930806458,-140513933.12419483,7.911226980843941e-05
Moon,mcet,8,3,RM-MDE,0.007190499978605658,-140516640.83562496,5.98437378078291e-05
Moon,mcet,8,3,RM-MDE,0.013607400003820658,-140524032.25393665,7.245156332829666e-06
Moon,mcet,8,3,RM-MDE,0.05124260002048686,-140525009.1402441,2.934683255510003e-07
Moon,mcet,8,3,RM-MDE,0.07304440008010715,-140525046.80324054,2.5452079769143252e-08
Moon,mcet,8,3,RM-MDE,0.09092070010956377,-140525049.80924857,4.060818774341047e-09
Moon,mcet,8,3,RM-MDE,0.09452450007665902,-140525050.37989533,0.0
Moon,mcet,8,3,MS-LS-4S,0.004909200011752546,-140524738.61291963,2.2185864716506034e-06
Moon,mcet,8,3,MS-LS-4S,0.09672329999739304,-140524743.98355865,2.1803680969789984e-06
Moon,mcet,8,3,MS-LS-conv,0.009407599980477244,-140525050.37989533,0.0
Moon,mcet,8,4,RM-MDE,0.0008928000461310148,-140503331.03869763,0.0001545585014129741
Moon,mcet,8,4,RM-MDE,0.007590700057335198,-140521998.58803123,2.1717066500576986e-05
Moon,mcet,8,4,RM-MDE,0.02986330009298399,-140524366.8282653,4.86426888424682e-06
Moon,mcet,8,4,RM-MDE,0.0433078000205569,-140524744.9170091,2.1737255060095723e-06
Moon,mcet,8,4,RM-MDE,0.06578900007298216,-140524904.40147012,1.0388071365931975e-06
Moon,mcet,8,4,RM-MDE,0.08168180007487535,-140525050.37989533,0.0
Moon,mcet,8,4,MS-LS-4S,0.0058040000149048865,-140520568.95818955,3.18905539878288e-05
Moon,mcet,8,4,MS-LS-4S,0.03329440002562478,-140523992.13366306,7.530658977956829e-06
Moon,mcet,8,4,MS-LS-4S,0.05045900004915893,-140524265.36275977,5.5863145641172e-06
Moon,mcet,8,4,MS-LS-4S,0.07574170001316816,-140524924.773754,8.938345226651625e-07
Moon,mcet,8,4,MS-LS-4S,0.18258820002665743,-140524956.59938502,6.673579554167187e-07
Moon,mcet,8,4,MS-LS-conv,0.025996999989729375,-140525004.44836408,3.26856536441763e-07
Moon,mcet,8,4,MS-LS-conv,0.2188620999804698,-140525050.37989533,0.0
Moon,mcet,8,5,RM-MDE,0.0008360999636352062,-140507055.26661623,0.000128056266341526
Moon,mcet,8,5,RM-MDE,0.013485400006175041,-140522470.9427861,1.8355710261328497e-05
Moon,mcet,8,5,RM-MDE,0.042085700028110296,-140525030.8319329,1.3910660323047977e-07
Moon,mcet,8,5,RM-MDE,0.09370510000735521,-140525046.80324054,2.5452079769143252e-08
Moon,mcet,8,5,RM-MDE,0.10621679987525567,-140525050.37989533,0.0
Moon,mcet,8,5,MS-LS-4S,0.005156399973202497,-140524911.93754047,9.851791867973477e-07
Moon,mcet,8,5,MS-LS-4S,0.02682899998035282,-140524924.773754,8.938345226651625e-07
Moon,mcet,8,5,MS-LS-4S,0.07584309997037053,-140524999.86900163,3.594440533268332e-07
Moon,mcet,8,5,MS-LS-conv,0.008946699963416904,-140525004.44836408,3.26856536441763e-07
Moon,mcet,8,6,RM-MDE,0.0009385999874211848,-140510206.96743396,0.00010562823084740093
Moon,mcet,8,6,RM-MDE,0.007314799993764609,-140523115.45265973,1.3769269111610005e-05
Moon,mcet,8,6,RM-MDE,0.015120199997909367,-140524521.51581323,3.7634861590035113e-06
Moon,mcet,8,6,RM-MDE,0.03508000000147149,-140525010.86856824,2.811692789368464e-07
Moon,mcet,8,6,RM-MDE,0.05708719993708655,-140525027.0856077,1.6576608625295763e-07
Moon,mcet,8,6,RM-MDE,0.08617309998953715,-140525050.37989533,0.0
Moon,mcet,8,6,MS-LS-4S,0.005445899965707213,-140521971.24086595,2.1911673549018606e-05
Moon,mcet,8,6,MS-LS-4S,0.016531099972780794,-140524713.86555776,2.394692879737403e-06
Moon,mcet,8,6,MS-LS-4S,0.13205369998468086,-140524743.98355865,2.1803680969789984e-06
Moon,mcet,8,6,MS-LS-4S,0.13708499999484047,-140524929.1901853,8.624064513294591e-07
Moon,mcet,8,6,MS-LS-conv,0.024430999998003244,-140525004.44836408,3.26856536441763e-07
Moon,mcet,8,6,MS-LS-conv,0.05986989999655634,-140525050.37989533,0.0
Moon,mcet,8,7,RM-MDE,0.0010905999806709588,-140514040.75791043,7.834633010367646e-05
Moon,mcet,8,7,RM-MDE,0.03509299998404458,-140523763.9242008,9.154636067011757e-06
Moon,mcet,8,7,RM-MDE,0.05216989998007193,-140525050.37989533,0.0
Moon,mcet,8,7,MS-LS-4S,0.005878700001630932,-140521300.60222822,2.6684051398437868e-05
Moon,mcet,8,7,MS-LS-4S,0.010779900010675192,-140522874.03601542,1.5487230739464576e-05
Moon,mcet,8,7,MS-LS-4S,0.03712799999630079,-140525009.1402441,2.934683255510003e-07
Moon,mcet,8,7,MS-LS-conv,0.02599469997221604,-140525004.44836408,3.26856536441763e-07
Moon,mcet,8,7,MS-LS-conv,0.14791800000239164,-140525050.37989533,0.0
Moon,mcet,8,8,RM-MDE,0.000847299990709871,-140515906.4289516,6.506989977244962e-05
Moon,mcet,8,8,RM-MDE,0.012465100036934018,-140524992.82829633,4.0954690171139623e-07
Moon,mcet,8,8,RM-MDE,0.023551999998744577,-140525008.6773209,2.9676256524482646e-07
Moon,mcet,8,8,RM-MDE,0.07108880009036511,-140525046.80324054,2.5452079769143252e-08
Moon,mcet,8,8,RM-MDE,0.08167890011100098,-140525050.37989533,0.0
Moon,mcet,8,8,MS-LS-4S,0.005453100020531565,-140522840.40500262,1.572655470843977e-05
Moon,mcet,8,8,MS-LS-4S,0.02011130005121231,-140524895.47289297,1.1023444000970161e-06
Moon,mcet,8,8,MS-LS-4S,0.20587669999804348,-140525008.6773209,2.9676256524482646e-07
Moon,mcet,8,8,MS-LS-conv,0.016966499970294535,-140525004.44836408,3.26856536441763e-07
Moon,mcet,8,8,MS-LS-conv,0.03656629996839911,-140525050.37989533,0.0
Moon,mcet,8,9,RM-MDE,0.0008187000057660043,-140508507.65788788,0.00011772080467313022
Moon,mcet,8,9,RM-MDE,0.0181140000349842,-140522799.2248525,1.601959961402866e-05
Moon,mcet,8,9,RM-MDE,0.02565980004146695,-140524554.64184764,3.527755701556566e-06
Moon,mcet,8,9,RM-MDE,0.04262459999881685,-140524748.44083333,2.1486493773391943e-06
Moon,mcet,8,9,RM-MDE,0.048665500013157725,-140525004.44836408,3.26856536441763e-07
Moon,mcet,8,9,RM-MDE,0.08768990013049915,-140525050.37989533,0.0
Moon,mcet,8,9,MS-LS-4S,0.006121799990069121,-140512969.46203202,8.59698525682776e-05
Moon,mcet,8,9,MS-LS-4S,0.011716200038790703,-140524017.23573405,7.352028399854464e-06
Moon,mcet,8,9,MS-LS-4S,0.07231439999304712,-140524600.35457355,3.2024562209018045e-06
Moon,mcet,8,9,MS-LS-4S,0.10320060001686215,-140524984.66535687,4.6763575801863667e-07
Moon,mcet,8,9,MS-LS-conv,0.030777800013311207,-140525004.44836408,3.26856536441763e-07
Moon,mcet,8,9,MS-LS-conv,0.11798889999045059,-140525050.37989533,0.0
Astronaut,otsu,6,0,RM-MDE,0.0007656000088900328,-4834727928.771723,0.0032353356330616936
Astronaut,otsu,6,0,RM-MDE,0.0060468000010587275,-4850203707.632348,4.4730132795817874e-05
Astronaut,otsu,6,0,RM-MDE,0.019326899899169803,-4850395349.483592,5.219775988131504e-06
Astronaut,otsu,6,0,RM-MDE,0.02546249981969595,-4850407046.441437,2.8082412684967766e-06
Astronaut,otsu,6,0,RM-MDE,0.03122129978146404,-4850420208.101491,9.47322852154425e-08
Astronaut,otsu,6,0,RM-MDE,0.05426229990553111,-4850420667.592925,0.0
Astronaut,otsu,6,0,MS-LS-4S,0.002102099999319762,-4849939973.192234,9.910365175183503e-05
Astronaut,otsu,6,0,MS-LS-4S,0.008682799991220236,-4850059247.862821,7.451306904557722e-05
Astronaut,otsu,6,0,MS-LS-4S,0.013087800005450845,-4850414181.951849,1.3371296059783868e-06
Astronaut,otsu,6,0,MS-LS-conv,0.0031677999650128186,-4849958487.497469,9.52866003033682e-05
Astronaut,otsu,6,0,MS-LS-conv,0.021873699966818094,-4850420208.101491,9.47322852154425e-08
Astronaut,otsu,6,1,RM-MDE,0.0006382999708876014,-4832404418.539566,0.0037143683585489492
Astronaut,otsu,6,1,RM-MDE,0.0038172000204212964,-4850364639.8412075,1.1551111863741055e-05
Astronaut,otsu,6,1,RM-MDE,0.021900800056755543,-4850373188.989294,9.788553794568373e-06
Astronaut,otsu,6,1,RM-MDE,0.035990600066725165,-4850407804.907769,2.6518700206371543e-06
Astronaut,otsu,6,1,RM-MDE,0.04105530004017055,-4850420208.101491,9.47322852154425e-08
Astronaut,otsu,6,1,MS-LS-4S,0.002237899985630065,-4849853786.645865,0.00011687253248921857
Astronaut,otsu,6,1,MS-LS-4S,0.00881560001289472,-4849934073.956106,0.00010031988360720128
Astronaut,otsu,6,1,MS-LS-4S,0.015317499986849725,-4850404323.21733,3.369682078153409e-06
Astronaut,otsu,6,1,MS-LS-4S,0.0737311000120826,-4850413308.987876,1.5171065673330742e-06
Astronaut,otsu,6,1,MS-LS-conv,0.003861800010781735,-4849938947.010994,9.931521716242673e-05
Astronaut,otsu,6,1,MS-LS-conv,0.014260300027672201,-4850420208.101491,9.47322852154425e-08
Astronaut,otsu,6,2,RM-MDE,0.0006422000005841255,-4838476311.121227,0.0024625403218119894
Astronaut,otsu,6,2,RM-MDE,0.006155800016131252,-4849887302.427006,0.00010996266148271884
Astronaut,otsu,6,2,RM-MDE,0.01466970011824742,-4850413308.987876,1.5171065673330742e-06
Astronaut,otsu,6,2,RM-MDE,0.025694900075905025,-4850420667.592925,0.0
Astronaut,otsu,6,2,MS-LS-4S,0.0020842000376433134,-4849989754.894073,8.884027353165313e-05
Astronaut,otsu,6,2,MS-LS-4S,0.010653300036210567,-4850092457.483656,6.76663184003832e-05
Astronaut,otsu,6,2,MS-LS-4S,0.04163270001299679,-4850395349.483592,5.219775988131504e-06
Astronaut,otsu,6,2,MS-LS-4S,0.11048410000512376,-4850419468.424064,2.4722986799911127e-07
Astronaut,otsu,6,2,MS-LS-conv,0.008336699975188822,-4850407046.441437,2.8082412684967766e-06
Astronaut,otsu,6,2,MS-LS-conv,0.015353399969171733,-4850420208.101491,9.47322852154425e-08
Astronaut,otsu,6,3,RM-MDE,0.0006479999865405262,-4836802388.960069,0.0028076489785399564
Astronaut,otsu,6,3,RM-MDE,0.008499099989421666,-4850404323.21733,3.369682078153409e-06
Astronaut,otsu,6,3,RM-MDE,0.01893049996579066,-4850419468.424064,2.4722986799911127e-07
Astronaut,otsu,6,3,RM-MDE,0.02838919998612255,-4850420667.592925,0.0
Astronaut,otsu,6,3,MS-LS-4S,0.0020198000129312277,-4850067194.522326,7.287472465228819e-05
Astronaut,otsu,6,3,MS-LS-4S,0.004031600023154169,-4850158867.829619,5.3974651117340114e-05
Astronaut,otsu,6,3,MS-LS-4S,0.008398599980864674,-4850390025.092221,6.317493430733365e-06
Astronaut,otsu,6,3,MS-LS-4S,0.021746099984738976,-4850404323.21733,3.369682078153409e-06
Astronaut,otsu,6,3,MS-LS-4S,0.06267190002836287,-4850407046.441437,2.8082412684967766e-06
Astronaut,otsu,6,3,MS-LS-conv,0.005734300008043647,-4850420208.101491,9.47322852154425e-08
Astronaut,otsu,6,4,RM-MDE,0.0006290999590419233,-4838157839.209436,0.00252819893858283
Astronaut,otsu,6,4,RM-MDE,0.006094099895562977,-4849337628.559076,0.00022328765030317106
Astronaut,otsu,6,4,RM-MDE,0.009363599878270179,-4849476142.98149,0.00019473045250396133
Astronaut,otsu,6,4,RM-MDE,0.014730899885762483,-4849901550.039761,0.00010702526414520247
Astronaut,otsu,6,4,RM-MDE,0.018882199889048934,-4849958487.497469,9.52866003033682e-05
Astronaut,otsu,6,4,RM-MDE,0.0261840999010019,-4850376975.441644,9.007909679520544e-06
Astronaut,otsu,6,4,RM-MDE,0.04097209987230599,-4850420208.101491,9.47322852154425e-08
Astronaut,otsu,6,4,RM-MDE,0.0527994999429211,-4850420667.592925,0.0
Astronaut,otsu,6,4,MS-LS-4S,0.0022914999863132834,-4849113166.81248,0.00026956440895547324
Astronaut,otsu,6,4,MS-LS-4S,0.00951169995823875,-4849629069.583369,0.00016320192902951982
Astronaut,otsu,6,4,MS-LS-4S,0.011675599962472916,-4850419468.424064,2.4722986799911127e-07
Astronaut,otsu,6,4,MS-LS-conv,0.005375100008677691,-4849938947.010994,9.931521716242673e-05
Astronaut,otsu,6,4,MS-LS-conv,0.027770200045779347,-4850420208.101491,9.47322852154425e-08
Astronaut,otsu,6,5,RM-MDE,0.0006541000329889357,-4834940969.559326,0.0031914135070847103
Astronaut,otsu,6,5,RM-MDE,0.006009600008837879,-4850419468.424064,2.4722986799911127e-07
Astronaut,otsu,6,5,RM-MDE,0.05241689982358366,-4850420667.592925,0.0
Astronaut,otsu,6,5,MS-LS-4S,0.002147099992725998,-4849951562.052181,9.671440332548035e-05
Astronaut,otsu,6,5,MS-LS-4S,0.004204500000923872,-4850269146.442888,3.123876472182481e-05
Astronaut,otsu,6,5,MS-LS-4S,0.008654700010083616,-4850369340.470824,1.0581993937919973e-05
Astronaut,otsu,6,5,MS-LS-4S,0.05838300002506003,-4850413308.987876,1.5171065673330742e-06
Astronaut,otsu,6,5,MS-LS-4S,0.1589729000115767,-4850419468.424064,2.4722986799911127e-07
Astronaut,otsu,6,5,MS-LS-conv,0.002834700047969818,-4849951562.052181,9.671440332548035e-05
Astronaut,otsu,6,5,MS-LS-conv,0.007850299996789545,-4850420208.101491,9.47322852154425e-08
Astronaut,otsu,6,6,RM-MDE,0.0006294999620877206,-4833438989.797927,0.003501073197312083
Astronaut,otsu,6,6,RM-MDE,0.006258399982471019,-4849899742.994538,0.00010739781847525384
Astronaut,otsu,6,6,RM-MDE,0.011663599987514317,-4850407804.907769,2.6518700206371543e-06
Astronaut,otsu,6,6,RM-MDE,0.0542589999968186,-4850420208.101491,9.47322852154425e-08
Astronaut,otsu,6,6,RM-MDE,0.0801554000354372,-4850420667.592925,0.0
Astronaut,otsu,6,6,MS-LS-4S,0.002218100009486079,-4850138750.0728855,5.8122282449258796e-05
Astronaut,otsu,6,6,MS-LS-4S,0.008576799998991191,-4850407046.441437,2.8082412684967766e-06
Astronaut,otsu,6,6,MS-LS-4S,0.1407883000210859,-4850414181.951849,1.3371296059783868e-06
Astronaut,otsu,6,6,MS-LS-conv,0.006738099968060851,-4850407046.441437,2.8082412684967766e-06
Astronaut,otsu,6,6,MS-LS-conv,0.04967639996903017,-4850420208.101491,9.47322852154425e-08
Astronaut,otsu,6,7,RM-MDE,0.0006413999944925308,-4832739129.114704,0.003645361854149364
Astronaut,otsu,6,7,RM-MDE,0.00385520001873374,-4849939973.192234,9.910365175183503e-05
Astronaut,otsu,6,7,RM-MDE,0.027295000036247075,-4850373188.989294,9.788553794568373e-06
Astronaut,otsu,6,7,RM-MDE,0.03240530000766739,-4850390387.696885,6.242736066640896e-06
Astronaut,otsu,6,7,RM-MDE,0.04250430001411587,-4850407046.441437,2.8082412684967766e-06
Astronaut,otsu,6,7,RM-MDE,0.048702500003855675,-4850420208.101491,9.47322852154425e-08
Astronaut,otsu,6,7,RM-MDE,0.07849639997584745,-4850420667.592925,0.0
Astronaut,otsu,6,7,MS-LS-4S,0.00230529997497797,-4846445506.596809,0.0008195497398142999
Astronaut,otsu,6,7,MS-LS-4S,0.0044373999699018896,-4849928450.775813,0.00010147920167020009
Astronaut,otsu,6,7,MS-LS-4S,0.00883200002135709,-4850404323.21733,3.369682078153409e-06
Astronaut,otsu,6,7,MS-LS-4S,0.019421399978455156,-4850407046.441437,2.8082412684967766e-06
Astronaut,otsu,6,7,MS-LS-conv,0.006518599984701723,-4849938947.010994,9.931521716242673e-05
Astronaut,otsu,6,7,MS-LS-conv,0.017275899997912347,-4850407046.441437,2.8082412684967766e-06
Astronaut,otsu,6,7,MS-LS-conv,0.028073999972548336,-4850420208.101491,9.47322852154425e-08
Astronaut,otsu,6,8,RM-MDE,0.0006006999756209552,-4844336991.722762,0.001254257370048288
Astronaut,otsu,6,8,RM-MDE,0.003822099999524653,-4849939973.192234,9.910365175183503e-05
Astronaut,otsu,6,8,RM-MDE,0.008906500006560236,-4850419468.424064,2.4722986799911127e-07
Astronaut,otsu,6,8,RM-MDE,0.04327770014060661,-4850420667.592925,0.0
Astronaut,otsu,6,8,MS-LS-4S,0.002280800021253526,-4848103496.414854,0.0004777258173817208
Astronaut,otsu,6,8,MS-LS-4S,0.006221799994818866,-4850225832.345235,4.016873196008584e-05
Astronaut,otsu,6,8,MS-LS-4S,0.019185599987395108,-4850322822.58746,2.017247825930615e-05
Astronaut,otsu,6,8,MS-LS-4S,0.03173899999819696,-4850404323.21733,3.369682078153409e-06
Astronaut,otsu,6,8,MS-LS-4S,0.036124999984167516,-4850407046.441437,2.8082412684967766e-06
Astronaut,otsu,6,8,MS-LS-4S,0.10390360001474619,-4850419468.424064,2.4722986799911127e-07
Astronaut,otsu,6,8,MS-LS-conv,0.006168399995658547,-4849938947.010994,9.931521716242673e-05
Astronaut,otsu,6,8,MS-LS-conv,0.013482100039254874,-4850420208.101491,9.47322852154425e-08
Astronaut,otsu,6,9,RM-MDE,0.0006193000008352101,-4847726242.513651,0.0005555033808255885
Astronaut,otsu,6,9,RM-MDE,0.005804999964311719,-4849939973.192234,9.910365175183503e-05
Astronaut,otsu,6,9,RM-MDE,0.014242799952626228,-4850391501.481871,6.013109594655936e-06
Astronaut,otsu,6,9,RM-MDE,0.03341459995135665,-4850420667.592925,0.0
Astronaut,otsu,6,9,MS-LS-4S,0.0022576000192202628,-4841059434.758682,0.0019299837015762256
Astronaut,otsu,6,9,MS-LS-4S,0.004488000005949289,-4849946794.174078,9.769738571608243e-05
Astronaut,otsu,6,9,MS-LS-4S,0.013487400021404028,-4850373188.989294,9.788553794568373e-06
Astronaut,otsu,6,9,MS-LS-4S,0.06402320001507178,-4850404619.580979,3.3085814706641703e-06
Astronaut,otsu,6,9,MS-LS-4S,0.12734450004063547,-4850413308.987876,1.5171065673330742e-06
Astronaut,otsu,6,9,MS-LS-conv,0.00680939998710528,-4849938947.010994,9.931521716242673e-05
Astronaut,otsu,6,9,MS-LS-conv,0.009461799985729158,-4849946794.174078,9.769738571608243e-05
Astronaut,otsu,6,9,MS-LS-conv,0.03519999998388812,-4850420208.101491,9.47322852154425e-08
Astronaut,otsu,7,0,RM-MDE,0.0006855000392533839,-4850623818.2391205,0.0015196974816434647
Astronaut,otsu,7,0,RM-MDE,0.006309700023848563,-4857855065.965948,3.117586289440894e-05
Astronaut,otsu,7,0,RM-MDE,0.012865099939517677,-4857883438.484664,2.5335500472549918e-05
Astronaut,otsu,7,0,RM-MDE,0.021307299903128296,-4857964121.350973,8.727275267060942e-06
Astronaut,otsu,7,0,RM-MDE,0.029956899932585657,-4857991221.644581,3.148794977986003e-06
Astronaut,otsu,7,0,RM-MDE,0.034103799960576,-4858006518.511109,0.0
Astronaut,otsu,7,0,MS-LS-4S,0.0021649000118486583,-4857899974.4547415,2.1931641293994796e-05
Astronaut,otsu,7,0,MS-LS-4S,0.0064647000399418175,-4857908621.019071,2.0151782766386778e-05
Astronaut,otsu,7,0,MS-LS-4S,0.03604000003542751,-4858006518.511109,0.0
Astronaut,otsu,7,0,MS-LS-conv,0.004233499988913536,-4858006518.511109,0.0
Astronaut,otsu,7,1,RM-MDE,0.0006851000362075865,-4836979553.452354,0.004328311413052468
Astronaut,otsu,7,1,RM-MDE,0.0020067000295966864,-4839145630.417409,0.0038824336735309543
Astronaut,otsu,7,1,RM-MDE,0.005123600014485419,-4854664737.809005,0.0006878913581879597
Astronaut,otsu,7,1,RM-MDE,0.012647700030356646,-4857889697.178485,2.4047174942910336e-05
Astronaut,otsu,7,1,RM-MDE,0.01945680018980056,-4857959696.03508,9.638207740352373e-06
Astronaut,otsu,7,1,RM-MDE,0.03093900013482198,-4857991221.644581,3.148794977986003e-06
Astronaut,otsu,7,1,RM-MDE,0.043779400177299976,-4857998809.07592,1.5869544760532625e-06
Astronaut,otsu,7,1,RM-MDE,0.05011080019176006,-4858006518.511109,0.0
Astronaut,otsu,7,1,MS-LS-4S,0.0022943999501876533,-4854786556.584757,0.0006628154808115327
Astronaut,otsu,7,1,MS-LS-4S,0.004445799975655973,-4858006518.511109,0.0
Astronaut,otsu,7,1,MS-LS-conv,0.007045999984256923,-4858006518.511109,0.0
Astronaut,otsu,7,2,RM-MDE,0.0006212999578565359,-4849267827.736307,0.0017988223649976613
Astronaut,otsu,7,2,RM-MDE,0.0057385999243706465,-4853981913.070765,0.0008284479292090944
Astronaut,otsu,7,2,RM-MDE,0.013099799922201782,-4857982178.682696,5.010250258056335e-06
Astronaut,otsu,7,2,RM-MDE,0.021811299899127334,-4858006518.511109,0.0
Astronaut,otsu,7,2,MS-LS-4S,0.0020266000065021217,-4857542023.214173,9.561438321791188e-05
Astronaut,otsu,7,2,MS-LS-4S,0.006176900002174079,-4857997097.05323,1.9393670723097286e-06
Astronaut,otsu,7,2,MS-LS-conv,0.004561399982776493,-4857991221.644581,3.148794977986003e-06
Astronaut,otsu,7,2,MS-LS-conv,0.0143404999980703,-4858006518.511109,0.0
Astronaut,otsu,7,3,RM-MDE,0.0006440000142902136,-4840674167.783869,0.0035677907514526375
Astronaut,otsu,7,3,RM-MDE,0.004989000037312508,-4857969749.833292,7.568676097333356e-06
Astronaut,otsu,7,3,RM-MDE,0.014546199992764741,-4857973156.126184,6.867505178876041e-06
Astronaut,otsu,7,3,RM-MDE,0.03104249999159947,-4857982866.917283,4.868580092713158e-06
Astronaut,otsu,7,3,RM-MDE,0.034359199984464794,-4858006518.511109,0.0
Astronaut,otsu,7,3,MS-LS-4S,0.002078099991194904,-4854590425.206614,0.000703188291633413
Astronaut,otsu,7,3,MS-LS-4S,0.004108599969185889,-4855123584.181435,0.0005934397820771734
Astronaut,otsu,7,3,MS-LS-4S,0.006368199945427477,-4857628915.759566,7.772792195815608e-05
Astronaut,otsu,7,3,MS-LS-4S,0.019596499972976744,-4857947896.072545,1.206717988971889e-05
Astronaut,otsu,7,3,MS-LS-4S,0.03512009995756671,-4857971517.5841,7.204792104789038e-06
Astronaut,otsu,7,3,MS-LS-4S,0.05266499996650964,-4857982178.682696,5.010250258056335e-06
Astronaut,otsu,7,3,MS-LS-4S,0.05483969999477267,-4858006518.511109,0.0
Astronaut,otsu,7,3,MS-LS-conv,0.007454099948517978,-4857991221.644581,3.148794977986003e-06
Astronaut,otsu,7,3,MS-LS-conv,0.019139999989420176,-4858006518.511109,0.0
Astronaut,otsu,7,4,RM-MDE,0.0006265999982133508,-4842357823.408814,0.0032212173949677948
Astronaut,otsu,7,4,RM-MDE,0.0017213999526575208,-4843480852.433046,0.0029900466421183113
Astronaut,otsu,7,4,RM-MDE,0.007699699955992401,-4855360166.194205,0.0005447403799933819
Astronaut,otsu,7,4,RM-MDE,0.011066399980336428,-4857982866.917283,4.868580092713158e-06
Astronaut,otsu,7,4,RM-MDE,0.029843099997378886,-4858006518.511109,0.0
Astronaut,otsu,7,4,MS-LS-4S,0.0023312000557780266,-4853579928.578697,0.0009111947288553282
Astronaut,otsu,7,4,MS-LS-4S,0.004560000030323863,-4854351419.335982,0.0007523866345587471
Astronaut,otsu,7,4,MS-LS-4S,0.009190700016915798,-4855088896.373678,0.0006005801199141542
Astronaut,otsu,7,4,MS-LS-4S,0.011710100050549954,-4857991221.644581,3.148794977986003e-06
Astronaut,otsu,7,4,MS-LS-4S,0.1419055000296794,-4857997969.363022,1.7598058081901635e-06
Astronaut,otsu,7,4,MS-LS-4S,0.1504623000510037,-4857998809.07592,1.5869544760532625e-06
Astronaut,otsu,7,4,MS-LS-conv,0.008568299992475659,-4858006518.511109,0.0
Astronaut,otsu,7,5,RM-MDE,0.0006346000009216368,-4838095189.836672,0.004098662403717808
Astronaut,otsu,7,5,RM-MDE,0.004195299989078194,-4856705677.221229,0.0002677726522029116
Astronaut,otsu,7,5,RM-MDE,0.012931200035382062,-4857855065.965948,3.117586289440894e-05
Astronaut,otsu,7,5,RM-MDE,0.01609320007264614,-4857997625.249937,1.8306400245465787e-06
Astronaut,otsu,7,5,RM-MDE,0.028932500048540533,-4858006518.511109,0.0
Astronaut,otsu,7,5,MS-LS-4S,0.0021726000122725964,-4857908621.019071,2.0151782766386778e-05
Astronaut,otsu,7,5,MS-LS-4S,0.013411000021733344,-4857914314.524283,1.897979891023321e-05
Astronaut,otsu,7,5,MS-LS-4S,0.022408600023481995,-4857973156.126184,6.867505178876041e-06
Astronaut,otsu,7,5,MS-LS-4S,0.07974329998251051,-4857981845.000472,5.078937326095912e-06
Astronaut,otsu,7,5,MS-LS-4S,0.10640679998323321,-4857991221.644581,3.148794977986003e-06
Astronaut,otsu,7,5,MS-LS-conv,0.004163699981290847,-4857991221.644581,3.148794977986003e-06
Astronaut,otsu,7,5,MS-LS-conv,0.0084820999763906,-4858006518.511109,0.0
Astronaut,otsu,7,6,RM-MDE,0.0006427999469451606,-4849864866.003241,0.0016759245745853867
Astronaut,otsu,7,6,RM-MDE,0.0039150999509729445,-4857812677.820414,3.990128254401175e-05
Astronaut,otsu,7,6,RM-MDE,0.01926379994256422,-4858006518.511109,0.0
Astronaut,otsu,7,6,MS-LS-4S,0.0022231999901123345,-4858006518.511109,0.0
Astronaut,otsu,7,6,MS-LS-conv,0.0027858999674208462,-4858006518.511109,0.0
Astronaut,otsu,7,7,RM-MDE,0.0006819000118412077,-4840364828.945727,0.0036314668368927715
Astronaut,otsu,7,7,RM-MDE,0.0037773000076413155,-4855165053.013041,0.0005849035992935776
Astronaut,otsu,7,7,RM-MDE,0.011275400000158697,-4857899974.4547415,2.1931641293994796e-05
Astronaut,otsu,7,7,RM-MDE,0.0143716000020504,-4858006518.511109,0.0
Astronaut,otsu,7,7,MS-LS-4S,0.0022256000083871186,-4855573134.321954,0.0005009017958051993
Astronaut,otsu,7,7,MS-LS-4S,0.004359100013971329,-4857837027.8788,3.488892648931763e-05
Astronaut,otsu,7,7,MS-LS-4S,0.026065199985168874,-4857959151.900992,9.750215430232816e-06
Astronaut,otsu,7,7,MS-LS-4S,0.03030350001063198,-4857995913.227247,2.183052620803045e-06
Astronaut,otsu,7,7,MS-LS-4S,0.09755150001728907,-4858006518.511109,0.0
Astronaut,otsu,7,7,MS-LS-conv,0.006600800028536469,-4858006518.511109,0.0
Astronaut,otsu,7,8,RM-MDE,0.0006430000066757202,-4837087525.988933,0.004306085725176843
Astronaut,otsu,7,8,RM-MDE,0.008216299989726394,-4857439927.234234,0.00011663040687914636
Astronaut,otsu,7,8,RM-MDE,0.012404399982187897,-4857856880.112749,3.080242848379582e-05
Astronaut,otsu,7,8,RM-MDE,0.019862900022417307,-4857991221.644581,3.148794977986003e-06
Astronaut,otsu,7,8,RM-MDE,0.03393279999727383,-4858006518.511109,0.0
Astronaut,otsu,7,8,MS-LS-4S,0.0022579000215046108,-4855573161.619162,0.0005008961767909538
Astronaut,otsu,7,8,MS-LS-4S,0.015006200002972037,-4857982178.682696,5.010250258056335e-06
Astronaut,otsu,7,8,MS-LS-4S,0.06908789998851717,-4857998809.07592,1.5869544760532625e-06
Astronaut,otsu,7,8,MS-LS-conv,0.006675500015262514,-4858006518.511109,0.0
Astronaut,otsu,7,9,RM-MDE,0.0007304000318981707,-4852353522.237131,0.0011636452632243018
Astronaut,otsu,7,9,RM-MDE,0.005983800045214593,-4856704209.764895,0.00026807472185382057
Astronaut,otsu,7,9,RM-MDE,0.021759300085250288,-4857997969.363022,1.7598058081901635e-06
Astronaut,otsu,7,9,RM-MDE,0.0383363000000827,-4858006518.511109,0.0
Astronaut,otsu,7,9,MS-LS-4S,0.0023027999559417367,-4844422174.247022,0.002796279546420006
Astronaut,otsu,7,9,MS-LS-4S,0.004422699974384159,-4855837819.690701,0.00044641743730584535
Astronaut,otsu,7,9,MS-LS-4S,0.011170599958859384,-4857989245.246608,3.5556281029580828e-06
Astronaut,otsu,7,9,MS-LS-4S,0.06773069995688275,-4858006518.511109,0.0
Astronaut,otsu,7,9,MS-LS-conv,0.009503200009930879,-4858006518.511109,0.0
Astronaut,otsu,8,0,RM-MDE,0.0007045000093057752,-4850834692.128898,0.0022477772961974896
Astronaut,otsu,8,0,RM-MDE,0.008721299993339926,-4861399381.793943,7.476104961639904e-05
Astronaut,otsu,8,0,RM-MDE,0.014154499978758395,-4861607879.310278,3.187588169085483e-05
Astronaut,otsu,8,0,RM-MDE,0.021584999980404973,-4861762607.295528,5.039164712228908e-08
Astronaut,otsu,8,0,RM-MDE,0.04005120001966134,-4861762852.287766,0.0
Astronaut,otsu,8,0,MS-LS-4S,0.00255129998549819,-4861710623.736513,1.0742718812116053e-05
Astronaut,otsu,8,0,MS-LS-4S,0.021741700009442866,-4861717066.299444,9.417569246659738e-06
Astronaut,otsu,8,0,MS-LS-4S,0.09356010000919923,-4861761975.750126,1.802921424189022e-07
Astronaut,otsu,8,0,MS-LS-conv,0.0033195000141859055,-4861738340.782398,5.0416908666572485e-06
Astronaut,otsu,8,0,MS-LS-conv,0.04710580001119524,-4861762852.287766,0.0
Astronaut,otsu,8,1,RM-MDE,0.0006849999772384763,-4854757279.872093,0.0014409531333632803
Astronaut,otsu,8,1,RM-MDE,0.008414999989327043,-4860411271.631571,0.00027800217683584394
Astronaut,otsu,8,1,RM-MDE,0.011790799966547638,-4861569883.894818,3.969103364581981e-05
Astronaut,otsu,8,1,RM-MDE,0.02053799998247996,-4861608047.200825,3.1841348836847004e-05
Astronaut,otsu,8,1,RM-MDE,0.046103800006676465,-4861616104.708172,3.0184026669576884e-05
Astronaut,otsu,8,1,RM-MDE,0.04889730003196746,-4861616128.348141,3.017916424218371e-05
Astronaut,otsu,8,1,RM-MDE,0.055087999964598566,-4861620568.837079,2.926581468704404e-05
Astronaut,otsu,8,1,RM-MDE,0.07557599991559982,-4861622246.472525,2.8920747373691777e-05
Astronaut,otsu,8,1,RM-MDE,0.08600279997335747,-4861627241.126795,2.7893413375320833e-05
Astronaut,otsu,8,1,MS-LS-4S,0.0023280999739654362,-4861588326.487908,3.589763737158999e-05
Astronaut,otsu,8,1,MS-LS-4S,0.008876700012478977,-4861652497.154156,2.2698584230367455e-05
Astronaut,otsu,8,1,MS-LS-4S,0.011118799971882254,-4861739365.336584,4.830953688190143e-06
Astronaut,otsu,8,1,MS-LS-conv,0.004538999986834824,-4861738340.782398,5.0416908666572485e-06
Astronaut,otsu,8,1,MS-LS-conv,0.024425100011285394,-4861739365.336584,4.830953688190143e-06
Astronaut,otsu,8,1,MS-LS-conv,0.03518479998456314,-4861744934.706381,3.6854083446668187e-06
Astronaut,otsu,8,1,MS-LS-conv,0.059294499980751425,-4861761975.750126,1.802921424189022e-07
Astronaut,otsu,8,1,MS-LS-conv,0.12593320000451058,-4861762852.287766,0.0
Astronaut,otsu,8,2,RM-MDE,0.0007398999878205359,-4851961048.849236,0.0020161006894687497
Astronaut,otsu,8,2,RM-MDE,0.0018835999653674662,-4853711780.872303,0.0016559983816723824
Astronaut,otsu,8,2,RM-MDE,0.003990299999713898,-4859708467.004747,0.00042255974744888016
Astronaut,otsu,8,2,RM-MDE,0.008296100015286356,-4861579855.037177,3.764010219117516e-05
Astronaut,otsu,8,2,RM-MDE,0.011739400040823966,-4861614383.378937,3.053808121468225e-05
Astronaut,otsu,8,2,RM-MDE,0.019164200057275593,-4861616255.159112,3.0153080910866885e-05
Astronaut,otsu,8,2,RM-MDE,0.02463630004785955,-4861732847.435161,6.1715993801920065e-06
Astronaut,otsu,8,2,RM-MDE,0.039027600025292486,-4861762852.287766,0.0
Astronaut,otsu,8,2,MS-LS-4S,0.002137300034519285,-4860011330.375929,0.0003602647774177994
Astronaut,otsu,8,2,MS-LS-4S,0.004302199988160282,-4861238461.596843,0.00010786019533571694
Astronaut,otsu,8,2,MS-LS-4S,0.006693500035908073,-4861306298.39047,9.390706851982056e-05
Astronaut,otsu,8,2,MS-LS-4S,0.013614800001960248,-4861616837.298876,3.0033342498789016e-05
Astronaut,otsu,8,2,MS-LS-4S,0.020310199994128197,-4861649891.453859,2.3234542148425066e-05
Astronaut,otsu,8,2,MS-LS-4S,0.07893509999848902,-4861731435.344516,6.4620476574402374e-06
Astronaut,otsu,8,2,MS-LS-4S,0.13123180001275614,-4861749770.094803,2.69083321442636e-06
Astronaut,otsu,8,2,MS-LS-conv,0.008638800005428493,-4861593281.909916,3.487837292819393e-05
Astronaut,otsu,8,2,MS-LS-conv,0.019147099985275418,-4861738340.782398,5.0416908666572485e-06
Astronaut,otsu,8,2,MS-LS-conv,0.05522530002053827,-4861744934.706381,3.6854083446668187e-06
Astronaut,otsu,8,2,MS-LS-conv,0.12706899998011068,-4861761975.750126,1.802921424189022e-07
Astronaut,otsu,8,3,RM-MDE,0.0006665000109933317,-4847548188.649801,0.0029237673802366367
Astronaut,otsu,8,3,RM-MDE,0.0017377000185661018,-4851490710.7353735,0.002112842988127088
Astronaut,otsu,8,3,RM-MDE,0.004973500035703182,-4861673038.491982,1.8473504058663313e-05
Astronaut,otsu,8,3,RM-MDE,0.018054200045298785,-4861713622.789767,1.0125853418791436e-05
Astronaut,otsu,8,3,RM-MDE,0.02128470008028671,-4861746672.724747,3.327921067178132e-06
Astronaut,otsu,8,3,RM-MDE,0.02818630007095635,-4861758673.2693615,8.595685416852737e-07
Astronaut,otsu,8,3,RM-MDE,0.043967500154394656,-4861761975.750126,1.802921424189022e-07
Astronaut,otsu,8,3,RM-MDE,0.06281880009919405,-4861762852.287766,0.0
Astronaut,otsu,8,3,MS-LS-4S,0.0020915999775752425,-4857037332.908634,0.000971976528412655
Astronaut,otsu,8,3,MS-LS-4S,0.004409099987242371,-4861709205.790848,1.1034371389265566e-05
Astronaut,otsu,8,3,MS-LS-4S,0.008784900011960417,-4861759135.76149,7.644400579595484e-07
Astronaut,otsu,8,3,MS-LS-conv,0.010247699974570423,-4861593281.909916,3.487837292819393e-05
Astronaut,otsu,8,3,MS-LS-conv,0.013597199984360486,-4861738340.782398,5.0416908666572485e-06
Astronaut,otsu,8,3,MS-LS-conv,0.023186400008853525,-4861760319.587473,5.209427877275337e-07
Astronaut,otsu,8,3,MS-LS-conv,0.15156279999064282,-4861762852.287766,0.0
Astronaut,otsu,8,4,RM-MDE,0.0006642999942414463,-4848721752.987877,0.002682380793985643
Astronaut,otsu,8,4,RM-MDE,0.006143699982203543,-4861437585.670889,6.690301990449768e-05
Astronaut,otsu,8,4,RM-MDE,0.013905899948440492,-4861643980.5562105,2.4450335231798085e-05
Astronaut,otsu,8,4,RM-MDE,0.017080599965993315,-4861758426.971872,9.102286616148917e-07
Astronaut,otsu,8,4,RM-MDE,0.03414359997259453,-4861760319.587473,5.209427877275337e-07
Astronaut,otsu,8,4,RM-MDE,0.049681599834002554,-4861762607.295528,5.039164712228908e-08
Astronaut,otsu,8,4,RM-MDE,0.05344419984612614,-4861762852.287766,0.0
Astronaut,otsu,8,4,MS-LS-4S,0.0023301999899558723,-4861398270.3533945,7.498965816491634e-05
Astronaut,otsu,8,4,MS-LS-4S,0.009374800021760166,-4861521891.287174,4.95624751583357e-05
Astronaut,otsu,8,4,MS-LS-4S,0.011680399999022484,-4861676258.165256,1.7811260059746032e-05
Astronaut,otsu,8,4,MS-LS-4S,0.063964799977839,-4861737156.956415,5.2851881368892634e-06
Astronaut,otsu,8,4,MS-LS-conv,0.0050331000238657,-4861738340.782398,5.0416908666572485e-06
Astronaut,otsu,8,4,MS-LS-conv,0.051886500034015626,-4861739365.336584,4.830953688190143e-06
Astronaut,otsu,8,4,MS-LS-conv,0.09010989998932928,-4861758673.2693615,8.595685416852737e-07
Astronaut,otsu,8,4,MS-LS-conv,0.10222400003112853,-4861761975.750126,1.802921424189022e-07
Astronaut,otsu,8,5,RM-MDE,0.0006933000404387712,-4849536528.307083,0.0025147923401755536
Astronaut,otsu,8,5,RM-MDE,0.00636790000135079,-4861583657.2248535,3.685804272181198e-05
Astronaut,otsu,8,5,RM-MDE,0.016619900008663535,-4861713262.602966,1.0199939056429486e-05
Astronaut,otsu,8,5,RM-MDE,0.028474099992308766,-4861744934.706381,3.6854083446668187e-06
Astronaut,otsu,8,5,RM-MDE,0.06403840007260442,-4861760319.587473,5.209427877275337e-07
Astronaut,otsu,8,5,RM-MDE,0.07666209997842088,-4861761975.750126,1.802921424189022e-07
Astronaut,otsu,8,5,RM-MDE,0.08695549995172769,-4861762852.287766,0.0
Astronaut,otsu,8,5,MS-LS-4S,0.002118100004736334,-4861159267.740284,0.00012414931904760964
Astronaut,otsu,8,5,MS-LS-4S,0.0066433000029064715,-4861318075.871866,9.148459713351403e-05
Astronaut,otsu,8,5,MS-LS-4S,0.013163700001314282,-4861558518.897706,4.202866249724069e-05
Astronaut,otsu,8,5,MS-LS-4S,0.019841899978928268,-4861744934.706381,3.6854083446668187e-06
Astronaut,otsu,8,5,MS-LS-4S,0.12855599995236844,-4861760319.587473,5.209427877275337e-07
Astronaut,otsu,8,5,MS-LS-conv,0.005614900030195713,-4861593281.909916,3.487837292819393e-05
Astronaut,otsu,8,5,MS-LS-conv,0.013345400046091527,-4861738340.782398,5.0416908666572485e-06
Astronaut,otsu,8,5,MS-LS-conv,0.04947060003178194,-4861744934.706381,3.6854083446668187e-06
Astronaut,otsu,8,5,MS-LS-conv,0.07077650004066527,-4861761975.750126,1.802921424189022e-07
Astronaut,otsu,8,6,RM-MDE,0.0006710999878123403,-4852426540.038352,0.001920355338809074
Astronaut,otsu,8,6,RM-MDE,0.003881599986925721,-4861223930.47182,0.00011084905461667721
Astronaut,otsu,8,6,RM-MDE,0.008259399968665093,-4861572873.706548,3.907606911129418e-05
Astronaut,otsu,8,6,RM-MDE,0.021965399850159883,-4861647885.950054,2.3647047625572478e-05
Astronaut,otsu,8,6,RM-MDE,0.03883579990360886,-4861744934.706381,3.6854083446668187e-06
Astronaut,otsu,8,6,RM-MDE,0.06634719989961013,-4861758673.2693615,8.595685416852737e-07
Astronaut,otsu,8,6,RM-MDE,0.06898559990804642,-4861761975.750126,1.802921424189022e-07
Astronaut,otsu,8,6,RM-MDE,0.08243419980863109,-4861762852.287766,0.0
Astronaut,otsu,8,6,MS-LS-4S,0.0022699999972246587,-4861607879.310278,3.187588169085483e-05
Astronaut,otsu,8,6,MS-LS-4S,0.015951499983202666,-4861629954.382867,2.7335332663760083e-05
Astronaut,otsu,8,6,MS-LS-4S,0.018200899998191744,-4861732847.435161,6.1715993801920065e-06
Astronaut,otsu,8,6,MS-LS-4S,0.022869199980050325,-4861739365.336584,4.830953688190143e-06
Astronaut,otsu,8,6,MS-LS-4S,0.032016599958296865,-4861753866.800725,1.8481952564274396e-06
Astronaut,otsu,8,6,MS-LS-conv,0.0032537999795749784,-4861609017.148048,3.164184358471261e-05
Astronaut,otsu,8,6,MS-LS-conv,0.00932219997048378,-4861738340.782398,5.0416908666572485e-06
Astronaut,otsu,8,6,MS-LS-conv,0.042792199994437397,-4861744934.706381,3.6854083446668187e-06
Astronaut,otsu,8,6,MS-LS-conv,0.076064899971243,-4861762852.287766,0.0
Astronaut,otsu,8,7,RM-MDE,0.0006941999890841544,-4852959860.146172,0.0018106584811006408
Astronaut,otsu,8,7,RM-MDE,0.004232699982821941,-4856695377.260647,0.0010423122601990078
Astronaut,otsu,8,7,RM-MDE,0.011865399952512234,-4861696509.307728,1.3645869215406983e-05
Astronaut,otsu,8,7,RM-MDE,0.016114599944557995,-4861759135.76149,7.644400579595484e-07
Astronaut,otsu,8,7,RM-MDE,0.028679699928034097,-4861762852.287766,0.0
Astronaut,otsu,8,7,MS-LS-4S,0.0022939000045880675,-4859448439.2595825,0.0004760439985456838
Astronaut,otsu,8,7,MS-LS-4S,0.004343700013123453,-4860119673.441436,0.00033798004885356
Astronaut,otsu,8,7,MS-LS-4S,0.006754100031685084,-4861398270.3533945,7.498965816491634e-05
Astronaut,otsu,8,7,MS-LS-4S,0.0089297000085935,-4861467323.676471,6.078630741041497e-05
Astronaut,otsu,8,7,MS-LS-4S,0.0132057000300847,-4861516560.950294,5.0658854608060536e-05
Astronaut,otsu,8,7,MS-LS-4S,0.02463450003415346,-4861738340.782398,5.0416908666572485e-06
Astronaut,otsu,8,7,MS-LS-conv,0.006208400009199977,-4861738340.782398,5.0416908666572485e-06
Astronaut,otsu,8,8,RM-MDE,0.0006550999823957682,-4851490058.945855,0.002112977052567942
Astronaut,otsu,8,8,RM-MDE,0.008803199976682663,-4861473101.086095,5.959797103950764e-05
Astronaut,otsu,8,8,RM-MDE,0.016497100004926324,-4861755222.554346,1.569334756174242e-06
Astronaut,otsu,8,8,RM-MDE,0.04082230001222342,-4861756961.557145,1.211644993865945e-06
Astronaut,otsu,8,8,RM-MDE,0.04636390000814572,-4861760319.587473,5.209427877275337e-07
Astronaut,otsu,8,8,RM-MDE,0.07440859999042004,-4861761975.750126,1.802921424189022e-07
Astronaut,otsu,8,8,RM-MDE,0.07756289996905252,-4861762852.287766,0.0
Astronaut,otsu,8,8,MS-LS-4S,0.0022316999966278672,-4861612931.2652235,3.083676170515108e-05
Astronaut,otsu,8,8,MS-LS-4S,0.019463100004941225,-4861624431.129296,2.847139251249532e-05
Astronaut,otsu,8,8,MS-LS-4S,0.023756600043270737,-4861737156.956415,5.2851881368892634e-06
Astronaut,otsu,8,8,MS-LS-4S,0.02599500003270805,-4861738340.782398,5.0416908666572485e-06
Astronaut,otsu,8,8,MS-LS-4S,0.08433220000006258,-4861761975.750126,1.802921424189022e-07
Astronaut,otsu,8,8,MS-LS-conv,0.004431599983945489,-4861762852.287766,0.0
Astronaut,otsu,8,9,RM-MDE,0.0006704999832436442,-4846361937.564725,0.003167763461723443
Astronaut,otsu,8,9,RM-MDE,0.003824200015515089,-4859213375.750025,0.0005243934381830186
Astronaut,otsu,8,9,RM-MDE,0.006906999973580241,-4861383552.751567,7.80168732461077e-05
Astronaut,otsu,8,9,RM-MDE,0.011080999975092709,-4861461097.19033,6.206701285212011e-05
Astronaut,otsu,8,9,RM-MDE,0.014342799957375973,-4861600307.764134,3.343324809756241e-05
Astronaut,otsu,8,9,RM-MDE,0.029822199896443635,-4861631867.45725,2.694183869029699e-05
Astronaut,otsu,8,9,RM-MDE,0.03354459989350289,-4861744934.706381,3.6854083446668187e-06
Astronaut,otsu,8,9,RM-MDE,0.04213659989181906,-4861758673.2693615,8.595685416852737e-07
Astronaut,otsu,8,9,RM-MDE,0.058288599946536124,-4861760319.587473,5.209427877275337e-07
Astronaut,otsu,8,9,RM-MDE,0.06259339995449409,-4861761975.750126,1.802921424189022e-07
Astronaut,otsu,8,9,RM-MDE,0.06477009999798611,-4861762607.295528,5.039164712228908e-08
Astronaut,otsu,8,9,RM-MDE,0.06899530004011467,-4861762852.287766,0.0
Astronaut,otsu,8,9,MS-LS-4S,0.002381299971602857,-4845641886.830571,0.003315868327392676
Astronaut,otsu,8,9,MS-LS-4S,0.004671699949540198,-4859808526.70484,0.00040197879705447103
Astronaut,otsu,8,9,MS-LS-4S,0.013986499980092049,-4861758426.971872,9.102286616148917e-07
Astronaut,otsu,8,9,MS-LS-conv,0.009243900014553219,-4861738340.782398,5.0416908666572485e-06
Astronaut,otsu,8,9,MS-LS-conv,0.014717400015797466,-4861744934.706381,3.6854083446668187e-06
Astronaut,otsu,8,9,MS-LS-conv,0.04249240003991872,-4861762852.287766,0.0
Astronaut,kapur,6,0,RM-MDE,0.000804100011009723,-22.96264937591254,0.042021131173353765
Astronaut,kapur,6,0,RM-MDE,0.010328599950298667,-23.96841757407483,6.148335553593147e-05
Astronaut,kapur,6,0,RM-MDE,0.028663899982348084,-23.968822011747662,4.461061851039103e-05
Astronaut,kapur,6,0,RM-MDE,0.07002199999988079,-23.969891323425227,0.0
Astronaut,kapur,6,0,MS-LS-4S,0.007110000005923212,-23.96683431158391,0.000127535490256053
Astronaut,kapur,6,0,MS-LS-4S,0.050933899998199195,-23.969722845298918,7.028739681604787e-06
Astronaut,kapur,6,0,MS-LS-4S,0.20032430003629997,-23.969891323425227,0.0
Astronaut,kapur,6,0,MS-LS-conv,0.00893109996104613,-23.96830416621215,6.62146186506033e-05
Astronaut,kapur,6,0,MS-LS-conv,0.06723699998110533,-23.969722845298918,7.028739681604787e-06
Astronaut,kapur,6,1,RM-MDE,0.000859699968714267,-23.367858453729337,0.025116211899865265
Astronaut,kapur,6,1,RM-MDE,0.0021558000007644296,-23.582674666231608,0.016154293399536654
Astronaut,kapur,6,1,RM-MDE,0.01612429996021092,-23.91412157726852,0.0023266582816002775
Astronaut,kapur,6,1,RM-MDE,0.029831699968781322,-23.967177183458166,0.0001132312170480594
Astronaut,kapur,6,1,RM-MDE,0.050585299904923886,-23.96830416621215,6.62146186506033e-05
Astronaut,kapur,6,1,RM-MDE,0.0667735998868011,-23.969891323425227,0.0
Astronaut,kapur,6,1,MS-LS-4S,0.006185699952766299,-23.90769138917636,0.002594919326483546
Astronaut,kapur,6,1,MS-LS-4S,0.012822399963624775,-23.955222940717075,0.000611950321769572
Astronaut,kapur,6,1,MS-LS-4S,0.04355059994850308,-23.96841757407483,6.148335553593147e-05
Astronaut,kapur,6,1,MS-LS-4S,0.06828279996989295,-23.969722845298918,7.028739681604787e-06
Astronaut,kapur,6,1,MS-LS-conv,0.020046599966008216,-23.96830416621215,6.62146186506033e-05
Astronaut,kapur,6,1,MS-LS-conv,0.0487925999914296,-23.969722845298918,7.028739681604787e-06
Astronaut,kapur,6,1,MS-LS-conv,0.2933898000046611,-23.969891323425227,0.0
Astronaut,kapur,6,2,RM-MDE,0.0008370000286959112,-23.05016985244646,0.03836986403354884
Astronaut,kapur,6,2,RM-MDE,0.009278999990783632,-23.803199748164243,0.006954206550702214
Astronaut,kapur,6,2,RM-MDE,0.019168399972841144,-23.89824939644387,0.0029888298622089728
Astronaut,kapur,6,2,RM-MDE,0.026484099973458797,-23.96275895903987,0.0002975551407021078
Astronaut,kapur,6,2,RM-MDE,0.032130799954757094,-23.969891323425227,0.0
Astronaut,kapur,6,2,MS-LS-4S,0.005935500026680529,-23.969722845298918,7.028739681604787e-06
Astronaut,kapur,6,2,MS-LS-4S,0.04855350003344938,-23.969891323425227,0.0
Astronaut,kapur,6,2,MS-LS-conv,0.005971900012809783,-23.969722845298918,7.028739681604787e-06
Astronaut,kapur,6,2,MS-LS-conv,0.11994100001174957,-23.969891323425227,0.0
Astronaut,kapur,6,3,RM-MDE,0.0008494000067003071,-23.677794115104234,0.012186004699801562
Astronaut,kapur,6,3,RM-MDE,0.013928200001828372,-23.96841757407483,6.148335553593147e-05
Astronaut,kapur,6,3,RM-MDE,0.04734360001748428,-23.969722845298918,7.028739681604787e-06
Astronaut,kapur,6,3,RM-MDE,0.066483199945651,-23.969891323425227,0.0
Astronaut,kapur,6,3,MS-LS-4S,0.0059843999915756285,-23.62156842979226,0.014531684308996432
Astronaut,kapur,6,3,MS-LS-4S,0.011830399977043271,-23.899967733198274,0.002917142563705247
Astronaut,kapur,6,3,MS-LS-4S,0.024143600021488965,-23.934273531999544,0.0014859387948444349
Astronaut,kapur,6,3,MS-LS-4S,0.036762200004886836,-23.968822011747662,4.461061851039103e-05
Astronaut,kapur,6,3,MS-LS-4S,0.05534059996716678,-23.969722845298918,7.028739681604787e-06
Astronaut,kapur,6,3,MS-LS-conv,0.014688400027807802,-23.969722845298918,7.028739681604787e-06
Astronaut,kapur,6,4,RM-MDE,0.0008475999929942191,-22.802453585116364,0.04870434006381799
Astronaut,kapur,6,4,RM-MDE,0.008165900013409555,-23.968822011747662,4.461061851039103e-05
Astronaut,kapur,6,4,RM-MDE,0.07976770005188882,-23.969722845298918,7.028739681604787e-06
Astronaut,kapur,6,4,RM-MDE,0.10931060009170324,-23.969891323425227,0.0
Astronaut,kapur,6,4,MS-LS-4S,0.006325900030788034,-23.83842606548536,0.005484599665722615
Astronaut,kapur,6,4,MS-LS-4S,0.02561850001802668,-23.91412157726852,0.0023266582816002775
Astronaut,kapur,6,4,MS-LS-4S,0.03170500003034249,-23.96049785648737,0.0003918860878888651
Astronaut,kapur,6,4,MS-LS-4S,0.08300360001157969,-23.965473682353707,0.00018429958700740044
Astronaut,kapur,6,4,MS-LS-4S,0.08896710001863539,-23.967177183458166,0.0001132312170480594
Astronaut,kapur,6,4,MS-LS-4S,0.10647480003535748,-23.969722845298918,7.028739681604787e-06
Astronaut,kapur,6,4,MS-LS-conv,0.02427890000399202,-23.96830416621215,6.62146186506033e-05
Astronaut,kapur,6,4,MS-LS-conv,0.11099710001144558,-23.969722845298918,7.028739681604787e-06
Astronaut,kapur,6,5,RM-MDE,0.0008225000347010791,-23.13072456414674,0.03500920166702588
Astronaut,kapur,6,5,RM-MDE,0.013738700072281063,-23.813731967308403,0.0065148128545836495
Astronaut,kapur,6,5,RM-MDE,0.04103720001876354,-23.968543520826262,5.6228982467141534e-05
Astronaut,kapur,6,5,RM-MDE,0.0552771000075154,-23.969891323425227,0.0
Astronaut,kapur,6,5,MS-LS-4S,0.006848599994555116,-23.969891323425227,0.0
Astronaut,kapur,6,5,MS-LS-conv,0.00756960001308471,-23.969891323425227,0.0
Astronaut,kapur,6,6,RM-MDE,0.000861500040628016,-22.958087668316598,0.042211441072317946
Astronaut,kapur,6,6,RM-MDE,0.02162720006890595,-23.969891323425227,0.0
Astronaut,kapur,6,6,MS-LS-4S,0.0060900000389665365,-23.968822011747662,4.461061851039103e-05
Astronaut,kapur,6,6,MS-LS-4S,0.03689030004898086,-23.969722845298918,7.028739681604787e-06
Astronaut,kapur,6,6,MS-LS-4S,0.351577699999325,-23.969891323425227,0.0
Astronaut,kapur,6,6,MS-LS-conv,0.009192999976221472,-23.969722845298918,7.028739681604787e-06
Astronaut,kapur,6,7,RM-MDE,0.0008204999612644315,-23.03411555941274,0.03903963315419684
Astronaut,kapur,6,7,RM-MDE,0.01416539994534105,-23.969891323425227,0.0
Astronaut,kapur,6,7,MS-LS-4S,0.006243899988476187,-23.82368896425885,0.006099416855657457
Astronaut,kapur,6,7,MS-LS-4S,0.012154900003224611,-23.969722845298918,7.028739681604787e-06
Astronaut,kapur,6,7,MS-LS-conv,0.02431740000611171,-23.96830416621215,6.62146186506033e-05
Astronaut,kapur,6,7,MS-LS-conv,0.03177310002502054,-23.969722845298918,7.028739681604787e-06
Astronaut,kapur,6,8,RM-MDE,0.0008089999901130795,-23.210258011991566,0.0316911454117144
Astronaut,kapur,6,8,RM-MDE,0.002067199966404587,-23.222995036159833,0.03115976944524019
Astronaut,kapur,6,8,RM-MDE,0.009392499981913716,-23.96520246992265,0.0001956142995939567
Astronaut,kapur,6,8,RM-MDE,0.01781210000626743,-23.969722845298918,7.028739681604787e-06
Astronaut,kapur,6,8,RM-MDE,0.07310880027944222,-23.969891323425227,0.0
Astronaut,kapur,6,8,MS-LS-4S,0.006285699957516044,-23.831571163200525,0.005770579363850689
Astronaut,kapur,6,8,MS-LS-4S,0.02370129997143522,-23.969722845298918,7.028739681604787e-06
Astronaut,kapur,6,8,MS-LS-conv,0.02383739996002987,-23.96830416621215,6.62146186506033e-05
Astronaut,kapur,6,8,MS-LS-conv,0.04284199996618554,-23.969722845298918,7.028739681604787e-06
Astronaut,kapur,6,9,RM-MDE,0.0008378999773412943,-23.227604884390992,0.030967451166906843
Astronaut,kapur,6,9,RM-MDE,0.014092399971559644,-23.96275895903987,0.0002975551407021078
Astronaut,kapur,6,9,RM-MDE,0.05659390002256259,-23.969891323425227,0.0
Astronaut,kapur,6,9,MS-LS-4S,0.006306700001005083,-23.65630764611376,0.013082398792730808
Astronaut,kapur,6,9,MS-LS-4S,0.012932700046803802,-23.963494555989993,0.00026686676835212356
Astronaut,kapur,6,9,MS-LS-4S,0.05785710003692657,-23.963714890030605,0.000257674651556947
Astronaut,kapur,6,9,MS-LS-4S,0.1178403000230901,-23.967177183458166,0.0001132312170480594
Astronaut,kapur,6,9,MS-LS-4S,0.15961630002129823,-23.96830416621215,6.62146186506033e-05
Astronaut,kapur,6,9,MS-LS-4S,0.16572450002422556,-23.968822011747662,4.461061851039103e-05
Astronaut,kapur,6,9,MS-LS-4S,0.2870115000405349,-23.969722845298918,7.028739681604787e-06
Astronaut,kapur,6,9,MS-LS-conv,0.027333500038366765,-23.96830416621215,6.62146186506033e-05
Astronaut,kapur,6,9,MS-LS-conv,0.1267321000341326,-23.969722845298918,7.028739681604787e-06
Astronaut,kapur,7,0,RM-MDE,0.0008659000159241259,-25.68656489266534,0.028212542695248276
Astronaut,kapur,7,0,RM-MDE,0.020845200051553547,-26.423221775841544,0.00034295708116489465
Astronaut,kapur,7,0,RM-MDE,0.03600440005538985,-26.431755227357943,2.0115113552363824e-05
Astronaut,kapur,7,0,RM-MDE,0.06630790012422949,-26.432286915810703,0.0
Astronaut,kapur,7,0,MS-LS-4S,0.006198399991262704,-26.42556456304231,0.0002543235396090959
Astronaut,kapur,7,0,MS-LS-4S,0.10154440003680065,-26.430774205923857,5.722962570980994e-05
Astronaut,kapur,7,0,MS-LS-4S,0.16949629998998716,-26.43163950367064,2.4493232164267294e-05
Astronaut,kapur,7,0,MS-LS-conv,0.01068090001353994,-26.43163950367064,2.4493232164267294e-05
Astronaut,kapur,7,0,MS-LS-conv,0.06179599999450147,-26.432286915810703,0.0
Astronaut,kapur,7,1,RM-MDE,0.000902900006622076,-24.749689335522287,0.06365690511939606
Astronaut,kapur,7,1,RM-MDE,0.0022221000399440527,-24.95372436822145,0.05593774584464113
Astronaut,kapur,7,1,RM-MDE,0.004735300084576011,-25.554892094986382,0.03319405633038509
Astronaut,kapur,7,1,RM-MDE,0.012289300095289946,-26.18820010582906,0.009234418904390727
Astronaut,kapur,7,1,RM-MDE,0.019559600099455565,-26.409802080253787,0.000850657971008441
Astronaut,kapur,7,1,RM-MDE,0.033452900126576424,-26.41945694263124,0.00048539020555916196
Astronaut,kapur,7,1,RM-MDE,0.06289200013270602,-26.427727484670296,0.00017249476577375116
Astronaut,kapur,7,1,RM-MDE,0.08991790004074574,-26.432286915810703,0.0
Astronaut,kapur,7,1,MS-LS-4S,0.00646419997792691,-26.19629774656732,0.008928064756372745
Astronaut,kapur,7,1,MS-LS-4S,0.012577699963003397,-26.421067999191614,0.0004244398774431726
Astronaut,kapur,7,1,MS-LS-4S,0.0437219999730587,-26.432194952939295,3.4791870904541385e-06
Astronaut,kapur,7,1,MS-LS-conv,0.021836899977643043,-26.43163950367064,2.4493232164267294e-05
Astronaut,kapur,7,1,MS-LS-conv,0.04026599996723235,-26.432286915810703,0.0
Astronaut,kapur,7,2,RM-MDE,0.000915299984626472,-25.17476708374083,0.047575143084485745
Astronaut,kapur,7,2,RM-MDE,0.008532200008630753,-26.40394662965076,0.0010721844178753224
Astronaut,kapur,7,2,RM-MDE,0.029579600028228015,-26.426182408485396,0.00023094889007338167
Astronaut,kapur,7,2,RM-MDE,0.05695310002192855,-26.431939691953335,1.3136353221111413e-05
Astronaut,kapur,7,2,RM-MDE,0.0690908000105992,-26.432286915810703,0.0
Astronaut,kapur,7,2,MS-LS-4S,0.006324900023173541,-26.17153122561836,0.00986504463359054
Astronaut,kapur,7,2,MS-LS-4S,0.012456600030418485,-26.186511863420087,0.009298289367599286
Astronaut,kapur,7,2,MS-LS-4S,0.018661700014490634,-26.411165475048886,0.0007990773113613275
Astronaut,kapur,7,2,MS-LS-4S,0.031326500000432134,-26.41837131663672,0.0005264621717487627
Astronaut,kapur,7,2,MS-LS-4S,0.07519440003670752,-26.41945694263124,0.00048539020555916196
Astronaut,kapur,7,2,MS-LS-4S,0.21854730002814904,-26.43152986294839,2.8641216884610243e-05
Astronaut,kapur,7,2,MS-LS-conv,0.033144400047603995,-26.432286915810703,0.0
Astronaut,kapur,7,3,RM-MDE,0.0009241999941878021,-24.899891103655058,0.05797439385538106
Astronaut,kapur,7,3,RM-MDE,0.00830149999819696,-26.409802080253787,0.000850657971008441
Astronaut,kapur,7,3,RM-MDE,0.0407360999379307,-26.422369732597357,0.0003751920234875476
Astronaut,kapur,7,3,RM-MDE,0.06967089994577691,-26.431755227357943,2.0115113552363824e-05
Astronaut,kapur,7,3,RM-MDE,0.09642499999608845,-26.432286915810703,0.0
Astronaut,kapur,7,3,MS-LS-4S,0.006020700035151094,-26.163610515134064,0.010164705064393365
Astronaut,kapur,7,3,MS-LS-4S,0.012029799981974065,-26.30184903772145,0.004934793516153568
Astronaut,kapur,7,3,MS-LS-4S,0.018361900001764297,-26.400111228837684,0.001217287292450403
Astronaut,kapur,7,3,MS-LS-4S,0.05621060001431033,-26.426172574808756,0.00023132092283280673
Astronaut,kapur,7,3,MS-LS-conv,0.03403719997731969,-26.432286915810703,0.0
Astronaut,kapur,7,4,RM-MDE,0.00092889997176826,-25.125932537139242,0.0494226770022708
Astronaut,kapur,7,4,RM-MDE,0.003522799932397902,-25.729150344870234,0.02660142776067861
Astronaut,kapur,7,4,RM-MDE,0.02427599992370233,-26.432263207192598,8.969567476587809e-07
Astronaut,kapur,7,4,RM-MDE,0.09101219987496734,-26.432286915810703,0.0
Astronaut,kapur,7,4,MS-LS-4S,0.006499899958726019,-25.98343326484239,0.01698126433017144
Astronaut,kapur,7,4,MS-LS-4S,0.012846099969465286,-26.284455821470786,0.005592822702431048
Astronaut,kapur,7,4,MS-LS-4S,0.026395399996545166,-26.331927196508914,0.0037968609988777717
Astronaut,kapur,7,4,MS-LS-4S,0.032793299993500113,-26.420442053691648,0.00044812097253568
Astronaut,kapur,7,4,MS-LS-4S,0.09636399999726564,-26.426182408485396,0.00023094889007338167
Astronaut,kapur,7,4,MS-LS-4S,0.2353364999871701,-26.429895034933676,9.04908790013493e-05
Astronaut,kapur,7,4,MS-LS-4S,0.29738579998956993,-26.43075129738558,5.8096313422075925e-05
Astronaut,kapur,7,4,MS-LS-conv,0.0284259999752976,-26.43163950367064,2.4493232164267294e-05
Astronaut,kapur,7,4,MS-LS-conv,0.11981589999049902,-26.432286915810703,0.0
Astronaut,kapur,7,5,RM-MDE,0.0008548999903723598,-24.90656361327191,0.05772195600775537
Astronaut,kapur,7,5,RM-MDE,0.008985699969343841,-25.996408822252096,0.01649036630643876
Astronaut,kapur,7,5,RM-MDE,0.018046999990474433,-26.370151940898108,0.00235072262610122
Astronaut,kapur,7,5,RM-MDE,0.03930119995493442,-26.432056114128574,8.73180905095276e-06
Astronaut,kapur,7,5,RM-MDE,0.07987769989995286,-26.432263207192598,8.969567476587809e-07
Astronaut,kapur,7,5,RM-MDE,0.10657559987157583,-26.432286915810703,0.0
Astronaut,kapur,7,5,MS-LS-4S,0.005871900008060038,-26.393839633031273,0.0014545575606790266
Astronaut,kapur,7,5,MS-LS-4S,0.018631700018886477,-26.400250521281475,0.0012120175084080872
Astronaut,kapur,7,5,MS-LS-4S,0.03739840001799166,-26.431945879911638,1.2902247170359337e-05
Astronaut,kapur,7,5,MS-LS-conv,0.021340599982067943,-26.432286915810703,0.0
Astronaut,kapur,7,6,RM-MDE,0.0008744000224396586,-24.82682820076725,0.06073854752549372
Astronaut,kapur,7,6,RM-MDE,0.008237499976530671,-26.419395431812507,0.0004877173147846242
Astronaut,kapur,7,6,RM-MDE,0.04474320000736043,-26.41983142280543,0.0004712226772108316
Astronaut,kapur,7,6,RM-MDE,0.06101059995125979,-26.430695854762085,6.019384753524114e-05
Astronaut,kapur,7,6,RM-MDE,0.07554789999267086,-26.430888422297112,5.2908532585365196e-05
Astronaut,kapur,7,6,RM-MDE,0.08972299995366484,-26.431755227357943,2.0115113552363824e-05
Astronaut,kapur,7,6,RM-MDE,0.10625069995876402,-26.432286915810703,0.0
Astronaut,kapur,7,6,MS-LS-4S,0.006325999973341823,-26.40891868705708,0.0008840789610090063
Astronaut,kapur,7,6,MS-LS-4S,0.05713949998607859,-26.427199314493052,0.0001924767741003938
Astronaut,kapur,7,6,MS-LS-4S,0.20219789998373017,-26.427742058688654,0.00017194339394562374
Astronaut,kapur,7,6,MS-LS-4S,0.23996079998323694,-26.43067618580712,6.093797364997069e-05
Astronaut,kapur,7,6,MS-LS-4S,0.26592560001881793,-26.431506154330282,2.9538173632403432e-05
Astronaut,kapur,7,6,MS-LS-conv,0.01551080000353977,-26.43163950367064,2.4493232164267294e-05
Astronaut,kapur,7,6,MS-LS-conv,0.040195100009441376,-26.432286915810703,0.0
Astronaut,kapur,7,7,RM-MDE,0.0009322999976575375,-24.683142595619923,0.06617453592880433
Astronaut,kapur,7,7,RM-MDE,0.021072199975606054,-26.39056657377457,0.001578385637573309
Astronaut,kapur,7,7,RM-MDE,0.05340459989383817,-26.40895829684658,0.0008825804228906034
Astronaut,kapur,7,7,RM-MDE,0.06092439987696707,-26.431296147029474,3.748327885454688e-05
Astronaut,kapur,7,7,RM-MDE,0.08413409988861531,-26.432286915810703,0.0
Astronaut,kapur,7,7,MS-LS-4S,0.006393499963451177,-26.390757041718988,0.0015711797554253128
Astronaut,kapur,7,7,MS-LS-4S,0.044248699967283756,-26.415214950661305,0.000645875447848082
Astronaut,kapur,7,7,MS-LS-4S,0.0881884999689646,-26.419276907661523,0.0004922013819923526
Astronaut,kapur,7,7,MS-LS-4S,0.2473815999692306,-26.42607055290384,0.00023518066850067916
Astronaut,kapur,7,7,MS-LS-4S,0.2787838999647647,-26.430745144543412,5.832909094101717e-05
Astronaut,kapur,7,7,MS-LS-conv,0.018512999988161027,-26.43163950367064,2.4493232164267294e-05
Astronaut,kapur,7,7,MS-LS-conv,0.0425796999479644,-26.432286915810703,0.0
Astronaut,kapur,7,8,RM-MDE,0.00093629996990785,-24.9447537520061,0.05627712685408321
Astronaut,kapur,7,8,RM-MDE,0.015076999960001558,-26.385704196074194,0.001762341634867982
Astronaut,kapur,7,8,RM-MDE,0.028398299997206777,-26.41122772035168,0.000796722414753583
Astronaut,kapur,7,8,RM-MDE,0.05271829996490851,-26.421446703904156,0.00041011252416692
Astronaut,kapur,7,8,RM-MDE,0.060172999917995185,-26.432286915810703,0.0
Astronaut,kapur,7,8,MS-LS-4S,0.006503299984615296,-26.366540894732026,0.002487337599205265
Astronaut,kapur,7,8,MS-LS-4S,0.01863880001474172,-26.375566954258222,0.002145859029645817
Astronaut,kapur,7,8,MS-LS-4S,0.043250399990938604,-26.398572777136845,0.0012754907958301394
Astronaut,kapur,7,8,MS-LS-4S,0.07409359997836873,-26.400111228837684,0.001217287292450403
Astronaut,kapur,7,8,MS-LS-4S,0.08698500000173226,-26.415935541854555,0.000618613667755223
Astronaut,kapur,7,8,MS-LS-4S,0.15220800001407042,-26.426182408485396,0.00023094889007338167
Astronaut,kapur,7,8,MS-LS-conv,0.02104040002450347,-26.43163950367064,2.4493232164267294e-05
Astronaut,kapur,7,8,MS-LS-conv,0.06577440002001822,-26.432286915810703,0.0
Astronaut,kapur,7,9,RM-MDE,0.0009043000172823668,-25.622431230723304,0.03063888068659609
Astronaut,kapur,7,9,RM-MDE,0.014861600007861853,-26.286452928354592,0.005517267118074423
Astronaut,kapur,7,9,RM-MDE,0.03030910005327314,-26.424724605978312,0.00028610123128874866
Astronaut,kapur,7,9,RM-MDE,0.07056159991770983,-26.43152986294839,2.8641216884610243e-05
Astronaut,kapur,7,9,RM-MDE,0.07943279988830909,-26.43163950367064,2.4493232164267294e-05
Astronaut,kapur,7,9,RM-MDE,0.09444119990803301,-26.432286915810703,0.0
Astronaut,kapur,7,9,MS-LS-4S,0.00654420000500977,-25.79495146896234,0.024112005475664573
Astronaut,kapur,7,9,MS-LS-4S,0.012936199957039207,-26.129037418071338,0.011472692419889482
Astronaut,kapur,7,9,MS-LS-4S,0.019409800006542355,-26.37834512850855,0.0020407536992150463
Astronaut,kapur,7,9,MS-LS-4S,0.03240999998524785,-26.42607055290384,0.00023518066850067916
Astronaut,kapur,7,9,MS-LS-4S,0.05192319996422157,-26.432263207192598,8.969567476587809e-07
Astronaut,kapur,7,9,MS-LS-conv,0.03127759997732937,-26.43163950367064,2.4493232164267294e-05
Astronaut,kapur,7,9,MS-LS-conv,0.06425309996120632,-26.432286915810703,0.0
Astronaut,kapur,8,0,RM-MDE,0.000986900005955249,-27.16435927750272,0.05489125637692046
Astronaut,kapur,8,0,RM-MDE,0.00878440000815317,-28.601664373709305,0.004884201183688686
Astronaut,kapur,8,0,RM-MDE,0.0318784000701271,-28.61958690397189,0.004260636317461697
Astronaut,kapur,8,0,RM-MDE,0.05234040005598217,-28.705856523306608,0.0012591235370810147
Astronaut,kapur,8,0,RM-MDE,0.05987500003539026,-28.73346194644275,0.0002986691964925725
Astronaut,kapur,8,0,RM-MDE,0.08260610001161695,-28.736106008836067,0.00020667635907341842
Astronaut,kapur,8,0,RM-MDE,0.11232650006422773,-28.7410899786851,3.327291398736386e-05
Astronaut,kapur,8,0,RM-MDE,0.12894170003710315,-28.742046310319804,0.0
Astronaut,kapur,8,0,MS-LS-4S,0.006336999998893589,-28.528484404127596,0.007430295807279687
Astronaut,kapur,8,0,MS-LS-4S,0.019082200014963746,-28.621341457901725,0.004199591466622201
Astronaut,kapur,8,0,MS-LS-4S,0.032015300006605685,-28.663436375082725,0.0027350152591207196
Astronaut,kapur,8,0,MS-LS-4S,0.03833309997571632,-28.696894376836433,0.001570936633943125
Astronaut,kapur,8,0,MS-LS-4S,0.15429500001482666,-28.735345924824337,0.00023312137984626602
Astronaut,kapur,8,0,MS-LS-conv,0.00928669999120757,-28.532912347684707,0.007276237759035521
Astronaut,kapur,8,0,MS-LS-conv,0.0231144999852404,-28.533520612143185,0.0072550748796806315
Astronaut,kapur,8,0,MS-LS-conv,0.037215900025330484,-28.63468793763064,0.003735237621220302
Astronaut,kapur,8,0,MS-LS-conv,0.07225790002848953,-28.736106008836067,0.00020667635907341842
Astronaut,kapur,8,0,MS-LS-conv,0.09751580003648996,-28.738042410191316,0.00013930463006214602
Astronaut,kapur,8,0,MS-LS-conv,0.16639470000518486,-28.741488077654473,1.9422161501770346e-05
Astronaut,kapur,8,1,RM-MDE,0.0009969999664463103,-26.745817990140807,0.06945324277284505
Astronaut,kapur,8,1,RM-MDE,0.02098999998997897,-28.54813832482321,0.006746492000013634
Astronaut,kapur,8,1,RM-MDE,0.02839939994737506,-28.72538982120863,0.0005795164662716974
Astronaut,kapur,8,1,RM-MDE,0.035966699942946434,-28.72840229505875,0.00047470577125036133
Astronaut,kapur,8,1,RM-MDE,0.06454279989702627,-28.735871425405865,0.00021483804066247197
Astronaut,kapur,8,1,RM-MDE,0.09680150001076981,-28.7419156820469,4.544849433898987e-06
Astronaut,kapur,8,1,RM-MDE,0.14549369999440387,-28.741920202711018,4.387565430247451e-06
Astronaut,kapur,8,1,RM-MDE,0.17247450008289889,-28.742046310319804,0.0
Astronaut,kapur,8,1,MS-LS-4S,0.0062948999693617225,-28.505703477907964,0.008222895122362281
Astronaut,kapur,8,1,MS-LS-4S,0.012399700004607439,-28.705368252927425,0.0012761115543540767
Astronaut,kapur,8,1,MS-LS-4S,0.03111809998517856,-28.739295186937863,9.571772838433109e-05
Astronaut,kapur,8,1,MS-LS-conv,0.013976700021885335,-28.532036559604435,0.007306708382832319
Astronaut,kapur,8,1,MS-LS-conv,0.038014299992937595,-28.738042410191316,0.00013930463006214602
Astronaut,kapur,8,1,MS-LS-conv,0.0806756999809295,-28.739295186937863,9.571772838433109e-05
Astronaut,kapur,8,2,RM-MDE,0.0009175000013783574,-27.40209305532503,0.046619967156397844
Astronaut,kapur,8,2,RM-MDE,0.009592199989128858,-28.723080254944136,0.0006598714361147515
Astronaut,kapur,8,2,RM-MDE,0.05375509994337335,-28.73735141131483,0.0001633460246457302
Astronaut,kapur,8,2,RM-MDE,0.08191499987151474,-28.738251616826734,0.000132025863854644
Astronaut,kapur,8,2,RM-MDE,0.11266349989455193,-28.742046310319804,0.0
Astronaut,kapur,8,2,MS-LS-4S,0.006177600007504225,-28.27964766223641,0.01608788195144511
Astronaut,kapur,8,2,MS-LS-4S,0.012092099990695715,-28.686335430022933,0.0019383059819532886
Astronaut,kapur,8,2,MS-LS-4S,0.05881179997231811,-28.728003189490526,0.0004885915455586751
Astronaut,kapur,8,2,MS-LS-4S,0.10261599998921156,-28.738042410191316,0.00013930463006214602
Astronaut,kapur,8,2,MS-LS-conv,0.030531800002790987,-28.63468793763064,0.003735237621220302
Astronaut,kapur,8,2,MS-LS-conv,0.05437010002788156,-28.738042410191316,0.00013930463006214602
Astronaut,kapur,8,2,MS-LS-conv,0.17798650002805516,-28.741488077654473,1.9422161501770346e-05
Astronaut,kapur,8,3,RM-MDE,0.00092889997176826,-27.273008737746583,0.05111109893542146
Astronaut,kapur,8,3,RM-MDE,0.008565899974200875,-28.461688849975463,0.009754262355484367
Astronaut,kapur,8,3,RM-MDE,0.02192029997240752,-28.504757410298804,0.00825581092797144
Astronaut,kapur,8,3,RM-MDE,0.02925239992327988,-28.70337339594338,0.0013455170852792772
Astronaut,kapur,8,3,RM-MDE,0.08334359986474738,-28.73838844092329,0.00012726544787450386
Astronaut,kapur,8,3,RM-MDE,0.10544859984656796,-28.73939878349999,9.211337255633984e-05
Astronaut,kapur,8,3,RM-MDE,0.13847459986573085,-28.740959350412197,3.7817763421262845e-05
Astronaut,kapur,8,3,RM-MDE,0.14291349990526214,-28.7419156820469,4.544849433898987e-06
Astronaut,kapur,8,3,RM-MDE,0.1846703999908641,-28.741920202711018,4.387565430247451e-06
Astronaut,kapur,8,3,RM-MDE,0.20360220008296892,-28.742046310319804,0.0
Astronaut,kapur,8,3,MS-LS-4S,0.006049000017810613,-28.247217402519777,0.017216203135208205
Astronaut,kapur,8,3,MS-LS-4S,0.012356300023384392,-28.53030818149241,0.007366842518494274
Astronaut,kapur,8,3,MS-LS-4S,0.01849350001430139,-28.561678024739688,0.006275415592638391
Astronaut,kapur,8,3,MS-LS-4S,0.02468480000970885,-28.736148972671383,0.00020518155126285988
Astronaut,kapur,8,3,MS-LS-4S,0.2017958000069484,-28.736513521835512,0.0001924980714509943
Astronaut,kapur,8,3,MS-LS-conv,0.033594599983189255,-28.63468793763064,0.003735237621220302
Astronaut,kapur,8,3,MS-LS-conv,0.07360979996155947,-28.7410899786851,3.327291398736386e-05
Astronaut,kapur,8,4,RM-MDE,0.0009200000204145908,-26.880241436649126,0.06477635077089827
Astronaut,kapur,8,4,RM-MDE,0.014460400037933141,-28.72904564395161,0.00045232222604570257
Astronaut,kapur,8,4,RM-MDE,0.06578130001435056,-28.739043342368124,0.00010447996357871981
Astronaut,kapur,8,4,RM-MDE,0.07705019996501505,-28.7410899786851,3.327291398736386e-05
Astronaut,kapur,8,4,RM-MDE,0.08305969997309148,-28.742046310319804,0.0
Astronaut,kapur,8,4,MS-LS-4S,0.006447900028433651,-28.502908512710604,0.00832013820544633
Astronaut,kapur,8,4,MS-LS-4S,0.02630130003672093,-28.704953219041055,0.0012905515104340488
Astronaut,kapur,8,4,MS-LS-4S,0.0648949000169523,-28.718223959242728,0.000828832812384777
Astronaut,kapur,8,4,MS-LS-4S,0.08362300001317635,-28.726211730844717,0.000550920393910892
Astronaut,kapur,8,4,MS-LS-4S,0.1362712000263855,-28.72672030065983,0.0005332261139134529
Astronaut,kapur,8,4,MS-LS-4S,0.18213490000925958,-28.7299438867321,0.00042107035306518663
Astronaut,kapur,8,4,MS-LS-conv,0.014016399974934757,-28.532036559604435,0.007306708382832319
Astronaut,kapur,8,4,MS-LS-conv,0.07680639997124672,-28.738042410191316,0.00013930463006214602
Astronaut,kapur,8,4,MS-LS-conv,0.18009159999201074,-28.740273840753282,6.166817586280025e-05
Astronaut,kapur,8,5,RM-MDE,0.0009352000197395682,-27.29659475437707,0.05029048872639747
Astronaut,kapur,8,5,RM-MDE,0.01573910005390644,-28.529369248093175,0.00739951010900247
Astronaut,kapur,8,5,RM-MDE,0.023293000063858926,-28.728266128880723,0.00047944329677506147
Astronaut,kapur,8,5,RM-MDE,0.04297880007652566,-28.73184289795085,0.0003549995104312418
Astronaut,kapur,8,5,RM-MDE,0.07537400012370199,-28.739043342368124,0.00010447996357871981
Astronaut,kapur,8,5,RM-MDE,0.09050410013878718,-28.73939878349999,9.211337255633984e-05
Astronaut,kapur,8,5,RM-MDE,0.12877610011491925,-28.740109636659408,6.738120311566912e-05
Astronaut,kapur,8,5,RM-MDE,0.1360312001197599,-28.7410899786851,3.327291398736386e-05
Astronaut,kapur,8,5,RM-MDE,0.14033260016003624,-28.742046310319804,0.0
Astronaut,kapur,8,5,MS-LS-4S,0.006399999954737723,-28.54935892315167,0.006704024657386727
Astronaut,kapur,8,5,MS-LS-4S,0.018915199965704232,-28.587660112245807,0.005371440725101214
Astronaut,kapur,8,5,MS-LS-4S,0.03749379998771474,-28.70694784774039,0.0012211539220438371
Astronaut,kapur,8,5,MS-LS-4S,0.04984970000805333,-28.71297341073005,0.0010115111247077256
Astronaut,kapur,8,5,MS-LS-4S,0.056162199995014817,-28.7406721502885,4.781009732110068e-05
Astronaut,kapur,8,5,MS-LS-conv,0.023043699970003217,-28.63468793763064,0.003735237621220302
Astronaut,kapur,8,5,MS-LS-conv,0.13108049996662885,-28.738042410191316,0.00013930463006214602
Astronaut,kapur,8,5,MS-LS-conv,0.15791840001475066,-28.740273840753282,6.166817586280025e-05
Astronaut,kapur,8,5,MS-LS-conv,0.16678799997316673,-28.74105030996737,3.46530772958848e-05
Astronaut,kapur,8,6,RM-MDE,0.0009440999710932374,-28.070345364290976,0.023369976471983297
Astronaut,kapur,8,6,RM-MDE,0.009601699945051223,-28.48664353859207,0.00888603299049143
Astronaut,kapur,8,6,RM-MDE,0.03809649992035702,-28.71069520629268,0.0010907749465238015
Astronaut,kapur,8,6,RM-MDE,0.06683489994611591,-28.740404469026185,5.712332642890126e-05
Astronaut,kapur,8,6,RM-MDE,0.1112525999196805,-28.741920202711018,4.387565430247451e-06
Astronaut,kapur,8,6,RM-MDE,0.11704789992654696,-28.742046310319804,0.0
Astronaut,kapur,8,6,MS-LS-4S,0.006365600042045116,-28.70814538372348,0.0011794889699329467
Astronaut,kapur,8,6,MS-LS-4S,0.051728300051763654,-28.740928291227004,3.8898381859427955e-05
Astronaut,kapur,8,6,MS-LS-4S,0.06438610004261136,-28.741057252392906,3.4411534802325797e-05
Astronaut,kapur,8,6,MS-LS-conv,0.013697100046556443,-28.738251616826734,0.000132025863854644
Astronaut,kapur,8,6,MS-LS-conv,0.12006950000068173,-28.741488077654473,1.9422161501770346e-05
Astronaut,kapur,8,7,RM-MDE,0.0009904999751597643,-27.614991566740667,0.039212752335398934
Astronaut,kapur,8,7,RM-MDE,0.015325999993365258,-28.530277017168814,0.00736792679493229
Astronaut,kapur,8,7,RM-MDE,0.022977499931585044,-28.71069520629268,0.0010907749465238015
Astronaut,kapur,8,7,RM-MDE,0.05623100005323067,-28.7410899786851,3.327291398736386e-05
Astronaut,kapur,8,7,RM-MDE,0.10632370004896075,-28.74120212260292,2.9371176560232137e-05
Astronaut,kapur,8,7,RM-MDE,0.14504059992032126,-28.741488077654473,1.9422161501770346e-05
Astronaut,kapur,8,7,RM-MDE,0.15249619988026097,-28.741920202711018,4.387565430247451e-06
Astronaut,kapur,8,7,RM-MDE,0.16105699981562793,-28.742046310319804,0.0
Astronaut,kapur,8,7,MS-LS-4S,0.006331400014460087,-28.495485105600203,0.008578415122484634
Astronaut,kapur,8,7,MS-LS-4S,0.012248600018210709,-28.580056487278164,0.005635987823994218
Astronaut,kapur,8,7,MS-LS-4S,0.024736099992878735,-28.70019583040128,0.0014560716890744307
Astronaut,kapur,8,7,MS-LS-4S,0.07415890000993386,-28.704295086819176,0.0013134494006807487
Astronaut,kapur,8,7,MS-LS-4S,0.12453069997718558,-28.729641010857563,0.0004316080813559504
Astronaut,kapur,8,7,MS-LS-conv,0.01430489995982498,-28.532036559604435,0.007306708382832319
Astronaut,kapur,8,7,MS-LS-conv,0.04518689995165914,-28.738042410191316,0.00013930463006214602
Astronaut,kapur,8,8,RM-MDE,0.000981000019237399,-27.205129983391636,0.0534727524385186
Astronaut,kapur,8,8,RM-MDE,0.010194900096394122,-28.722771747089006,0.0006706051135919896
Astronaut,kapur,8,8,RM-MDE,0.06165849999524653,-28.72977947382398,0.0004267906454321549
Astronaut,kapur,8,8,RM-MDE,0.08409250003751367,-28.737754458208048,0.00014932312283606126
Astronaut,kapur,8,8,RM-MDE,0.09160000004339963,-28.739043342368124,0.00010447996357871981
Astronaut,kapur,8,8,RM-MDE,0.11293530004331842,-28.739947274467742,7.30301464759801e-05
Astronaut,kapur,8,8,RM-MDE,0.13571729994146153,-28.741789574438116,8.932414864146438e-06
Astronaut,kapur,8,8,RM-MDE,0.14772139996057376,-28.742046310319804,0.0
Astronaut,kapur,8,8,MS-LS-4S,0.006525399978272617,-28.666932556397445,0.0026133753008180795
Astronaut,kapur,8,8,MS-LS-4S,0.0193052000249736,-28.70437336682816,0.0013107258642929785
Astronaut,kapur,8,8,MS-LS-4S,0.05636599997524172,-28.741096436048405,3.304824789241422e-05
Astronaut,kapur,8,8,MS-LS-4S,0.24672180000925437,-28.741355895619435,2.4021069791432988e-05
Astronaut,kapur,8,8,MS-LS-conv,0.014043700008187443,-28.739043342368124,0.00010447996357871981
Astronaut,kapur,8,8,MS-LS-conv,0.239483300014399,-28.742046310319804,0.0
Astronaut,kapur,8,9,RM-MDE,0.0009696999914012849,-26.98672823415482,0.061071437197383456
Astronaut,kapur,8,9,RM-MDE,0.015392899978905916,-28.73587166213733,0.0002148298042459039
Astronaut,kapur,8,9,RM-MDE,0.0782356999698095,-28.739043342368124,0.00010447996357871981
Astronaut,kapur,8,9,RM-MDE,0.1189974999288097,-28.7410899786851,3.327291398736386e-05
Astronaut,kapur,8,9,RM-MDE,0.13633959990693256,-28.742046310319804,0.0
Astronaut,kapur,8,9,MS-LS-4S,0.00685379997594282,-27.692822988605887,0.03650482329566057
Astronaut,kapur,8,9,MS-LS-4S,0.013379300013184547,-28.541072470170402,0.0069923288682908575
Astronaut,kapur,8,9,MS-LS-4S,0.03957319998880848,-28.592703518216915,0.005195969364549647
Astronaut,kapur,8,9,MS-LS-4S,0.04585819999920204,-28.73883428056444,0.00011175369076664061
Astronaut,kapur,8,9,MS-LS-conv,0.024551099981181324,-28.532036559604435,0.007306708382832319
Astronaut,kapur,8,9,MS-LS-conv,0.05243979999795556,-28.738042410191316,0.00013930463006214602
Astronaut,kapur,8,9,MS-LS-conv,0.13443450001068413,-28.739947274467742,7.30301464759801e-05
Astronaut,kapur,8,9,MS-LS-conv,0.14364929997827858,-28.740273840753282,6.166817586280025e-05
Astronaut,mcet,6,0,RM-MDE,0.0007945999968796968,-149350060.91219205,0.0005271819447079716
Astronaut,mcet,6,0,RM-MDE,0.009023599966894835,-149378551.56529218,0.00033651825720557813
Astronaut,mcet,6,0,RM-MDE,0.02120739995734766,-149404501.57866043,0.0001628569086174104
Astronaut,mcet,6,0,RM-MDE,0.027433799987193197,-149428177.74663618,4.4124715482515445e-06
Astronaut,mcet,6,0,RM-MDE,0.05039549997309223,-149428816.99609798,1.345190846025801e-07
Astronaut,mcet,6,0,RM-MDE,0.11073509993730113,-149428837.09712836,0.0
Astronaut,mcet,6,0,MS-LS-4S,0.005438799969851971,-149403255.78998852,0.00017119391167593655
Astronaut,mcet,6,0,MS-LS-4S,0.022313599998597056,-149428323.5450002,3.436767214029463e-06
Astronaut,mcet,6,0,MS-LS-4S,0.05577649996848777,-149428827.74424484,6.259088740456976e-08
Astronaut,mcet,6,0,MS-LS-conv,0.025445800041779876,-149428753.2807658,5.609115629088042e-07
Astronaut,mcet,6,0,MS-LS-conv,0.09247130004223436,-149428837.09712836,0.0
Astronaut,mcet,6,1,RM-MDE,0.0007894000154919922,-149234850.76641923,0.0012981853735704238
Astronaut,mcet,6,1,RM-MDE,0.012846400029957294,-149427241.95320243,1.06749403724409e-05
Astronaut,mcet,6,1,RM-MDE,0.04398439999204129,-149428816.99609798,1.345190846025801e-07
Astronaut,mcet,6,1,RM-MDE,0.11738690012134612,-149428837.09712836,0.0
Astronaut,mcet,6,1,MS-LS-4S,0.005695700005162507,-149398341.48292673,0.0002040811853592426
Astronaut,mcet,6,1,MS-LS-4S,0.011792600038461387,-149400380.48043698,0.00019043591079333645
Astronaut,mcet,6,1,MS-LS-4S,0.017169099999591708,-149428167.94178724,4.478087055469922e-06
Astronaut,mcet,6,1,MS-LS-4S,0.13271060003899038,-149428728.52181157,7.266021665964808e-07
Astronaut,mcet,6,1,MS-LS-conv,0.027777499984949827,-149428753.2807658,5.609115629088042e-07
Astronaut,mcet,6,2,RM-MDE,0.0007679000264033675,-149305399.83203077,0.0008260605348708857
Astronaut,mcet,6,2,RM-MDE,0.0023268000222742558,-149356153.75637326,0.00048640772535665945
Astronaut,mcet,6,2,RM-MDE,0.00889549998100847,-149403560.49326444,0.00016915479203987254
Astronaut,mcet,6,2,RM-MDE,0.01464099995791912,-149424038.36098272,3.211385592545443e-05
Astronaut,mcet,6,2,RM-MDE,0.03806269995402545,-149427318.54879,1.0162351309517195e-05
Astronaut,mcet,6,2,RM-MDE,0.07796059991233051,-149428728.52181157,7.266021665964808e-07
Astronaut,mcet,6,2,RM-MDE,0.08642749988939613,-149428837.09712836,0.0
Astronaut,mcet,6,2,MS-LS-4S,0.005386499979067594,-149405068.03946966,0.0001590660686414384
Astronaut,mcet,6,2,MS-LS-4S,0.010355299978982657,-149427920.46014416,6.13427101492782e-06
Astronaut,mcet,6,2,MS-LS-4S,0.06222600000910461,-149428625.60366502,1.4153457086730268e-06
Astronaut,mcet,6,2,MS-LS-4S,0.26929359999485314,-149428816.99609798,1.345190846025801e-07
Astronaut,mcet,6,2,MS-LS-conv,0.02443889999995008,-149428753.2807658,5.609115629088042e-07
Astronaut,mcet,6,2,MS-LS-conv,0.032679199997801334,-149428816.99609798,1.345190846025801e-07
Astronaut,mcet,6,2,MS-LS-conv,0.24751100002322346,-149428837.09712836,0.0
Astronaut,mcet,6,3,RM-MDE,0.0007450000266544521,-149336177.0332307,0.0006200949274432252
Astronaut,mcet,6,3,RM-MDE,0.007402400078717619,-149407156.65572855,0.0001450887380306685
Astronaut,mcet,6,3,RM-MDE,0.03108390001580119,-149410046.4202598,0.00012575000403934107
Astronaut,mcet,6,3,RM-MDE,0.04398760001640767,-149428665.4951867,1.1483857132837546e-06
Astronaut,mcet,6,3,RM-MDE,0.05556350003462285,-149428816.99609798,1.345190846025801e-07
Astronaut,mcet,6,3,RM-MDE,0.07351509999716654,-149428837.09712836,0.0
Astronaut,mcet,6,3,MS-LS-4S,0.005582000012509525,-149428665.4951867,1.1483857132837546e-06
Astronaut,mcet,6,3,MS-LS-conv,0.008796900045126677,-149428753.2807658,5.609115629088042e-07
Astronaut,mcet,6,4,RM-MDE,0.000762399984523654,-149282372.83708662,0.0009801606094715315
Astronaut,mcet,6,4,RM-MDE,0.02416480000829324,-149426699.2268704,1.430694569739615e-05
Astronaut,mcet,6,4,RM-MDE,0.030213999969419092,-149428500.47523904,2.252723743705459e-06
Astronaut,mcet,6,4,RM-MDE,0.049150099977850914,-149428665.4951867,1.1483857132837546e-06
Astronaut,mcet,6,4,RM-MDE,0.06813819997478276,-149428753.2807658,5.609115629088042e-07
Astronaut,mcet,6,4,RM-MDE,0.07436879997840151,-149428792.8353079,2.9620668490216676e-07
Astronaut,mcet,6,4,RM-MDE,0.08078919991385192,-149428816.99609798,1.345190846025801e-07
Astronaut,mcet,6,4,RM-MDE,0.10542389983311296,-149428837.09712836,0.0
Astronaut,mcet,6,4,MS-LS-4S,0.005903500015847385,-149392108.60737714,0.0002457925154523308
Astronaut,mcet,6,4,MS-LS-4S,0.02409660001285374,-149395529.4714522,0.00022289958433194002
Astronaut,mcet,6,4,MS-LS-4S,0.03000830003293231,-149408771.2348448,0.000134283734474323
Astronaut,mcet,6,4,MS-LS-4S,0.04700550000416115,-149428753.2807658,5.609115629088042e-07
Astronaut,mcet,6,4,MS-LS-conv,0.02909689996158704,-149428753.2807658,5.609115629088042e-07
Astronaut,mcet,6,5,RM-MDE,0.0007535999757237732,-149273019.01413915,0.0010427577836795618
Astronaut,mcet,6,5,RM-MDE,0.02265669999178499,-149428837.09712836,0.0
Astronaut,mcet,6,5,MS-LS-4S,0.006479400035459548,-149403560.49326444,0.00016915479203987254
Astronaut,mcet,6,5,MS-LS-4S,0.011667200014926493,-149427834.08523545,6.712304749201902e-06
Astronaut,mcet,6,5,MS-LS-4S,0.10618629999225959,-149428625.60366502,1.4153457086730268e-06
Astronaut,mcet,6,5,MS-LS-4S,0.12770380004076287,-149428753.2807658,5.609115629088042e-07
Astronaut,mcet,6,5,MS-LS-conv,0.02555030002258718,-149428753.2807658,5.609115629088042e-07
Astronaut,mcet,6,6,RM-MDE,0.0007903999648988247,-149217667.32012668,0.0014131795515775788
Astronaut,mcet,6,6,RM-MDE,0.008103399944957346,-149383695.76807806,0.0003020924871479844
Astronaut,mcet,6,6,RM-MDE,0.025542299903463572,-149409892.68610966,0.00012677881583449376
Astronaut,mcet,6,6,RM-MDE,0.032114099885802716,-149416325.98228207,8.372624112812284e-05
Astronaut,mcet,6,6,RM-MDE,0.038179999857675284,-149428688.18062276,9.965714014637417e-07
Astronaut,mcet,6,6,RM-MDE,0.06900559988571331,-149428837.09712836,0.0
Astronaut,mcet,6,6,MS-LS-4S,0.005582699959632009,-149406256.11993757,0.00015111525746610064
Astronaut,mcet,6,6,MS-LS-4S,0.021845399984158576,-149407518.65463954,0.00014266618748402912
Astronaut,mcet,6,6,MS-LS-4S,0.054965099960099906,-149428837.09712836,0.0
Astronaut,mcet,6,6,MS-LS-conv,0.02276199997868389,-149428753.2807658,5.609115629088042e-07
Astronaut,mcet,6,6,MS-LS-conv,0.23678799998015165,-149428837.09712836,0.0
Astronaut,mcet,6,7,RM-MDE,0.0007722000009380281,-149258184.20367226,0.0011420345414665677
Astronaut,mcet,6,7,RM-MDE,0.013020800019148737,-149403560.49326444,0.00016915479203987254
Astronaut,mcet,6,7,RM-MDE,0.04330770001979545,-149424797.44799787,2.7033932733262463e-05
Astronaut,mcet,6,7,RM-MDE,0.049755799991544336,-149427318.54879,1.0162351309517195e-05
Astronaut,mcet,6,7,RM-MDE,0.0696319000562653,-149428837.09712836,0.0
Astronaut,mcet,6,7,MS-LS-4S,0.006209800019860268,-149382532.68791768,0.0003098759925474369
Astronaut,mcet,6,7,MS-LS-4S,0.011422000010497868,-149404501.57866043,0.0001628569086174104
Astronaut,mcet,6,7,MS-LS-4S,0.022258499986492097,-149414042.66874716,9.900651486425116e-05
Astronaut,mcet,6,7,MS-LS-4S,0.03229730000020936,-149427920.46014416,6.13427101492782e-06
Astronaut,mcet,6,7,MS-LS-4S,0.09297950001200661,-149428503.8418328,2.2301939976823214e-06
Astronaut,mcet,6,7,MS-LS-4S,0.14888170000631362,-149428625.60366502,1.4153457086730268e-06
Astronaut,mcet,6,7,MS-LS-4S,0.2353727999725379,-149428816.99609798,1.345190846025801e-07
Astronaut,mcet,6,7,MS-LS-4S,0.24021339998580515,-149428837.09712836,0.0
Astronaut,mcet,6,7,MS-LS-conv,0.02990180003689602,-149428753.2807658,5.609115629088042e-07
Astronaut,mcet,6,7,MS-LS-conv,0.1293813000083901,-149428816.99609798,1.345190846025801e-07
Astronaut,mcet,6,8,RM-MDE,0.0007278999546542764,-149291991.37696618,0.0009157919101868783
Astronaut,mcet,6,8,RM-MDE,0.0019501999486237764,-149345537.3566435,0.0005574542511544736
Astronaut,mcet,6,8,RM-MDE,0.009186899929773062,-149424038.36098272,3.211385592545443e-05
Astronaut,mcet,6,8,RM-MDE,0.02201959991361946,-149428087.74808943,5.014755207133628e-06
Astronaut,mcet,6,8,RM-MDE,0.033692299912218004,-149428665.4951867,1.1483857132837546e-06
Astronaut,mcet,6,8,RM-MDE,0.06124009995255619,-149428816.99609798,1.345190846025801e-07
Astronaut,mcet,6,8,RM-MDE,0.08313739986624569,-149428837.09712836,0.0
Astronaut,mcet,6,8,MS-LS-4S,0.005813100025989115,-149386045.7332156,0.0002863661709750638
Astronaut,mcet,6,8,MS-LS-4S,0.010629400028847158,-149421019.15221038,5.231885002822589e-05
Astronaut,mcet,6,8,MS-LS-4S,0.01587539998581633,-149428087.74808943,5.014755207133628e-06
Astronaut,mcet,6,8,MS-LS-4S,0.052833200024906546,-149428177.74663618,4.4124715482515445e-06
Astronaut,mcet,6,8,MS-LS-4S,0.11215489997994155,-149428753.2807658,5.609115629088042e-07
Astronaut,mcet,6,8,MS-LS-4S,0.15536380000412464,-149428827.74424484,6.259088740456976e-08
Astronaut,mcet,6,8,MS-LS-conv,0.02859060000628233,-149428753.2807658,5.609115629088042e-07
Astronaut,mcet,6,8,MS-LS-conv,0.04067269997904077,-149428816.99609798,1.345190846025801e-07
Astronaut,mcet,6,9,RM-MDE,0.0007988999714143574,-149371046.49086344,0.00038674333139161954
Astronaut,mcet,6,9,RM-MDE,0.012412699987180531,-149427309.2827056,1.0224361324336334e-05
Astronaut,mcet,6,9,RM-MDE,0.01865629997337237,-149428837.09712836,0.0
Astronaut,mcet,6,9,MS-LS-4S,0.006216799956746399,-149366037.3278251,0.00042026539537641283
Astronaut,mcet,6,9,MS-LS-4S,0.011622599966358393,-149398341.48292673,0.0002040811853592426
Astronaut,mcet,6,9,MS-LS-4S,0.03470999997807667,-149409278.9362645,0.00013088612107155454
Astronaut,mcet,6,9,MS-LS-4S,0.04000929999165237,-149428503.8418328,2.2301939976823214e-06
Astronaut,mcet,6,9,MS-LS-4S,0.056023099983576685,-149428753.2807658,5.609115629088042e-07
Astronaut,mcet,6,9,MS-LS-conv,0.030711400031577796,-149428753.2807658,5.609115629088042e-07
Astronaut,mcet,7,0,RM-MDE,0.0008326999959535897,-149416975.9283747,0.00036104013371743987
Astronaut,mcet,7,0,RM-MDE,0.007805999950505793,-149421059.12083083,0.00033372249973097443
Astronaut,mcet,7,0,RM-MDE,0.01485009997850284,-149422985.47428897,0.00032083468725008674
Astronaut,mcet,7,0,RM-MDE,0.03374499996425584,-149470926.61332852,9.58283183555454e-08
Astronaut,mcet,7,0,RM-MDE,0.08114960009697825,-149470940.93687743,0.0
Astronaut,mcet,7,0,MS-LS-4S,0.005713899969123304,-149453542.2231024,0.00011640198199050818
Astronaut,mcet,7,0,MS-LS-4S,0.017149999970570207,-149464797.8625495,4.109878675688653e-05
Astronaut,mcet,7,0,MS-LS-4S,0.04007589997490868,-149468330.56107783,1.7464102274559767e-05
Astronaut,mcet,7,0,MS-LS-4S,0.10427339997841045,-149470926.61332852,9.58283183555454e-08
Astronaut,mcet,7,0,MS-LS-conv,0.014905899995937943,-149470759.3594945,1.2148005611261514e-06
Astronaut,mcet,7,0,MS-LS-conv,0.14968000003136694,-149470940.93687743,0.0
Astronaut,mcet,7,1,RM-MDE,0.000825099996291101,-149370008.1163777,0.0006752671781356002
Astronaut,mcet,7,1,RM-MDE,0.00869260000763461,-149390442.22551632,0.0005385576009393381
Astronaut,mcet,7,1,RM-MDE,0.016283299948554486,-149470599.70717055,2.2829166976846293e-06
Astronaut,mcet,7,1,RM-MDE,0.028581299993675202,-149470926.61332852,9.58283183555454e-08
Astronaut,mcet,7,1,RM-MDE,0.11085490009281784,-149470940.93687743,0.0
Astronaut,mcet,7,1,MS-LS-4S,0.005749200005084276,-149419722.3140133,0.00034266608976360913
Astronaut,mcet,7,1,MS-LS-4S,0.011090199986938387,-149432038.29182664,0.0002602689513222689
Astronaut,mcet,7,1,MS-LS-4S,0.016219999990426004,-149468191.06640753,1.8397358393958825e-05
Astronaut,mcet,7,1,MS-LS-4S,0.08916779997525737,-149469372.21372518,1.0495171452172323e-05
Astronaut,mcet,7,1,MS-LS-4S,0.10533210000721738,-149470570.81198683,2.4762330943777272e-06
Astronaut,mcet,7,1,MS-LS-4S,0.19941780000226572,-149470870.0614952,4.7417499194519535e-07
Astronaut,mcet,7,1,MS-LS-conv,0.02398410002933815,-149470759.3594945,1.2148005611261514e-06
Astronaut,mcet,7,1,MS-LS-conv,0.05396330001531169,-149470940.93687743,0.0
Astronaut,mcet,7,2,RM-MDE,0.0007754999678581953,-149365773.38983622,0.0007035986151021857
Astronaut,mcet,7,2,RM-MDE,0.007975199958309531,-149425773.5581953,0.00030218167089221055
Astronaut,mcet,7,2,RM-MDE,0.01974649995099753,-149470940.93687743,0.0
Astronaut,mcet,7,2,MS-LS-4S,0.005807699984870851,-149469312.23969418,1.0896413530568397e-05
Astronaut,mcet,7,2,MS-LS-4S,0.011017599957995117,-149470770.2075236,1.1422243865275277e-06
Astronaut,mcet,7,2,MS-LS-conv,0.009166200004983693,-149470759.3594945,1.2148005611261514e-06
Astronaut,mcet,7,2,MS-LS-conv,0.01680740003939718,-149470917.57964268,1.5626605813688992e-07
Astronaut,mcet,7,2,MS-LS-conv,0.20163440000033006,-149470940.93687743,0.0
Astronaut,mcet,7,3,RM-MDE,0.0007898000185377896,-149373555.12638736,0.0006515367460702508
Astronaut,mcet,7,3,RM-MDE,0.024383799987845123,-149470926.61332852,9.58283183555454e-08
Astronaut,mcet,7,3,RM-MDE,0.06041520001599565,-149470940.93687743,0.0
Astronaut,mcet,7,3,MS-LS-4S,0.005293100024573505,-149470926.61332852,9.58283183555454e-08
Astronaut,mcet,7,3,MS-LS-4S,0.2739358000108041,-149470940.93687743,0.0
Astronaut,mcet,7,3,MS-LS-conv,0.006405399995855987,-149470926.61332852,9.58283183555454e-08
Astronaut,mcet,7,3,MS-LS-conv,0.3230885000084527,-149470940.93687743,0.0
Astronaut,mcet,7,4,RM-MDE,0.0007954000029712915,-149318796.41498977,0.0010178869613988158
Astronaut,mcet,7,4,RM-MDE,0.0020551999914459884,-149363968.21582192,0.0007156757051571847
Astronaut,mcet,7,4,RM-MDE,0.015235900005791336,-149432577.01854777,0.0002566647275329421
Astronaut,mcet,7,4,RM-MDE,0.027029899996705353,-149439239.58373755,0.00021209040995644104
Astronaut,mcet,7,4,RM-MDE,0.033413900004234165,-149470770.2075236,1.1422243865275277e-06
Astronaut,mcet,7,4,RM-MDE,0.05222260003210977,-149470940.93687743,0.0
Astronaut,mcet,7,4,MS-LS-4S,0.006056100013665855,-149416893.12036347,0.00036159414114332996
Astronaut,mcet,7,4,MS-LS-4S,0.01201130001572892,-149421059.12083083,0.00033372249973097443
Astronaut,mcet,7,4,MS-LS-4S,0.024353700049687177,-149425773.5581953,0.00030218167089221055
Astronaut,mcet,7,4,MS-LS-4S,0.02986780001083389,-149435639.77860677,0.00023617405530058832
Astronaut,mcet,7,4,MS-LS-4S,0.041333000001031905,-149462475.25045213,5.6637674000283225e-05
Astronaut,mcet,7,4,MS-LS-4S,0.06393230002140626,-149470940.93687743,0.0
Astronaut,mcet,7,4,MS-LS-conv,0.024185999995097518,-149470759.3594945,1.2148005611261514e-06
Astronaut,mcet,7,4,MS-LS-conv,0.22259689995553344,-149470940.93687743,0.0
Astronaut,mcet,7,5,RM-MDE,0.0008054000209085643,-149327404.68105835,0.0009602953919966194
Astronaut,mcet,7,5,RM-MDE,0.007419800036586821,-149449073.67410594,0.00014629775282355335
Astronaut,mcet,7,5,RM-MDE,0.025420800026040524,-149466605.77472216,2.9003377700695308e-05
Astronaut,mcet,7,5,RM-MDE,0.03204120002919808,-149467903.7972478,2.0319264805557347e-05
Astronaut,mcet,7,5,RM-MDE,0.05416070006322116,-149470759.3594945,1.2148005611261514e-06
Astronaut,mcet,7,5,RM-MDE,0.08066970010986552,-149470940.93687743,0.0
Astronaut,mcet,7,5,MS-LS-4S,0.0055543999769724905,-149455668.0181052,0.0001021798529967806
Astronaut,mcet,7,5,MS-LS-4S,0.011326199979521334,-149457246.77087817,9.161758073796205e-05
Astronaut,mcet,7,5,MS-LS-4S,0.028312699985690415,-149469312.23969418,1.0896413530568397e-05
Astronaut,mcet,7,5,MS-LS-4S,0.0392730999737978,-149470817.52675766,8.256462359735483e-07
Astronaut,mcet,7,5,MS-LS-4S,0.13052720000268891,-149470926.61332852,9.58283183555454e-08
Astronaut,mcet,7,5,MS-LS-conv,0.013530500000342727,-149470759.3594945,1.2148005611261514e-06
Astronaut,mcet,7,5,MS-LS-conv,0.10680989996762946,-149470940.93687743,0.0
Astronaut,mcet,7,6,RM-MDE,0.0007964000105857849,-149347179.15244293,0.00082799896527555
Astronaut,mcet,7,6,RM-MDE,0.007592900015879422,-149430064.78529406,0.0002734722303021817
Astronaut,mcet,7,6,RM-MDE,0.015385799983050674,-149466008.9519358,3.299627948227318e-05
Astronaut,mcet,7,6,RM-MDE,0.044403200037777424,-149470926.61332852,9.58283183555454e-08
Astronaut,mcet,7,6,RM-MDE,0.05879490001825616,-149470940.93687743,0.0
Astronaut,mcet,7,6,MS-LS-4S,0.006287400028668344,-149431615.67930976,0.0002630963404738399
Astronaut,mcet,7,6,MS-LS-4S,0.011711800005286932,-149460172.2603873,7.204528467293e-05
Astronaut,mcet,7,6,MS-LS-4S,0.023121200036257505,-149463881.89965245,4.722682001419451e-05
Astronaut,mcet,7,6,MS-LS-4S,0.02854780002962798,-149466116.71470422,3.2275318151982866e-05
Astronaut,mcet,7,6,MS-LS-4S,0.0864659000071697,-149467291.7239161,2.4414196755857687e-05
Astronaut,mcet,7,6,MS-LS-4S,0.12621100002434105,-149470940.93687743,0.0
Astronaut,mcet,7,6,MS-LS-conv,0.018948000040836632,-149470759.3594945,1.2148005611261514e-06
Astronaut,mcet,7,7,RM-MDE,0.0008836999768391252,-149351587.92039564,0.0007985031453852327
Astronaut,mcet,7,7,RM-MDE,0.007380699971690774,-149451221.70181835,0.00013192688114146595
Astronaut,mcet,7,7,RM-MDE,0.025354799930937588,-149460172.2603873,7.204528467293e-05
Astronaut,mcet,7,7,RM-MDE,0.0552757999394089,-149470863.8274389,5.158824722399731e-07
Astronaut,mcet,7,7,RM-MDE,0.06660239992197603,-149470940.93687743,0.0
Astronaut,mcet,7,7,MS-LS-4S,0.00585830002091825,-149424202.28626207,0.0003126938943610608
Astronaut,mcet,7,7,MS-LS-4S,0.011388399987481534,-149458953.0906901,8.020185135775575e-05
Astronaut,mcet,7,7,MS-LS-4S,0.02303290000418201,-149470599.70717055,2.2829166976846293e-06
Astronaut,mcet,7,7,MS-LS-4S,0.04484390001744032,-149470926.61332852,9.58283183555454e-08
Astronaut,mcet,7,7,MS-LS-4S,0.20708170003490523,-149470940.93687743,0.0
Astronaut,mcet,7,7,MS-LS-conv,0.02268200000980869,-149470759.3594945,1.2148005611261514e-06
Astronaut,mcet,7,7,MS-LS-conv,0.0757910999818705,-149470917.57964268,1.5626605813688992e-07
Astronaut,mcet,7,7,MS-LS-conv,0.11263569997390732,-149470926.61332852,9.58283183555454e-08
Astronaut,mcet,7,7,MS-LS-conv,0.14705079997656867,-149470940.93687743,0.0
Astronaut,mcet,7,8,RM-MDE,0.0008147000335156918,-149389180.3652114,0.0005469997790444104
Astronaut,mcet,7,8,RM-MDE,0.012597000051755458,-149470752.9538113,1.2576562705990584e-06
Astronaut,mcet,7,8,RM-MDE,0.024770400021225214,-149470940.93687743,0.0
Astronaut,mcet,7,8,MS-LS-4S,0.005652899970300496,-149424202.28626207,0.0003126938943610608
Astronaut,mcet,7,8,MS-LS-4S,0.01021699997363612,-149442431.6341439,0.00019073475121549012
Astronaut,mcet,7,8,MS-LS-4S,0.020968800003174692,-149447085.80546477,0.0001595971180962144
Astronaut,mcet,7,8,MS-LS-4S,0.025922899949364364,-149469649.0721667,8.642915489934303e-06
Astronaut,mcet,7,8,MS-LS-4S,0.057981699996162206,-149470746.11246604,1.3034266739144135e-06
Astronaut,mcet,7,8,MS-LS-conv,0.02251600002637133,-149470759.3594945,1.2148005611261514e-06
Astronaut,mcet,7,8,MS-LS-conv,0.042816300003323704,-149470940.93687743,0.0
Astronaut,mcet,7,9,RM-MDE,0.0008390000439248979,-149402525.7810346,0.0004577154289256321
Astronaut,mcet,7,9,RM-MDE,0.015064900042489171,-149462231.86575827,5.826598176589628e-05
Astronaut,mcet,7,9,RM-MDE,0.0213468000292778,-149467315.79253733,2.4253171334679876e-05
Astronaut,mcet,7,9,RM-MDE,0.033944400027394295,-149470759.3594945,1.2148005611261514e-06
Astronaut,mcet,7,9,RM-MDE,0.06321499991463497,-149470917.57964268,1.5626605813688992e-07
Astronaut,mcet,7,9,RM-MDE,0.08414920000359416,-149470940.93687743,0.0
Astronaut,mcet,7,9,MS-LS-4S,0.006357400037813932,-149383377.1551801,0.0005858247840582714
Astronaut,mcet,7,9,MS-LS-4S,0.011739300040062517,-149465083.44371432,3.918817347635808e-05
Astronaut,mcet,7,9,MS-LS-4S,0.03519590001087636,-149468529.4961386,1.6133174272619034e-05
Astronaut,mcet,7,9,MS-LS-4S,0.0572505000163801,-149470730.04011717,1.4109549249720816e-06
Astronaut,mcet,7,9,MS-LS-4S,0.1088358000270091,-149470759.3594945,1.2148005611261514e-06
Astronaut,mcet,7,9,MS-LS-4S,0.11395010002888739,-149470817.52675766,8.256462359735483e-07
Astronaut,mcet,7,9,MS-LS-4S,0.2169869000208564,-149470870.0614952,4.7417499194519535e-07
Astronaut,mcet,7,9,MS-LS-conv,0.0265089999884367,-149470759.3594945,1.2148005611261514e-06
Astronaut,mcet,7,9,MS-LS-conv,0.12121379998279735,-149470940.93687743,0.0
Astronaut,mcet,8,0,RM-MDE,0.000930400041397661,-149431831.26576307,0.00041252159397654834
Astronaut,mcet,8,0,RM-MDE,0.007921700016595423,-149491568.29936647,1.2925401644001897e-05
Astronaut,mcet,8,0,RM-MDE,0.016009399958420545,-149492615.65794837,5.919354036869402e-06
Astronaut,mcet,8,0,RM-MDE,0.022528199944645166,-149493322.61231574,1.1903566911156416e-06
Astronaut,mcet,8,0,RM-MDE,0.09142189990961924,-149493500.56290442,0.0
Astronaut,mcet,8,0,MS-LS-4S,0.005857800017111003,-149480746.0401797,8.531824244326235e-05
Astronaut,mcet,8,0,MS-LS-4S,0.017345500004012138,-149492288.0015298,8.11113105278096e-06
Astronaut,mcet,8,0,MS-LS-4S,0.04582030000165105,-149493070.98153526,2.8735789017185066e-06
Astronaut,mcet,8,0,MS-LS-4S,0.15723170002456754,-149493208.28375545,1.9551294729571717e-06
Astronaut,mcet,8,0,MS-LS-conv,0.013830499956384301,-149492710.84560105,5.2826196482914574e-06
Astronaut,mcet,8,0,MS-LS-conv,0.10351509996689856,-149493302.30500883,1.326197425589423e-06
Astronaut,mcet,8,1,RM-MDE,0.000887200003489852,-149291416.88402802,0.0013517890618352769
Astronaut,mcet,8,1,RM-MDE,0.019365300016943365,-149492740.68325448,5.083028005069745e-06
Astronaut,mcet,8,1,RM-MDE,0.04787500004749745,-149493443.12788296,3.841974483425023e-07
Astronaut,mcet,8,1,RM-MDE,0.08174170006532222,-149493482.72039393,1.1935308508012184e-07
Astronaut,mcet,8,1,RM-MDE,0.10583450016565621,-149493493.383613,4.802410405872153e-08
Astronaut,mcet,8,1,RM-MDE,0.1262947001378052,-149493500.56290442,0.0
Astronaut,mcet,8,1,MS-LS-4S,0.006053999997675419,-149468761.34924465,0.00016548688449069716
Astronaut,mcet,8,1,MS-LS-4S,0.011640699987765402,-149483680.1208034,6.569143182849786e-05
Astronaut,mcet,8,1,MS-LS-4S,0.01737739995587617,-149491859.84788278,1.0975159558523257e-05
Astronaut,mcet,8,1,MS-LS-4S,0.10394969995832071,-149492400.03236693,7.361728324924675e-06
Astronaut,mcet,8,1,MS-LS-4S,0.1441173999919556,-149492649.7746725,5.691138602719904e-06
Astronaut,mcet,8,1,MS-LS-4S,0.21593349997419864,-149492959.67091185,3.6181639371095682e-06
Astronaut,mcet,8,1,MS-LS-conv,0.015704500023275614,-149492710.84560105,5.2826196482914574e-06
Astronaut,mcet,8,1,MS-LS-conv,0.1920096999965608,-149493302.30500883,1.326197425589423e-06
Astronaut,mcet,8,2,RM-MDE,0.0008668000227771699,-149401658.5984267,0.0006143542303303834
Astronaut,mcet,8,2,RM-MDE,0.002292000048328191,-149464122.7431108,0.00019651569923101814
Astronaut,mcet,8,2,RM-MDE,0.014837400056421757,-149492605.73379764,5.9857392020957925e-06
Astronaut,mcet,8,2,RM-MDE,0.027582000009715557,-149492838.38902014,4.429449319062159e-06
Astronaut,mcet,8,2,RM-MDE,0.03535720001673326,-149493208.28375545,1.9551294729571717e-06
Astronaut,mcet,8,2,RM-MDE,0.06060100009199232,-149493278.9416446,1.4824809036783894e-06
Astronaut,mcet,8,2,RM-MDE,0.08571710018441081,-149493442.98067987,3.851821271897593e-07
Astronaut,mcet,8,2,RM-MDE,0.10998160019516945,-149493443.12788296,3.841974483425023e-07
Astronaut,mcet,8,2,RM-MDE,0.12581910012522712,-149493494.03456068,4.3669749604788846e-08
Astronaut,mcet,8,2,RM-MDE,0.1437695001368411,-149493500.56290442,0.0
Astronaut,mcet,8,2,MS-LS-4S,0.0052399999694898725,-149492314.45291433,7.934191022512287e-06
Astronaut,mcet,8,2,MS-LS-4S,0.04553110001143068,-149493367.11081368,8.926949348145701e-07
Astronaut,mcet,8,2,MS-LS-conv,0.011686699988786131,-149493371.85421103,8.6096514497609e-07
Astronaut,mcet,8,2,MS-LS-conv,0.1193339999881573,-149493440.82153797,3.996251758174599e-07
Astronaut,mcet,8,3,RM-MDE,0.0008322999929077923,-149349487.3083497,0.0009633412423446484
Astronaut,mcet,8,3,RM-MDE,0.0077046999940648675,-149492615.65794837,5.919354036869402e-06
Astronaut,mcet,8,3,RM-MDE,0.02485809999052435,-149492967.05323493,3.5687817027083118e-06
Astronaut,mcet,8,3,RM-MDE,0.0686435999814421,-149493086.4544574,2.7700765950091283e-06
Astronaut,mcet,8,3,RM-MDE,0.08379190001869574,-149493442.98067987,3.851821271897593e-07
Astronaut,mcet,8,3,RM-MDE,0.10565429995767772,-149493494.03456068,4.3669749604788846e-08
Astronaut,mcet,8,3,RM-MDE,0.13130669994279742,-149493497.55096656,2.014761742372084e-08
Astronaut,mcet,8,3,RM-MDE,0.14525139989564195,-149493500.56290442,0.0
Astronaut,mcet,8,3,MS-LS-4S,0.005128999997396022,-149493406.97822124,6.260117184189987e-07
Astronaut,mcet,8,3,MS-LS-4S,0.10057810001308098,-149493424.73239958,5.072495095045534e-07
Astronaut,mcet,8,3,MS-LS-conv,0.0062253999640233815,-149493406.97822124,6.260117184189987e-07
Astronaut,mcet,8,3,MS-LS-conv,0.23050569999031723,-149493443.12788296,3.841974483425023e-07
Astronaut,mcet,8,3,MS-LS-conv,0.2380418999819085,-149493493.383613,4.802410405872153e-08
Astronaut,mcet,8,4,RM-MDE,0.0008456999785266817,-149347103.75818288,0.0009792854148862001
Astronaut,mcet,8,4,RM-MDE,0.0153330999892205,-149491824.13723046,1.1214037183216717e-05
Astronaut,mcet,8,4,RM-MDE,0.02310880000004545,-149492482.80745506,6.808024733666557e-06
Astronaut,mcet,8,4,RM-MDE,0.047542500018607825,-149493447.06921977,3.5783284522766395e-07
Astronaut,mcet,8,4,RM-MDE,0.12630050006555393,-149493465.65748537,2.3349121480341252e-07
Astronaut,mcet,8,4,RM-MDE,0.13543390011182055,-149493500.56290442,0.0
Astronaut,mcet,8,4,MS-LS-4S,0.005875699978787452,-149443769.9263766,0.0003326608604424289
Astronaut,mcet,8,4,MS-LS-4S,0.024079299997538328,-149476662.91479388,0.00011263130535533694
Astronaut,mcet,8,4,MS-LS-4S,0.03571859997464344,-149492088.26403224,9.447225911862037e-06
Astronaut,mcet,8,4,MS-LS-4S,0.08086229994660243,-149492277.4300089,8.181846641651126e-06
Astronaut,mcet,8,4,MS-LS-4S,0.14068509999196976,-149492615.65794837,5.919354036869402e-06
Astronaut,mcet,8,4,MS-LS-4S,0.1942772999755107,-149492685.36946183,5.4530360150344065e-06
Astronaut,mcet,8,4,MS-LS-conv,0.018507200002204627,-149492710.84560105,5.2826196482914574e-06
Astronaut,mcet,8,4,MS-LS-conv,0.18299090000800788,-149492754.4372301,4.9910241682606724e-06
Astronaut,mcet,8,5,RM-MDE,0.0008883000118657947,-149352023.2392793,0.0009463777561726584
Astronaut,mcet,8,5,RM-MDE,0.007648200029507279,-149491185.69429293,1.5484744171273902e-05
Astronaut,mcet,8,5,RM-MDE,0.020015700021758676,-149492613.85831448,5.931392245109988e-06
Astronaut,mcet,8,5,RM-MDE,0.06637150014284998,-149492727.56441164,5.170783277310992e-06
Astronaut,mcet,8,5,RM-MDE,0.07717560016317293,-149492781.98165125,4.806772538372663e-06
Astronaut,mcet,8,5,RM-MDE,0.07960330019704998,-149492823.05689803,4.532009778610896e-06
Astronaut,mcet,8,5,RM-MDE,0.08082630019634962,-149492853.69541776,4.32706093723132e-06
Astronaut,mcet,8,5,RM-MDE,0.09366100025363266,-149493371.85421103,8.6096514497609e-07
Astronaut,mcet,8,5,RM-MDE,0.10112390026915818,-149493494.03456068,4.3669749604788846e-08
Astronaut,mcet,8,5,RM-MDE,0.106266500253696,-149493500.56290442,0.0
Astronaut,mcet,8,5,MS-LS-4S,0.005427299998700619,-149492637.88249102,5.770688425562452e-06
Astronaut,mcet,8,5,MS-LS-4S,0.01713319995906204,-149492754.4372301,4.9910241682606724e-06
Astronaut,mcet,8,5,MS-LS-4S,0.0799111999804154,-149493493.383613,4.802410405872153e-08
Astronaut,mcet,8,5,MS-LS-conv,0.008930800016969442,-149492701.43030345,5.345600965620935e-06
Astronaut,mcet,8,5,MS-LS-conv,0.03138770000077784,-149492710.84560105,5.2826196482914574e-06
Astronaut,mcet,8,5,MS-LS-conv,0.03797030000714585,-149492754.4372301,4.9910241682606724e-06
Astronaut,mcet,8,6,RM-MDE,0.0008254999993368983,-149390601.93827596,0.0006883150387207395
Astronaut,mcet,8,6,RM-MDE,0.0075376000022515655,-149492710.84560105,5.2826196482914574e-06
Astronaut,mcet,8,6,RM-MDE,0.05282540002372116,-149493102.80632144,2.6606948227024633e-06
Astronaut,mcet,8,6,RM-MDE,0.0713306000106968,-149493283.9756056,1.4488074598222793e-06
Astronaut,mcet,8,6,RM-MDE,0.08556930004851893,-149493414.6378973,5.74774199422254e-07
Astronaut,mcet,8,6,RM-MDE,0.10131850006291643,-149493480.8164317,1.3208917205081094e-07
Astronaut,mcet,8,6,RM-MDE,0.14285230019595474,-149493500.56290442,0.0
Astronaut,mcet,8,6,MS-LS-4S,0.005674999963957816,-149488905.07075682,3.074041433434079e-05
Astronaut,mcet,8,6,MS-LS-4S,0.01664259994868189,-149493430.42131722,4.69194894317604e-07
Astronaut,mcet,8,6,MS-LS-conv,0.00986300001386553,-149492710.84560105,5.2826196482914574e-06
Astronaut,mcet,8,6,MS-LS-conv,0.03503850003471598,-149493430.42131722,4.69194894317604e-07
Astronaut,mcet,8,7,RM-MDE,0.0008288000244647264,-149396452.37304664,0.0006491799943967774
Astronaut,mcet,8,7,RM-MDE,0.0020922000403515995,-149396940.8799183,0.0006459122478403649
Astronaut,mcet,8,7,RM-MDE,0.014775300049223006,-149490399.501345,2.0743788510752194e-05
Astronaut,mcet,8,7,RM-MDE,0.03786150005180389,-149492710.84560105,5.2826196482914574e-06
Astronaut,mcet,8,7,RM-MDE,0.09556010010419413,-149492740.68325448,5.083028005069745e-06
Astronaut,mcet,8,7,RM-MDE,0.10579170007258654,-149492754.4372301,4.9910241682606724e-06
Astronaut,mcet,8,7,MS-LS-4S,0.0058939000009559095,-149435267.9652321,0.00038953263822871103
Astronaut,mcet,8,7,MS-LS-4S,0.01133129996014759,-149488461.33285773,3.370868986086178e-05
Astronaut,mcet,8,7,MS-LS-4S,0.02795019996119663,-149489422.59376478,2.727857147153779e-05
Astronaut,mcet,8,7,MS-LS-4S,0.03899119998095557,-149493371.85421103,8.6096514497609e-07
Astronaut,mcet,8,7,MS-LS-4S,0.18234499997925013,-149493409.4557464,6.094389231784775e-07
Astronaut,mcet,8,7,MS-LS-conv,0.021597899962216616,-149492710.84560105,5.2826196482914574e-06
Astronaut,mcet,8,7,MS-LS-conv,0.03188879997469485,-149493371.85421103,8.6096514497609e-07
Astronaut,mcet,8,8,RM-MDE,0.000818000000435859,-149379370.56512904,0.0007634445467236337
Astronaut,mcet,8,8,RM-MDE,0.0075597999966703355,-149471054.21715862,0.00015014930857383242
Astronaut,mcet,8,8,RM-MDE,0.014205900020897388,-149490745.6711788,1.842817055762471e-05
Astronaut,mcet,8,8,RM-MDE,0.03873630007728934,-149493484.42030656,1.0798193763176266e-07
Astronaut,mcet,8,8,RM-MDE,0.12304949999088421,-149493500.56290442,0.0
Astronaut,mcet,8,8,MS-LS-4S,0.005842199956532568,-149481878.02773198,7.774609015555221e-05
Astronaut,mcet,8,8,MS-LS-4S,0.010966499976348132,-149489719.7658387,2.529071198057981e-05
Astronaut,mcet,8,8,MS-LS-4S,0.016535300004761666,-149491585.41832373,1.2810888590345046e-05
Astronaut,mcet,8,8,MS-LS-4S,0.021677699987776577,-149492904.4679526,3.987430554264301e-06
Astronaut,mcet,8,8,MS-LS-conv,0.013752099999692291,-149492710.84560105,5.2826196482914574e-06
Astronaut,mcet,8,8,MS-LS-conv,0.04072300001280382,-149493406.97822124,6.260117184189987e-07
Astronaut,mcet,8,9,RM-MDE,0.0008914999780245125,-149395427.35605192,0.0006560365934519546
Astronaut,mcet,8,9,RM-MDE,0.019778899964876473,-149480892.67059195,8.433739436827158e-05
Astronaut,mcet,8,9,RM-MDE,0.034228799981065094,-149490884.71745604,1.7498054688163805e-05
Astronaut,mcet,8,9,RM-MDE,0.04109499993501231,-149491901.01250106,1.0699798970079555e-05
Astronaut,mcet,8,9,RM-MDE,0.06277369993040338,-149493409.4557464,6.094389231784775e-07
Astronaut,mcet,8,9,RM-MDE,0.12909259996376932,-149493440.82153797,3.996251758174599e-07
Astronaut,mcet,8,9,RM-MDE,0.14210209995508194,-149493500.56290442,0.0
Astronaut,mcet,8,9,MS-LS-4S,0.006319299980532378,-149389179.94740212,0.0006978270968937641
Astronaut,mcet,8,9,MS-LS-4S,0.01200089999474585,-149488396.90412992,3.4139669987509516e-05
Astronaut,mcet,8,9,MS-LS-4S,0.04637669998919591,-149490723.80415067,1.857444466342089e-05
Astronaut,mcet,8,9,MS-LS-4S,0.051645100000314415,-149492455.16495752,6.9929324215288045e-06
Astronaut,mcet,8,9,MS-LS-4S,0.1953244000324048,-149492740.68325448,5.083028005069745e-06
Astronaut,mcet,8,9,MS-LS-conv,0.024084499978926033,-149492710.84560105,5.2826196482914574e-06
Astronaut,mcet,8,9,MS-LS-conv,0.09460229997057468,-149493302.30500883,1.326197425589423e-06
Astronaut,mcet,8,9,MS-LS-conv,0.21412879996933043,-149493371.85421103,8.6096514497609e-07
Astronaut,mcet,8,9,MS-LS-conv,0.28250769997248426,-149493442.98067987,3.851821271897593e-07
Coffee,otsu,6,0,RM-MDE,0.0006407999899238348,-3191317451.3669777,0.0032340142286936885
Coffee,otsu,6,0,RM-MDE,0.0026792999706231058,-3194229714.576522,0.0023244071610409854
Coffee,otsu,6,0,RM-MDE,0.0036888999748043716,-3194988265.290103,0.0020874838335116887
Coffee,otsu,6,0,RM-MDE,0.0046632999437861145,-3195908981.3153505,0.001799910306118408
Coffee,otsu,6,0,RM-MDE,0.0066636999836191535,-3197318098.864289,0.0013597909935964046
Coffee,otsu,6,0,RM-MDE,0.009665499906986952,-3201604778.305471,2.090311296726977e-05
Coffee,otsu,6,0,RM-MDE,0.015421199903357774,-3201652280.1659265,6.066532312271261e-06
Coffee,otsu,6,0,RM-MDE,0.028208599891513586,-3201665878.236563,1.819353995046367e-06
Coffee,otsu,6,0,RM-MDE,0.04507599992211908,-3201671703.2107673,0.0
Coffee,otsu,6,0,MS-LS-4S,0.0021499000140465796,-3200447199.2490106,0.0003824576893779345
Coffee,otsu,6,0,MS-LS-4S,0.006590700009837747,-3200526969.4853854,0.00035754250638310773
Coffee,otsu,6,0,MS-LS-4S,0.012952500022947788,-3201594339.97642,2.416338760459432e-05
Coffee,otsu,6,0,MS-LS-4S,0.017259699990972877,-3201665878.236563,1.819353995046367e-06
Coffee,otsu,6,0,MS-LS-conv,0.00504790002014488,-3201637739.0261846,1.0608265847072826e-05
Coffee,otsu,6,0,MS-LS-conv,0.010767699975986034,-3201665878.236563,1.819353995046367e-06
Coffee,otsu,6,1,RM-MDE,0.0006216999609023333,-3189286572.766475,0.0038683324189271976
Coffee,otsu,6,1,RM-MDE,0.006097499979659915,-3199981992.337845,0.0005277589426885677
Coffee,otsu,6,1,RM-MDE,0.015723699994850904,-3201625682.8791924,1.4373844616475127e-05
Coffee,otsu,6,1,RM-MDE,0.027072600089013577,-3201665878.236563,1.819353995046367e-06
Coffee,otsu,6,1,RM-MDE,0.06195670005399734,-3201671703.2107673,0.0
Coffee,otsu,6,1,MS-LS-4S,0.00213350000558421,-3200845281.9993324,0.0002581217838812369
Coffee,otsu,6,1,MS-LS-4S,0.004205900011584163,-3201575935.1820765,2.9911882781352903e-05
Coffee,otsu,6,1,MS-LS-4S,0.023251900041941553,-3201634486.9279585,1.1624015907520643e-05
Coffee,otsu,6,1,MS-LS-4S,0.03580790001433343,-3201652280.1659265,6.066532312271261e-06
Coffee,otsu,6,1,MS-LS-conv,0.005964400013908744,-3201665878.236563,1.819353995046367e-06
Coffee,otsu,6,2,RM-MDE,0.0006468999781645834,-3191696351.5560007,0.0031156697436413826
Coffee,otsu,6,2,RM-MDE,0.007833799987565726,-3201652280.1659265,6.066532312271261e-06
Coffee,otsu,6,2,RM-MDE,0.01487069996073842,-3201671703.2107673,0.0
Coffee,otsu,6,2,MS-LS-4S,0.0020534999785013497,-3201547022.6049247,3.894234556202484e-05
Coffee,otsu,6,2,MS-LS-4S,0.008233100001234561,-3201665878.236563,1.819353995046367e-06
Coffee,otsu,6,2,MS-LS-4S,0.040360899991355836,-3201671703.2107673,0.0
Coffee,otsu,6,2,MS-LS-conv,0.0035558000090532005,-3201637739.0261846,1.0608265847072826e-05
Coffee,otsu,6,2,MS-LS-conv,0.017384000006131828,-3201665878.236563,1.819353995046367e-06
Coffee,otsu,6,2,MS-LS-conv,0.10283490002620965,-3201671703.2107673,0.0
Coffee,otsu,6,3,RM-MDE,0.0006280000088736415,-3195676887.182919,0.001872401852393672
Coffee,otsu,6,3,RM-MDE,0.006464899983257055,-3201648444.5746207,7.264528753282449e-06
Coffee,otsu,6,3,RM-MDE,0.009454799990635365,-3201671703.2107673,0.0
Coffee,otsu,6,3,MS-LS-4S,0.001997100014705211,-3199996314.0151653,0.0005232857553514283
Coffee,otsu,6,3,MS-LS-4S,0.006162900011986494,-3200718858.2831216,0.00029760856701520377
Coffee,otsu,6,3,MS-LS-4S,0.0125359000521712,-3201649122.647193,7.052741713545897e-06
Coffee,otsu,6,3,MS-LS-4S,0.14333950000582263,-3201652280.1659265,6.066532312271261e-06
Coffee,otsu,6,3,MS-LS-conv,0.007116699998732656,-3200358522.237322,0.0004101547863662923
Coffee,otsu,6,3,MS-LS-conv,0.019999600015580654,-3201665878.236563,1.819353995046367e-06
Coffee,otsu,6,4,RM-MDE,0.0006544999778270721,-3169118740.7723403,0.01016748919190607
Coffee,otsu,6,4,RM-MDE,0.00584639998851344,-3201596213.099799,2.3578342180557855e-05
Coffee,otsu,6,4,RM-MDE,0.011207099945750087,-3201652280.1659265,6.066532312271261e-06
Coffee,otsu,6,4,RM-MDE,0.016310399980284274,-3201665878.236563,1.819353995046367e-06
Coffee,otsu,6,4,RM-MDE,0.026813399977982044,-3201671703.2107673,0.0
Coffee,otsu,6,4,MS-LS-4S,0.0021784999989904463,-3198709924.2956314,0.0009250726463196296
Coffee,otsu,6,4,MS-LS-4S,0.00434699998004362,-3199295230.82856,0.0007422598575063677
Coffee,otsu,6,4,MS-LS-4S,0.00875769997946918,-3201309549.3803077,0.00011311398045477681
Coffee,otsu,6,4,MS-LS-4S,0.010752099973615259,-3201579630.608564,2.8757664975779674e-05
Coffee,otsu,6,4,MS-LS-4S,0.021120599994901568,-3201589825.0842557,2.557355472438447e-05
Coffee,otsu,6,4,MS-LS-4S,0.027578199980780482,-3201624128.8265305,1.4859232503164848e-05
Coffee,otsu,6,4,MS-LS-4S,0.02953300002263859,-3201637739.0261846,1.0608265847072826e-05
Coffee,otsu,6,4,MS-LS-4S,0.03551090002292767,-3201665878.236563,1.819353995046367e-06
Coffee,otsu,6,4,MS-LS-conv,0.005684699979610741,-3201665878.236563,1.819353995046367e-06
Coffee,otsu,6,4,MS-LS-conv,0.05489019997185096,-3201671703.2107673,0.0
Coffee,otsu,6,5,RM-MDE,0.000611299998126924,-3186357674.962312,0.004783135083180925
Coffee,otsu,6,5,RM-MDE,0.005689500016160309,-3200263128.8890753,0.0004399496426443142
Coffee,otsu,6,5,RM-MDE,0.015939700067974627,-3201470401.6893206,6.287387968130258e-05
Coffee,otsu,6,5,RM-MDE,0.020972600032109767,-3201637739.0261846,1.0608265847072826e-05
Coffee,otsu,6,5,RM-MDE,0.03949759999522939,-3201665878.236563,1.819353995046367e-06
Coffee,otsu,6,5,RM-MDE,0.04981169995153323,-3201671703.2107673,0.0
Coffee,otsu,6,5,MS-LS-4S,0.0020539999823085964,-3201665878.236563,1.819353995046367e-06
Coffee,otsu,6,5,MS-LS-conv,0.0025014999555423856,-3201665878.236563,1.819353995046367e-06
Coffee,otsu,6,6,RM-MDE,0.0006031999946571887,-3189427226.3756943,0.0038244011160774955
Coffee,otsu,6,6,RM-MDE,0.011080599972046912,-3200526969.4853854,0.00035754250638310773
Coffee,otsu,6,6,RM-MDE,0.014079199987463653,-3201574920.001125,3.0228961184668658e-05
Coffee,otsu,6,6,RM-MDE,0.026540400052908808,-3201665878.236563,1.819353995046367e-06
Coffee,otsu,6,6,RM-MDE,0.032114700006786734,-3201671703.2107673,0.0
Coffee,otsu,6,6,MS-LS-4S,0.002169799990952015,-3201649122.647193,7.052741713545897e-06
Coffee,otsu,6,6,MS-LS-4S,0.012521299999207258,-3201671703.2107673,0.0
Coffee,otsu,6,6,MS-LS-conv,0.003049299994017929,-3201665878.236563,1.819353995046367e-06
Coffee,otsu,6,6,MS-LS-conv,0.024706600001081824,-3201671703.2107673,0.0
Coffee,otsu,6,7,RM-MDE,0.0006161000346764922,-3185505846.9820247,0.005049192336781694
Coffee,otsu,6,7,RM-MDE,0.005690700025297701,-3198709924.2956314,0.0009250726463196296
Coffee,otsu,6,7,RM-MDE,0.008801800024230033,-3201037796.1699324,0.0001979925175336359
Coffee,otsu,6,7,RM-MDE,0.01572300004772842,-3201531083.7268724,4.392064425400206e-05
Coffee,otsu,6,7,RM-MDE,0.022647100093308836,-3201634486.9279585,1.1624015907520643e-05
Coffee,otsu,6,7,RM-MDE,0.03323420003289357,-3201665878.236563,1.819353995046367e-06
Coffee,otsu,6,7,RM-MDE,0.041531800001394004,-3201671703.2107673,0.0
Coffee,otsu,6,7,MS-LS-4S,0.0021721000084653497,-3199295230.82856,0.0007422598575063677
Coffee,otsu,6,7,MS-LS-4S,0.0042443000129424036,-3200420578.1429152,0.0003907724413459821
Coffee,otsu,6,7,MS-LS-4S,0.00639009999576956,-3201147740.6955543,0.00016365279259817977
Coffee,otsu,6,7,MS-LS-4S,0.010600399982649833,-3201664985.485613,2.0981929995080578e-06
Coffee,otsu,6,7,MS-LS-4S,0.03135659999679774,-3201665878.236563,1.819353995046367e-06
Coffee,otsu,6,7,MS-LS-4S,0.08837419998599216,-3201671703.2107673,0.0
Coffee,otsu,6,7,MS-LS-conv,0.005726600007619709,-3201665878.236563,1.819353995046367e-06
Coffee,otsu,6,8,RM-MDE,0.0006347000016830862,-3193946743.3164935,0.0024127895082206125
Coffee,otsu,6,8,RM-MDE,0.0037845999468117952,-3201648444.5746207,7.264528753282449e-06
Coffee,otsu,6,8,RM-MDE,0.019839299900922924,-3201665878.236563,1.819353995046367e-06
Coffee,otsu,6,8,RM-MDE,0.03999449987895787,-3201671703.2107673,0.0
Coffee,otsu,6,8,MS-LS-4S,0.0021833000355400145,-3199091854.613979,0.0008057817402706307
Coffee,otsu,6,8,MS-LS-4S,0.006270700017921627,-3200008039.449731,0.0005196234702539945
Coffee,otsu,6,8,MS-LS-4S,0.008313800033647567,-3201665878.236563,1.819353995046367e-06
Coffee,otsu,6,8,MS-LS-conv,0.0061929000075906515,-3201665878.236563,1.819353995046367e-06
Coffee,otsu,6,9,RM-MDE,0.0005986999603919685,-3197404463.9338684,0.0013328160012844223
Coffee,otsu,6,9,RM-MDE,0.009454999933950603,-3201346476.58644,0.00010158025384083953
Coffee,otsu,6,9,RM-MDE,0.01685739995446056,-3201604778.305471,2.090311296726977e-05
Coffee,otsu,6,9,RM-MDE,0.028194700018502772,-3201625682.8791924,1.4373844616475127e-05
Coffee,otsu,6,9,RM-MDE,0.03170460002729669,-3201665878.236563,1.819353995046367e-06
Coffee,otsu,6,9,RM-MDE,0.05690870003309101,-3201671703.2107673,0.0
Coffee,otsu,6,9,MS-LS-4S,0.002324500004760921,-3197528692.56573,0.0012940148238441793
Coffee,otsu,6,9,MS-LS-4S,0.004492900043260306,-3200618247.9663844,0.0003290328747092996
Coffee,otsu,6,9,MS-LS-4S,0.017857500002719462,-3201624128.8265305,1.4859232503164848e-05
Coffee,otsu,6,9,MS-LS-4S,0.058815800002776086,-3201665878.236563,1.819353995046367e-06
Coffee,otsu,6,9,MS-LS-4S,0.10202420002315193,-3201671703.2107673,0.0
Coffee,otsu,6,9,MS-LS-conv,0.006204099976457655,-3201665878.236563,1.819353995046367e-06
Coffee,otsu,7,0,RM-MDE,0.000633200048469007,-3199996119.998559,0.0022023200299301506
Coffee,otsu,7,0,RM-MDE,0.006013500038534403,-3207001468.5254364,1.796722280763232e-05
Coffee,otsu,7,0,RM-MDE,0.014299700036644936,-3207058361.437176,2.273215040125816e-07
Coffee,otsu,7,0,RM-MDE,0.03629680012818426,-3207059090.470672,0.0
Coffee,otsu,7,0,MS-LS-4S,0.0021493000094778836,-3205872766.681774,0.00036991017484616564
Coffee,otsu,7,0,MS-LS-4S,0.006454200018197298,-3207058361.437176,2.273215040125816e-07
Coffee,otsu,7,0,MS-LS-conv,0.005368300015106797,-3207053816.459753,1.6445006999606188e-06
Coffee,otsu,7,0,MS-LS-conv,0.018802199978381395,-3207058361.437176,2.273215040125816e-07
Coffee,otsu,7,0,MS-LS-conv,0.06285230000503361,-3207059090.470672,0.0
Coffee,otsu,7,1,RM-MDE,0.0006342999986372888,-3184974872.8404756,0.00688612744798396
Coffee,otsu,7,1,RM-MDE,0.0036266999668441713,-3205393575.8309364,0.000519327705773973
Coffee,otsu,7,1,RM-MDE,0.01615949993720278,-3206660697.1352053,0.0001242238836978813
Coffee,otsu,7,1,RM-MDE,0.019120399956591427,-3207032768.38115,8.207547407085253e-06
Coffee,otsu,7,1,RM-MDE,0.025651499978266656,-3207053816.459753,1.6445006999606188e-06
Coffee,otsu,7,1,RM-MDE,0.031832999957259744,-3207058361.437176,2.273215040125816e-07
Coffee,otsu,7,1,RM-MDE,0.03580979991238564,-3207059090.470672,0.0
Coffee,otsu,7,1,MS-LS-4S,0.0022277000243775547,-3203344933.160063,0.001158119387835865
Coffee,otsu,7,1,MS-LS-4S,0.00431300001218915,-3205637731.242671,0.0004431970811590245
Coffee,otsu,7,1,MS-LS-4S,0.023925600049551576,-3207003585.7974815,1.730703165261847e-05
Coffee,otsu,7,1,MS-LS-4S,0.06929190002847463,-3207016246.525994,1.3359262635855814e-05
Coffee,otsu,7,1,MS-LS-4S,0.09743110003182665,-3207053471.462312,1.752075094782368e-06
Coffee,otsu,7,1,MS-LS-4S,0.14257790002739057,-3207058361.437176,2.273215040125816e-07
Coffee,otsu,7,1,MS-LS-conv,0.010911900026258081,-3207053816.459753,1.6445006999606188e-06
Coffee,otsu,7,1,MS-LS-conv,0.026401200040709227,-3207059090.470672,0.0
Coffee,otsu,7,2,RM-MDE,0.0006638999911956489,-3200398011.243182,0.0020770054556470178
Coffee,otsu,7,2,RM-MDE,0.0038429999840445817,-3203597375.1026635,0.0010794049221901202
Coffee,otsu,7,2,RM-MDE,0.008024099981412292,-3207012986.044858,1.4375920278845071e-05
Coffee,otsu,7,2,RM-MDE,0.013039799989201128,-3207058361.437176,2.273215040125816e-07
Coffee,otsu,7,2,RM-MDE,0.031923300004564226,-3207059090.470672,0.0
Coffee,otsu,7,2,MS-LS-4S,0.001994999998714775,-3206724729.710805,0.00010425774843397728
Coffee,otsu,7,2,MS-LS-4S,0.004004499991424382,-3206985869.4335256,2.2831209242179036e-05
Coffee,otsu,7,2,MS-LS-4S,0.014813299989327788,-3207053816.459753,1.6445006999606188e-06
Coffee,otsu,7,2,MS-LS-4S,0.06238129996927455,-3207058361.437176,2.273215040125816e-07
Coffee,otsu,7,2,MS-LS-conv,0.004010399978142232,-3207059090.470672,0.0
Coffee,otsu,7,3,RM-MDE,0.0006519999587908387,-3196752955.4457006,0.0032135781518945893
Coffee,otsu,7,3,RM-MDE,0.0017580999992787838,-3196912651.2870946,0.0031637830477543316
Coffee,otsu,7,3,RM-MDE,0.004775400040671229,-3206549403.521727,0.00015892658493867762
Coffee,otsu,7,3,RM-MDE,0.012076799990609288,-3207030660.242389,8.864890692973172e-06
Coffee,otsu,7,3,RM-MDE,0.024271200003568083,-3207053471.462312,1.752075094782368e-06
Coffee,otsu,7,3,RM-MDE,0.03124539996497333,-3207059090.470672,0.0
Coffee,otsu,7,3,MS-LS-4S,0.0019801000016741455,-3206787896.489384,8.456157920313076e-05
Coffee,otsu,7,3,MS-LS-4S,0.0039585999911651015,-3206917409.172339,4.4177950682029594e-05
Coffee,otsu,7,3,MS-LS-4S,0.017347100016195327,-3207039031.8765206,6.254513429795602e-06
Coffee,otsu,7,3,MS-LS-4S,0.09079839999321848,-3207053816.459753,1.6445006999606188e-06
Coffee,otsu,7,3,MS-LS-conv,0.004489000013563782,-3207059090.470672,0.0
Coffee,otsu,7,4,RM-MDE,0.0006485999911092222,-3191208280.5729036,0.004942475162015868
Coffee,otsu,7,4,RM-MDE,0.001704899943433702,-3197188630.3158994,0.0030777294325824715
Coffee,otsu,7,4,RM-MDE,0.004844499984756112,-3207038139.453299,6.532781835962438e-06
Coffee,otsu,7,4,RM-MDE,0.01194619998568669,-3207059090.470672,0.0
Coffee,otsu,7,4,MS-LS-4S,0.0022385999909602106,-3202304826.803666,0.001482437190238448
Coffee,otsu,7,4,MS-LS-4S,0.004428700020071119,-3203783563.2225685,0.0010213492036477874
Coffee,otsu,7,4,MS-LS-4S,0.011182799993548542,-3206689251.403797,0.00011532031572910708
Coffee,otsu,7,4,MS-LS-4S,0.05097580002620816,-3207038139.453299,6.532781835962438e-06
Coffee,otsu,7,4,MS-LS-conv,0.0116779999807477,-3207053816.459753,1.6445006999606188e-06
Coffee,otsu,7,4,MS-LS-conv,0.06538139999611303,-3207059090.470672,0.0
Coffee,otsu,7,5,RM-MDE,0.0006637999904341996,-3187395295.66414,0.0061314101960142
Coffee,otsu,7,5,RM-MDE,0.0037962999776937068,-3204044805.054922,0.0009398908254314847
Coffee,otsu,7,5,RM-MDE,0.012216899951454252,-3207012986.044858,1.4375920278845071e-05
Coffee,otsu,7,5,RM-MDE,0.03164519992424175,-3207053816.459753,1.6445006999606188e-06
Coffee,otsu,7,5,RM-MDE,0.04327039985219017,-3207059090.470672,0.0
Coffee,otsu,7,5,MS-LS-4S,0.002179300005082041,-3207011135.873522,1.4952826186712978e-05
Coffee,otsu,7,5,MS-LS-4S,0.08889100002124906,-3207051244.0668373,2.4466040735371187e-06
Coffee,otsu,7,5,MS-LS-4S,0.10367199999745935,-3207058361.437176,2.273215040125816e-07
Coffee,otsu,7,5,MS-LS-conv,0.0030596000142395496,-3207053816.459753,1.6445006999606188e-06
Coffee,otsu,7,5,MS-LS-conv,0.03279260004637763,-3207059090.470672,0.0
Coffee,otsu,7,6,RM-MDE,0.0006872000521980226,-3193720312.961821,0.00415919293426347
Coffee,otsu,7,6,RM-MDE,0.006361400068271905,-3205418525.518361,0.0005115480900198404
Coffee,otsu,7,6,RM-MDE,0.02426490024663508,-3207058361.437176,2.273215040125816e-07
Coffee,otsu,7,6,RM-MDE,0.037798600271344185,-3207059090.470672,0.0
Coffee,otsu,7,6,MS-LS-4S,0.0020673000253736973,-3205268239.9514346,0.0005584089562174829
Coffee,otsu,7,6,MS-LS-4S,0.004577199986670166,-3206448829.214555,0.0001902868762008938
Coffee,otsu,7,6,MS-LS-4S,0.00889539998024702,-3207040144.1471252,5.9076939377833095e-06
Coffee,otsu,7,6,MS-LS-4S,0.07450049999170005,-3207046105.5402946,4.048859098376539e-06
Coffee,otsu,7,6,MS-LS-4S,0.1488952999934554,-3207057801.3565626,4.019614460321502e-07
Coffee,otsu,7,6,MS-LS-conv,0.008753500005695969,-3207053816.459753,1.6445006999606188e-06
Coffee,otsu,7,6,MS-LS-conv,0.012544900004286319,-3207058361.437176,2.273215040125816e-07
Coffee,otsu,7,6,MS-LS-conv,0.12142669997410849,-3207059090.470672,0.0
Coffee,otsu,7,7,RM-MDE,0.0006761999684385955,-3190424653.52771,0.005186819598176122
Coffee,otsu,7,7,RM-MDE,0.007811799994669855,-3207038139.453299,6.532781835962438e-06
Coffee,otsu,7,7,RM-MDE,0.0209660999244079,-3207053471.462312,1.752075094782368e-06
Coffee,otsu,7,7,RM-MDE,0.03375029988819733,-3207053816.459753,1.6445006999606188e-06
Coffee,otsu,7,7,RM-MDE,0.04227879986865446,-3207058361.437176,2.273215040125816e-07
Coffee,otsu,7,7,RM-MDE,0.04779369983589277,-3207059090.470672,0.0
Coffee,otsu,7,7,MS-LS-4S,0.002183200034778565,-3204559548.1681805,0.0007793876670120315
Coffee,otsu,7,7,MS-LS-4S,0.004363099986221641,-3207058361.437176,2.273215040125816e-07
Coffee,otsu,7,7,MS-LS-conv,0.009616800001822412,-3207053816.459753,1.6445006999606188e-06
Coffee,otsu,7,7,MS-LS-conv,0.012468300003092736,-3207058361.437176,2.273215040125816e-07
Coffee,otsu,7,7,MS-LS-conv,0.02864649996627122,-3207059090.470672,0.0
Coffee,otsu,7,8,RM-MDE,0.0006404999876394868,-3187211001.57885,0.00618887533154539
Coffee,otsu,7,8,RM-MDE,0.005883799982257187,-3207038003.5976534,6.5751432773403846e-06
Coffee,otsu,7,8,RM-MDE,0.02273979998426512,-3207053816.459753,1.6445006999606188e-06
Coffee,otsu,7,8,MS-LS-4S,0.0022778999991714954,-3204135928.8511305,0.0009114773183404732
Coffee,otsu,7,8,MS-LS-4S,0.014589100028388202,-3206918732.1362715,4.3765434449807616e-05
Coffee,otsu,7,8,MS-LS-4S,0.020669499994255602,-3207058361.437176,2.273215040125816e-07
Coffee,otsu,7,8,MS-LS-4S,0.15086799999698997,-3207059090.470672,0.0
Coffee,otsu,7,8,MS-LS-conv,0.010994700016453862,-3207053816.459753,1.6445006999606188e-06
Coffee,otsu,7,8,MS-LS-conv,0.021115500014275312,-3207059090.470672,0.0
Coffee,otsu,7,9,RM-MDE,0.0006422000005841255,-3199622851.699768,0.0023187096218463227
Coffee,otsu,7,9,RM-MDE,0.0060483000124804676,-3206930072.1146474,4.022949137672647e-05
Coffee,otsu,7,9,RM-MDE,0.028947099985089153,-3207036923.7377596,6.911856715832204e-06
Coffee,otsu,7,9,RM-MDE,0.03815710003254935,-3207059090.470672,0.0
Coffee,otsu,7,9,MS-LS-4S,0.0022638000082224607,-3199910344.8041577,0.002229065777975808
Coffee,otsu,7,9,MS-LS-4S,0.004317999992053956,-3205543357.179347,0.0004726240610373791
Coffee,otsu,7,9,MS-LS-4S,0.011307400010991842,-3206682382.645627,0.00011746207800300389
Coffee,otsu,7,9,MS-LS-4S,0.019761000003200024,-3207012986.044858,1.4375920278845071e-05
Coffee,otsu,7,9,MS-LS-4S,0.045409200014546514,-3207030660.242389,8.864890692973172e-06
Coffee,otsu,7,9,MS-LS-4S,0.1086067000287585,-3207040144.1471252,5.9076939377833095e-06
Coffee,otsu,7,9,MS-LS-conv,0.012017600005492568,-3207053816.459753,1.6445006999606188e-06
Coffee,otsu,7,9,MS-LS-conv,0.017226099967956543,-3207059090.470672,0.0
Coffee,otsu,8,0,RM-MDE,0.0006754000205546618,-3200854426.0438166,0.002937474773477441
Coffee,otsu,8,0,RM-MDE,0.0049239000072702765,-3209938895.7046647,0.00010767277227109632
Coffee,otsu,8,0,RM-MDE,0.019968700071331114,-3210207800.343227,2.3909282189062625e-05
Coffee,otsu,8,0,RM-MDE,0.02614910010015592,-3210270648.0927672,4.3322794514109e-06
Coffee,otsu,8,0,RM-MDE,0.04015370015986264,-3210275523.566232,2.8135749939070337e-06
Coffee,otsu,8,0,RM-MDE,0.043258100165985525,-3210284555.942582,0.0
Coffee,otsu,8,0,MS-LS-4S,0.002258499967865646,-3208703195.377584,0.0004925920233677982
Coffee,otsu,8,0,MS-LS-4S,0.006735900009516627,-3210188778.0795956,2.9834695746602745e-05
Coffee,otsu,8,0,MS-LS-4S,0.013540100015234202,-3210232767.169017,1.6132144257874513e-05
Coffee,otsu,8,0,MS-LS-4S,0.03892809996614233,-3210273535.7694473,3.432771439031548e-06
Coffee,otsu,8,0,MS-LS-conv,0.008006900025065988,-3210278896.067174,1.7630447736153385e-06
Coffee,otsu,8,1,RM-MDE,0.0006971000111661851,-3203520423.9836607,0.002107019437389217
Coffee,otsu,8,1,RM-MDE,0.003980000037699938,-3209329760.412305,0.00029741772532588205
Coffee,otsu,8,1,RM-MDE,0.006992400041781366,-3209605168.233519,0.0002116285012197543
Coffee,otsu,8,1,RM-MDE,0.02370740007609129,-3210251125.747596,1.0413467841802526e-05
Coffee,otsu,8,1,RM-MDE,0.03679910011123866,-3210278380.8285284,1.9235410276311473e-06
Coffee,otsu,8,1,RM-MDE,0.042051800061017275,-3210278896.067174,1.7630447736153385e-06
Coffee,otsu,8,1,RM-MDE,0.058525800122879446,-3210282568.145797,6.191964452730486e-07
Coffee,otsu,8,1,RM-MDE,0.062235900142695755,-3210284555.942582,0.0
Coffee,otsu,8,1,MS-LS-4S,0.0022429999662563205,-3207755142.1539307,0.0007879095278233979
Coffee,otsu,8,1,MS-LS-4S,0.004290199954994023,-3210154488.79955,4.05157676104773e-05
Coffee,otsu,8,1,MS-LS-4S,0.03480879997368902,-3210284555.942582,0.0
Coffee,otsu,8,1,MS-LS-conv,0.008466600032988936,-3210278896.067174,1.7630447736153385e-06
Coffee,otsu,8,1,MS-LS-conv,0.1133778000366874,-3210284555.942582,0.0
Coffee,otsu,8,2,RM-MDE,0.0007254999945871532,-3200011912.9079304,0.003199916660233744
Coffee,otsu,8,2,RM-MDE,0.0038852000143378973,-3204494349.675189,0.0018036426885195637
Coffee,otsu,8,2,RM-MDE,0.007046899991109967,-3209771839.050164,0.00015971073077270163
Coffee,otsu,8,2,RM-MDE,0.026565599953755736,-3210014520.485079,8.411573890029596e-05
Coffee,otsu,8,2,RM-MDE,0.036099999968428165,-3210162793.2504115,3.7928940581053514e-05
Coffee,otsu,8,2,RM-MDE,0.03926519997185096,-3210278896.067174,1.7630447736153385e-06
Coffee,otsu,8,2,RM-MDE,0.04968259995803237,-3210282568.145797,6.191964452730486e-07
Coffee,otsu,8,2,RM-MDE,0.0769938999437727,-3210283266.926697,4.0152698706006644e-07
Coffee,otsu,8,2,RM-MDE,0.07851789996493608,-3210284555.942582,0.0
Coffee,otsu,8,2,MS-LS-4S,0.002059199963696301,-3209239119.813127,0.0003256521692196646
Coffee,otsu,8,2,MS-LS-4S,0.017367799999192357,-3209292165.1940227,0.0003091285932028838
Coffee,otsu,8,2,MS-LS-4S,0.03471939999144524,-3209741289.42356,0.0001692269048288393
Coffee,otsu,8,2,MS-LS-4S,0.08377639995887876,-3209920846.4592743,0.00011329509174959991
Coffee,otsu,8,2,MS-LS-4S,0.09939449996454641,-3210162454.886546,3.803434054154897e-05
Coffee,otsu,8,2,MS-LS-conv,0.004106200009118766,-3209336086.4497046,0.0002954471718470452
Coffee,otsu,8,2,MS-LS-conv,0.00874750001821667,-3210278896.067174,1.7630447736153385e-06
Coffee,otsu,8,2,MS-LS-conv,0.1421011000056751,-3210284555.942582,0.0
Coffee,otsu,8,3,RM-MDE,0.0006706999847665429,-3197488778.0218782,0.003985870317015208
Coffee,otsu,8,3,RM-MDE,0.0017585999448783696,-3202765035.7689805,0.002342322009954596
Coffee,otsu,8,3,RM-MDE,0.0050104999099858105,-3210207427.5346527,2.402541163731031e-05
Coffee,otsu,8,3,RM-MDE,0.03095789987128228,-3210211461.749336,2.276875833672108e-05
Coffee,otsu,8,3,RM-MDE,0.036296499834861606,-3210275523.566232,2.8135749939070337e-06
Coffee,otsu,8,3,RM-MDE,0.03956629987806082,-3210278380.8285284,1.9235410276311473e-06
Coffee,otsu,8,3,RM-MDE,0.045501899847295135,-3210278896.067174,1.7630447736153385e-06
Coffee,otsu,8,3,RM-MDE,0.058366399724036455,-3210282568.145797,6.191964452730486e-07
Coffee,otsu,8,3,RM-MDE,0.06302149972179905,-3210283266.926697,4.0152698706006644e-07
Coffee,otsu,8,3,RM-MDE,0.0802007996244356,-3210284555.942582,0.0
Coffee,otsu,8,3,MS-LS-4S,0.0020079000387340784,-3209103786.6414638,0.0003678082987791979
Coffee,otsu,8,3,MS-LS-4S,0.006396000040695071,-3209540561.5364876,0.00023175341410696363
Coffee,otsu,8,3,MS-LS-4S,0.015307600027881563,-3209895670.8092103,0.00012113727820543563
Coffee,otsu,8,3,MS-LS-4S,0.028515400015749037,-3210206306.414301,2.437463935599215e-05
Coffee,otsu,8,3,MS-LS-4S,0.04846220003673807,-3210251270.0211515,1.0368526792733045e-05
Coffee,otsu,8,3,MS-LS-conv,0.005151999997906387,-3209336086.4497046,0.0002954471718470452
Coffee,otsu,8,3,MS-LS-conv,0.013929500011727214,-3210278896.067174,1.7630447736153385e-06
Coffee,otsu,8,4,RM-MDE,0.000667800020892173,-3195781614.4052086,0.0045176498483684374
Coffee,otsu,8,4,RM-MDE,0.0018354000058025122,-3199111942.8726583,0.0034802563060156674
Coffee,otsu,8,4,RM-MDE,0.009527899965178221,-3210240733.256013,1.3650717188946182e-05
Coffee,otsu,8,4,RM-MDE,0.03074159997049719,-3210284555.942582,0.0
Coffee,otsu,8,4,MS-LS-4S,0.0023369999835267663,-3207504447.0166707,0.0008660007788920598
Coffee,otsu,8,4,MS-LS-4S,0.009158100001513958,-3208571052.661989,0.0005337543294786873
Coffee,otsu,8,4,MS-LS-4S,0.013747399963904172,-3209249932.7561517,0.00032228394972503465
Coffee,otsu,8,4,MS-LS-4S,0.029051899968180805,-3209962878.6349764,0.0001002021166660395
Coffee,otsu,8,4,MS-LS-4S,0.031108799972571433,-3210156296.7171187,3.995260333728633e-05
Coffee,otsu,8,4,MS-LS-4S,0.09308979997877032,-3210236157.39194,1.5076093660427275e-05
Coffee,otsu,8,4,MS-LS-conv,0.008811199979390949,-3210278896.067174,1.7630447736153385e-06
Coffee,otsu,8,5,RM-MDE,0.0006828000186942518,-3202386724.7718554,0.0024601654567060235
Coffee,otsu,8,5,RM-MDE,0.004003200039733201,-3204959557.506912,0.0016587309762970245
Coffee,otsu,8,5,RM-MDE,0.009917300019878894,-3209471815.9752226,0.000253167578511093
Coffee,otsu,8,5,RM-MDE,0.01526950002880767,-3209531194.6319175,0.00023467119426223476
Coffee,otsu,8,5,RM-MDE,0.02255580003838986,-3210278896.067174,1.7630447736153385e-06
Coffee,otsu,8,5,RM-MDE,0.039685700088739395,-3210284555.942582,0.0
Coffee,otsu,8,5,MS-LS-4S,0.0021337999496608973,-3209729953.264608,0.00017275810549179975
Coffee,otsu,8,5,MS-LS-4S,0.006677199969999492,-3210188402.707966,2.9951623583737966e-05
Coffee,otsu,8,5,MS-LS-4S,0.013222599984146655,-3210256275.2102766,8.809416054155092e-06
Coffee,otsu,8,5,MS-LS-4S,0.0513671999797225,-3210264208.172973,6.338307166979496e-06
Coffee,otsu,8,5,MS-LS-conv,0.005066099984105676,-3210275523.566232,2.8135749939070337e-06
Coffee,otsu,8,5,MS-LS-conv,0.01734789996407926,-3210278896.067174,1.7630447736153385e-06
Coffee,otsu,8,6,RM-MDE,0.0006829999620094895,-3201981706.347644,0.002586328236719331
Coffee,otsu,8,6,RM-MDE,0.00380169996060431,-3210186525.588406,3.053634419870342e-05
Coffee,otsu,8,6,RM-MDE,0.020153399906121194,-3210207427.5346527,2.402541163731031e-05
Coffee,otsu,8,6,RM-MDE,0.032872999901883304,-3210284555.942582,0.0
Coffee,otsu,8,6,MS-LS-4S,0.0023781000054441392,-3209830383.2580857,0.00014147427637082208
Coffee,otsu,8,6,MS-LS-4S,0.009018299984745681,-3210087241.9508963,6.146308473515779e-05
Coffee,otsu,8,6,MS-LS-4S,0.05764610000187531,-3210141868.367251,4.4447017965146125e-05
Coffee,otsu,8,6,MS-LS-4S,0.08380610001040623,-3210241829.5451937,1.3309224351893384e-05
Coffee,otsu,8,6,MS-LS-conv,0.006363200023770332,-3210278896.067174,1.7630447736153385e-06
Coffee,otsu,8,7,RM-MDE,0.0006683000246994197,-3197780998.2053857,0.0038948440611132167
Coffee,otsu,8,7,RM-MDE,0.004847200005315244,-3207434631.2412376,0.0008877483137963495
Coffee,otsu,8,7,RM-MDE,0.014106700022239238,-3210262333.7700334,6.922181557904352e-06
Coffee,otsu,8,7,RM-MDE,0.04044750006869435,-3210278896.067174,1.7630447736153385e-06
Coffee,otsu,8,7,RM-MDE,0.04900949989678338,-3210282568.145797,6.191964452730486e-07
Coffee,otsu,8,7,MS-LS-4S,0.002190500032156706,-3205976273.7169933,0.0013420250294054789
Coffee,otsu,8,7,MS-LS-4S,0.004184700024779886,-3210160583.43833,3.86172945393487e-05
Coffee,otsu,8,7,MS-LS-4S,0.02561670000432059,-3210278896.067174,1.7630447736153385e-06
Coffee,otsu,8,7,MS-LS-conv,0.010394699987955391,-3210278896.067174,1.7630447736153385e-06
Coffee,otsu,8,8,RM-MDE,0.0007223999709822237,-3197986864.145971,0.0038307170539904193
Coffee,otsu,8,8,RM-MDE,0.0053613000200130045,-3204766422.2190146,0.0017188923995391083
Coffee,otsu,8,8,RM-MDE,0.011044800048694015,-3209303496.747605,0.0003055988271074716
Coffee,otsu,8,8,RM-MDE,0.01645190000999719,-3210251125.747596,1.0413467841802526e-05
Coffee,otsu,8,8,RM-MDE,0.0355497999698855,-3210278896.067174,1.7630447736153385e-06
Coffee,otsu,8,8,RM-MDE,0.048570599989034235,-3210282568.145797,6.191964452730486e-07
Coffee,otsu,8,8,RM-MDE,0.052105700015090406,-3210284555.942582,0.0
Coffee,otsu,8,8,MS-LS-4S,0.002216799999587238,-3209092596.594738,0.0003712939856492406
Coffee,otsu,8,8,MS-LS-4S,0.006271800026297569,-3210223272.5632133,1.9089703202583684e-05
Coffee,otsu,8,8,MS-LS-4S,0.09427589998813346,-3210270648.0927672,4.3322794514109e-06
Coffee,otsu,8,8,MS-LS-conv,0.007628499995917082,-3210278896.067174,1.7630447736153385e-06
Coffee,otsu,8,9,RM-MDE,0.000681100005749613,-3191012370.238729,0.006003263999815294
Coffee,otsu,8,9,RM-MDE,0.004064000037033111,-3208321124.344537,0.0006116067170465702
Coffee,otsu,8,9,RM-MDE,0.010431000031530857,-3210226093.1280365,1.8211100457562383e-05
Coffee,otsu,8,9,RM-MDE,0.030878800025675446,-3210232767.169017,1.6132144257874513e-05
Coffee,otsu,8,9,RM-MDE,0.03576780000003055,-3210278896.067174,1.7630447736153385e-06
Coffee,otsu,8,9,RM-MDE,0.0493433999363333,-3210282568.145797,6.191964452730486e-07
Coffee,otsu,8,9,RM-MDE,0.07387209992157295,-3210283266.926697,4.0152698706006644e-07
Coffee,otsu,8,9,RM-MDE,0.08328719990095124,-3210284555.942582,0.0
Coffee,otsu,8,9,MS-LS-4S,0.0023351999698206782,-3200384405.6580353,0.003083885590833563
Coffee,otsu,8,9,MS-LS-4S,0.004492899985052645,-3208352455.194165,0.0006018471929039356
Coffee,otsu,8,9,MS-LS-4S,0.013306999986525625,-3208768181.614294,0.000472348884300959
Coffee,otsu,8,9,MS-LS-4S,0.015492299979086965,-3209503340.5673165,0.00024334770381008268
Coffee,otsu,8,9,MS-LS-4S,0.017575100006069988,-3210045679.2958474,7.440980466747975e-05
Coffee,otsu,8,9,MS-LS-4S,0.07453909999458119,-3210224324.9959764,1.8761871589915108e-05
Coffee,otsu,8,9,MS-LS-4S,0.08175710000796244,-3210276393.031744,2.5427374726071276e-06
Coffee,otsu,8,9,MS-LS-conv,0.013728199992328882,-3210278896.067174,1.7630447736153385e-06
Coffee,kapur,6,0,RM-MDE,0.000838699983432889,-23.72752069958552,0.032999614397862774
Coffee,kapur,6,0,RM-MDE,0.014657099964097142,-24.42397059235196,0.004616231094377532
Coffee,kapur,6,0,RM-MDE,0.02686140005243942,-24.536407256396,3.394460675879553e-05
Coffee,kapur,6,0,RM-MDE,0.07730620005168021,-24.53696352160096,1.1274363436552957e-05
Coffee,kapur,6,0,RM-MDE,0.10408439993625507,-24.53722636938433,5.621650955121286e-07
Coffee,kapur,6,0,RM-MDE,0.11114029993768781,-24.53724016336429,0.0
Coffee,kapur,6,0,MS-LS-4S,0.0061012000078335404,-24.405878128351457,0.005353578240187205
Coffee,kapur,6,0,MS-LS-4S,0.01838659995701164,-24.42161553940885,0.004712209816003503
Coffee,kapur,6,0,MS-LS-4S,0.02409829996759072,-24.525870089102096,0.0004633803225829812
Coffee,kapur,6,0,MS-LS-4S,0.0362637999933213,-24.53707692733424,6.652583133408659e-06
Coffee,kapur,6,0,MS-LS-4S,0.13472259999252856,-24.53724016336429,0.0
Coffee,kapur,6,0,MS-LS-conv,0.007630799955222756,-24.405878128351457,0.005353578240187205
Coffee,kapur,6,0,MS-LS-conv,0.02253680001012981,-24.42365057032658,0.0046292733934808665
Coffee,kapur,6,0,MS-LS-conv,0.04448859998956323,-24.53707692733424,6.652583133408659e-06
Coffee,kapur,6,0,MS-LS-conv,0.0832319000037387,-24.53724016336429,0.0
Coffee,kapur,6,1,RM-MDE,0.0008331999997608364,-23.953435647092622,0.02379259086942174
Coffee,kapur,6,1,RM-MDE,0.00206979998620227,-24.085099581464767,0.018426708908143616
Coffee,kapur,6,1,RM-MDE,0.00921709998510778,-24.338946704858895,0.008081326880496608
Coffee,kapur,6,1,RM-MDE,0.017637899960391223,-24.34406829528663,0.007872599640039423
Coffee,kapur,6,1,RM-MDE,0.044810299936216325,-24.536407256396,3.394460675879553e-05
Coffee,kapur,6,1,RM-MDE,0.08834389998810366,-24.537214803467453,1.0335268624202865e-06
Coffee,kapur,6,1,RM-MDE,0.11084770003799349,-24.53724016336429,0.0
Coffee,kapur,6,1,MS-LS-4S,0.00676060002297163,-24.405878128351457,0.005353578240187205
Coffee,kapur,6,1,MS-LS-4S,0.018319700029678643,-24.511331384403622,0.0010558962127840714
Coffee,kapur,6,1,MS-LS-4S,0.04258439998375252,-24.53724016336429,0.0
Coffee,kapur,6,1,MS-LS-conv,0.008173100010026246,-24.405878128351457,0.005353578240187205
Coffee,kapur,6,1,MS-LS-conv,0.035223200044129044,-24.53724016336429,0.0
Coffee,kapur,6,2,RM-MDE,0.0008456999785266817,-23.642777687160287,0.03645326329484667
Coffee,kapur,6,2,RM-MDE,0.008655900019221008,-24.414748307765475,0.004992079581211631
Coffee,kapur,6,2,RM-MDE,0.017033500014804304,-24.536197354124333,4.2499043617609816e-05
Coffee,kapur,6,2,RM-MDE,0.031560299918055534,-24.53707692733424,6.652583133408659e-06
Coffee,kapur,6,2,RM-MDE,0.052256499882787466,-24.537201009487493,1.5956919579324151e-06
Coffee,kapur,6,2,RM-MDE,0.07274989987490699,-24.53724016336429,0.0
Coffee,kapur,6,2,MS-LS-4S,0.006205700046848506,-24.535152984987853,8.506165985018776e-05
Coffee,kapur,6,2,MS-LS-4S,0.11411890003364533,-24.537201009487493,1.5956919579324151e-06
Coffee,kapur,6,2,MS-LS-4S,0.17592579999472946,-24.53724016336429,0.0
Coffee,kapur,6,2,MS-LS-conv,0.01375519996508956,-24.53724016336429,0.0
Coffee,kapur,6,3,RM-MDE,0.0008461999823339283,-24.10870284443058,0.017464772569392068
Coffee,kapur,6,3,RM-MDE,0.014372199948411435,-24.536407256396,3.394460675879553e-05
Coffee,kapur,6,3,RM-MDE,0.04051550000440329,-24.53724016336429,0.0
Coffee,kapur,6,3,MS-LS-4S,0.0058750000316649675,-24.4942014995701,0.001754014041825769
Coffee,kapur,6,3,MS-LS-4S,0.011700500035658479,-24.525870089102096,0.0004633803225829812
Coffee,kapur,6,3,MS-LS-4S,0.024006200022995472,-24.53724016336429,0.0
Coffee,kapur,6,3,MS-LS-conv,0.010311199992429465,-24.53707692733424,6.652583133408659e-06
Coffee,kapur,6,3,MS-LS-conv,0.040741999982856214,-24.53724016336429,0.0
Coffee,kapur,6,4,RM-MDE,0.0008329999982379377,-23.600054898791157,0.03819440402969253
Coffee,kapur,6,4,RM-MDE,0.002231099992059171,-23.81674932998974,0.029363156923014166
Coffee,kapur,6,4,RM-MDE,0.009399599977768958,-24.364636347396683,0.0070343614366752405
Coffee,kapur,6,4,RM-MDE,0.016778399934992194,-24.4192857254285,0.004807159939360405
Coffee,kapur,6,4,RM-MDE,0.02393799991114065,-24.423875438788492,0.004620109018823565
Coffee,kapur,6,4,RM-MDE,0.037148899922613055,-24.42397059235196,0.004616231094377532
Coffee,kapur,6,4,RM-MDE,0.08390089985914528,-24.53707692733424,6.652583133408659e-06
Coffee,kapur,6,4,MS-LS-4S,0.00637680001091212,-24.422714419593905,0.0046674256358048205
Coffee,kapur,6,4,MS-LS-4S,0.025613199977669865,-24.423875438788492,0.004620109018823565
Coffee,kapur,6,4,MS-LS-4S,0.03187379997689277,-24.53646754454387,3.1487600694955297e-05
Coffee,kapur,6,4,MS-LS-conv,0.012174899980891496,-24.42365057032658,0.0046292733934808665
Coffee,kapur,6,4,MS-LS-conv,0.04899689997546375,-24.423875438788492,0.004620109018823565
Coffee,kapur,6,4,MS-LS-conv,0.061278299952391535,-24.53724016336429,0.0
Coffee,kapur,6,5,RM-MDE,0.0008424000116065145,-23.729446618846588,0.03292112475321462
Coffee,kapur,6,5,RM-MDE,0.0081297000288032,-24.48149151436741,0.0022720016035103555
Coffee,kapur,6,5,RM-MDE,0.0457481000921689,-24.53646754454387,3.1487600694955297e-05
Coffee,kapur,6,5,RM-MDE,0.06419000000460073,-24.53724016336429,0.0
Coffee,kapur,6,5,MS-LS-4S,0.006155800016131252,-24.535152984987853,8.506165985018776e-05
Coffee,kapur,6,5,MS-LS-4S,0.024450500030070543,-24.53724016336429,0.0
Coffee,kapur,6,5,MS-LS-conv,0.013620999990962446,-24.53724016336429,0.0
Coffee,kapur,6,6,RM-MDE,0.0008339000050909817,-23.641994309974873,0.03648518934603247
Coffee,kapur,6,6,RM-MDE,0.020519799960311502,-24.422860721835153,0.004661463178728395
Coffee,kapur,6,6,RM-MDE,0.030043000006116927,-24.478239886502926,0.002404519679823503
Coffee,kapur,6,6,RM-MDE,0.06315000000176951,-24.48180196273985,0.0022593494726930673
Coffee,kapur,6,6,RM-MDE,0.07872620003763586,-24.536197354124333,4.2499043617609816e-05
Coffee,kapur,6,6,RM-MDE,0.08636990003287792,-24.53696352160096,1.1274363436552957e-05
Coffee,kapur,6,6,RM-MDE,0.09547460003523156,-24.53707692733424,6.652583133408659e-06
Coffee,kapur,6,6,RM-MDE,0.14949010021518916,-24.53724016336429,0.0
Coffee,kapur,6,6,MS-LS-4S,0.006091399991419166,-24.405117376637392,0.005384582204324978
Coffee,kapur,6,6,MS-LS-4S,0.012148800014983863,-24.535152984987853,8.506165985018776e-05
Coffee,kapur,6,6,MS-LS-4S,0.024618100025691092,-24.53724016336429,0.0
Coffee,kapur,6,6,MS-LS-conv,0.009210899996105582,-24.406180652078607,0.005341249073372357
Coffee,kapur,6,6,MS-LS-conv,0.02270989998942241,-24.53724016336429,0.0
Coffee,kapur,6,7,RM-MDE,0.0008461999823339283,-23.523523295552646,0.041313402039614505
Coffee,kapur,6,7,RM-MDE,0.008088800008408725,-24.40352378078976,0.005449528214431276
Coffee,kapur,6,7,RM-MDE,0.02934029995230958,-24.53696352160096,1.1274363436552957e-05
Coffee,kapur,6,7,RM-MDE,0.06751099997200072,-24.53707692733424,6.652583133408659e-06
Coffee,kapur,6,7,RM-MDE,0.07946179999271408,-24.53724016336429,0.0
Coffee,kapur,6,7,MS-LS-4S,0.006222099997103214,-24.37367016081693,0.006666193975294089
Coffee,kapur,6,7,MS-LS-4S,0.01233440003124997,-24.535152984987853,8.506165985018776e-05
Coffee,kapur,6,7,MS-LS-4S,0.04251130000920966,-24.535943884037895,5.2829059738025194e-05
Coffee,kapur,6,7,MS-LS-4S,0.05452280002646148,-24.53724016336429,0.0
Coffee,kapur,6,7,MS-LS-conv,0.016618199995718896,-24.42365057032658,0.0046292733934808665
Coffee,kapur,6,7,MS-LS-conv,0.03003359999274835,-24.53724016336429,0.0
Coffee,kapur,6,8,RM-MDE,0.000826900009997189,-23.975266571259844,0.022902885098851123
Coffee,kapur,6,8,RM-MDE,0.0046434999676421285,-24.090228680686288,0.018217675651454133
Coffee,kapur,6,8,RM-MDE,0.037691400037147105,-24.53724016336429,0.0
Coffee,kapur,6,8,MS-LS-4S,0.006418700038921088,-24.42263630820154,0.004670609017140527
Coffee,kapur,6,8,MS-LS-4S,0.01779110002098605,-24.536197354124333,4.2499043617609816e-05
Coffee,kapur,6,8,MS-LS-4S,0.08883419999619946,-24.53724016336429,0.0
Coffee,kapur,6,8,MS-LS-conv,0.012425399967469275,-24.42365057032658,0.0046292733934808665
Coffee,kapur,6,8,MS-LS-conv,0.026656599948182702,-24.53707692733424,6.652583133408659e-06
Coffee,kapur,6,8,MS-LS-conv,0.1698066999670118,-24.53724016336429,0.0
Coffee,kapur,6,9,RM-MDE,0.0008495000074617565,-23.89599328094222,0.026133618864744777
Coffee,kapur,6,9,RM-MDE,0.014089100004639477,-24.422169260791904,0.004689643244564893
Coffee,kapur,6,9,RM-MDE,0.038719400006812066,-24.533796295795852,0.00014035268618273924
Coffee,kapur,6,9,RM-MDE,0.05240550002781674,-24.537201009487493,1.5956919579324151e-06
Coffee,kapur,6,9,RM-MDE,0.09178600006271154,-24.53724016336429,0.0
Coffee,kapur,6,9,MS-LS-4S,0.006287000025622547,-24.24856743541233,0.011764677935661614
Coffee,kapur,6,9,MS-LS-4S,0.01253740000538528,-24.405878128351457,0.005353578240187205
Coffee,kapur,6,9,MS-LS-4S,0.037756700010504574,-24.53707692733424,6.652583133408659e-06
Coffee,kapur,6,9,MS-LS-4S,0.1761819000239484,-24.53724016336429,0.0
Coffee,kapur,6,9,MS-LS-conv,0.01854530000127852,-24.42365057032658,0.0046292733934808665
Coffee,kapur,6,9,MS-LS-conv,0.07560789998387918,-24.53707692733424,6.652583133408659e-06
Coffee,kapur,6,9,MS-LS-conv,0.1185094999964349,-24.53724016336429,0.0
Coffee,kapur,7,0,RM-MDE,0.0009357000235468149,-25.944733417348054,0.04210147189023532
Coffee,kapur,7,0,RM-MDE,0.02177210000809282,-27.07198877125184,0.000482379994448994
Coffee,kapur,7,0,RM-MDE,0.037152100005187094,-27.08457796493017,1.757775884390296e-05
Coffee,kapur,7,0,RM-MDE,0.05104829999618232,-27.0850540594787,0.0
Coffee,kapur,7,0,MS-LS-4S,0.006517699977848679,-27.08457796493017,1.757775884390296e-05
Coffee,kapur,7,0,MS-LS-4S,0.05001140001695603,-27.0850540594787,0.0
Coffee,kapur,7,0,MS-LS-conv,0.00628629996208474,-27.08457796493017,1.757775884390296e-05
Coffee,kapur,7,0,MS-LS-conv,0.07033239997690544,-27.0850540594787,0.0
Coffee,kapur,7,1,RM-MDE,0.0009385999874211848,-25.384452537108096,0.06278745165640387
Coffee,kapur,7,1,RM-MDE,0.002318900020327419,-25.530732878984445,0.05738667447666787
Coffee,kapur,7,1,RM-MDE,0.011242199980188161,-26.94996590388745,0.004987553478556784
Coffee,kapur,7,1,RM-MDE,0.025231199979316443,-27.082991611625943,7.614708275009785e-05
Coffee,kapur,7,1,RM-MDE,0.06618820002768189,-27.0850540594787,0.0
Coffee,kapur,7,1,MS-LS-4S,0.006827800010796636,-26.46474137601059,0.022902397835570344
Coffee,kapur,7,1,MS-LS-4S,0.012915499974042177,-26.94996590388745,0.004987553478556784
Coffee,kapur,7,1,MS-LS-4S,0.03138140001101419,-27.08456417095021,1.8087042669947767e-05
Coffee,kapur,7,1,MS-LS-4S,0.03776129998732358,-27.08457796493017,1.757775884390296e-05
Coffee,kapur,7,1,MS-LS-4S,0.08151429996360093,-27.0850540594787,0.0
Coffee,kapur,7,1,MS-LS-conv,0.00959189998684451,-26.4653259404795,0.022880815287954777
Coffee,kapur,7,1,MS-LS-conv,0.017117199953645468,-26.94996590388745,0.004987553478556784
Coffee,kapur,7,1,MS-LS-conv,0.035827399988193065,-26.950629487031648,0.004963053503672415
Coffee,kapur,7,1,MS-LS-conv,0.06058379996102303,-27.08457796493017,1.757775884390296e-05
Coffee,kapur,7,1,MS-LS-conv,0.13639399997191504,-27.0850540594787,0.0
Coffee,kapur,7,2,RM-MDE,0.0008887999574653804,-25.97022288434881,0.041160382131109056
Coffee,kapur,7,2,RM-MDE,0.008447199943475425,-27.0850540594787,0.0
Coffee,kapur,7,2,MS-LS-4S,0.005904199962969869,-26.938269283291365,0.005419401263331288
Coffee,kapur,7,2,MS-LS-4S,0.01167499995790422,-26.93844744306101,0.005412823474368725
Coffee,kapur,7,2,MS-LS-4S,0.017864599998574704,-27.08383617180426,4.496530343874644e-05
Coffee,kapur,7,2,MS-LS-4S,0.07477730000391603,-27.08457796493017,1.757775884390296e-05
Coffee,kapur,7,2,MS-LS-4S,0.2870048999902792,-27.0850540594787,0.0
Coffee,kapur,7,2,MS-LS-conv,0.011662299977615476,-26.952874008420725,0.0048801841328323945
Coffee,kapur,7,2,MS-LS-conv,0.03294040000764653,-27.0850540594787,0.0
Coffee,kapur,7,3,RM-MDE,0.0008801999501883984,-25.456972275428583,0.0601099698924305
Coffee,kapur,7,3,RM-MDE,0.008306199975777417,-27.08383617180426,4.496530343874644e-05
Coffee,kapur,7,3,RM-MDE,0.04508679994614795,-27.0850540594787,0.0
Coffee,kapur,7,3,MS-LS-4S,0.0060344000230543315,-26.690174604245712,0.014579238216244076
Coffee,kapur,7,3,MS-LS-4S,0.011964800010900944,-26.93414271409481,0.005571757215344242
Coffee,kapur,7,3,MS-LS-4S,0.01867450005374849,-27.082991611625943,7.614708275009785e-05
Coffee,kapur,7,3,MS-LS-4S,0.14742470002966002,-27.08383617180426,4.496530343874644e-05
Coffee,kapur,7,3,MS-LS-4S,0.23209740000311285,-27.0850540594787,0.0
Coffee,kapur,7,3,MS-LS-conv,0.01606789999641478,-26.950629487031648,0.004963053503672415
Coffee,kapur,7,3,MS-LS-conv,0.03863889997592196,-27.08457796493017,1.757775884390296e-05
Coffee,kapur,7,3,MS-LS-conv,0.06201269995654002,-27.0850540594787,0.0
Coffee,kapur,7,4,RM-MDE,0.0008992000366561115,-25.47525158415816,0.05943508444861954
Coffee,kapur,7,4,RM-MDE,0.0022194000193849206,-25.697944917756118,0.05121308374266099
Coffee,kapur,7,4,RM-MDE,0.0034564000088721514,-26.350625477534265,0.027115640246891594
Coffee,kapur,7,4,RM-MDE,0.022237200057134032,-27.0850540594787,0.0
Coffee,kapur,7,4,MS-LS-4S,0.006389399990439415,-26.480668771428107,0.022314346750918992
Coffee,kapur,7,4,MS-LS-4S,0.012771799985785037,-26.792571594543972,0.01079866646352036
Coffee,kapur,7,4,MS-LS-4S,0.02642879995983094,-26.9100595288362,0.006460926024301558
Coffee,kapur,7,4,MS-LS-4S,0.03263039997546002,-27.077486461566014,0.00027940124823335887
Coffee,kapur,7,4,MS-LS-4S,0.05172160000074655,-27.082991611625943,7.614708275009785e-05
Coffee,kapur,7,4,MS-LS-4S,0.09493369999108836,-27.08456417095021,1.8087042669947767e-05
Coffee,kapur,7,4,MS-LS-4S,0.23926010000286624,-27.0850540594787,0.0
Coffee,kapur,7,4,MS-LS-conv,0.006367599999066442,-26.480668771428107,0.022314346750918992
Coffee,kapur,7,4,MS-LS-conv,0.02987650001887232,-27.08457796493017,1.757775884390296e-05
Coffee,kapur,7,4,MS-LS-conv,0.07685890002176166,-27.0850540594787,0.0
Coffee,kapur,7,5,RM-MDE,0.0009181000059470534,-25.398471472027932,0.062269862328760285
Coffee,kapur,7,5,RM-MDE,0.00798870000289753,-26.66305607859681,0.01558047401179943
Coffee,kapur,7,5,RM-MDE,0.03468889999203384,-26.952874008420725,0.0048801841328323945
Coffee,kapur,7,5,RM-MDE,0.0442760000587441,-26.954221098077593,0.004830448597732132
Coffee,kapur,7,5,RM-MDE,0.06834570009959862,-27.08456417095021,1.8087042669947767e-05
Coffee,kapur,7,5,RM-MDE,0.10715470026480034,-27.08457796493017,1.757775884390296e-05
Coffee,kapur,7,5,RM-MDE,0.12348850024864078,-27.0850540594787,0.0
Coffee,kapur,7,5,MS-LS-4S,0.006036799983121455,-26.954199962267435,0.004831228947297307
Coffee,kapur,7,5,MS-LS-4S,0.012373699981253594,-27.06961436552343,0.0005700447900662662
Coffee,kapur,7,5,MS-LS-4S,0.037464599998202175,-27.0850540594787,0.0
Coffee,kapur,7,5,MS-LS-conv,0.007595299975946546,-26.954199962267435,0.004831228947297307
Coffee,kapur,7,5,MS-LS-conv,0.017142999975476414,-27.08457796493017,1.757775884390296e-05
Coffee,kapur,7,5,MS-LS-conv,0.07308980001835153,-27.0850540594787,0.0
Coffee,kapur,7,6,RM-MDE,0.000865299953147769,-25.955761922258162,0.04169429142510169
Coffee,kapur,7,6,RM-MDE,0.008408499939832836,-27.08456417095021,1.8087042669947767e-05
Coffee,kapur,7,6,RM-MDE,0.06890729995211586,-27.0850540594787,0.0
Coffee,kapur,7,6,MS-LS-4S,0.0063078999519348145,-27.0850540594787,0.0
Coffee,kapur,7,6,MS-LS-conv,0.00796230003470555,-27.0850540594787,0.0
Coffee,kapur,7,7,RM-MDE,0.0009768999880179763,-24.83954742470616,0.08290574683149655
Coffee,kapur,7,7,RM-MDE,0.014627500029746443,-26.952874008420725,0.0048801841328323945
Coffee,kapur,7,7,RM-MDE,0.023744000063743442,-27.08456417095021,1.8087042669947767e-05
Coffee,kapur,7,7,RM-MDE,0.03755890007596463,-27.08457796493017,1.757775884390296e-05
Coffee,kapur,7,7,RM-MDE,0.045063900062814355,-27.0850540594787,0.0
Coffee,kapur,7,7,MS-LS-4S,0.006596599996555597,-27.038197640983302,0.0017299732314545796
Coffee,kapur,7,7,MS-LS-4S,0.07422529999166727,-27.08457796493017,1.757775884390296e-05
Coffee,kapur,7,7,MS-LS-4S,0.10574159998213872,-27.0850540594787,0.0
Coffee,kapur,7,7,MS-LS-conv,0.015857899968978018,-27.08457796493017,1.757775884390296e-05
Coffee,kapur,7,7,MS-LS-conv,0.19020710000768304,-27.0850540594787,0.0
Coffee,kapur,7,8,RM-MDE,0.0008860000525601208,-25.449087057178687,0.060401097915752155
Coffee,kapur,7,8,RM-MDE,0.01450220006518066,-27.077657401534253,0.0002730900196176196
Coffee,kapur,7,8,RM-MDE,0.04360090015688911,-27.0850540594787,0.0
Coffee,kapur,7,8,MS-LS-4S,0.0067470999783836305,-27.077657401534253,0.0002730900196176196
Coffee,kapur,7,8,MS-LS-4S,0.07258009997894987,-27.082402791744535,9.788674330660404e-05
Coffee,kapur,7,8,MS-LS-4S,0.0790246999822557,-27.08457796493017,1.757775884390296e-05
Coffee,kapur,7,8,MS-LS-4S,0.1920467999880202,-27.0850540594787,0.0
Coffee,kapur,7,8,MS-LS-conv,0.012746700027491897,-27.08457796493017,1.757775884390296e-05
Coffee,kapur,7,8,MS-LS-conv,0.11289119999855757,-27.0850540594787,0.0
Coffee,kapur,7,9,RM-MDE,0.0008985999738797545,-26.429479054666995,0.024204308522776607
Coffee,kapur,7,9,RM-MDE,0.014898299938067794,-26.917084044889883,0.006201575755394691
Coffee,kapur,7,9,RM-MDE,0.02485359995625913,-26.939069706570443,0.005389849050612061
Coffee,kapur,7,9,RM-MDE,0.03848579997429624,-27.082679433507867,8.767292712871315e-05
Coffee,kapur,7,9,RM-MDE,0.04739959997823462,-27.08456417095021,1.8087042669947767e-05
Coffee,kapur,7,9,RM-MDE,0.08089390001259744,-27.08457796493017,1.757775884390296e-05
Coffee,kapur,7,9,MS-LS-4S,0.007314499991480261,-26.3656861372623,0.026559589677638062
Coffee,kapur,7,9,MS-LS-4S,0.013591499999165535,-26.868834183515553,0.00798299591680082
Coffee,kapur,7,9,MS-LS-4S,0.020307799975853413,-27.077657401534253,0.0002730900196176196
Coffee,kapur,7,9,MS-LS-4S,0.033338200009893626,-27.0850540594787,0.0
Coffee,kapur,7,9,MS-LS-conv,0.01737319998210296,-26.480348749402726,0.022326162198090638
Coffee,kapur,7,9,MS-LS-conv,0.02935199998319149,-27.0850540594787,0.0
Coffee,kapur,8,0,RM-MDE,0.0009846999892033637,-27.477882858149787,0.06759747807454296
Coffee,kapur,8,0,RM-MDE,0.002382499980740249,-27.984468892357278,0.0504075767162152
Coffee,kapur,8,0,RM-MDE,0.01312829996459186,-29.45375305802559,0.0005505965199424639
Coffee,kapur,8,0,RM-MDE,0.04102689994033426,-29.468126569888106,6.286248385531429e-05
Coffee,kapur,8,0,RM-MDE,0.04816839995328337,-29.46997912597513,0.0
Coffee,kapur,8,0,MS-LS-4S,0.006515200017020106,-29.388718413083545,0.0027574065303616157
Coffee,kapur,8,0,MS-LS-4S,0.019303000008221716,-29.461057579673234,0.0003027333770328902
Coffee,kapur,8,0,MS-LS-4S,0.15696180000668392,-29.468350320603474,5.5269987287508036e-05
Coffee,kapur,8,0,MS-LS-4S,0.26758779998635873,-29.469317997783445,2.2433955207699227e-05
Coffee,kapur,8,0,MS-LS-conv,0.022569799970369786,-29.469317997783445,2.2433955207699227e-05
Coffee,kapur,8,1,RM-MDE,0.0009557000012136996,-27.654709056418266,0.06159726349981926
Coffee,kapur,8,1,RM-MDE,0.008381000021472573,-29.236484050103847,0.007923150365093992
Coffee,kapur,8,1,RM-MDE,0.04103039996698499,-29.42540055136141,0.0015126775089714173
Coffee,kapur,8,1,RM-MDE,0.069151800009422,-29.46203482649063,0.0002695726200056047
Coffee,kapur,8,1,RM-MDE,0.07672970002749935,-29.466919653581634,0.00010381657823431256
Coffee,kapur,8,1,RM-MDE,0.09880699997302145,-29.469317997783445,2.2433955207699227e-05
Coffee,kapur,8,1,RM-MDE,0.13353879988426343,-29.46997912597513,0.0
Coffee,kapur,8,1,MS-LS-4S,0.006687499990221113,-29.140534350880408,0.011178995875309104
Coffee,kapur,8,1,MS-LS-4S,0.012766800005920231,-29.44877287073159,0.0007195884039444838
Coffee,kapur,8,1,MS-LS-4S,0.031566200021188706,-29.461023097628598,0.00030390345063522023
Coffee,kapur,8,1,MS-LS-4S,0.1386099000228569,-29.466919653581634,0.00010381657823431256
Coffee,kapur,8,1,MS-LS-4S,0.27429380000103265,-29.467414952724663,8.700967311530589e-05
Coffee,kapur,8,1,MS-LS-conv,0.00952820002567023,-29.141752238554847,0.011137669491288497
Coffee,kapur,8,1,MS-LS-conv,0.02648530004080385,-29.469012365617864,3.280492168428653e-05
Coffee,kapur,8,1,MS-LS-conv,0.07444850000320002,-29.469317997783445,2.2433955207699227e-05
Coffee,kapur,8,1,MS-LS-conv,0.11357840005075559,-29.46997912597513,0.0
Coffee,kapur,8,2,RM-MDE,0.0009679999784566462,-28.032883459896684,0.048764733084312735
Coffee,kapur,8,2,RM-MDE,0.010072199977003038,-29.45068365687126,0.0006547500092004754
Coffee,kapur,8,2,RM-MDE,0.026803199958521873,-29.466919653581634,0.00010381657823431256
Coffee,kapur,8,2,RM-MDE,0.04096909996587783,-29.469012365617864,3.280492168428653e-05
Coffee,kapur,8,2,RM-MDE,0.10634110006503761,-29.469317997783445,2.2433955207699227e-05
Coffee,kapur,8,2,RM-MDE,0.11411480006063357,-29.4695123557163,1.5838839139765764e-05
Coffee,kapur,8,2,RM-MDE,0.12148550007259473,-29.46997912597513,0.0
Coffee,kapur,8,2,MS-LS-4S,0.006054700003005564,-28.950414725928805,0.017630294131710966
Coffee,kapur,8,2,MS-LS-4S,0.01218610000796616,-29.236138580754748,0.007934873120228043
Coffee,kapur,8,2,MS-LS-4S,0.025522500043734908,-29.27016267858349,0.006780338952310971
Coffee,kapur,8,2,MS-LS-4S,0.03846280003199354,-29.318337739753034,0.005145622451033146
Coffee,kapur,8,2,MS-LS-4S,0.0572447000304237,-29.468338128977724,5.568368373763853e-05
Coffee,kapur,8,2,MS-LS-4S,0.10044440004276112,-29.468763636176227,4.124501730069856e-05
Coffee,kapur,8,2,MS-LS-conv,0.012001600000075996,-29.089989473319644,0.012894126970064894
Coffee,kapur,8,2,MS-LS-conv,0.034824099973775446,-29.469012365617864,3.280492168428653e-05
Coffee,kapur,8,2,MS-LS-conv,0.09295010002097115,-29.469317997783445,2.2433955207699227e-05
Coffee,kapur,8,2,MS-LS-conv,0.14744759997120127,-29.46997912597513,0.0
Coffee,kapur,8,3,RM-MDE,0.001005799975246191,-28.115026089161837,0.045977400629341574
Coffee,kapur,8,3,RM-MDE,0.008568499993998557,-28.99403265961076,0.016150213894955422
Coffee,kapur,8,3,RM-MDE,0.021564399998169392,-29.093246987589225,0.01278359026911725
Coffee,kapur,8,3,RM-MDE,0.028947099985089153,-29.394436966646744,0.002563359784052307
Coffee,kapur,8,3,RM-MDE,0.050993299984838814,-29.439880772806163,0.0010213225140169072
Coffee,kapur,8,3,RM-MDE,0.0789195999968797,-29.468338128977724,5.568368373763853e-05
Coffee,kapur,8,3,RM-MDE,0.09584159997757524,-29.4695123557163,1.5838839139765764e-05
Coffee,kapur,8,3,RM-MDE,0.13107609981670976,-29.46997912597513,0.0
Coffee,kapur,8,3,MS-LS-4S,0.005853299982845783,-28.956528160128947,0.017422847965088025
Coffee,kapur,8,3,MS-LS-4S,0.012381899985484779,-29.407996845110738,0.002103234637508105
Coffee,kapur,8,3,MS-LS-4S,0.025064799992833287,-29.451775925281073,0.0006176862432186861
Coffee,kapur,8,3,MS-LS-4S,0.044531999970786273,-29.467416259901334,8.696531690231646e-05
Coffee,kapur,8,3,MS-LS-4S,0.09492369997315109,-29.469012365617864,3.280492168428653e-05
Coffee,kapur,8,3,MS-LS-conv,0.014819099975284189,-29.089989473319644,0.012894126970064894
Coffee,kapur,8,3,MS-LS-conv,0.035203900013584644,-29.469317997783445,2.2433955207699227e-05
Coffee,kapur,8,4,RM-MDE,0.0009361999691464007,-27.89908428808888,0.05330491858074131
Coffee,kapur,8,4,RM-MDE,0.0096421999623999,-29.449400893650783,0.0006982778045542964
Coffee,kapur,8,4,RM-MDE,0.045063599885907024,-29.461023097628598,0.00030390345063522023
Coffee,kapur,8,4,RM-MDE,0.06169379985658452,-29.468126569888106,6.286248385531429e-05
Coffee,kapur,8,4,RM-MDE,0.07584569981554523,-29.469317997783445,2.2433955207699227e-05
Coffee,kapur,8,4,RM-MDE,0.1449265998089686,-29.4695123557163,1.5838839139765764e-05
Coffee,kapur,8,4,RM-MDE,0.1558847997803241,-29.46997912597513,0.0
Coffee,kapur,8,4,MS-LS-4S,0.006484100013040006,-29.141276144006316,0.011153824730031505
Coffee,kapur,8,4,MS-LS-4S,0.025794200017116964,-29.457988423260367,0.0004068785615186662
Coffee,kapur,8,4,MS-LS-4S,0.0833011000067927,-29.46656772868284,0.00011575838848432454
Coffee,kapur,8,4,MS-LS-conv,0.007941899995785207,-29.141276144006316,0.011153824730031505
Coffee,kapur,8,4,MS-LS-conv,0.07210750004742295,-29.469012365617864,3.280492168428653e-05
Coffee,kapur,8,4,MS-LS-conv,0.15023110003676265,-29.469317997783445,2.2433955207699227e-05
Coffee,kapur,8,5,RM-MDE,0.0009519999730400741,-27.788470331660534,0.057058363941374396
Coffee,kapur,8,5,RM-MDE,0.01566029997775331,-29.141752238554847,0.011137669491288497
Coffee,kapur,8,5,RM-MDE,0.02331129997037351,-29.318465086972136,0.005141301198596624
Coffee,kapur,8,5,RM-MDE,0.030792500008828938,-29.4676016010634,8.067616544844083e-05
Coffee,kapur,8,5,RM-MDE,0.07877330004703254,-29.469317997783445,2.2433955207699227e-05
Coffee,kapur,8,5,RM-MDE,0.13993340014712885,-29.4695123557163,1.5838839139765764e-05
Coffee,kapur,8,5,RM-MDE,0.1438572001643479,-29.46997912597513,0.0
Coffee,kapur,8,5,MS-LS-4S,0.006082799984142184,-29.096693592686044,0.012666637179938395
Coffee,kapur,8,5,MS-LS-4S,0.019244199967943132,-29.228396822695494,0.008197572935051805
Coffee,kapur,8,5,MS-LS-4S,0.037489899958018214,-29.447460748265538,0.0007641124417948264
Coffee,kapur,8,5,MS-LS-4S,0.056934499996714294,-29.464662766320426,0.00018039916594366078
Coffee,kapur,8,5,MS-LS-4S,0.09493049996672198,-29.466348849295226,0.00012318558708117547
Coffee,kapur,8,5,MS-LS-4S,0.27904260001378134,-29.46769557737368,7.748728262376014e-05
Coffee,kapur,8,5,MS-LS-conv,0.007578200020361692,-29.096693592686044,0.012666637179938395
Coffee,kapur,8,5,MS-LS-conv,0.025850100035313517,-29.141276144006316,0.011153824730031505
Coffee,kapur,8,5,MS-LS-conv,0.04915850004181266,-29.469012365617864,3.280492168428653e-05
Coffee,kapur,8,5,MS-LS-conv,0.1145018000388518,-29.469317997783445,2.2433955207699227e-05
Coffee,kapur,8,5,MS-LS-conv,0.21716770000057295,-29.46997912597513,0.0
Coffee,kapur,8,6,RM-MDE,0.0009383000433444977,-28.61013700017861,0.02917688275654886
Coffee,kapur,8,6,RM-MDE,0.0089001000742428,-29.385116123060975,0.0028796424507595095
Coffee,kapur,8,6,RM-MDE,0.016882800089661032,-29.4688170908623,3.943114814786283e-05
Coffee,kapur,8,6,RM-MDE,0.09896520018810406,-29.469317997783445,2.2433955207699227e-05
Coffee,kapur,8,6,RM-MDE,0.12515690020518377,-29.46997912597513,0.0
Coffee,kapur,8,6,MS-LS-4S,0.0062769000069238245,-29.46567942623352,0.00014590101076177782
Coffee,kapur,8,6,MS-LS-4S,0.025140899990219623,-29.46634146871199,0.00012343603120963426
Coffee,kapur,8,6,MS-LS-4S,0.0506469999672845,-29.469365640096253,2.081731636977938e-05
Coffee,kapur,8,6,MS-LS-conv,0.012461000005714595,-29.469012365617864,3.280492168428653e-05
Coffee,kapur,8,6,MS-LS-conv,0.09130249998997897,-29.469317997783445,2.2433955207699227e-05
Coffee,kapur,8,6,MS-LS-conv,0.10077670001192018,-29.46997912597513,0.0
Coffee,kapur,8,7,RM-MDE,0.0009454000391997397,-27.708497795418854,0.05977205898336346
Coffee,kapur,8,7,RM-MDE,0.008720400044694543,-29.45460884195189,0.0005215573434081662
Coffee,kapur,8,7,RM-MDE,0.017813000071328133,-29.459319455123932,0.0003617128741635821
Coffee,kapur,8,7,RM-MDE,0.05630720010958612,-29.466149158898915,0.00012996164876270753
Coffee,kapur,8,7,RM-MDE,0.06498800014378503,-29.469317997783445,2.2433955207699227e-05
Coffee,kapur,8,7,RM-MDE,0.08800070022698492,-29.469365640096253,2.081731636977938e-05
Coffee,kapur,8,7,RM-MDE,0.1023430002387613,-29.4695123557163,1.5838839139765764e-05
Coffee,kapur,8,7,RM-MDE,0.13347540033282712,-29.46997912597513,0.0
Coffee,kapur,8,7,MS-LS-4S,0.00663020001957193,-29.139655770049046,0.011208808615508416
Coffee,kapur,8,7,MS-LS-4S,0.019188800011761487,-29.141276144006316,0.011153824730031505
Coffee,kapur,8,7,MS-LS-4S,0.025472500012256205,-29.44525256574293,0.0008390423395449681
Coffee,kapur,8,7,MS-LS-4S,0.1249577000271529,-29.46761270770507,8.029928558635772e-05
Coffee,kapur,8,7,MS-LS-conv,0.012813400011509657,-29.147568982419937,0.010940290869463725
Coffee,kapur,8,7,MS-LS-conv,0.04153550002956763,-29.469012365617864,3.280492168428653e-05
Coffee,kapur,8,7,MS-LS-conv,0.10973150003701448,-29.469317997783445,2.2433955207699227e-05
Coffee,kapur,8,8,RM-MDE,0.0009183000074699521,-27.93545590864836,0.05207072630649488
Coffee,kapur,8,8,RM-MDE,0.002258199965581298,-27.97006929032516,0.050896196065776445
Coffee,kapur,8,8,RM-MDE,0.009622599987778813,-28.480558729593028,0.033573841099534964
Coffee,kapur,8,8,RM-MDE,0.01703119999729097,-29.45460884195189,0.0005215573434081662
Coffee,kapur,8,8,RM-MDE,0.040389299974776804,-29.468350320603474,5.5269987287508036e-05
Coffee,kapur,8,8,RM-MDE,0.07620489998953417,-29.469317997783445,2.2433955207699227e-05
Coffee,kapur,8,8,RM-MDE,0.11619280005106702,-29.4695123557163,1.5838839139765764e-05
Coffee,kapur,8,8,RM-MDE,0.12021170003572479,-29.46997912597513,0.0
Coffee,kapur,8,8,MS-LS-4S,0.006661100022029132,-29.102699854689245,0.012462827670012184
Coffee,kapur,8,8,MS-LS-4S,0.018679300032090396,-29.45443657614378,0.0005274028110067115
Coffee,kapur,8,8,MS-LS-4S,0.0560029000043869,-29.462968856076852,0.00023787834624213638
Coffee,kapur,8,8,MS-LS-4S,0.08144850004464388,-29.464234901798257,0.00019491782306047092
Coffee,kapur,8,8,MS-LS-4S,0.0879177000024356,-29.468290486664923,5.730032257531727e-05
Coffee,kapur,8,8,MS-LS-conv,0.011167899996507913,-29.141752238554847,0.011137669491288497
Coffee,kapur,8,8,MS-LS-conv,0.04548359999898821,-29.469012365617864,3.280492168428653e-05
Coffee,kapur,8,8,MS-LS-conv,0.13815289997728541,-29.469317997783445,2.2433955207699227e-05
Coffee,kapur,8,9,RM-MDE,0.0009843999869190156,-27.183577983928767,0.07758407741901335
Coffee,kapur,8,9,RM-MDE,0.008636699989438057,-29.45929087288604,0.0003626827505849348
Coffee,kapur,8,9,RM-MDE,0.04758350003976375,-29.466956462316066,0.0001025675534462505
Coffee,kapur,8,9,RM-MDE,0.055097200034651905,-29.469365640096253,2.081731636977938e-05
Coffee,kapur,8,9,RM-MDE,0.08662710001226515,-29.4695123557163,1.5838839139765764e-05
Coffee,kapur,8,9,RM-MDE,0.13157299999147654,-29.46997912597513,0.0
Coffee,kapur,8,9,MS-LS-4S,0.00652049999916926,-28.296920821702415,0.0398051963070028
Coffee,kapur,8,9,MS-LS-4S,0.012913099955767393,-29.274430761822206,0.006635510779190379
Coffee,kapur,8,9,MS-LS-4S,0.038619999948423356,-29.42540055136141,0.0015126775089714173
Coffee,kapur,8,9,MS-LS-4S,0.04482549999374896,-29.454893581915663,0.0005118953086115449
Coffee,kapur,8,9,MS-LS-4S,0.05109799996716902,-29.463640681029858,0.0002150814195753699
Coffee,kapur,8,9,MS-LS-4S,0.12616919999709353,-29.468126569888106,6.286248385531429e-05
Coffee,kapur,8,9,MS-LS-4S,0.2610702999518253,-29.469317997783445,2.2433955207699227e-05
Coffee,kapur,8,9,MS-LS-conv,0.030861099949106574,-29.141276144006316,0.011153824730031505
Coffee,kapur,8,9,MS-LS-conv,0.049451999948360026,-29.469012365617864,3.280492168428653e-05
Coffee,kapur,8,9,MS-LS-conv,0.1353260999894701,-29.469317997783445,2.2433955207699227e-05
Coffee,mcet,6,0,RM-MDE,0.0007525999681092799,-114648976.50953485,0.00022764390365794814
Coffee,mcet,6,0,RM-MDE,0.01673950004624203,-114671864.88791108,2.8050600053309847e-05
Coffee,mcet,6,0,RM-MDE,0.03058650001185015,-114674200.04942535,7.687313785417303e-06
Coffee,mcet,6,0,RM-MDE,0.048099800013005733,-114675065.87303956,1.37080533483458e-07
Coffee,mcet,6,0,MS-LS-4S,0.0052269999869167805,-114667768.09993488,6.377578044388536e-05
Coffee,mcet,6,0,MS-LS-4S,0.02072309999493882,-114674917.61982778,1.429891575971884e-06
Coffee,mcet,6,0,MS-LS-4S,0.056778599973767996,-114675065.87303956,1.37080533483458e-07
Coffee,mcet,6,0,MS-LS-conv,0.014996599988080561,-114674935.55939937,1.2734533041166324e-06
Coffee,mcet,6,0,MS-LS-conv,0.1674518000218086,-114675065.87303956,1.37080533483458e-07
Coffee,mcet,6,1,RM-MDE,0.0007909999694675207,-114517490.9546265,0.0013742361108062043
Coffee,mcet,6,1,RM-MDE,0.002250299963634461,-114594396.18450087,0.0007036001818300939
Coffee,mcet,6,1,RM-MDE,0.008712299924809486,-114627480.27153492,0.00041509733906311614
Coffee,mcet,6,1,RM-MDE,0.021267399948555976,-114668334.02828836,5.8840720920682274e-05
Coffee,mcet,6,1,RM-MDE,0.028417399968020618,-114675065.87303956,1.37080533483458e-07
Coffee,mcet,6,1,RM-MDE,0.0682382999220863,-114675081.59276092,0.0
Coffee,mcet,6,1,MS-LS-4S,0.005433999991510063,-114633966.30144444,0.00035853727545178326
Coffee,mcet,6,1,MS-LS-4S,0.0157065000385046,-114674965.70582256,1.0105677428236447e-06
Coffee,mcet,6,1,MS-LS-4S,0.12812639999901876,-114675065.87303956,1.37080533483458e-07
Coffee,mcet,6,1,MS-LS-conv,0.019627700035925955,-114674935.55939937,1.2734533041166324e-06
Coffee,mcet,6,1,MS-LS-conv,0.046798900002613664,-114675065.87303956,1.37080533483458e-07
Coffee,mcet,6,2,RM-MDE,0.0008299999753944576,-114538119.06759441,0.0011943529776843652
Coffee,mcet,6,2,RM-MDE,0.007571499969344586,-114666080.27018893,7.849414578102293e-05
Coffee,mcet,6,2,RM-MDE,0.02030089992331341,-114670627.31354728,3.884260775549601e-05
Coffee,mcet,6,2,RM-MDE,0.03013739996822551,-114675065.87303956,1.37080533483458e-07
Coffee,mcet,6,2,RM-MDE,0.09318580006947741,-114675081.59276092,0.0
Coffee,mcet,6,2,MS-LS-4S,0.005503599997609854,-114667139.17961907,6.926014816411551e-05
Coffee,mcet,6,2,MS-LS-4S,0.010590900026727468,-114669712.53048712,4.681978158835952e-05
Coffee,mcet,6,2,MS-LS-4S,0.027466700004879385,-114670622.08212861,3.888822724489653e-05
Coffee,mcet,6,2,MS-LS-4S,0.08622050000121817,-114674321.50096545,6.628221100147646e-06
Coffee,mcet,6,2,MS-LS-4S,0.24082030000863597,-114674935.55939937,1.2734533041166324e-06
Coffee,mcet,6,2,MS-LS-conv,0.014822199998889118,-114674935.55939937,1.2734533041166324e-06
Coffee,mcet,6,3,RM-MDE,0.0007509999559260905,-114606483.49577744,0.0005981953187274458
Coffee,mcet,6,3,RM-MDE,0.023332799959462136,-114669150.568961,5.172024922544681e-05
Coffee,mcet,6,3,RM-MDE,0.039753499964717776,-114674043.21495804,9.054955867100668e-06
Coffee,mcet,6,3,RM-MDE,0.04570999997667968,-114674672.89072268,3.564000413749983e-06
Coffee,mcet,6,3,RM-MDE,0.07659110001986846,-114674935.55939937,1.2734533041166324e-06
Coffee,mcet,6,3,RM-MDE,0.1060415999381803,-114675065.87303956,1.37080533483458e-07
Coffee,mcet,6,3,RM-MDE,0.11449089989764616,-114675081.59276092,0.0
Coffee,mcet,6,3,MS-LS-4S,0.008035700011532754,-114674935.55939937,1.2734533041166324e-06
Coffee,mcet,6,3,MS-LS-4S,0.1269967000116594,-114675081.59276092,0.0
Coffee,mcet,6,3,MS-LS-conv,0.006310199969448149,-114674935.55939937,1.2734533041166324e-06
Coffee,mcet,6,3,MS-LS-conv,0.20566239999607205,-114675081.59276092,0.0
Coffee,mcet,6,4,RM-MDE,0.0007722000009380281,-114546726.19716136,0.0011192963093357993
Coffee,mcet,6,4,RM-MDE,0.007001599995419383,-114670219.90333778,4.239534304766317e-05
Coffee,mcet,6,4,RM-MDE,0.018301400006748736,-114671074.01364972,3.494725319172162e-05
Coffee,mcet,6,4,RM-MDE,0.041965899989008904,-114674722.0577682,3.135249504347014e-06
Coffee,mcet,6,4,RM-MDE,0.055482399940956384,-114675065.87303956,1.37080533483458e-07
Coffee,mcet,6,4,RM-MDE,0.09528609999688342,-114675081.59276092,0.0
Coffee,mcet,6,4,MS-LS-4S,0.005465199996251613,-114619408.5463045,0.0004854851261770617
Coffee,mcet,6,4,MS-LS-4S,0.022293100017122924,-114625824.63790537,0.0004295349449191566
Coffee,mcet,6,4,MS-LS-4S,0.027436900010798126,-114658260.47783875,0.00014668500504670873
Coffee,mcet,6,4,MS-LS-4S,0.043268100009299815,-114670409.53686395,4.074168365154738e-05
Coffee,mcet,6,4,MS-LS-4S,0.06503970001358539,-114672285.19142431,2.4385431409946738e-05
Coffee,mcet,6,4,MS-LS-4S,0.08028890000423416,-114674094.06357735,8.611541146083736e-06
Coffee,mcet,6,4,MS-LS-4S,0.0851175999850966,-114675065.87303956,1.37080533483458e-07
Coffee,mcet,6,4,MS-LS-conv,0.021289500000420958,-114674935.55939937,1.2734533041166324e-06
Coffee,mcet,6,4,MS-LS-conv,0.15735819999827072,-114675065.87303956,1.37080533483458e-07
Coffee,mcet,6,5,RM-MDE,0.0007677999674342573,-114555848.30570121,0.0010397488748526537
Coffee,mcet,6,5,RM-MDE,0.012638999964110553,-114670829.43030514,3.7080090955441886e-05
Coffee,mcet,6,5,RM-MDE,0.026431099977344275,-114674658.37221225,3.690606039221522e-06
Coffee,mcet,6,5,RM-MDE,0.04402259999187663,-114674935.55939937,1.2734533041166324e-06
Coffee,mcet,6,5,RM-MDE,0.053471699939109385,-114675081.59276092,0.0
Coffee,mcet,6,5,MS-LS-4S,0.005131899961270392,-114663774.52135456,9.860094494215054e-05
Coffee,mcet,6,5,MS-LS-4S,0.010143299994524568,-114674520.68982205,4.891236448947805e-06
Coffee,mcet,6,5,MS-LS-4S,0.03140569996321574,-114675065.87303956,1.37080533483458e-07
Coffee,mcet,6,5,MS-LS-conv,0.015532799996435642,-114674935.55939937,1.2734533041166324e-06
Coffee,mcet,6,5,MS-LS-conv,0.08798040001420304,-114675065.87303956,1.37080533483458e-07
Coffee,mcet,6,6,RM-MDE,0.0007715999963693321,-114553674.31260867,0.0010587067256982044
Coffee,mcet,6,6,RM-MDE,0.007666199991945177,-114613728.56977768,0.0005350161703055734
Coffee,mcet,6,6,RM-MDE,0.013495299965143204,-114669803.79243696,4.602395089376013e-05
Coffee,mcet,6,6,RM-MDE,0.02785689994925633,-114675008.28897348,6.392303055024728e-07
Coffee,mcet,6,6,RM-MDE,0.04114109999500215,-114675081.59276092,0.0
Coffee,mcet,6,6,MS-LS-4S,0.005521200015209615,-114661697.00538793,0.00011671748724383197
Coffee,mcet,6,6,MS-LS-4S,0.010716899996623397,-114669150.568961,5.172024922544681e-05
Coffee,mcet,6,6,MS-LS-4S,0.021433699992485344,-114671609.85078186,3.027459785371295e-05
Coffee,mcet,6,6,MS-LS-4S,0.09806639997987077,-114675065.87303956,1.37080533483458e-07
Coffee,mcet,6,6,MS-LS-conv,0.014834599976893514,-114674935.55939937,1.2734533041166324e-06
Coffee,mcet,6,7,RM-MDE,0.0007734000100754201,-114576511.37555984,0.0008595609074962832
Coffee,mcet,6,7,RM-MDE,0.017040700011420995,-114669942.16573353,4.481729557987812e-05
Coffee,mcet,6,7,RM-MDE,0.023195000016130507,-114674672.89072268,3.564000413749983e-06
Coffee,mcet,6,7,RM-MDE,0.03438760002609342,-114675081.59276092,0.0
Coffee,mcet,6,7,MS-LS-4S,0.0054830999579280615,-114616010.56956586,0.0005151164697212396
Coffee,mcet,6,7,MS-LS-4S,0.010735299962107092,-114669150.568961,5.172024922544681e-05
Coffee,mcet,6,7,MS-LS-4S,0.0212593000032939,-114669933.13862355,4.4896014599347764e-05
Coffee,mcet,6,7,MS-LS-4S,0.03626689995871857,-114672285.19142431,2.4385431409946738e-05
Coffee,mcet,6,7,MS-LS-4S,0.07367119996342808,-114672468.93482713,2.2783135599281232e-05
Coffee,mcet,6,7,MS-LS-4S,0.11549809999996796,-114674278.06683081,7.0069793624403575e-06
Coffee,mcet,6,7,MS-LS-4S,0.1904532999615185,-114674935.55939937,1.2734533041166324e-06
Coffee,mcet,6,7,MS-LS-conv,0.02201509999576956,-114674935.55939937,1.2734533041166324e-06
Coffee,mcet,6,7,MS-LS-conv,0.2740553999901749,-114675065.87303956,1.37080533483458e-07
Coffee,mcet,6,8,RM-MDE,0.0007878000033088028,-114627625.678067,0.00041382935189398243
Coffee,mcet,6,8,RM-MDE,0.0031306000309996307,-114647079.8554815,0.00024418327757425197
Coffee,mcet,6,8,RM-MDE,0.009440400055609643,-114647738.48484896,0.00023843983829949483
Coffee,mcet,6,8,RM-MDE,0.015427000063937157,-114675081.59276092,0.0
Coffee,mcet,6,8,MS-LS-4S,0.005553099967073649,-114621938.4650008,0.00046342350074666914
Coffee,mcet,6,8,MS-LS-4S,0.010239999974146485,-114668700.61547408,5.564397424634801e-05
Coffee,mcet,6,8,MS-LS-4S,0.015225799987092614,-114674935.55939937,1.2734533041166324e-06
Coffee,mcet,6,8,MS-LS-4S,0.050933699996676296,-114675065.87303956,1.37080533483458e-07
Coffee,mcet,6,8,MS-LS-4S,0.11823739996179938,-114675081.59276092,0.0
Coffee,mcet,6,8,MS-LS-conv,0.02151149994460866,-114674935.55939937,1.2734533041166324e-06
Coffee,mcet,6,8,MS-LS-conv,0.06499439995968714,-114675065.87303956,1.37080533483458e-07
Coffee,mcet,6,9,RM-MDE,0.0008154000388458371,-114652541.84263173,0.00019655316408875292
Coffee,mcet,6,9,RM-MDE,0.017805500072427094,-114668400.7851858,5.8258581396494604e-05
Coffee,mcet,6,9,RM-MDE,0.041685800009872764,-114668731.88716666,5.5371276009254286e-05
Coffee,mcet,6,9,RM-MDE,0.06593329994939268,-114674917.61982778,1.429891575971884e-06
Coffee,mcet,6,9,RM-MDE,0.09365449997130781,-114675081.59276092,0.0
Coffee,mcet,6,9,MS-LS-4S,0.005739999993238598,-114613728.56977768,0.0005350161703055734
Coffee,mcet,6,9,MS-LS-4S,0.011193300015293062,-114668771.76823267,5.5023501536757896e-05
Coffee,mcet,6,9,MS-LS-4S,0.03371849999530241,-114674321.50096545,6.628221100147646e-06
Coffee,mcet,6,9,MS-LS-4S,0.038814400031697005,-114674687.0442589,3.440577469255482e-06
Coffee,mcet,6,9,MS-LS-4S,0.09714920003898442,-114675016.6295856,5.664977467143716e-07
Coffee,mcet,6,9,MS-LS-conv,0.02278239995939657,-114674935.55939937,1.2734533041166324e-06
Coffee,mcet,6,9,MS-LS-conv,0.1240303999511525,-114675081.59276092,0.0
Coffee,mcet,7,0,RM-MDE,0.0008320999913848937,-114628911.69663717,0.0006845954131650627
Coffee,mcet,7,0,RM-MDE,0.012991899973712862,-114700768.10315369,5.816345208834398e-05
Coffee,mcet,7,0,RM-MDE,0.024572799971792847,-114707389.98033276,4.3505028827608817e-07
Coffee,mcet,7,0,RM-MDE,0.07404550001956522,-114707403.37567279,3.182719865461375e-07
Coffee,mcet,7,0,RM-MDE,0.11675669997930527,-114707439.88383755,0.0
Coffee,mcet,7,0,MS-LS-4S,0.0054169000359252095,-114697670.00865862,8.51721142833189e-05
Coffee,mcet,7,0,MS-LS-4S,0.016555000038351864,-114700768.10315369,5.816345208834398e-05
Coffee,mcet,7,0,MS-LS-4S,0.04885870002908632,-114707016.71021055,3.6891558859004156e-06
Coffee,mcet,7,0,MS-LS-conv,0.011827999958768487,-114700768.10315369,5.816345208834398e-05
Coffee,mcet,7,0,MS-LS-conv,0.10057429998414591,-114707389.98033276,4.3505028827608817e-07
Coffee,mcet,7,1,RM-MDE,0.0007594999624416232,-114586236.13246347,0.0010566337414279487
Coffee,mcet,7,1,RM-MDE,0.012123099935706705,-114707185.08485252,2.221294323125495e-06
Coffee,mcet,7,1,RM-MDE,0.05004199990071356,-114707350.36580878,7.804029874310712e-07
Coffee,mcet,7,1,RM-MDE,0.08652639988576993,-114707389.98033276,4.3505028827608817e-07
Coffee,mcet,7,1,RM-MDE,0.09247399988817051,-114707439.88383755,0.0
Coffee,mcet,7,1,MS-LS-4S,0.005722599977161735,-114669334.67851503,0.0003321947151911637
Coffee,mcet,7,1,MS-LS-4S,0.01105569995706901,-114687275.77672374,0.0001757872648385168
Coffee,mcet,7,1,MS-LS-4S,0.015935799980070442,-114707213.19520456,1.976233043161405e-06
Coffee,mcet,7,1,MS-LS-4S,0.11196730000665411,-114707439.88383755,0.0
Coffee,mcet,7,1,MS-LS-conv,0.01627219998044893,-114700768.10315369,5.816345208834398e-05
Coffee,mcet,7,1,MS-LS-conv,0.037581900018267334,-114707389.98033276,4.3505028827608817e-07
Coffee,mcet,7,1,MS-LS-conv,0.21443859999999404,-114707439.88383755,0.0
Coffee,mcet,7,2,RM-MDE,0.0011210999800823629,-114657342.1463143,0.0004367435763015105
Coffee,mcet,7,2,RM-MDE,0.007980399939697236,-114690602.33697128,0.0001467868769743187
Coffee,mcet,7,2,RM-MDE,0.014176799915730953,-114700768.10315369,5.816345208834398e-05
Coffee,mcet,7,2,RM-MDE,0.024177699990104884,-114707213.41614047,1.974306961373128e-06
Coffee,mcet,7,2,RM-MDE,0.08110039995517582,-114707439.88383755,0.0
Coffee,mcet,7,2,MS-LS-4S,0.005245700012892485,-114700584.25231726,5.976623248874523e-05
Coffee,mcet,7,2,MS-LS-4S,0.04890729999169707,-114701004.35334091,5.610386303764739e-05
Coffee,mcet,7,2,MS-LS-4S,0.05405010003596544,-114705931.62395194,1.314875379606189e-05
Coffee,mcet,7,2,MS-LS-4S,0.19723950000479817,-114706136.3384637,1.136408741383385e-05
Coffee,mcet,7,2,MS-LS-conv,0.0064211999997496605,-114700584.25231726,5.976623248874523e-05
Coffee,mcet,7,2,MS-LS-conv,0.01438790000975132,-114700730.81766403,5.848850066149006e-05
Coffee,mcet,7,2,MS-LS-conv,0.026366000005509704,-114700768.10315369,5.816345208834398e-05
Coffee,mcet,7,2,MS-LS-conv,0.10472549998667091,-114701004.35334091,5.610386303764739e-05
Coffee,mcet,7,2,MS-LS-conv,0.11883200000738725,-114707346.05288544,8.180023214093828e-07
Coffee,mcet,7,2,MS-LS-conv,0.16288239997811615,-114707389.98033276,4.3505028827608817e-07
Coffee,mcet,7,3,RM-MDE,0.0007919999770820141,-114617745.52889061,0.0007819401691622899
Coffee,mcet,7,3,RM-MDE,0.002018400002270937,-114637655.93747908,0.0006083646050259794
Coffee,mcet,7,3,RM-MDE,0.013441499962937087,-114707108.51369436,2.888828689103337e-06
Coffee,mcet,7,3,RM-MDE,0.029668099945411086,-114707218.05296859,1.9338838804533653e-06
Coffee,mcet,7,3,RM-MDE,0.06428369990317151,-114707389.98033276,4.3505028827608817e-07
Coffee,mcet,7,3,RM-MDE,0.07767259993124753,-114707439.88383755,0.0
Coffee,mcet,7,3,MS-LS-4S,0.0050760000012815,-114701012.5767494,5.6032172757585806e-05
Coffee,mcet,7,3,MS-LS-4S,0.06540169997606426,-114703685.6982401,3.2728353115119185e-05
Coffee,mcet,7,3,MS-LS-4S,0.10790699999779463,-114707350.36580878,7.804029874310712e-07
Coffee,mcet,7,3,MS-LS-4S,0.27410019998205826,-114707403.37567279,3.182719865461375e-07
Coffee,mcet,7,3,MS-LS-conv,0.02077940001618117,-114707346.05288544,8.180023214093828e-07
Coffee,mcet,7,3,MS-LS-conv,0.26290279999375343,-114707389.98033276,4.3505028827608817e-07
Coffee,mcet,7,4,RM-MDE,0.0007683000294491649,-114572219.41535142,0.0011788291031781888
Coffee,mcet,7,4,RM-MDE,0.0022445000358857214,-114646432.39003147,0.0005318529806598454
Coffee,mcet,7,4,RM-MDE,0.013207400043029338,-114700545.48243223,6.01042217688881e-05
Coffee,mcet,7,4,RM-MDE,0.03149330004816875,-114707387.63520527,4.554947118942768e-07
Coffee,mcet,7,4,RM-MDE,0.08959310001228005,-114707439.88383755,0.0
Coffee,mcet,7,4,MS-LS-4S,0.005681700014974922,-114633122.63327715,0.0006478851819521279
Coffee,mcet,7,4,MS-LS-4S,0.01124550000531599,-114645745.58871008,0.0005378403980591249
Coffee,mcet,7,4,MS-LS-4S,0.022717699990607798,-114653220.28592639,0.00047267725586127207
Coffee,mcet,7,4,MS-LS-4S,0.02806879999116063,-114698654.05381773,7.65933755361817e-05
Coffee,mcet,7,4,MS-LS-4S,0.03901519998908043,-114702116.10352783,4.641181352415447e-05
Coffee,mcet,7,4,MS-LS-4S,0.0610482000047341,-114706017.2663673,1.2402137748782435e-05
Coffee,mcet,7,4,MS-LS-4S,0.07114479999290779,-114707146.03613114,2.5617144511714636e-06
Coffee,mcet,7,4,MS-LS-conv,0.018572799977846444,-114700768.10315369,5.816345208834398e-05
Coffee,mcet,7,4,MS-LS-conv,0.11893270001746714,-114707346.05288544,8.180023214093828e-07
Coffee,mcet,7,5,RM-MDE,0.0008001999813131988,-114643292.83956417,0.000559223048987382
Coffee,mcet,7,5,RM-MDE,0.007503699976950884,-114647788.86715718,0.0005200274432136434
Coffee,mcet,7,5,RM-MDE,0.02066249999916181,-114668736.1350266,0.0003374127157762533
Coffee,mcet,7,5,RM-MDE,0.044068299990613014,-114706075.18309163,1.189722957209505e-05
Coffee,mcet,7,5,RM-MDE,0.09807380003621802,-114706236.81245637,1.0488172191793403e-05
Coffee,mcet,7,5,RM-MDE,0.11027990002185106,-114706418.51606119,8.904110992263548e-06
Coffee,mcet,7,5,RM-MDE,0.11873990000458434,-114707232.80945292,1.8052393536062475e-06
Coffee,mcet,7,5,RM-MDE,0.1258891000179574,-114707346.05288544,8.180023214093828e-07
Coffee,mcet,7,5,RM-MDE,0.12701100000413135,-114707439.88383755,0.0
Coffee,mcet,7,5,MS-LS-4S,0.005497000005561858,-114699684.98096175,6.760592759849954e-05
Coffee,mcet,7,5,MS-LS-4S,0.02739339997060597,-114704003.50128424,2.9957800093779215e-05
Coffee,mcet,7,5,MS-LS-4S,0.038051199982874095,-114707287.49377197,1.3285107377074192e-06
Coffee,mcet,7,5,MS-LS-conv,0.010239000024739653,-114700768.10315369,5.816345208834398e-05
Coffee,mcet,7,5,MS-LS-conv,0.06934139999793842,-114707346.05288544,8.180023214093828e-07
Coffee,mcet,7,5,MS-LS-conv,0.24299180001253262,-114707439.88383755,0.0
Coffee,mcet,7,6,RM-MDE,0.000824799994006753,-114591935.44426967,0.0010069481080289858
Coffee,mcet,7,6,RM-MDE,0.0075591999921016395,-114695709.4954864,0.00010226353550420522
Coffee,mcet,7,6,RM-MDE,0.02669870003592223,-114701531.8269279,5.150543779578345e-05
Coffee,mcet,7,6,RM-MDE,0.06367910013068467,-114705573.79988609,1.6268203294817576e-05
Coffee,mcet,7,6,RM-MDE,0.084620600217022,-114707346.05288544,8.180023214093828e-07
Coffee,mcet,7,6,RM-MDE,0.08582740020938218,-114707403.37567279,3.182719865461375e-07
Coffee,mcet,7,6,RM-MDE,0.09666720021050423,-114707439.88383755,0.0
Coffee,mcet,7,6,MS-LS-4S,0.005543200008105487,-114690817.66580924,0.00014490967669699562
Coffee,mcet,7,6,MS-LS-4S,0.010880600020755082,-114701649.92967388,5.047583809327396e-05
Coffee,mcet,7,6,MS-LS-4S,0.08183700003428385,-114703685.6982401,3.2728353115119185e-05
Coffee,mcet,7,6,MS-LS-4S,0.1202153000049293,-114707213.41614047,1.974306961373128e-06
Coffee,mcet,7,6,MS-LS-4S,0.18925850000232458,-114707389.98033276,4.3505028827608817e-07
Coffee,mcet,7,6,MS-LS-conv,0.011456599982921034,-114700768.10315369,5.816345208834398e-05
Coffee,mcet,7,6,MS-LS-conv,0.03160819999175146,-114707346.05288544,8.180023214093828e-07
Coffee,mcet,7,7,RM-MDE,0.0007878000033088028,-114627829.07710828,0.0006940335065440624
Coffee,mcet,7,7,RM-MDE,0.011901099991519004,-114706391.16484484,9.142554256045946e-06
Coffee,mcet,7,7,RM-MDE,0.04238550004083663,-114707350.36580878,7.804029874310712e-07
Coffee,mcet,7,7,RM-MDE,0.0781050999648869,-114707439.88383755,0.0
Coffee,mcet,7,7,MS-LS-4S,0.005532999988645315,-114691721.11433245,0.00013703356574792897
Coffee,mcet,7,7,MS-LS-4S,0.010620299959555268,-114700575.63277434,5.984137620161406e-05
Coffee,mcet,7,7,MS-LS-4S,0.021559299959335476,-114705119.4591319,2.0229068907860214e-05
Coffee,mcet,7,7,MS-LS-4S,0.04229269997449592,-114706236.81245637,1.0488172191793403e-05
Coffee,mcet,7,7,MS-LS-4S,0.05297329998575151,-114707219.11225569,1.9246491952219358e-06
Coffee,mcet,7,7,MS-LS-4S,0.14993489999324083,-114707346.05288544,8.180023214093828e-07
Coffee,mcet,7,7,MS-LS-conv,0.013302700011990964,-114700768.10315369,5.816345208834398e-05
Coffee,mcet,7,7,MS-LS-conv,0.05569780000951141,-114707346.05288544,8.180023214093828e-07
Coffee,mcet,7,7,MS-LS-conv,0.13175590004539117,-114707439.88383755,0.0
Coffee,mcet,7,8,RM-MDE,0.0008125000167638063,-114642661.272866,0.0005647289403124628
Coffee,mcet,7,8,RM-MDE,0.012100800056941807,-114706653.93930015,6.851731136159199e-06
Coffee,mcet,7,8,RM-MDE,0.04302210011519492,-114707346.05288544,8.180023214093828e-07
Coffee,mcet,7,8,RM-MDE,0.09950600017327815,-114707439.88383755,0.0
Coffee,mcet,7,8,MS-LS-4S,0.005611700005829334,-114685623.18469588,0.00019019428176376114
Coffee,mcet,7,8,MS-LS-4S,0.02004759997362271,-114693454.27424127,0.00012192417170538593
Coffee,mcet,7,8,MS-LS-4S,0.02520669996738434,-114707403.37567279,3.182719865461375e-07
Coffee,mcet,7,8,MS-LS-conv,0.01477149996208027,-114700768.10315369,5.816345208834398e-05
Coffee,mcet,7,8,MS-LS-conv,0.03014309995342046,-114707389.98033276,4.3505028827608817e-07
Coffee,mcet,7,8,MS-LS-conv,0.06359669996891171,-114707403.37567279,3.182719865461375e-07
Coffee,mcet,7,9,RM-MDE,0.0008069999748840928,-114658327.36501493,0.0004281546068185356
Coffee,mcet,7,9,RM-MDE,0.016991899989079684,-114703854.13168368,3.125997892991666e-05
Coffee,mcet,7,9,RM-MDE,0.0368049000389874,-114706017.2663673,1.2402137748782435e-05
Coffee,mcet,7,9,RM-MDE,0.07248509995406494,-114707346.05288544,8.180023214093828e-07
Coffee,mcet,7,9,RM-MDE,0.0915720000048168,-114707403.37567279,3.182719865461375e-07
Coffee,mcet,7,9,RM-MDE,0.09746009996160865,-114707439.88383755,0.0
Coffee,mcet,7,9,MS-LS-4S,0.005925300007220358,-114621576.05491805,0.0007485462931301848
Coffee,mcet,7,9,MS-LS-4S,0.011209499964024872,-114703306.74119863,3.60320363100014e-05
Coffee,mcet,7,9,MS-LS-4S,0.033559300005435944,-114706078.19490704,1.1870973076292488e-05
Coffee,mcet,7,9,MS-LS-4S,0.10741519997827709,-114707213.41614047,1.974306961373128e-06
Coffee,mcet,7,9,MS-LS-4S,0.26083689997904,-114707219.11225569,1.9246491952219358e-06
Coffee,mcet,7,9,MS-LS-conv,0.019550100027117878,-114700768.10315369,5.816345208834398e-05
Coffee,mcet,7,9,MS-LS-conv,0.03758210001979023,-114707346.05288544,8.180023214093828e-07
Coffee,mcet,7,9,MS-LS-conv,0.0949786999844946,-114707439.88383755,0.0
Coffee,mcet,8,0,RM-MDE,0.0008791000000201166,-114667356.53960516,0.0005578722786494866
Coffee,mcet,8,0,RM-MDE,0.014259600022342056,-114728487.84204027,2.5051074604146792e-05
Coffee,mcet,8,0,RM-MDE,0.030842899985145777,-114729847.29385078,1.3202075455374731e-05
Coffee,mcet,8,0,RM-MDE,0.06123069999739528,-114731283.26215665,6.861575667092589e-07
Coffee,mcet,8,0,RM-MDE,0.12018309987615794,-114731361.98594882,0.0
Coffee,mcet,8,0,MS-LS-4S,0.005502799991518259,-114708399.94999644,0.00020013739534606507
Coffee,mcet,8,0,MS-LS-4S,0.016342699993401766,-114717574.86359863,0.00012016873252036024
Coffee,mcet,8,0,MS-LS-4S,0.038041000021621585,-114728709.3666974,2.312026289498769e-05
Coffee,mcet,8,0,MS-LS-4S,0.042893000005278736,-114729112.9530316,1.960259930926175e-05
Coffee,mcet,8,0,MS-LS-4S,0.08889100002124906,-114729895.7291768,1.2779912542057083e-05
Coffee,mcet,8,0,MS-LS-4S,0.1437397999688983,-114730449.68222037,7.951650818527672e-06
Coffee,mcet,8,0,MS-LS-4S,0.14919470000313595,-114731283.26215665,6.861575667092589e-07
Coffee,mcet,8,0,MS-LS-4S,0.2542600000160746,-114731361.98594882,0.0
Coffee,mcet,8,0,MS-LS-conv,0.020649999962188303,-114731338.79526402,2.0213030154928179e-07
Coffee,mcet,8,1,RM-MDE,0.0008600999717600644,-114663555.57604341,0.0005910015250556175
Coffee,mcet,8,1,RM-MDE,0.012564099975861609,-114731290.28777851,6.249221578410208e-07
Coffee,mcet,8,1,RM-MDE,0.03875790006713942,-114731302.4147482,5.192233368283631e-07
Coffee,mcet,8,1,RM-MDE,0.05027240008348599,-114731329.76458673,2.8084179884569376e-07
Coffee,mcet,8,1,RM-MDE,0.07670460006920621,-114731338.79526402,2.0213030154928179e-07
Coffee,mcet,8,1,RM-MDE,0.11208369996165857,-114731339.61937882,1.9494730654918371e-07
Coffee,mcet,8,1,RM-MDE,0.13073929998790845,-114731361.98594882,0.0
Coffee,mcet,8,1,MS-LS-4S,0.005653400032315403,-114703198.152946,0.0002454763241307102
Coffee,mcet,8,1,MS-LS-4S,0.010933100013062358,-114716893.40617196,0.00012610832405724682
Coffee,mcet,8,1,MS-LS-4S,0.01651540002785623,-114731136.90199731,1.9618345638623597e-06
Coffee,mcet,8,1,MS-LS-4S,0.2052477999823168,-114731155.77349548,1.7973503475081077e-06
Coffee,mcet,8,1,MS-LS-conv,0.021890100033488125,-114731338.79526402,2.0213030154928179e-07
Coffee,mcet,8,2,RM-MDE,0.0008778999908827245,-114635796.59921102,0.0008329491176919665
Coffee,mcet,8,2,RM-MDE,0.0126958999899216,-114717929.81017643,0.00011707501366565188
Coffee,mcet,8,2,RM-MDE,0.02535169996554032,-114726758.12934574,4.012727229399516e-05
Coffee,mcet,8,2,RM-MDE,0.03408079996006563,-114730674.93197249,5.988371134401111e-06
Coffee,mcet,8,2,RM-MDE,0.05126989999553189,-114731361.98594882,0.0
Coffee,mcet,8,2,MS-LS-4S,0.005181399988941848,-114730139.75777073,1.065295623557213e-05
Coffee,mcet,8,2,MS-LS-4S,0.044577599968761206,-114730451.31520629,7.937417692628634e-06
Coffee,mcet,8,2,MS-LS-4S,0.1388009999645874,-114730516.22859734,7.3716317564203065e-06
Coffee,mcet,8,2,MS-LS-4S,0.14410320000024512,-114731290.28777851,6.249221578410208e-07
Coffee,mcet,8,2,MS-LS-4S,0.293719700013753,-114731338.79526402,2.0213030154928179e-07
Coffee,mcet,8,2,MS-LS-conv,0.008840899972710758,-114731283.26215665,6.861575667092589e-07
Coffee,mcet,8,2,MS-LS-conv,0.026670799998100847,-114731338.79526402,2.0213030154928179e-07
Coffee,mcet,8,3,RM-MDE,0.0008264000061899424,-114683287.46969569,0.00041901809079034855
Coffee,mcet,8,3,RM-MDE,0.03051660006167367,-114724431.79731147,6.0403611683741464e-05
Coffee,mcet,8,3,RM-MDE,0.042404200066812336,-114726136.90373614,4.554188255266729e-05
Coffee,mcet,8,3,RM-MDE,0.05506890005199239,-114730953.34593858,3.5617114899040427e-06
Coffee,mcet,8,3,RM-MDE,0.06783499999437481,-114731338.79526402,2.0213030154928179e-07
Coffee,mcet,8,3,RM-MDE,0.11203380004735664,-114731361.98594882,0.0
Coffee,mcet,8,3,MS-LS-4S,0.004906499991193414,-114729844.97181821,1.3222314320586872e-05
Coffee,mcet,8,3,MS-LS-4S,0.015762499999254942,-114731006.48393267,3.098560062291853e-06
Coffee,mcet,8,3,MS-LS-4S,0.09766789997229353,-114731134.70838612,1.9809541066948736e-06
Coffee,mcet,8,3,MS-LS-4S,0.21106529998360202,-114731164.14312196,1.724400577432287e-06
Coffee,mcet,8,3,MS-LS-conv,0.009727899974677712,-114731283.26215665,6.861575667092589e-07
Coffee,mcet,8,3,MS-LS-conv,0.03214490000391379,-114731338.79526402,2.0213030154928179e-07
Coffee,mcet,8,3,MS-LS-conv,0.30904939997708425,-114731361.98594882,0.0
Coffee,mcet,8,4,RM-MDE,0.0008651000098325312,-114655286.44638942,0.0006630753635497774
Coffee,mcet,8,4,RM-MDE,0.019146100035868585,-114717586.87691554,0.00012006402429841905
Coffee,mcet,8,4,RM-MDE,0.043223900080192834,-114731338.79526402,2.0213030154928179e-07
Coffee,mcet,8,4,RM-MDE,0.10968090011738241,-114731361.98594882,0.0
Coffee,mcet,8,4,MS-LS-4S,0.005882399971596897,-114703853.13225944,0.00023976751616303096
Coffee,mcet,8,4,MS-LS-4S,0.033944199967663735,-114728271.03842397,2.6940737661809938e-05
Coffee,mcet,8,4,MS-LS-4S,0.0767721000011079,-114730526.05370188,7.28599602121628e-06
Coffee,mcet,8,4,MS-LS-4S,0.13342829997418448,-114730591.78225037,6.7131051624377416e-06
Coffee,mcet,8,4,MS-LS-4S,0.1679168000118807,-114731338.79526402,2.0213030154928179e-07
Coffee,mcet,8,4,MS-LS-conv,0.02375019999453798,-114731338.79526402,2.0213030154928179e-07
Coffee,mcet,8,5,RM-MDE,0.0008074000361375511,-114642801.26861121,0.0007718963307387077
Coffee,mcet,8,5,RM-MDE,0.01991430000634864,-114723057.37193306,7.238312063945607e-05
Coffee,mcet,8,5,RM-MDE,0.03859910002211109,-114730479.71856721,7.689853640162816e-06
Coffee,mcet,8,5,RM-MDE,0.04511300002923235,-114730649.6989747,6.20830226180348e-06
Coffee,mcet,8,5,RM-MDE,0.06650020007509738,-114731134.70838612,1.9809541066948736e-06
Coffee,mcet,8,5,RM-MDE,0.07296600006520748,-114731201.10300808,1.4022577432585225e-06
Coffee,mcet,8,5,RM-MDE,0.08523780002724379,-114731338.79526402,2.0213030154928179e-07
Coffee,mcet,8,5,RM-MDE,0.09023690002504736,-114731361.98594882,0.0
Coffee,mcet,8,5,MS-LS-4S,0.005263800034299493,-114731290.28777851,6.249221578410208e-07
Coffee,mcet,8,5,MS-LS-4S,0.2964808000251651,-114731315.8635521,4.0200339230771595e-07
Coffee,mcet,8,5,MS-LS-conv,0.00901860004523769,-114731338.79526402,2.0213030154928179e-07
Coffee,mcet,8,6,RM-MDE,0.0008670000243000686,-114647297.1909014,0.0007327098152788661
Coffee,mcet,8,6,RM-MDE,0.007931900036055595,-114695444.79949412,0.0003130546507335739
Coffee,mcet,8,6,RM-MDE,0.014591400045901537,-114713014.24200697,0.00015991916790886318
Coffee,mcet,8,6,RM-MDE,0.02602480008499697,-114731142.54389462,1.9126597156936683e-06
Coffee,mcet,8,6,RM-MDE,0.04273570008808747,-114731290.28777851,6.249221578410208e-07
Coffee,mcet,8,6,RM-MDE,0.05987620010273531,-114731292.67286728,6.041336939868765e-07
Coffee,mcet,8,6,RM-MDE,0.07152060011867434,-114731338.79526402,2.0213030154928179e-07
Coffee,mcet,8,6,RM-MDE,0.08517790015321225,-114731361.98594882,0.0
Coffee,mcet,8,6,MS-LS-4S,0.005831299989949912,-114715732.33125046,0.0001362282677361675
Coffee,mcet,8,6,MS-LS-4S,0.01628699997672811,-114730479.71856721,7.689853640162816e-06
Coffee,mcet,8,6,MS-LS-4S,0.10943959996802732,-114730616.71860473,6.495759582969436e-06
Coffee,mcet,8,6,MS-LS-4S,0.13180380000267178,-114731338.79526402,2.0213030154928179e-07
Coffee,mcet,8,6,MS-LS-conv,0.01791270001558587,-114731338.79526402,2.0213030154928179e-07
Coffee,mcet,8,7,RM-MDE,0.0008006000425666571,-114672977.94093658,0.0005088760736526945
Coffee,mcet,8,7,RM-MDE,0.008303900074679404,-114731329.76458673,2.8084179884569376e-07
Coffee,mcet,8,7,RM-MDE,0.051762999850325286,-114731338.79526402,2.0213030154928179e-07
Coffee,mcet,8,7,MS-LS-4S,0.005772100004833192,-114699268.94253448,0.00027972337169909886
Coffee,mcet,8,7,MS-LS-4S,0.010968499991577119,-114724940.06400087,5.5973552800041536e-05
Coffee,mcet,8,7,MS-LS-4S,0.03768730000592768,-114731257.30443864,9.124053647428616e-07
Coffee,mcet,8,7,MS-LS-4S,0.04865900002187118,-114731338.79526402,2.0213030154928179e-07
Coffee,mcet,8,7,MS-LS-4S,0.2360686000320129,-114731361.98594882,0.0
Coffee,mcet,8,7,MS-LS-conv,0.02387309999903664,-114731338.79526402,2.0213030154928179e-07
Coffee,mcet,8,7,MS-LS-conv,0.11822709999978542,-114731361.98594882,0.0
Coffee,mcet,8,8,RM-MDE,0.0008664000197313726,-114656251.87205097,0.0006546607012914561
Coffee,mcet,8,8,RM-MDE,0.002160299976821989,-114658811.67818737,0.0006323493986790717
Coffee,mcet,8,8,RM-MDE,0.01350479997927323,-114731338.79526402,2.0213030154928179e-07
Coffee,mcet,8,8,RM-MDE,0.09635959984734654,-114731361.98594882,0.0
Coffee,mcet,8,8,MS-LS-4S,0.005631299980450422,-114710159.0119114,0.0001848053894802152
Coffee,mcet,8,8,MS-LS-4S,0.01055790000827983,-114718499.35540539,0.0001121108502573252
Coffee,mcet,8,8,MS-LS-4S,0.021130400011315942,-114728242.87169865,2.7186239195436407e-05
Coffee,mcet,8,8,MS-LS-4S,0.026186899980530143,-114730656.33935933,6.150424585513173e-06
Coffee,mcet,8,8,MS-LS-4S,0.10767779999878258,-114731080.86568837,2.4502477402969607e-06
Coffee,mcet,8,8,MS-LS-4S,0.1917383999680169,-114731142.54389462,1.9126597156936683e-06
Coffee,mcet,8,8,MS-LS-conv,0.02127440000185743,-114731338.79526402,2.0213030154928179e-07
Coffee,mcet,8,9,RM-MDE,0.0008220000308938324,-114676386.8981531,0.00047916355950217273
Coffee,mcet,8,9,RM-MDE,0.01279220002470538,-114711453.08199927,0.000173526258251707
Coffee,mcet,8,9,RM-MDE,0.019543499976862222,-114729224.93629311,1.8626551787709234e-05
Coffee,mcet,8,9,RM-MDE,0.04542629997013137,-114731040.13497515,2.805257151092928e-06
Coffee,mcet,8,9,RM-MDE,0.060395199980121106,-114731283.26215665,6.861575667092589e-07
Coffee,mcet,8,9,RM-MDE,0.07979849999537691,-114731338.79526402,2.0213030154928179e-07
Coffee,mcet,8,9,RM-MDE,0.13371109997387975,-114731361.98594882,0.0
Coffee,mcet,8,9,MS-LS-4S,0.006183899997267872,-114624191.63055196,0.0009340981710822633
Coffee,mcet,8,9,MS-LS-4S,0.01194320002105087,-114726154.11698471,4.539185166078351e-05
Coffee,mcet,8,9,MS-LS-4S,0.050813800015021116,-114730616.71860473,6.495759582969436e-06
Coffee,mcet,8,9,MS-LS-4S,0.10490179999032989,-114730944.09114487,3.642376388702067e-06
Coffee,mcet,8,9,MS-LS-4S,0.2139043000061065,-114731042.99209744,2.7803544371557913e-06
Coffee,mcet,8,9,MS-LS-4S,0.24086419999366626,-114731176.51652128,1.6165538727206326e-06
Coffee,mcet,8,9,MS-LS-conv,0.02924240002175793,-114731338.79526402,2.0213030154928179e-07
Cat,otsu,6,0,RM-MDE,0.0006453999667428434,-2021465412.5542743,0.003958170073939586
Cat,otsu,6,0,RM-MDE,0.005260400008410215,-2028813387.9243453,0.0003375833508607562
Cat,otsu,6,0,RM-MDE,0.011112899985164404,-2029391370.8249085,5.279235598761245e-05
Cat,otsu,6,0,RM-MDE,0.018352000042796135,-2029492962.8674293,2.734648687815366e-06
Cat,otsu,6,0,RM-MDE,0.03233750001527369,-2029497525.8565125,4.863153904822951e-07
Cat,otsu,6,0,RM-MDE,0.04603069991571829,-2029498512.8328743,0.0
Cat,otsu,6,0,MS-LS-4S,0.0018270000000484288,-2028984060.359944,0.0002534874845570075
Cat,otsu,6,0,MS-LS-4S,0.007970699982251972,-2029439671.756208,2.8992914404367732e-05
Cat,otsu,6,0,MS-LS-4S,0.1130797999794595,-2029457595.2416534,2.0161429516763192e-05
Cat,otsu,6,0,MS-LS-conv,0.006530200014822185,-2029494545.4392548,1.9548640190918244e-06
Cat,otsu,6,0,MS-LS-conv,0.02663610002491623,-2029498512.8328743,0.0
Cat,otsu,6,1,RM-MDE,0.0005987000185996294,-2020117853.8211029,0.004622156139783248
Cat,otsu,6,1,RM-MDE,0.005552600021474063,-2029416814.162394,4.02555951451338e-05
Cat,otsu,6,1,RM-MDE,0.02325839997502044,-2029494545.4392548,1.9548640190918244e-06
Cat,otsu,6,1,RM-MDE,0.037288299994543195,-2029497525.8565125,4.863153904822951e-07
Cat,otsu,6,1,RM-MDE,0.05478829989442602,-2029498512.8328743,0.0
Cat,otsu,6,1,MS-LS-4S,0.0035791999544017017,-2028985171.8662865,0.0002529398091902197
Cat,otsu,6,1,MS-LS-4S,0.00898589997086674,-2029316250.0049543,8.98068299964155e-05
Cat,otsu,6,1,MS-LS-4S,0.03074629994807765,-2029415705.058701,4.080208664832799e-05
Cat,otsu,6,1,MS-LS-4S,0.057546399999409914,-2029487000.5169454,5.672492911988659e-06
Cat,otsu,6,1,MS-LS-conv,0.0068011999828740954,-2029494545.4392548,1.9548640190918244e-06
Cat,otsu,6,1,MS-LS-conv,0.12999330001184717,-2029497525.8565125,4.863153904822951e-07
Cat,otsu,6,2,RM-MDE,0.0006166000384837389,-2021608899.7868037,0.003887469242368581
Cat,otsu,6,2,RM-MDE,0.0035059000365436077,-2029398401.3404388,4.932819206441041e-05
Cat,otsu,6,2,RM-MDE,0.009945200057700276,-2029477705.8518653,1.0252277041564858e-05
Cat,otsu,6,2,RM-MDE,0.015298400016035885,-2029488063.0867362,5.148930177588346e-06
Cat,otsu,6,2,RM-MDE,0.026157500047702342,-2029494583.1919928,1.9362620158086267e-06
Cat,otsu,6,2,RM-MDE,0.03144520003115758,-2029497525.8565125,4.863153904822951e-07
Cat,otsu,6,2,RM-MDE,0.03791280009318143,-2029498512.8328743,0.0
Cat,otsu,6,2,MS-LS-4S,0.0017965000006370246,-2028896529.9516008,0.0002966165668351393
Cat,otsu,6,2,MS-LS-4S,0.0035083999973721802,-2028954691.003892,0.0002679587225827822
Cat,otsu,6,2,MS-LS-4S,0.007234900025650859,-2029067346.9773762,0.0002124494562433716
Cat,otsu,6,2,MS-LS-4S,0.009057799994479865,-2029433902.424734,3.1835651877367525e-05
Cat,otsu,6,2,MS-LS-4S,0.053240900044329464,-2029439237.6533833,2.920681100096194e-05
Cat,otsu,6,2,MS-LS-4S,0.0625195000320673,-2029451574.634913,2.3127978495442086e-05
Cat,otsu,6,2,MS-LS-4S,0.07309100002748892,-2029489817.590683,4.284428954410737e-06
Cat,otsu,6,2,MS-LS-conv,0.0066281999461352825,-2029494545.4392548,1.9548640190918244e-06
Cat,otsu,6,3,RM-MDE,0.0006452000234276056,-2021938094.2956285,0.0037252643889315023
Cat,otsu,6,3,RM-MDE,0.008223499986343086,-2028667069.9874086,0.0004096789626640776
Cat,otsu,6,3,RM-MDE,0.011147400015033782,-2028960566.316962,0.0002650637645264406
Cat,otsu,6,3,RM-MDE,0.017339900019578636,-2029257851.9111056,0.00011858147234251426
Cat,otsu,6,3,RM-MDE,0.02287019998766482,-2029465373.0328908,1.6329058520591506e-05
Cat,otsu,6,3,RM-MDE,0.025656400015577674,-2029487000.5169454,5.672492911988659e-06
Cat,otsu,6,3,RM-MDE,0.028330400004051626,-2029494545.4392548,1.9548640190918244e-06
Cat,otsu,6,3,RM-MDE,0.03432919998886064,-2029497525.8565125,4.863153904822951e-07
Cat,otsu,6,3,RM-MDE,0.03962059994228184,-2029498512.8328743,0.0
Cat,otsu,6,3,MS-LS-4S,0.001719399995636195,-2029399151.2106953,4.895870657246135e-05
Cat,otsu,6,3,MS-LS-4S,0.0034685999853536487,-2029475021.3945374,1.157499657590717e-05
Cat,otsu,6,3,MS-LS-4S,0.031079299980774522,-2029481476.245708,8.394481227053892e-06
Cat,otsu,6,3,MS-LS-4S,0.04014369996730238,-2029492962.8674293,2.734648687815366e-06
Cat,otsu,6,3,MS-LS-conv,0.0037648999714292586,-2029497525.8565125,4.863153904822951e-07
Cat,otsu,6,3,MS-LS-conv,0.018410999968182296,-2029498512.8328743,0.0
Cat,otsu,6,4,RM-MDE,0.0006173000438138843,-2018711828.360426,0.005314950666010473
Cat,otsu,6,4,RM-MDE,0.005190500058233738,-2029313078.733533,9.136941868587744e-05
Cat,otsu,6,4,RM-MDE,0.018224200059194118,-2029470022.6356597,1.4038047840121548e-05
Cat,otsu,6,4,RM-MDE,0.028158700093626976,-2029477705.8518653,1.0252277041564858e-05
Cat,otsu,6,4,RM-MDE,0.03372420009691268,-2029489756.6041017,4.314479028820697e-06
Cat,otsu,6,4,RM-MDE,0.037307700084056705,-2029489817.590683,4.284428954410737e-06
Cat,otsu,6,4,RM-MDE,0.041826700093224645,-2029497525.8565125,4.863153904822951e-07
Cat,otsu,6,4,RM-MDE,0.056344700045883656,-2029498512.8328743,0.0
Cat,otsu,6,4,MS-LS-4S,0.0018372000195086002,-2028244686.3780682,0.0006178011202658811
Cat,otsu,6,4,MS-LS-4S,0.009277599980123341,-2029343914.2194264,7.617577074846347e-05
Cat,otsu,6,4,MS-LS-4S,0.02204319997690618,-2029397607.850162,4.971917056072176e-05
Cat,otsu,6,4,MS-LS-4S,0.02899479999905452,-2029465615.8294451,1.6209424752548926e-05
Cat,otsu,6,4,MS-LS-conv,0.007617099967319518,-2029494545.4392548,1.9548640190918244e-06
Cat,otsu,6,4,MS-LS-conv,0.08389259997056797,-2029498512.8328743,0.0
Cat,otsu,6,5,RM-MDE,0.0006890000076964498,-2021296791.2250829,0.004041255293330102
Cat,otsu,6,5,RM-MDE,0.0068672000197693706,-2029343914.2194264,7.617577074846347e-05
Cat,otsu,6,5,RM-MDE,0.017243899987079203,-2029487000.5169454,5.672492911988659e-06
Cat,otsu,6,5,RM-MDE,0.030726399912964553,-2029494545.4392548,1.9548640190918244e-06
Cat,otsu,6,5,RM-MDE,0.03562049986794591,-2029497525.8565125,4.863153904822951e-07
Cat,otsu,6,5,RM-MDE,0.04297359986230731,-2029498512.8328743,0.0
Cat,otsu,6,5,MS-LS-4S,0.0018087999778799713,-2029077227.8774412,0.00020758081504828495
Cat,otsu,6,5,MS-LS-4S,0.00363880000077188,-2029389624.667048,5.365274482233011e-05
Cat,otsu,6,5,MS-LS-4S,0.0114229999599047,-2029409286.077464,4.396492771292908e-05
Cat,otsu,6,5,MS-LS-4S,0.01493459998164326,-2029475021.3945374,1.157499657590717e-05
Cat,otsu,6,5,MS-LS-conv,0.006238200003281236,-2029494545.4392548,1.9548640190918244e-06
Cat,otsu,6,5,MS-LS-conv,0.009664400015026331,-2029498512.8328743,0.0
Cat,otsu,6,6,RM-MDE,0.0006493999972008169,-2023893998.2453508,0.002761526826496858
Cat,otsu,6,6,RM-MDE,0.005245100008323789,-2028985171.8662865,0.0002529398091902197
Cat,otsu,6,6,RM-MDE,0.00809710001340136,-2029244530.3906996,0.00012514541921006478
Cat,otsu,6,6,RM-MDE,0.010703600011765957,-2029444961.7341704,2.638637001468504e-05
Cat,otsu,6,6,RM-MDE,0.02905839995946735,-2029494545.4392548,1.9548640190918244e-06
Cat,otsu,6,6,RM-MDE,0.040076700097415596,-2029494583.1919928,1.9362620158086267e-06
Cat,otsu,6,6,RM-MDE,0.05991890007862821,-2029498512.8328743,0.0
Cat,otsu,6,6,MS-LS-4S,0.0018184000509791076,-2029151110.4279716,0.00017117647670397904
Cat,otsu,6,6,MS-LS-4S,0.007209900009911507,-2029313078.733533,9.136941868587744e-05
Cat,otsu,6,6,MS-LS-4S,0.04148040001746267,-2029433902.424734,3.1835651877367525e-05
Cat,otsu,6,6,MS-LS-4S,0.09294709999812767,-2029437423.651343,3.0100628872065333e-05
Cat,otsu,6,6,MS-LS-4S,0.09462520002853125,-2029470022.6356597,1.4038047840121548e-05
Cat,otsu,6,6,MS-LS-conv,0.0062972999876365066,-2029494545.4392548,1.9548640190918244e-06
Cat,otsu,6,7,RM-MDE,0.0006176999886520207,-2022074754.8026073,0.003657927307325075
Cat,otsu,6,7,RM-MDE,0.005195099976845086,-2028907388.8917985,0.00029126601342056754
Cat,otsu,6,7,RM-MDE,0.012059200031217188,-2029483046.019404,7.6210026134851775e-06
Cat,otsu,6,7,RM-MDE,0.02197510004043579,-2029497525.8565125,4.863153904822951e-07
Cat,otsu,6,7,RM-MDE,0.05207809986313805,-2029498512.8328743,0.0
Cat,otsu,6,7,MS-LS-4S,0.0019509000121615827,-2027051290.1821692,0.0012058262842918495
Cat,otsu,6,7,MS-LS-4S,0.0037681999965570867,-2029356341.3548381,7.005251648975847e-05
Cat,otsu,6,7,MS-LS-4S,0.012616400024853647,-2029397607.850162,4.971917056072176e-05
Cat,otsu,6,7,MS-LS-4S,0.02144179999595508,-2029438470.19385,2.9584963302312145e-05
Cat,otsu,6,7,MS-LS-4S,0.02517259999876842,-2029453566.8736644,2.2146337593113672e-05
Cat,otsu,6,7,MS-LS-4S,0.08721070003230125,-2029465373.0328908,1.6329058520591506e-05
Cat,otsu,6,7,MS-LS-4S,0.09477090003201738,-2029476335.7696733,1.092736114893466e-05
Cat,otsu,6,7,MS-LS-conv,0.008050500007811934,-2029494545.4392548,1.9548640190918244e-06
Cat,otsu,6,7,MS-LS-conv,0.04220399999758229,-2029498512.8328743,0.0
Cat,otsu,6,8,RM-MDE,0.0006153000285848975,-2022319287.6606379,0.0035374380059117784
Cat,otsu,6,8,RM-MDE,0.005256200034637004,-2028602840.8568606,0.00044132674665695477
Cat,otsu,6,8,RM-MDE,0.007869800028856844,-2029465615.8294451,1.6209424752548926e-05
Cat,otsu,6,8,RM-MDE,0.03668930009007454,-2029494545.4392548,1.9548640190918244e-06
Cat,otsu,6,8,RM-MDE,0.039368900121189654,-2029498512.8328743,0.0
Cat,otsu,6,8,MS-LS-4S,0.0018705999827943742,-2028517233.9886382,0.00048350803808494444
Cat,otsu,6,8,MS-LS-4S,0.0034070999827235937,-2028537955.7500908,0.00047329775149362765
Cat,otsu,6,8,MS-LS-4S,0.0050694000092335045,-2029389624.667048,5.365274482233011e-05
Cat,otsu,6,8,MS-LS-4S,0.017172599968034774,-2029444730.8685274,2.6500125034245114e-05
Cat,otsu,6,8,MS-LS-4S,0.12192549998871982,-2029484864.8917198,6.724784998945138e-06
Cat,otsu,6,8,MS-LS-conv,0.007539199956227094,-2029494545.4392548,1.9548640190918244e-06
Cat,otsu,6,8,MS-LS-conv,0.017160699993837625,-2029498512.8328743,0.0
Cat,otsu,6,9,RM-MDE,0.0006316000362858176,-2023509293.73958,0.0029510832628964747
Cat,otsu,6,9,RM-MDE,0.0017061000689864159,-2026164171.73975,0.0016429384264342976
Cat,otsu,6,9,RM-MDE,0.008322100096847862,-2029391320.1876066,5.281730663507617e-05
Cat,otsu,6,9,RM-MDE,0.02563640003791079,-2029485700.2006278,6.313201101394151e-06
Cat,otsu,6,9,RM-MDE,0.03148960001999512,-2029493850.8012977,2.2971347587370043e-06
Cat,otsu,6,9,RM-MDE,0.040498699934687465,-2029494545.4392548,1.9548640190918244e-06
Cat,otsu,6,9,RM-MDE,0.04911959992023185,-2029494583.1919928,1.9362620158086267e-06
Cat,otsu,6,9,RM-MDE,0.05089139990741387,-2029498512.8328743,0.0
Cat,otsu,6,9,MS-LS-4S,0.0019318999839015305,-2025460087.2771928,0.001989863766908818
Cat,otsu,6,9,MS-LS-4S,0.003736299986485392,-2029196197.4698482,0.00014896062308720562
Cat,otsu,6,9,MS-LS-4S,0.01278619997901842,-2029445422.1861858,2.6159490313868108e-05
Cat,otsu,6,9,MS-LS-4S,0.04682930000126362,-2029465615.8294451,1.6209424752548926e-05
Cat,otsu,6,9,MS-LS-4S,0.10775660001672804,-2029476335.7696733,1.092736114893466e-05
Cat,otsu,6,9,MS-LS-conv,0.008869100012816489,-2029494545.4392548,1.9548640190918244e-06
Cat,otsu,6,9,MS-LS-conv,0.04832890001125634,-2029497525.8565125,4.863153904822951e-07
Cat,otsu,7,0,RM-MDE,0.000609499984420836,-2023935235.5471935,0.003342762473828572
Cat,otsu,7,0,RM-MDE,0.005339500028640032,-2030552147.6369793,8.436111368006898e-05
Cat,otsu,7,0,RM-MDE,0.0189142000162974,-2030570912.1048267,7.512082656024443e-05
Cat,otsu,7,0,RM-MDE,0.023324200068600476,-2030699711.7485538,1.1695330103256872e-05
Cat,otsu,7,0,RM-MDE,0.037669200042728335,-2030719467.8075402,1.9667484629004714e-06
Cat,otsu,7,0,RM-MDE,0.04160009999759495,-2030720204.5363243,1.60395717301368e-06
Cat,otsu,7,0,MS-LS-4S,0.0019009000388905406,-2029942172.5848255,0.00038473438638271653
Cat,otsu,7,0,MS-LS-4S,0.005697000015061349,-2030587217.2023487,6.709162030478929e-05
Cat,otsu,7,0,MS-LS-4S,0.01333740004338324,-2030654206.7741106,3.4103587702465254e-05
Cat,otsu,7,0,MS-LS-4S,0.080891799996607,-2030679533.8818693,2.163162476114649e-05
Cat,otsu,7,0,MS-LS-conv,0.006106199987698346,-2030666605.300186,2.7998115288805346e-05
Cat,otsu,7,0,MS-LS-conv,0.017148400016594678,-2030686058.7245712,1.8418561621395296e-05
Cat,otsu,7,0,MS-LS-conv,0.11384890001500025,-2030702971.7351408,1.008999749717633e-05
Cat,otsu,7,1,RM-MDE,0.0006687000277452171,-2020117853.8211029,0.005222576145178482
Cat,otsu,7,1,RM-MDE,0.003946700016967952,-2028343128.5656984,0.0011721601729371553
Cat,otsu,7,1,RM-MDE,0.006020400032866746,-2029180156.3255754,0.0007599781227214261
Cat,otsu,7,1,RM-MDE,0.01243970001814887,-2030676851.691634,2.2952430023863872e-05
Cat,otsu,7,1,RM-MDE,0.034103799960576,-2030691791.9416466,1.559532291686765e-05
Cat,otsu,7,1,RM-MDE,0.041399899986572564,-2030723461.729787,0.0
Cat,otsu,7,1,MS-LS-4S,0.001986999996006489,-2029483311.6059325,0.0006106937489156042
Cat,otsu,7,1,MS-LS-4S,0.003824699961114675,-2029982096.1763544,0.0003650745989811935
Cat,otsu,7,1,MS-LS-4S,0.005563699989579618,-2030118836.2061653,0.0002977389757967205
Cat,otsu,7,1,MS-LS-4S,0.021156599977985024,-2030345712.7094512,0.00018601696757575398
Cat,otsu,7,1,MS-LS-4S,0.025054999976418912,-2030359499.2384696,0.00017922799345977138
Cat,otsu,7,1,MS-LS-4S,0.03994549997150898,-2030364464.1940217,0.00017678307388028716
Cat,otsu,7,1,MS-LS-4S,0.04381559998728335,-2030508120.680306,0.00010604154309505254
Cat,otsu,7,1,MS-LS-4S,0.055356399971060455,-2030681954.8896506,2.0439434969236108e-05
Cat,otsu,7,1,MS-LS-4S,0.10568439995404333,-2030691017.1796637,1.5976843097984697e-05
Cat,otsu,7,1,MS-LS-4S,0.11712789995362982,-2030707474.6620362,7.87259715673589e-06
Cat,otsu,7,1,MS-LS-conv,0.0069417000049725175,-2030666605.300186,2.7998115288805346e-05
Cat,otsu,7,1,MS-LS-conv,0.018981700006406754,-2030686021.8758426,1.8436707237650392e-05
Cat,otsu,7,2,RM-MDE,0.0006510000093840063,-2023634179.8400002,0.003491012943607915
Cat,otsu,7,2,RM-MDE,0.00561240001115948,-2029210688.9571235,0.0007449427758986942
Cat,otsu,7,2,RM-MDE,0.01050900004338473,-2030676851.691634,2.2952430023863872e-05
Cat,otsu,7,2,RM-MDE,0.0170223000459373,-2030682134.631,2.0350923976554915e-05
Cat,otsu,7,2,RM-MDE,0.028175500046927482,-2030686058.7245712,1.8418561621395296e-05
Cat,otsu,7,2,RM-MDE,0.035222800041083246,-2030702971.7351408,1.008999749717633e-05
Cat,otsu,7,2,RM-MDE,0.04940540005918592,-2030709767.2144773,6.743663314031708e-06
Cat,otsu,7,2,RM-MDE,0.05311970005277544,-2030719614.426354,1.8945481773784651e-06
Cat,otsu,7,2,RM-MDE,0.07687470008386299,-2030722133.9203198,6.538603075894118e-07
Cat,otsu,7,2,RM-MDE,0.08711770008085296,-2030723461.729787,0.0
Cat,otsu,7,2,MS-LS-4S,0.0018353000050410628,-2030475697.1039014,0.00012200805799263138
Cat,otsu,7,2,MS-LS-4S,0.0036214000429026783,-2030620449.143541,5.072703801741014e-05
Cat,otsu,7,2,MS-LS-4S,0.09434540005167946,-2030651739.563373,3.531852946285897e-05
Cat,otsu,7,2,MS-LS-conv,0.003913099993951619,-2030691667.7442791,1.5656482089827586e-05
Cat,otsu,7,2,MS-LS-conv,0.0498838999774307,-2030701783.563706,1.0675095102670685e-05
Cat,otsu,7,2,MS-LS-conv,0.054077800014056265,-2030713289.2549865,5.009286095469494e-06
Cat,otsu,7,2,MS-LS-conv,0.0906041000271216,-2030720079.1996942,1.6656773591778806e-06
Cat,otsu,7,3,RM-MDE,0.0008015999919734895,-2025208375.2490659,0.002715823490818114
Cat,otsu,7,3,RM-MDE,0.006626400048844516,-2030502140.155048,0.00010898656508882514
Cat,otsu,7,3,RM-MDE,0.014652300043962896,-2030708919.3135,7.161199720811031e-06
Cat,otsu,7,3,RM-MDE,0.027971200121100992,-2030715399.6272972,3.97006418741078e-06
Cat,otsu,7,3,RM-MDE,0.03464950009947643,-2030720204.5363243,1.60395717301368e-06
Cat,otsu,7,3,RM-MDE,0.04201520013157278,-2030722133.9203198,6.538603075894118e-07
Cat,otsu,7,3,RM-MDE,0.046098000137135386,-2030723461.729787,0.0
Cat,otsu,7,3,MS-LS-4S,0.0017759999609552324,-2030655696.7312968,3.336988012765203e-05
Cat,otsu,7,3,MS-LS-4S,0.00353499996708706,-2030669725.161162,2.646178548576893e-05
Cat,otsu,7,3,MS-LS-4S,0.028168899996671826,-2030695042.2184587,1.3994771747134299e-05
Cat,otsu,7,3,MS-LS-conv,0.0034656000207178295,-2030720204.5363243,1.60395717301368e-06
Cat,otsu,7,4,RM-MDE,0.0006161999772302806,-2022180173.8262875,0.004207016890533367
Cat,otsu,7,4,RM-MDE,0.0034443000331521034,-2030395737.0647726,0.0001613832071134623
Cat,otsu,7,4,RM-MDE,0.00770150002790615,-2030698339.473981,1.237108660024458e-05
Cat,otsu,7,4,RM-MDE,0.020740700070746243,-2030713049.095921,5.127548906734023e-06
Cat,otsu,7,4,RM-MDE,0.03351950005162507,-2030722133.9203198,6.538603075894118e-07
Cat,otsu,7,4,RM-MDE,0.03664190007839352,-2030723461.729787,0.0
Cat,otsu,7,4,MS-LS-4S,0.002001899993047118,-2028525496.9593773,0.001082355530840018
Cat,otsu,7,4,MS-LS-4S,0.003962699964176863,-2028914502.672664,0.0008907953698345011
Cat,otsu,7,4,MS-LS-4S,0.007958700007293373,-2029064556.3012755,0.0008169036600870067
Cat,otsu,7,4,MS-LS-4S,0.009807700000237674,-2030345712.7094512,0.00018601696757575398
Cat,otsu,7,4,MS-LS-4S,0.01367219997337088,-2030513148.5922813,0.00010356562154781196
Cat,otsu,7,4,MS-LS-4S,0.025033899990376085,-2030626964.2722795,4.751875837659008e-05
Cat,otsu,7,4,MS-LS-4S,0.04631780000636354,-2030665106.6537106,2.8736101776654627e-05
Cat,otsu,7,4,MS-LS-conv,0.007951400009915233,-2030666605.300186,2.7998115288805346e-05
Cat,otsu,7,4,MS-LS-conv,0.0483955999952741,-2030720079.1996942,1.6656773591778806e-06
Cat,otsu,7,4,MS-LS-conv,0.08222240000031888,-2030720204.5363243,1.60395717301368e-06
Cat,otsu,7,5,RM-MDE,0.0006532000261358917,-2022499336.932479,0.004049849697556963
Cat,otsu,7,5,RM-MDE,0.0036974000395275652,-2028999334.6534743,0.0008490211044511962
Cat,otsu,7,5,RM-MDE,0.006564500043168664,-2030076727.7358572,0.00031847467472452876
Cat,otsu,7,5,RM-MDE,0.010549000056926161,-2030598001.915977,6.178084617353186e-05
Cat,otsu,7,5,RM-MDE,0.020656100008636713,-2030676851.691634,2.2952430023863872e-05
Cat,otsu,7,5,RM-MDE,0.03145510010654107,-2030686058.7245712,1.8418561621395296e-05
Cat,otsu,7,5,RM-MDE,0.040774600056465715,-2030715198.6111941,4.069051620617478e-06
Cat,otsu,7,5,RM-MDE,0.04927929997211322,-2030723461.729787,0.0
Cat,otsu,7,5,MS-LS-4S,0.0019657000084407628,-2030510910.4101262,0.00010466778154020491
Cat,otsu,7,5,MS-LS-4S,0.009924300014972687,-2030551750.3156183,8.455676875992237e-05
Cat,otsu,7,5,MS-LS-4S,0.013797299994621426,-2030559383.649901,8.07978451908144e-05
Cat,otsu,7,5,MS-LS-4S,0.025084299966692924,-2030655753.094681,3.334212480532034e-05
Cat,otsu,7,5,MS-LS-4S,0.030745800002478063,-2030676851.691634,2.2952430023863872e-05
Cat,otsu,7,5,MS-LS-conv,0.0035273999674245715,-2030666605.300186,2.7998115288805346e-05
Cat,otsu,7,5,MS-LS-conv,0.025922699947841465,-2030701783.563706,1.0675095102670685e-05
Cat,otsu,7,5,MS-LS-conv,0.03621900000143796,-2030702971.7351408,1.008999749717633e-05
Cat,otsu,7,5,MS-LS-conv,0.09226139995735139,-2030720204.5363243,1.60395717301368e-06
Cat,otsu,7,6,RM-MDE,0.0006393999792635441,-2024538556.0208688,0.0030456661507470735
Cat,otsu,7,6,RM-MDE,0.0027917998959310353,-2026659609.5501492,0.002001184433145952
Cat,otsu,7,6,RM-MDE,0.00557069992646575,-2029498160.126208,0.0006033818127729328
Cat,otsu,7,6,RM-MDE,0.010550399892963469,-2030342441.5304565,0.00018762781171888967
Cat,otsu,7,6,RM-MDE,0.014320099900942296,-2030601548.8489826,6.003421101004679e-05
Cat,otsu,7,6,RM-MDE,0.023028699913993478,-2030617850.3093953,5.200679579573938e-05
Cat,otsu,7,6,RM-MDE,0.026824799948371947,-2030700652.9142222,1.1231866866521597e-05
Cat,otsu,7,6,RM-MDE,0.03792879998218268,-2030719467.8075402,1.9667484629004714e-06
Cat,otsu,7,6,RM-MDE,0.056091500038746744,-2030722133.9203198,6.538603075894118e-07
Cat,otsu,7,6,MS-LS-4S,0.001837399962823838,-2029802566.645079,0.00045348128490315846
Cat,otsu,7,6,MS-LS-4S,0.0037284999853000045,-2030375064.88938,0.00017156291684854313
Cat,otsu,7,6,MS-LS-4S,0.007456499966792762,-2030460863.3209667,0.00012931273694780047
Cat,otsu,7,6,MS-LS-4S,0.009210599993821234,-2030690759.5501637,1.610370896858079e-05
Cat,otsu,7,6,MS-LS-4S,0.05375809996621683,-2030699077.0354733,1.2007885255333331e-05
Cat,otsu,7,6,MS-LS-conv,0.006593100028112531,-2030666605.300186,2.7998115288805346e-05
Cat,otsu,7,6,MS-LS-conv,0.01026170002296567,-2030686058.7245712,1.8418561621395296e-05
Cat,otsu,7,6,MS-LS-conv,0.024750000040512532,-2030691667.7442791,1.5656482089827586e-05
Cat,otsu,7,6,MS-LS-conv,0.091640800004825,-2030702971.7351408,1.008999749717633e-05
Cat,otsu,7,7,RM-MDE,0.0006193000008352101,-2021902221.586182,0.004343890396622979
Cat,otsu,7,7,RM-MDE,0.009148800047114491,-2030494832.395519,0.00011258516414310038
Cat,otsu,7,7,RM-MDE,0.022658000059891492,-2030582925.9388323,6.92047901170742e-05
Cat,otsu,7,7,RM-MDE,0.028502200089860708,-2030676881.6377509,2.293768349756985e-05
Cat,otsu,7,7,RM-MDE,0.03283650008961558,-2030691667.7442791,1.5656482089827586e-05
Cat,otsu,7,7,RM-MDE,0.03836080007022247,-2030703975.8139243,9.595553619201516e-06
Cat,otsu,7,7,RM-MDE,0.04047720012022182,-2030713904.6845915,4.706226808173457e-06
Cat,otsu,7,7,RM-MDE,0.04755500011378899,-2030717419.3685675,2.975472206588687e-06
Cat,otsu,7,7,RM-MDE,0.059638500155415386,-2030719614.426354,1.8945481773784651e-06
Cat,otsu,7,7,RM-MDE,0.0682623001630418,-2030722544.7879336,4.5153457415722953e-07
Cat,otsu,7,7,RM-MDE,0.08232710015727207,-2030723461.729787,0.0
Cat,otsu,7,7,MS-LS-4S,0.0019526000251062214,-2029281127.2340312,0.0007102564790024725
Cat,otsu,7,7,MS-LS-4S,0.003822400001809001,-2030620449.143541,5.072703801741014e-05
Cat,otsu,7,7,MS-LS-4S,0.007694299973081797,-2030651739.563373,3.531852946285897e-05
Cat,otsu,7,7,MS-LS-4S,0.009486199996899813,-2030654206.7741106,3.4103587702465254e-05
Cat,otsu,7,7,MS-LS-4S,0.10008850001031533,-2030713289.2549865,5.009286095469494e-06
Cat,otsu,7,7,MS-LS-conv,0.007389499980490655,-2030666605.300186,2.7998115288805346e-05
Cat,otsu,7,7,MS-LS-conv,0.0108837999869138,-2030691667.7442791,1.5656482089827586e-05
Cat,otsu,7,7,MS-LS-conv,0.02228350000223145,-2030713289.2549865,5.009286095469494e-06
Cat,otsu,7,8,RM-MDE,0.0006464000325649977,-2025140905.1622,0.0027490481460394757
Cat,otsu,7,8,RM-MDE,0.0033772000460885465,-2028403047.6147196,0.001142653915610417
Cat,otsu,7,8,RM-MDE,0.006187299964949489,-2029602717.3401713,0.0005518941454791263
Cat,otsu,7,8,RM-MDE,0.009033499984070659,-2030427549.967795,0.0001457174093710209
Cat,otsu,7,8,RM-MDE,0.01287530001718551,-2030589968.89754,6.573658834537151e-05
Cat,otsu,7,8,RM-MDE,0.025856100081000477,-2030669725.161162,2.646178548576893e-05
Cat,otsu,7,8,RM-MDE,0.028308900073170662,-2030675843.531469,2.344888371824051e-05
Cat,otsu,7,8,RM-MDE,0.0406335000297986,-2030699708.365252,1.1696996160599826e-05
Cat,otsu,7,8,RM-MDE,0.04605290008476004,-2030719614.426354,1.8945481773784651e-06
Cat,otsu,7,8,RM-MDE,0.06923470000037923,-2030721312.2145145,1.0584972858817345e-06
Cat,otsu,7,8,RM-MDE,0.07119909999892116,-2030722133.9203198,6.538603075894118e-07
Cat,otsu,7,8,RM-MDE,0.07967300002928823,-2030722544.7879336,4.5153457415722953e-07
Cat,otsu,7,8,RM-MDE,0.09780579997459427,-2030723461.729787,0.0
Cat,otsu,7,8,MS-LS-4S,0.0019213000196032226,-2029942172.5848255,0.00038473438638271653
Cat,otsu,7,8,MS-LS-4S,0.008641499967779964,-2030439670.448062,0.00013974885653974395
Cat,otsu,7,8,MS-LS-4S,0.012427299981936812,-2030494832.395519,0.00011258516414310038
Cat,otsu,7,8,MS-LS-4S,0.017701399978250265,-2030566851.740194,7.712029360197934e-05
Cat,otsu,7,8,MS-LS-4S,0.01943290000781417,-2030594682.3890307,6.341549855671683e-05
Cat,otsu,7,8,MS-LS-4S,0.08569629996782169,-2030604887.13999,5.839031853998335e-05
Cat,otsu,7,8,MS-LS-conv,0.007082700030878186,-2030666605.300186,2.7998115288805346e-05
Cat,otsu,7,8,MS-LS-conv,0.015639499993994832,-2030686021.8758426,1.8436707237650392e-05
Cat,otsu,7,8,MS-LS-conv,0.06428350001806393,-2030691667.7442791,1.5656482089827586e-05
Cat,otsu,7,8,MS-LS-conv,0.06800840003415942,-2030720204.5363243,1.60395717301368e-06
Cat,otsu,7,9,RM-MDE,0.000673100003041327,-2023626850.5070388,0.003494622166182749
Cat,otsu,7,9,RM-MDE,0.001743400003761053,-2027050199.807295,0.001808843986745055
Cat,otsu,7,9,RM-MDE,0.006538000016007572,-2030399111.912593,0.00015972131277684632
Cat,otsu,7,9,RM-MDE,0.012162200000602752,-2030515667.0661216,0.00010232543602393398
Cat,otsu,7,9,RM-MDE,0.018664299976080656,-2030625815.2167623,4.808459392182866e-05
Cat,otsu,7,9,RM-MDE,0.024907499959226698,-2030683012.1155763,1.9918819560191974e-05
Cat,otsu,7,9,RM-MDE,0.02933579997625202,-2030698339.473981,1.237108660024458e-05
Cat,otsu,7,9,RM-MDE,0.03749070002231747,-2030719467.8075402,1.9667484629004714e-06
Cat,otsu,7,9,RM-MDE,0.04525850003119558,-2030719614.426354,1.8945481773784651e-06
Cat,otsu,7,9,RM-MDE,0.058617600123398006,-2030722133.9203198,6.538603075894118e-07
Cat,otsu,7,9,RM-MDE,0.06553750013699755,-2030723461.729787,0.0
Cat,otsu,7,9,MS-LS-4S,0.0019825000199489295,-2025673682.8054514,0.002486689605700559
Cat,otsu,7,9,MS-LS-4S,0.003850500041153282,-2030520131.3967779,0.0001001270418356444
Cat,otsu,7,9,MS-LS-4S,0.019117700052447617,-2030620449.143541,5.072703801741014e-05
Cat,otsu,7,9,MS-LS-4S,0.03959320002468303,-2030631958.0216162,4.505965971996364e-05
Cat,otsu,7,9,MS-LS-4S,0.04135710000991821,-2030652306.6709046,3.5039265672276436e-05
Cat,otsu,7,9,MS-LS-4S,0.07359400001587346,-2030677669.491096,2.254971666702729e-05
Cat,otsu,7,9,MS-LS-conv,0.008773799985647202,-2030666605.300186,2.7998115288805346e-05
Cat,otsu,7,9,MS-LS-conv,0.012232299952302128,-2030709767.2144773,6.743663314031708e-06
Cat,otsu,7,9,MS-LS-conv,0.12256879999767989,-2030720079.1996942,1.6656773591778806e-06
Cat,otsu,8,0,RM-MDE,0.0006781999836675823,-2024996953.3725226,0.003266530858433191
Cat,otsu,8,0,RM-MDE,0.004740500007756054,-2031452279.821567,8.912364540922816e-05
Cat,otsu,8,0,RM-MDE,0.016916600055992603,-2031588233.9258733,2.2205023233777713e-05
Cat,otsu,8,0,RM-MDE,0.030720700044184923,-2031624013.4562016,4.59380889147364e-06
Cat,otsu,8,0,RM-MDE,0.03745910007273778,-2031628617.9944465,2.3273870230095287e-06
Cat,otsu,8,0,RM-MDE,0.05713340011425316,-2031633346.3915324,0.0
Cat,otsu,8,0,MS-LS-4S,0.00210829998832196,-2030213653.3528461,0.0006987939242126788
Cat,otsu,8,0,MS-LS-4S,0.004252899962011725,-2030328073.7970407,0.000642474488228926
Cat,otsu,8,0,MS-LS-4S,0.00615159998415038,-2031129849.3892868,0.00024782867594684164
Cat,otsu,8,0,MS-LS-4S,0.01186169998254627,-2031273753.2091138,0.00017699708614119427
Cat,otsu,8,0,MS-LS-4S,0.031914599996525794,-2031375161.819862,0.00012708226714682768
Cat,otsu,8,0,MS-LS-4S,0.033727899950463325,-2031474421.2784648,7.822529264441362e-05
Cat,otsu,8,0,MS-LS-4S,0.06722719996469095,-2031475162.0764942,7.786066089098304e-05
Cat,otsu,8,0,MS-LS-4S,0.0734021999523975,-2031588233.9258733,2.2205023233777713e-05
Cat,otsu,8,0,MS-LS-conv,0.009247699985280633,-2031600395.4334416,1.62189492259062e-05
Cat,otsu,8,0,MS-LS-conv,0.05269149999367073,-2031628617.9944465,2.3273870230095287e-06
Cat,otsu,8,1,RM-MDE,0.0006793999928049743,-2024268627.6631367,0.0036250235513590485
Cat,otsu,8,1,RM-MDE,0.009691800049040467,-2031339488.0357356,0.00014464143164353346
Cat,otsu,8,1,RM-MDE,0.019303300010506064,-2031410922.5314274,0.0001094803156780695
Cat,otsu,8,1,RM-MDE,0.02367890003370121,-2031543300.5534782,4.432189411249538e-05
Cat,otsu,8,1,RM-MDE,0.030384999990928918,-2031616878.7944376,8.10559500021154e-06
Cat,otsu,8,1,RM-MDE,0.033132299955468625,-2031624012.1239464,4.594464647162732e-06
Cat,otsu,8,1,RM-MDE,0.04756569990422577,-2031631376.13358,9.697901227852762e-07
Cat,otsu,8,1,RM-MDE,0.07317829981911927,-2031633346.3915324,0.0
Cat,otsu,8,1,MS-LS-4S,0.00200899998890236,-2030796539.695633,0.0004118886399387829
Cat,otsu,8,1,MS-LS-4S,0.003902299969922751,-2031177291.2404044,0.0002244770947169537
Cat,otsu,8,1,MS-LS-4S,0.005787900008726865,-2031281096.9319022,0.00017338239710226045
Cat,otsu,8,1,MS-LS-4S,0.030990300001576543,-2031383315.9446146,0.00012306868626755986
Cat,otsu,8,1,MS-LS-4S,0.07399299996905029,-2031596714.4548583,1.8030781360810765e-05
Cat,otsu,8,1,MS-LS-4S,0.09470760001568124,-2031602209.2121503,1.532618050269249e-05
Cat,otsu,8,1,MS-LS-conv,0.008369199989829212,-2031600395.4334416,1.62189492259062e-05
Cat,otsu,8,1,MS-LS-conv,0.019834699982311577,-2031620333.3233235,6.405224757728023e-06
Cat,otsu,8,2,RM-MDE,0.0006810000049881637,-2027527070.6470385,0.0020211696917592373
Cat,otsu,8,2,RM-MDE,0.003521399979945272,-2030802239.967598,0.00040908288171712776
Cat,otsu,8,2,RM-MDE,0.006403699982911348,-2031471406.494905,7.970921372946268e-05
Cat,otsu,8,2,RM-MDE,0.02199709985870868,-2031596592.865269,1.8090629556142533e-05
Cat,otsu,8,2,RM-MDE,0.03368659986881539,-2031599264.1597204,1.677577889363508e-05
Cat,otsu,8,2,RM-MDE,0.03766359994187951,-2031612693.0862339,1.0165862523988398e-05
Cat,otsu,8,2,RM-MDE,0.04150849988218397,-2031628617.9944465,2.3273870230095287e-06
Cat,otsu,8,2,RM-MDE,0.06189939979230985,-2031633346.3915324,0.0
Cat,otsu,8,2,MS-LS-4S,0.0018328999867662787,-2030906289.3273575,0.0003578682469778548
Cat,otsu,8,2,MS-LS-4S,0.0036151999956928194,-2031036846.1791968,0.00029360623234259034
Cat,otsu,8,2,MS-LS-4S,0.0075020999647676945,-2031173162.8773377,0.0002265091361155682
Cat,otsu,8,2,MS-LS-4S,0.03443070000503212,-2031177324.7840354,0.0002244605840453129
Cat,otsu,8,2,MS-LS-4S,0.04204489995026961,-2031271167.1765614,0.00017826996963519375
Cat,otsu,8,2,MS-LS-4S,0.05031419999431819,-2031512856.5086493,5.930690353014678e-05
Cat,otsu,8,2,MS-LS-conv,0.00492640002630651,-2031620333.3233235,6.405224757728023e-06
Cat,otsu,8,2,MS-LS-conv,0.08210070000495762,-2031628617.9944465,2.3273870230095287e-06
Cat,otsu,8,3,RM-MDE,0.0006726999999955297,-2027672869.166679,0.001949405502665076
Cat,otsu,8,3,RM-MDE,0.00545240001520142,-2031517794.29029,5.687645433047291e-05
Cat,otsu,8,3,RM-MDE,0.030651999986730516,-2031611923.539753,1.0544644690692303e-05
Cat,otsu,8,3,RM-MDE,0.035125099995639175,-2031624013.4562016,4.59380889147364e-06
Cat,otsu,8,3,RM-MDE,0.04765859997132793,-2031627024.745624,3.111607672508353e-06
Cat,otsu,8,3,RM-MDE,0.0579202999942936,-2031627032.545566,3.107768425613506e-06
Cat,otsu,8,3,MS-LS-4S,0.0018146999645978212,-2031106627.3636875,0.00025925890061827994
Cat,otsu,8,3,MS-LS-4S,0.005562299978919327,-2031312299.8622313,0.00015802385301038225
Cat,otsu,8,3,MS-LS-4S,0.02450870000757277,-2031532947.27482,4.9417931090102836e-05
Cat,otsu,8,3,MS-LS-4S,0.031924999959301203,-2031615773.5737374,8.64960098545834e-06
Cat,otsu,8,3,MS-LS-conv,0.005204999994020909,-2031560932.7875304,3.5643047565947706e-05
Cat,otsu,8,3,MS-LS-conv,0.014350100012961775,-2031600395.4334416,1.62189492259062e-05
Cat,otsu,8,3,MS-LS-conv,0.018806400010362267,-2031627024.745624,3.111607672508353e-06
Cat,otsu,8,3,MS-LS-conv,0.07871430000523105,-2031628617.9944465,2.3273870230095287e-06
Cat,otsu,8,4,RM-MDE,0.0006653000018559396,-2023993439.6460445,0.003760475165982819
Cat,otsu,8,4,RM-MDE,0.0079371000174433,-2031518138.093454,5.670722932519452e-05
Cat,otsu,8,4,RM-MDE,0.020561100041959435,-2031554192.5156689,3.89607091280228e-05
Cat,otsu,8,4,RM-MDE,0.0310604001278989,-2031590993.8443723,2.0846550503501393e-05
Cat,otsu,8,4,RM-MDE,0.03581070009386167,-2031614806.8833659,9.125420292731646e-06
Cat,otsu,8,4,RM-MDE,0.04049700009636581,-2031631376.13358,9.697901227852762e-07
Cat,otsu,8,4,RM-MDE,0.08482540003024042,-2031633346.3915324,0.0
Cat,otsu,8,4,MS-LS-4S,0.0020185000030323863,-2030451079.3271334,0.000581929345912183
Cat,otsu,8,4,MS-LS-4S,0.007958300004247576,-2031076387.279334,0.00027414351767142967
Cat,otsu,8,4,MS-LS-4S,0.011881499958690256,-2031194435.6273367,0.00021603837374260866
Cat,otsu,8,4,MS-LS-4S,0.02700199995888397,-2031474039.0351396,7.841343846605626e-05
Cat,otsu,8,4,MS-LS-conv,0.008985800028312951,-2031600395.4334416,1.62189492259062e-05
Cat,otsu,8,4,MS-LS-conv,0.07332540000788867,-2031615652.0737774,8.709405063867211e-06
Cat,otsu,8,4,MS-LS-conv,0.1082831000094302,-2031627024.745624,3.111607672508353e-06
Cat,otsu,8,5,RM-MDE,0.000687299994751811,-2026139853.15652,0.0027039786705459184
Cat,otsu,8,5,RM-MDE,0.007525399967562407,-2031118522.3082645,0.000253404032859732
Cat,otsu,8,5,RM-MDE,0.015266600006725639,-2031258070.673153,0.00018471626243290413
Cat,otsu,8,5,RM-MDE,0.01995719998376444,-2031358020.2445972,0.00013551960417672933
Cat,otsu,8,5,RM-MDE,0.023789499944541603,-2031569723.1065753,3.131632244084516e-05
Cat,otsu,8,5,RM-MDE,0.02585369994631037,-2031587366.173815,2.2632143639046135e-05
Cat,otsu,8,5,RM-MDE,0.032071199908386916,-2031633346.3915324,0.0
Cat,otsu,8,5,MS-LS-4S,0.0018438000115565956,-2031467274.7196424,8.174293466140783e-05
Cat,otsu,8,5,MS-LS-4S,0.009589700028300285,-2031512856.5086493,5.930690353014678e-05
Cat,otsu,8,5,MS-LS-4S,0.03839689999585971,-2031602494.3172622,1.5185847547268336e-05
Cat,otsu,8,5,MS-LS-conv,0.004976299998816103,-2031627024.745624,3.111607672508353e-06
Cat,otsu,8,6,RM-MDE,0.0007020999910309911,-2026811754.156438,0.0023732590546705376
Cat,otsu,8,6,RM-MDE,0.005830799986142665,-2030750784.9899082,0.0004344097832375888
Cat,otsu,8,6,RM-MDE,0.009840000013355166,-2030950122.564899,0.0003362928787553893
Cat,otsu,8,6,RM-MDE,0.016965300019364804,-2031099326.0467904,0.00026285271684999424
Cat,otsu,8,6,RM-MDE,0.021929699985776097,-2031228666.6229882,0.0001991893710855679
Cat,otsu,8,6,RM-MDE,0.02862750005442649,-2031469686.4413471,8.055584954636726e-05
Cat,otsu,8,6,RM-MDE,0.03321630007121712,-2031523521.0479195,5.405765947284466e-05
Cat,otsu,8,6,RM-MDE,0.03605930006597191,-2031587531.4067478,2.255081354417469e-05
Cat,otsu,8,6,RM-MDE,0.038829200086183846,-2031587539.3154864,2.254692074598491e-05
Cat,otsu,8,6,RM-MDE,0.041643100092187524,-2031628617.9944465,2.3273870230095287e-06
Cat,otsu,8,6,RM-MDE,0.06748570007039234,-2031631368.333638,9.736293696801234e-07
Cat,otsu,8,6,RM-MDE,0.07584310008678585,-2031631376.13358,9.697901227852762e-07
Cat,otsu,8,6,RM-MDE,0.08138320007128641,-2031633346.3915324,0.0
Cat,otsu,8,6,MS-LS-4S,0.002013899968005717,-2031104138.1018317,0.0002604841521432473
Cat,otsu,8,6,MS-LS-4S,0.008365699963178486,-2031141233.24982,0.00024222537131834813
Cat,otsu,8,6,MS-LS-4S,0.03515719994902611,-2031291339.2603297,0.00016834097147014774
Cat,otsu,8,6,MS-LS-4S,0.05072599998675287,-2031562068.9207206,3.508382599569096e-05
Cat,otsu,8,6,MS-LS-conv,0.007320899982005358,-2031600395.4334416,1.62189492259062e-05
Cat,otsu,8,6,MS-LS-conv,0.02213950001168996,-2031611923.539753,1.0544644690692303e-05
Cat,otsu,8,6,MS-LS-conv,0.10443469998426735,-2031615652.0737774,8.709405063867211e-06
Cat,otsu,8,7,RM-MDE,0.0007190000033006072,-2026140823.6978123,0.0027035009557583793
Cat,otsu,8,7,RM-MDE,0.003778700018301606,-2031415060.1810784,0.00010744370328518886
Cat,otsu,8,7,RM-MDE,0.008690300048328936,-2031507571.4774349,6.190827410907659e-05
Cat,otsu,8,7,RM-MDE,0.03258749999804422,-2031560932.7875304,3.5643047565947706e-05
Cat,otsu,8,7,RM-MDE,0.035388700023759156,-2031618185.3635392,7.462482352010187e-06
Cat,otsu,8,7,RM-MDE,0.04830060002859682,-2031627032.545566,3.107768425613506e-06
Cat,otsu,8,7,RM-MDE,0.05463040014728904,-2031627136.3397954,3.05667936987745e-06
Cat,otsu,8,7,RM-MDE,0.06202640011906624,-2031628617.9944465,2.3273870230095287e-06
Cat,otsu,8,7,RM-MDE,0.0686038002022542,-2031633346.3915324,0.0
Cat,otsu,8,7,MS-LS-4S,0.0019925000378862023,-2029504357.847159,0.0010479196692429254
Cat,otsu,8,7,MS-LS-4S,0.0037534000002779067,-2031615305.4771674,8.880005044756913e-06
Cat,otsu,8,7,MS-LS-conv,0.009727600030601025,-2031600395.4334416,1.62189492259062e-05
Cat,otsu,8,7,MS-LS-conv,0.011982100026216358,-2031615305.4771674,8.880005044756913e-06
Cat,otsu,8,7,MS-LS-conv,0.0479615000076592,-2031620333.3233235,6.405224757728023e-06
Cat,otsu,8,8,RM-MDE,0.0007127000135369599,-2025392752.1212187,0.0030717128567504153
Cat,otsu,8,8,RM-MDE,0.0068786999909207225,-2031320500.2184157,0.0001539875163362242
Cat,otsu,8,8,RM-MDE,0.015353100025095046,-2031540875.4681141,4.551555701845752e-05
Cat,otsu,8,8,RM-MDE,0.025486899947281927,-2031548283.1430144,4.1869389803565906e-05
Cat,otsu,8,8,RM-MDE,0.026543399959336966,-2031595228.6833003,1.876210011017333e-05
Cat,otsu,8,8,RM-MDE,0.03145619994029403,-2031611923.539753,1.0544644690692303e-05
Cat,otsu,8,8,RM-MDE,0.033813699963502586,-2031627024.745624,3.111607672508353e-06
Cat,otsu,8,8,RM-MDE,0.04104820004431531,-2031631791.2878525,7.654450458088241e-07
Cat,otsu,8,8,RM-MDE,0.0722010001190938,-2031633346.3915324,0.0
Cat,otsu,8,8,MS-LS-4S,0.00200159999076277,-2031069828.4625084,0.00027737186437940117
Cat,otsu,8,8,MS-LS-4S,0.005676199973095208,-2031224625.9122717,0.0002011782687002201
Cat,otsu,8,8,MS-LS-4S,0.007432800019159913,-2031430823.2160754,9.9684904176588e-05
Cat,otsu,8,8,MS-LS-4S,0.03822689998196438,-2031512856.5086493,5.930690353014678e-05
Cat,otsu,8,8,MS-LS-4S,0.08306330000050366,-2031556756.1868355,3.7698832239059626e-05
Cat,otsu,8,8,MS-LS-4S,0.08866010000929236,-2031616261.8995075,8.409239814478827e-06
Cat,otsu,8,8,MS-LS-conv,0.006579599983524531,-2031600395.4334416,1.62189492259062e-05
Cat,otsu,8,8,MS-LS-conv,0.0287489999900572,-2031611923.539753,1.0544644690692303e-05
Cat,otsu,8,9,RM-MDE,0.000984199985396117,-2027478300.5939927,0.002045175033634715
Cat,otsu,8,9,RM-MDE,0.006655899982433766,-2030685965.5755126,0.000466314858289984
Cat,otsu,8,9,RM-MDE,0.013589699985459447,-2030701176.392963,0.00045882786883034483
Cat,otsu,8,9,RM-MDE,0.019342700019478798,-2031604367.8131757,1.4263685132070166e-05
Cat,otsu,8,9,RM-MDE,0.027928900031838566,-2031613703.923803,9.668313312644656e-06
Cat,otsu,8,9,RM-MDE,0.03626970009645447,-2031616261.8995075,8.409239814478827e-06
Cat,otsu,8,9,RM-MDE,0.04188780015101656,-2031631368.333638,9.736293696801234e-07
Cat,otsu,8,9,RM-MDE,0.0630509001784958,-2031633346.3915324,0.0
Cat,otsu,8,9,MS-LS-4S,0.002068100031465292,-2025708522.1530592,0.002916286173879013
Cat,otsu,8,9,MS-LS-4S,0.004007500014267862,-2031067668.6414158,0.0002784349602851864
Cat,otsu,8,9,MS-LS-4S,0.018163900007493794,-2031078952.424447,0.0002728809152842679
Cat,otsu,8,9,MS-LS-4S,0.02721410000231117,-2031285529.2991023,0.000171200720370084
Cat,otsu,8,9,MS-LS-4S,0.03636460000416264,-2031562948.3331068,3.4650966204458986e-05
Cat,otsu,8,9,MS-LS-conv,0.01099049998447299,-2031600395.4334416,1.62189492259062e-05
Cat,otsu,8,9,MS-LS-conv,0.07257079996634275,-2031624858.9706528,4.177634165474439e-06
Cat,kapur,6,0,RM-MDE,0.0007984999683685601,-22.260498182167893,0.01400614720704322
Cat,kapur,6,0,RM-MDE,0.0188753999536857,-22.473094572792654,0.004589523528337668
Cat,kapur,6,0,RM-MDE,0.02535289997467771,-22.545842171372076,0.0013672827492782298
Cat,kapur,6,0,RM-MDE,0.04750779992900789,-22.557698064718345,0.0008421445487255502
Cat,kapur,6,0,RM-MDE,0.05381269991630688,-22.57671091874672,0.0
Cat,kapur,6,0,MS-LS-4S,0.0055970000103116035,-22.52522729989134,0.0022803861483928073
Cat,kapur,6,0,MS-LS-4S,0.02300350001314655,-22.5707279260074,0.0002650072794417345
Cat,kapur,6,0,MS-LS-4S,0.12036100000841543,-22.57577678577556,4.137595482894862e-05
Cat,kapur,6,0,MS-LS-conv,0.012553899956401438,-22.572044571372054,0.00020668853808955272
Cat,kapur,6,0,MS-LS-conv,0.05388729996047914,-22.574823949608582,8.35803383818285e-05
Cat,kapur,6,1,RM-MDE,0.0008043000125326216,-20.21842660848189,0.1044565047031103
Cat,kapur,6,1,RM-MDE,0.019860100059304386,-22.49714641219744,0.003524185025694402
Cat,kapur,6,1,RM-MDE,0.026844600040931255,-22.50298798620249,0.003265441667280784
Cat,kapur,6,1,RM-MDE,0.033305800054222345,-22.567862642147563,0.00039192053399634977
Cat,kapur,6,1,RM-MDE,0.04542610002681613,-22.572044571372054,0.00020668853808955272
Cat,kapur,6,1,RM-MDE,0.08498490002239123,-22.57671091874672,0.0
Cat,kapur,6,1,MS-LS-4S,0.005594099988229573,-22.46946909763982,0.004750108263903535
Cat,kapur,6,1,MS-LS-4S,0.016642200003843755,-22.570377604613967,0.00028052421610688996
Cat,kapur,6,1,MS-LS-4S,0.16807549999793991,-22.571608459726708,0.0002260054194065665
Cat,kapur,6,1,MS-LS-4S,0.27115019998745993,-22.571863225350654,0.00021472097567765765
Cat,kapur,6,1,MS-LS-conv,0.014422999985981733,-22.572044571372054,0.00020668853808955272
Cat,kapur,6,1,MS-LS-conv,0.03934509999817237,-22.574823949608582,8.35803383818285e-05
Cat,kapur,6,2,RM-MDE,0.0007608000305481255,-21.03724221447799,0.06818835169610218
Cat,kapur,6,2,RM-MDE,0.007664000033400953,-22.540915004050234,0.001585523897848315
Cat,kapur,6,2,RM-MDE,0.014100800035521388,-22.574569334586336,9.485811144464516e-05
Cat,kapur,6,2,RM-MDE,0.035891100007575005,-22.57671091874672,0.0
Cat,kapur,6,2,MS-LS-4S,0.005605800019111484,-22.50298798620249,0.003265441667280784
Cat,kapur,6,2,MS-LS-4S,0.027249000035226345,-22.564994712197134,0.0005189509929835498
Cat,kapur,6,2,MS-LS-4S,0.0884080000105314,-22.570377604613967,0.00028052421610688996
Cat,kapur,6,2,MS-LS-4S,0.16087389999302104,-22.574305403281503,0.00010654853463261948
Cat,kapur,6,2,MS-LS-4S,0.19416670000646263,-22.574823949608582,8.35803383818285e-05
Cat,kapur,6,2,MS-LS-conv,0.01339209999423474,-22.572044571372054,0.00020668853808955272
Cat,kapur,6,2,MS-LS-conv,0.1580367000424303,-22.574823949608582,8.35803383818285e-05
Cat,kapur,6,3,RM-MDE,0.0007784999907016754,-19.974750383176673,0.11524976091222801
Cat,kapur,6,3,RM-MDE,0.018634699983522296,-22.55634811274838,0.0009019385539206395
Cat,kapur,6,3,RM-MDE,0.02952420001383871,-22.56041949509173,0.0007216030587282416
Cat,kapur,6,3,RM-MDE,0.042342200002167374,-22.572044571372054,0.00020668853808955272
Cat,kapur,6,3,RM-MDE,0.09334690007381141,-22.57671091874672,0.0
Cat,kapur,6,3,MS-LS-4S,0.005226199980825186,-22.541072139335398,0.0015785638368487444
Cat,kapur,6,3,MS-LS-4S,0.010424999985843897,-22.57671091874672,0.0
Cat,kapur,6,3,MS-LS-conv,0.014668899995740503,-22.574823949608582,8.35803383818285e-05
Cat,kapur,6,3,MS-LS-conv,0.021609599993098527,-22.57671091874672,0.0
Cat,kapur,6,4,RM-MDE,0.0007697000401094556,-20.706195785184747,0.0828515340562198
Cat,kapur,6,4,RM-MDE,0.01879880006890744,-22.574823949608582,8.35803383818285e-05
Cat,kapur,6,4,RM-MDE,0.09444690000964329,-22.57671091874672,0.0
Cat,kapur,6,4,MS-LS-4S,0.005711200006771833,-22.41434030233704,0.007191951785804908
Cat,kapur,6,4,MS-LS-4S,0.02301800000714138,-22.46946909763982,0.004750108263903535
Cat,kapur,6,4,MS-LS-4S,0.02824359998339787,-22.569978636728486,0.00029819587283831786
Cat,kapur,6,4,MS-LS-4S,0.08393739996245131,-22.572044571372054,0.00020668853808955272
Cat,kapur,6,4,MS-LS-4S,0.15737289999378845,-22.57671091874672,0.0
Cat,kapur,6,4,MS-LS-conv,0.014798399992287159,-22.572044571372054,0.00020668853808955272
Cat,kapur,6,4,MS-LS-conv,0.11924279999220744,-22.574823949608582,8.35803383818285e-05
Cat,kapur,6,5,RM-MDE,0.0007673000218346715,-20.382902019028144,0.09717132436226272
Cat,kapur,6,5,RM-MDE,0.013388000021222979,-22.56976517075389,0.00030765101337515346
Cat,kapur,6,5,RM-MDE,0.051842200045939535,-22.572044571372054,0.00020668853808955272
Cat,kapur,6,5,RM-MDE,0.06406490009976551,-22.574787665133684,8.518750228754704e-05
Cat,kapur,6,5,RM-MDE,0.08192000008421019,-22.57671091874672,0.0
Cat,kapur,6,5,MS-LS-4S,0.005384299962315708,-22.46946909763982,0.004750108263903535
Cat,kapur,6,5,MS-LS-4S,0.010828599974047393,-22.55826360679069,0.0008170947496481005
Cat,kapur,6,5,MS-LS-4S,0.021929599985014647,-22.56888457566666,0.0003466555916061093
Cat,kapur,6,5,MS-LS-4S,0.033003299962729216,-22.570377604613967,0.00028052421610688996
Cat,kapur,6,5,MS-LS-4S,0.04390119999879971,-22.57671091874672,0.0
Cat,kapur,6,5,MS-LS-conv,0.014623299997765571,-22.572044571372054,0.00020668853808955272
Cat,kapur,6,5,MS-LS-conv,0.027281699993181974,-22.574823949608582,8.35803383818285e-05
Cat,kapur,6,5,MS-LS-conv,0.05322820000583306,-22.57577678577556,4.137595482894862e-05
Cat,kapur,6,5,MS-LS-conv,0.10173569998005405,-22.57671091874672,0.0
Cat,kapur,6,6,RM-MDE,0.000743200012948364,-19.34470049773812,0.14315683239425625
Cat,kapur,6,6,RM-MDE,0.018779900041408837,-22.46946909763982,0.004750108263903535
Cat,kapur,6,6,RM-MDE,0.03925550007261336,-22.541008392761892,0.0015813873913397185
Cat,kapur,6,6,RM-MDE,0.045600400073453784,-22.572044571372054,0.00020668853808955272
Cat,kapur,6,6,MS-LS-4S,0.005812499963212758,-22.49714641219744,0.003524185025694402
Cat,kapur,6,6,MS-LS-4S,0.011334899987559766,-22.50298798620249,0.003265441667280784
Cat,kapur,6,6,MS-LS-4S,0.01702339999610558,-22.540915004050234,0.001585523897848315
Cat,kapur,6,6,MS-LS-4S,0.022413300001062453,-22.56792661610127,0.00038908690805596936
Cat,kapur,6,6,MS-LS-4S,0.1257449999684468,-22.5707279260074,0.0002650072794417345
Cat,kapur,6,6,MS-LS-4S,0.2594056999660097,-22.574569334586336,9.485811144464516e-05
Cat,kapur,6,6,MS-LS-conv,0.013770799967460334,-22.572044571372054,0.00020668853808955272
Cat,kapur,6,6,MS-LS-conv,0.13560270000016317,-22.574823949608582,8.35803383818285e-05
Cat,kapur,6,7,RM-MDE,0.0007448000251315534,-21.183011922881423,0.06173171109295772
Cat,kapur,6,7,RM-MDE,0.01380850002169609,-22.557698064718345,0.0008421445487255502
Cat,kapur,6,7,RM-MDE,0.04610269999830052,-22.572044571372054,0.00020668853808955272
Cat,kapur,6,7,RM-MDE,0.05489790008869022,-22.575117653051763,7.057120502146953e-05
Cat,kapur,6,7,RM-MDE,0.0975810001255013,-22.5757547225391,4.2353211283191584e-05
Cat,kapur,6,7,RM-MDE,0.11882510012947023,-22.57671091874672,0.0
Cat,kapur,6,7,MS-LS-4S,0.005661699979100376,-22.12307166033812,0.02009323944666882
Cat,kapur,6,7,MS-LS-4S,0.011555199977010489,-22.504627845234133,0.003192806683489604
Cat,kapur,6,7,MS-LS-4S,0.02261679997900501,-22.574823949608582,8.35803383818285e-05
Cat,kapur,6,7,MS-LS-conv,0.017560800013598055,-22.572044571372054,0.00020668853808955272
Cat,kapur,6,7,MS-LS-conv,0.05063040001550689,-22.574823949608582,8.35803383818285e-05
Cat,kapur,6,8,RM-MDE,0.0008297000313177705,-21.18687761183142,0.0615604864640067
Cat,kapur,6,8,RM-MDE,0.007714100065641105,-22.400101966491828,0.007822616540137531
Cat,kapur,6,8,RM-MDE,0.015242500056046993,-22.41182370323675,0.0073034205958254
Cat,kapur,6,8,RM-MDE,0.026970100065227598,-22.574823949608582,8.35803383818285e-05
Cat,kapur,6,8,RM-MDE,0.05009109998354688,-22.57671091874672,0.0
Cat,kapur,6,8,MS-LS-4S,0.006156500021461397,-22.400101966491828,0.007822616540137531
Cat,kapur,6,8,MS-LS-4S,0.011368000006768852,-22.41621872541495,0.007108749981756822
Cat,kapur,6,8,MS-LS-4S,0.017092399997636676,-22.541637681407742,0.0015535140377712948
Cat,kapur,6,8,MS-LS-4S,0.053868899994995445,-22.557698064718345,0.0008421445487255502
Cat,kapur,6,8,MS-LS-4S,0.12339990003965795,-22.563888180318617,0.0005679630870170335
Cat,kapur,6,8,MS-LS-4S,0.1403578000026755,-22.574823949608582,8.35803383818285e-05
Cat,kapur,6,8,MS-LS-conv,0.014670700009446591,-22.572044571372054,0.00020668853808955272
Cat,kapur,6,8,MS-LS-conv,0.036818700027652085,-22.574823949608582,8.35803383818285e-05
Cat,kapur,6,9,RM-MDE,0.0007732000085525215,-19.828490499582824,0.12172811305662304
Cat,kapur,6,9,RM-MDE,0.007284000050276518,-22.547990378732997,0.0012721312735538548
Cat,kapur,6,9,RM-MDE,0.031195800052955747,-22.571608459726708,0.0002260054194065665
Cat,kapur,6,9,RM-MDE,0.04306870006257668,-22.572044571372054,0.00020668853808955272
Cat,kapur,6,9,RM-MDE,0.06755660008639097,-22.57671091874672,0.0
Cat,kapur,6,9,MS-LS-4S,0.005949900019913912,-22.09055584943378,0.021533476291679735
Cat,kapur,6,9,MS-LS-4S,0.011480000044684857,-22.50298798620249,0.003265441667280784
Cat,kapur,6,9,MS-LS-4S,0.0351854000473395,-22.570751268908186,0.00026397334226330047
Cat,kapur,6,9,MS-LS-4S,0.12339550000615418,-22.574823949608582,8.35803383818285e-05
Cat,kapur,6,9,MS-LS-4S,0.13912650005659088,-22.57671091874672,0.0
Cat,kapur,6,9,MS-LS-conv,0.017391700006555766,-22.572044571372054,0.00020668853808955272
Cat,kapur,6,9,MS-LS-conv,0.10599490004824474,-22.574823949608582,8.35803383818285e-05
Cat,kapur,7,0,RM-MDE,0.0007858999888412654,-22.039242180985898,0.11378775108561803
Cat,kapur,7,0,RM-MDE,0.018818199983797967,-24.786169622884888,0.0033320137286343794
Cat,kapur,7,0,RM-MDE,0.03346829995280132,-24.86608253325619,0.0001186636762199619
Cat,kapur,7,0,RM-MDE,0.07845430006273091,-24.86877403004557,1.0436841418828404e-05
Cat,kapur,7,0,RM-MDE,0.11072630010312423,-24.86903358420533,0.0
Cat,kapur,7,0,MS-LS-4S,0.0058391999918967485,-24.75979788700655,0.004392438364318169
Cat,kapur,7,0,MS-LS-4S,0.017325200024060905,-24.797837373437055,0.002862845897377055
Cat,kapur,7,0,MS-LS-4S,0.1041006000014022,-24.86519568198369,0.0001543245421518061
Cat,kapur,7,0,MS-LS-conv,0.0203466999810189,-24.84956270043738,0.0007829368882397602
Cat,kapur,7,0,MS-LS-conv,0.1902070000069216,-24.864775453493746,0.0001712222027915179
Cat,kapur,7,1,RM-MDE,0.0008425000123679638,-21.45896868964125,0.13712092522685962
Cat,kapur,7,1,RM-MDE,0.013228100026026368,-24.84557801983384,0.0009431634845024856
Cat,kapur,7,1,RM-MDE,0.024911000044085085,-24.852744595012307,0.0006549908398277037
Cat,kapur,7,1,RM-MDE,0.031816900067497045,-24.852800936105737,0.0006527253278511724
Cat,kapur,7,1,RM-MDE,0.04373520007357001,-24.86877403004557,1.0436841418828404e-05
Cat,kapur,7,1,MS-LS-4S,0.005680800008121878,-24.239388737855993,0.025318428406853433
Cat,kapur,7,1,MS-LS-4S,0.011329700006172061,-24.642612505844305,0.009104538686409903
Cat,kapur,7,1,MS-LS-4S,0.016482400009408593,-24.827798680083568,0.0016580822886479408
Cat,kapur,7,1,MS-LS-4S,0.1052746000350453,-24.85029690782229,0.0007534139322140335
Cat,kapur,7,1,MS-LS-4S,0.161667300038971,-24.86303265501487,0.00024130126207522545
Cat,kapur,7,1,MS-LS-conv,0.02652669994859025,-24.84956270043738,0.0007829368882397602
Cat,kapur,7,1,MS-LS-conv,0.06069079996086657,-24.864775453493746,0.0001712222027915179
Cat,kapur,7,2,RM-MDE,0.0008051000186242163,-22.915851853351235,0.07853870655008434
Cat,kapur,7,2,RM-MDE,0.002032000047620386,-23.924848068820225,0.03796631309327476
Cat,kapur,7,2,RM-MDE,0.008489000028930604,-24.673772426225437,0.007851578040567918
Cat,kapur,7,2,RM-MDE,0.02030540001578629,-24.76220340247177,0.00429571102438856
Cat,kapur,7,2,RM-MDE,0.02732100005960092,-24.838602430894614,0.001223656448397037
Cat,kapur,7,2,RM-MDE,0.04735640011494979,-24.861266552626958,0.0003123173866838268
Cat,kapur,7,2,RM-MDE,0.0752911000745371,-24.86903358420533,0.0
Cat,kapur,7,2,MS-LS-4S,0.005487299989908934,-24.797826758619934,0.0028632727260708736
Cat,kapur,7,2,MS-LS-4S,0.01081130001693964,-24.84548549223314,0.000946884079449863
Cat,kapur,7,2,MS-LS-4S,0.050834699999541044,-24.850245229667756,0.000755491944387661
Cat,kapur,7,2,MS-LS-4S,0.05634579999605194,-24.86204075042945,0.00028118638998180206
Cat,kapur,7,2,MS-LS-4S,0.08520079997833818,-24.86345326931844,0.00022438808761882876
Cat,kapur,7,2,MS-LS-conv,0.010910000011790544,-24.864459001700865,0.00018394693500954764
Cat,kapur,7,2,MS-LS-conv,0.17987210000865161,-24.86519568198369,0.0001543245421518061
Cat,kapur,7,3,RM-MDE,0.0008516000234521925,-22.72417249359951,0.08624625815649103
Cat,kapur,7,3,RM-MDE,0.01497480005491525,-24.797826758619934,0.0028632727260708736
Cat,kapur,7,3,RM-MDE,0.04204380005830899,-24.84252083607045,0.001066094830147288
Cat,kapur,7,3,RM-MDE,0.053762400115374476,-24.864775453493746,0.0001712222027915179
Cat,kapur,7,3,RM-MDE,0.08807730005355552,-24.86877403004557,1.0436841418828404e-05
Cat,kapur,7,3,RM-MDE,0.13279690011404455,-24.86903358420533,0.0
Cat,kapur,7,3,MS-LS-4S,0.005369600025005639,-24.860857663248282,0.0003287590942914546
Cat,kapur,7,3,MS-LS-4S,0.1241262000403367,-24.864775453493746,0.0001712222027915179
Cat,kapur,7,3,MS-LS-conv,0.006633199984207749,-24.860857663248282,0.0003287590942914546
Cat,kapur,7,3,MS-LS-conv,0.2426038000266999,-24.864459001700865,0.00018394693500954764
Cat,kapur,7,4,RM-MDE,0.0008590000215917826,-21.45579875590837,0.13724839032204106
Cat,kapur,7,4,RM-MDE,0.007340000011026859,-24.78218212299332,0.0034923536903006445
Cat,kapur,7,4,RM-MDE,0.01531089999480173,-24.83384810906575,0.0014148308184329483
Cat,kapur,7,4,RM-MDE,0.02198229997884482,-24.846284753831267,0.0009147452512393137
Cat,kapur,7,4,RM-MDE,0.028623399964999408,-24.86519568198369,0.0001543245421518061
Cat,kapur,7,4,RM-MDE,0.04662309994455427,-24.86877403004557,1.0436841418828404e-05
Cat,kapur,7,4,RM-MDE,0.12731220002751797,-24.86903358420533,0.0
Cat,kapur,7,4,MS-LS-4S,0.005842400016263127,-24.129434613492226,0.029739755194300485
Cat,kapur,7,4,MS-LS-4S,0.01166190003277734,-24.239388737855993,0.025318428406853433
Cat,kapur,7,4,MS-LS-4S,0.028917199990246445,-24.703710960277153,0.006647730132672913
Cat,kapur,7,4,MS-LS-4S,0.04018670000368729,-24.821108457510277,0.0019271004855407779
Cat,kapur,7,4,MS-LS-4S,0.0627923000138253,-24.857089535496694,0.00048027795966389754
Cat,kapur,7,4,MS-LS-4S,0.07328770001186058,-24.861266552626958,0.0003123173866838268
Cat,kapur,7,4,MS-LS-conv,0.027460499957669526,-24.84956270043738,0.0007829368882397602
Cat,kapur,7,4,MS-LS-conv,0.1665768999955617,-24.864459001700865,0.00018394693500954764
Cat,kapur,7,4,MS-LS-conv,0.25154500000644475,-24.86519568198369,0.0001543245421518061
Cat,kapur,7,5,RM-MDE,0.0008560999995097518,-21.02456301861554,0.1545886595300376
Cat,kapur,7,5,RM-MDE,0.007958100002724677,-24.239388737855993,0.025318428406853433
Cat,kapur,7,5,RM-MDE,0.0320386000094004,-24.86519568198369,0.0001543245421518061
Cat,kapur,7,5,RM-MDE,0.08362439996562898,-24.86903358420533,0.0
Cat,kapur,7,5,MS-LS-4S,0.005529499961994588,-24.76416641615175,0.0042167769687754585
Cat,kapur,7,5,MS-LS-4S,0.011534599994774908,-24.768146038401557,0.004056753772203163
Cat,kapur,7,5,MS-LS-4S,0.02874909999081865,-24.814743471635662,0.0021830407034452567
Cat,kapur,7,5,MS-LS-4S,0.03983879997394979,-24.864775453493746,0.0001712222027915179
Cat,kapur,7,5,MS-LS-4S,0.09273839998058975,-24.867415080161095,6.508109930184036e-05
Cat,kapur,7,5,MS-LS-conv,0.018554600013885647,-24.84956270043738,0.0007829368882397602
Cat,kapur,7,5,MS-LS-conv,0.09893680003006011,-24.864459001700865,0.00018394693500954764
Cat,kapur,7,5,MS-LS-conv,0.13086100004147738,-24.864775453493746,0.0001712222027915179
Cat,kapur,7,5,MS-LS-conv,0.32386480004061013,-24.867415080161095,6.508109930184036e-05
Cat,kapur,7,6,RM-MDE,0.0010470999986864626,-20.110976975237264,0.1913245479707733
Cat,kapur,7,6,RM-MDE,0.008357799961231649,-24.66244036088581,0.008307247751305036
Cat,kapur,7,6,RM-MDE,0.027352200006134808,-24.676390257366464,0.007746313349354119
Cat,kapur,7,6,RM-MDE,0.046897699881810695,-24.76139751520267,0.004328116275134236
Cat,kapur,7,6,RM-MDE,0.05512599990470335,-24.788086750719213,0.0032549247726910866
Cat,kapur,7,6,RM-MDE,0.06712419987889007,-24.805388861383257,0.0025591956602002463
Cat,kapur,7,6,RM-MDE,0.0683808999019675,-24.83931341808678,0.001195067191409754
Cat,kapur,7,6,RM-MDE,0.07479469990357757,-24.847431595588812,0.0008686299989653318
Cat,kapur,7,6,RM-MDE,0.08707389986375347,-24.860857663248282,0.0003287590942914546
Cat,kapur,7,6,RM-MDE,0.11060809984337538,-24.86903358420533,0.0
Cat,kapur,7,6,MS-LS-4S,0.005645999975968152,-24.571019651661256,0.011983333873228832
Cat,kapur,7,6,MS-LS-4S,0.011356899980455637,-24.814743471635662,0.0021830407034452567
Cat,kapur,7,6,MS-LS-4S,0.028195799968671054,-24.819174414580313,0.00200486960847092
Cat,kapur,7,6,MS-LS-4S,0.08682269998826087,-24.831630057874463,0.0015040200980958826
Cat,kapur,7,6,MS-LS-4S,0.12611159996595234,-24.838084294856206,0.0012444910351795983
Cat,kapur,7,6,MS-LS-4S,0.15425619995221496,-24.858376958115453,0.00042850985961288477
Cat,kapur,7,6,MS-LS-conv,0.022503399988636374,-24.84956270043738,0.0007829368882397602
Cat,kapur,7,6,MS-LS-conv,0.0333029999746941,-24.864459001700865,0.00018394693500954764
Cat,kapur,7,7,RM-MDE,0.0008557999972254038,-20.792576028952425,0.1639170071265624
Cat,kapur,7,7,RM-MDE,0.00772370002232492,-24.72386396792521,0.005837364599978544
Cat,kapur,7,7,RM-MDE,0.021274900005664676,-24.82740875154232,0.0016737615686621455
Cat,kapur,7,7,RM-MDE,0.03326550003839657,-24.8621934282771,0.00027504711451976194
Cat,kapur,7,7,RM-MDE,0.04015559999970719,-24.864459001700865,0.00018394693500954764
Cat,kapur,7,7,RM-MDE,0.05256120004924014,-24.867065751276044,7.912784075915799e-05
Cat,kapur,7,7,RM-MDE,0.07122230005916208,-24.86877403004557,1.0436841418828404e-05
Cat,kapur,7,7,RM-MDE,0.11217759997816756,-24.86903358420533,0.0
Cat,kapur,7,7,MS-LS-4S,0.0058803000138141215,-24.30468074314611,0.02269299444823005
Cat,kapur,7,7,MS-LS-4S,0.011477100022602826,-24.77534122435409,0.0037674306697122596
Cat,kapur,7,7,MS-LS-4S,0.023365300032310188,-24.858808201176345,0.0004111692959182364
Cat,kapur,7,7,MS-LS-4S,0.028955499990843236,-24.85954542004204,0.0003815252462932979
Cat,kapur,7,7,MS-LS-4S,0.046083000022917986,-24.86519568198369,0.0001543245421518061
Cat,kapur,7,7,MS-LS-conv,0.025943699991330504,-24.84956270043738,0.0007829368882397602
Cat,kapur,7,7,MS-LS-conv,0.07984219997888431,-24.860857663248282,0.0003287590942914546
Cat,kapur,7,7,MS-LS-conv,0.08773619995918125,-24.864459001700865,0.00018394693500954764
Cat,kapur,7,7,MS-LS-conv,0.12930709996726364,-24.86519568198369,0.0001543245421518061
Cat,kapur,7,8,RM-MDE,0.0008333000005222857,-23.49081678223228,0.05541899315494007
Cat,kapur,7,8,RM-MDE,0.007782100001350045,-24.239388737855993,0.025318428406853433
Cat,kapur,7,8,RM-MDE,0.02002689999062568,-24.852800936105737,0.0006527253278511724
Cat,kapur,7,8,RM-MDE,0.029526300029829144,-24.863219002542266,0.0002338081069123812
Cat,kapur,7,8,RM-MDE,0.05652140005258843,-24.864775453493746,0.0001712222027915179
Cat,kapur,7,8,RM-MDE,0.08921220002230257,-24.86519568198369,0.0001543245421518061
Cat,kapur,7,8,RM-MDE,0.10103170003276318,-24.86877403004557,1.0436841418828404e-05
Cat,kapur,7,8,RM-MDE,0.12344090006081387,-24.86903358420533,0.0
Cat,kapur,7,8,MS-LS-4S,0.00577369995880872,-24.30468074314611,0.02269299444823005
Cat,kapur,7,8,MS-LS-4S,0.02121039998019114,-24.390866429171815,0.019227412010782947
Cat,kapur,7,8,MS-LS-4S,0.026465000002644956,-24.864775453493746,0.0001712222027915179
Cat,kapur,7,8,MS-LS-4S,0.06003429996781051,-24.86519568198369,0.0001543245421518061
Cat,kapur,7,8,MS-LS-conv,0.025381100014783442,-24.84956270043738,0.0007829368882397602
Cat,kapur,7,8,MS-LS-conv,0.04702419997192919,-24.864775453493746,0.0001712222027915179
Cat,kapur,7,8,MS-LS-conv,0.20521450001979247,-24.86519568198369,0.0001543245421518061
Cat,kapur,7,9,RM-MDE,0.0008074000361375511,-21.6631580025632,0.12891034027467096
Cat,kapur,7,9,RM-MDE,0.012796900002285838,-24.814743471635662,0.0021830407034452567
Cat,kapur,7,9,RM-MDE,0.019170099985785782,-24.8505291257516,0.000744076298384293
Cat,kapur,7,9,RM-MDE,0.027200000011362135,-24.853962887667095,0.0006060025005477654
Cat,kapur,7,9,RM-MDE,0.05791440006578341,-24.861266552626958,0.0003123173866838268
Cat,kapur,7,9,RM-MDE,0.08285190002061427,-24.86519568198369,0.0001543245421518061
Cat,kapur,7,9,MS-LS-4S,0.006094300013501197,-23.522748354051068,0.054135003903380725
Cat,kapur,7,9,MS-LS-4S,0.011592600028961897,-24.821108457510277,0.0019271004855407779
Cat,kapur,7,9,MS-LS-4S,0.05819860001793131,-24.850245229667756,0.000755491944387661
Cat,kapur,7,9,MS-LS-4S,0.10802099999273196,-24.85147693010297,0.0007059644695446108
Cat,kapur,7,9,MS-LS-4S,0.11327999999048188,-24.855314550368433,0.0005516512650338426
Cat,kapur,7,9,MS-LS-4S,0.12375269999029115,-24.867065751276044,7.912784075915799e-05
Cat,kapur,7,9,MS-LS-conv,0.029337599989958107,-24.84956270043738,0.0007829368882397602
Cat,kapur,7,9,MS-LS-conv,0.04068149998784065,-24.864459001700865,0.00018394693500954764
Cat,kapur,7,9,MS-LS-conv,0.13341770000988618,-24.864775453493746,0.0001712222027915179
Cat,kapur,8,0,RM-MDE,0.0008517999667674303,-22.96811926169921,0.15070437497651637
Cat,kapur,8,0,RM-MDE,0.00921109999762848,-26.654815025353873,0.014380867283580743
Cat,kapur,8,0,RM-MDE,0.041023500030860305,-27.04175824951413,7.280907178806486e-05
Cat,kapur,8,0,RM-MDE,0.09680170012870803,-27.041855838140894,6.920052235410885e-05
Cat,kapur,8,0,RM-MDE,0.15326980012468994,-27.043727278194947,0.0
Cat,kapur,8,0,MS-LS-4S,0.005841699952725321,-26.345683636852698,0.025811665461701116
Cat,kapur,8,0,MS-LS-4S,0.01735849998658523,-26.853845436522636,0.007021289621767849
Cat,kapur,8,0,MS-LS-4S,0.04075179999927059,-26.93983640552564,0.003841588535507579
Cat,kapur,8,0,MS-LS-4S,0.04605409997748211,-26.947013583849355,0.0035761969254722932
Cat,kapur,8,0,MS-LS-4S,0.0934762999531813,-26.970412721775133,0.002710963458018818
Cat,kapur,8,0,MS-LS-4S,0.15615759999491274,-27.004414319777457,0.0014536812183129672
Cat,kapur,8,0,MS-LS-4S,0.265101799974218,-27.027398827106676,0.0006037796092344068
Cat,kapur,8,0,MS-LS-conv,0.019416700000874698,-26.988190675392357,0.0020535853742087037
Cat,kapur,8,0,MS-LS-conv,0.1282336000003852,-27.03997221743672,0.00013885145045278244
Cat,kapur,8,0,MS-LS-conv,0.14548220002325252,-27.04175824951413,7.280907178806486e-05
Cat,kapur,8,1,RM-MDE,0.0008839999791234732,-23.085680259842352,0.14635730414068787
Cat,kapur,8,1,RM-MDE,0.013472899969201535,-26.99525219571551,0.0017924704675794866
Cat,kapur,8,1,RM-MDE,0.043648899998515844,-27.04281244154916,3.3828053225666064e-05
Cat,kapur,8,1,RM-MDE,0.10973989992635325,-27.043727278194947,0.0
Cat,kapur,8,1,MS-LS-4S,0.005796700017526746,-26.317496930488545,0.026853929572494727
Cat,kapur,8,1,MS-LS-4S,0.01185290003195405,-26.753619188896334,0.010727370761963121
Cat,kapur,8,1,MS-LS-4S,0.01757200004067272,-27.004414319777457,0.0014536812183129672
Cat,kapur,8,1,MS-LS-4S,0.2141768000437878,-27.023427320121574,0.0007506346246044559
Cat,kapur,8,1,MS-LS-4S,0.2758629000163637,-27.035818530855767,0.0002924429483341296
Cat,kapur,8,1,MS-LS-conv,0.02071890002116561,-26.988190675392357,0.0020535853742087037
Cat,kapur,8,1,MS-LS-conv,0.04928570002084598,-27.03997221743672,0.00013885145045278244
Cat,kapur,8,1,MS-LS-conv,0.24174110003514215,-27.04175824951413,7.280907178806486e-05
Cat,kapur,8,2,RM-MDE,0.0008719000034034252,-23.602209339534554,0.1272575301199421
Cat,kapur,8,2,RM-MDE,0.007998899964150041,-26.97886017887783,0.0023986005571583133
Cat,kapur,8,2,RM-MDE,0.04270400002133101,-27.002393734454035,0.0015283967078842148
Cat,kapur,8,2,RM-MDE,0.05559539998648688,-27.03744375338468,0.00023234684870285184
Cat,kapur,8,2,RM-MDE,0.075530499976594,-27.03997221743672,0.00013885145045278244
Cat,kapur,8,2,RM-MDE,0.09464739996474236,-27.043727278194947,0.0
Cat,kapur,8,2,MS-LS-4S,0.00555160001385957,-26.95460895998654,0.003295341551542025
Cat,kapur,8,2,MS-LS-4S,0.04582860000664368,-26.978277594121916,0.002420142881924477
Cat,kapur,8,2,MS-LS-4S,0.1488956999965012,-26.99525219571551,0.0017924704675794866
Cat,kapur,8,2,MS-LS-4S,0.2482828000211157,-27.026849516293307,0.0006240915583869217
Cat,kapur,8,2,MS-LS-4S,0.2994619000237435,-27.03997221743672,0.00013885145045278244
Cat,kapur,8,2,MS-LS-conv,0.009517500002402812,-27.03997221743672,0.00013885145045278244
Cat,kapur,8,2,MS-LS-conv,0.15435049997176975,-27.043727278194947,0.0
Cat,kapur,8,3,RM-MDE,0.0009180000051856041,-25.675001780410916,0.05061157005852586
Cat,kapur,8,3,RM-MDE,0.020708200056105852,-26.951695253747168,0.003403082108507394
Cat,kapur,8,3,RM-MDE,0.028736200067214668,-27.00996336988476,0.001248493151955864
Cat,kapur,8,3,RM-MDE,0.0354887000285089,-27.0152753822754,0.0010520700651528042
Cat,kapur,8,3,RM-MDE,0.042195300047751516,-27.018224373585493,0.0009430247667826537
Cat,kapur,8,3,RM-MDE,0.055783200077712536,-27.02127230916177,0.0008303207912942605
Cat,kapur,8,3,RM-MDE,0.08078820013906807,-27.03997221743672,0.00013885145045278244
Cat,kapur,8,3,RM-MDE,0.13130070007173344,-27.041855838140894,6.920052235410885e-05
Cat,kapur,8,3,RM-MDE,0.14346850011497736,-27.043727278194947,0.0
Cat,kapur,8,3,MS-LS-4S,0.005317299976013601,-26.97231605501293,0.0026405836165784794
Cat,kapur,8,3,MS-LS-4S,0.016644700022879988,-26.981210896034632,0.0023116777327776405
Cat,kapur,8,3,MS-LS-4S,0.09675680001964793,-26.990565920512697,0.001965755575604876
Cat,kapur,8,3,MS-LS-4S,0.1019601000007242,-27.03997221743672,0.00013885145045278244
Cat,kapur,8,3,MS-LS-conv,0.014578400005120784,-27.04175824951413,7.280907178806486e-05
Cat,kapur,8,4,RM-MDE,0.0008551999926567078,-23.34646194096991,0.1367143404158679
Cat,kapur,8,4,RM-MDE,0.014431199990212917,-26.8390352877086,0.007568926737823844
Cat,kapur,8,4,RM-MDE,0.03357160004088655,-26.91750539558608,0.004667325672620516
Cat,kapur,8,4,RM-MDE,0.0606645000516437,-26.959043183777062,0.003131376586768208
Cat,kapur,8,4,RM-MDE,0.07113770011346787,-27.01174393063366,0.0011826530874342366
Cat,kapur,8,4,RM-MDE,0.07907340012025088,-27.04002512597314,0.00013689504348723708
Cat,kapur,8,4,RM-MDE,0.1133617001469247,-27.041855838140894,6.920052235410885e-05
Cat,kapur,8,4,RM-MDE,0.14703530009137467,-27.04191774837905,6.691125810000872e-05
Cat,kapur,8,4,RM-MDE,0.1524161000852473,-27.04281244154916,3.3828053225666064e-05
Cat,kapur,8,4,RM-MDE,0.15905060002114624,-27.043727278194947,0.0
Cat,kapur,8,4,MS-LS-4S,0.005802700005006045,-26.12811982952222,0.03385655532072204
Cat,kapur,8,4,MS-LS-4S,0.0234999000094831,-26.715344113719137,0.012142674014486944
Cat,kapur,8,4,MS-LS-4S,0.05289180000545457,-26.753654111225845,0.010726079433694925
Cat,kapur,8,4,MS-LS-4S,0.06922840001061559,-26.837697734566913,0.007618385642949205
Cat,kapur,8,4,MS-LS-4S,0.08044970000628382,-26.975247145843028,0.0025322002269684775
Cat,kapur,8,4,MS-LS-4S,0.17593600001418963,-26.983797515479054,0.002216031913774447
Cat,kapur,8,4,MS-LS-4S,0.2816819000290707,-27.00586882130168,0.0013998978951319666
Cat,kapur,8,4,MS-LS-conv,0.022105099982582033,-26.988190675392357,0.0020535853742087037
Cat,kapur,8,4,MS-LS-conv,0.19082089996663854,-27.03997221743672,0.00013885145045278244
Cat,kapur,8,4,MS-LS-conv,0.24915990000590682,-27.04175824951413,7.280907178806486e-05
Cat,kapur,8,5,RM-MDE,0.0008702999912202358,-22.939585004956847,0.1517594905102901
Cat,kapur,8,5,RM-MDE,0.019788699981290847,-26.3500521659979,0.025650129697778298
Cat,kapur,8,5,RM-MDE,0.046730700007174164,-26.953765552054776,0.0033265283743896487
Cat,kapur,8,5,RM-MDE,0.06786670000292361,-26.988190675392357,0.0020535853742087037
Cat,kapur,8,5,RM-MDE,0.0813588000019081,-26.995505250247966,0.0017831132318015053
Cat,kapur,8,5,RM-MDE,0.08921569999074563,-27.018224373585493,0.0009430247667826537
Cat,kapur,8,5,RM-MDE,0.10150879999855533,-27.04175824951413,7.280907178806486e-05
Cat,kapur,8,5,RM-MDE,0.1334156000521034,-27.043727278194947,0.0
Cat,kapur,8,5,MS-LS-4S,0.005439500033389777,-26.99438395925631,0.0018245753786468933
Cat,kapur,8,5,MS-LS-4S,0.02831520000472665,-26.999912460373274,0.0016201471554181898
Cat,kapur,8,5,MS-LS-4S,0.07983750000130385,-27.04281244154916,3.3828053225666064e-05
Cat,kapur,8,5,MS-LS-conv,0.016089299984741956,-27.03997221743672,0.00013885145045278244
Cat,kapur,8,5,MS-LS-conv,0.2657904999796301,-27.043727278194947,0.0
Cat,kapur,8,6,RM-MDE,0.000876300036907196,-23.21744438984352,0.14148504194673323
Cat,kapur,8,6,RM-MDE,0.007929400017019361,-25.788392019359897,0.046418722017183355
Cat,kapur,8,6,RM-MDE,0.01475090003805235,-26.42288376245708,0.022957024723379994
Cat,kapur,8,6,RM-MDE,0.021668000030331314,-26.96238395653184,0.0030078443265729735
Cat,kapur,8,6,RM-MDE,0.03381600003922358,-27.03617752199605,0.00027916847856195763
Cat,kapur,8,6,RM-MDE,0.11491039994871244,-27.043727278194947,0.0
Cat,kapur,8,6,MS-LS-4S,0.005608299979940057,-26.680012770465108,0.013449126445787574
Cat,kapur,8,6,MS-LS-4S,0.01729190000332892,-26.969133705376702,0.0027582578411219404
Cat,kapur,8,6,MS-LS-4S,0.14039970003068447,-27.00996336988476,0.001248493151955864
Cat,kapur,8,6,MS-LS-conv,0.016323899966664612,-26.988190675392357,0.0020535853742087037
Cat,kapur,8,6,MS-LS-conv,0.05048859998350963,-27.04175824951413,7.280907178806486e-05
Cat,kapur,8,7,RM-MDE,0.0008756000315770507,-23.18339326833871,0.14274415542449218
Cat,kapur,8,7,RM-MDE,0.009174999955575913,-26.985562736877537,0.00215075905473679
Cat,kapur,8,7,RM-MDE,0.03459649998694658,-26.990565920512697,0.001965755575604876
Cat,kapur,8,7,RM-MDE,0.09502580005209893,-27.018224373585493,0.0009430247667826537
Cat,kapur,8,7,RM-MDE,0.10705029999371618,-27.03994253950939,0.00013994885566710787
Cat,kapur,8,7,RM-MDE,0.11241390003124252,-27.043727278194947,0.0
Cat,kapur,8,7,MS-LS-4S,0.006019499967806041,-25.826422681191602,0.04501245647395816
Cat,kapur,8,7,MS-LS-4S,0.011447499971836805,-26.957122247710974,0.0032024073306567407
Cat,kapur,8,7,MS-LS-4S,0.04022540000732988,-27.03686847726643,0.00025361892086694487
Cat,kapur,8,7,MS-LS-4S,0.17809110000962391,-27.04191774837905,6.691125810000872e-05
Cat,kapur,8,7,MS-LS-conv,0.024809200025629252,-26.988190675392357,0.0020535853742087037
Cat,kapur,8,7,MS-LS-conv,0.09405660000629723,-27.04175824951413,7.280907178806486e-05
Cat,kapur,8,8,RM-MDE,0.0009059000294655561,-25.12045758280742,0.07111703485259738
Cat,kapur,8,8,RM-MDE,0.007870500034186989,-26.4062127461674,0.02357347141795672
Cat,kapur,8,8,RM-MDE,0.02040159999160096,-26.968517500373302,0.0027810433468719864
Cat,kapur,8,8,RM-MDE,0.0352209999691695,-27.009123635681174,0.0012795441308000876
Cat,kapur,8,8,RM-MDE,0.042937599995639175,-27.035291058605086,0.0003119473696461455
Cat,kapur,8,8,RM-MDE,0.049809499992989004,-27.04175824951413,7.280907178806486e-05
Cat,kapur,8,8,RM-MDE,0.06188189995009452,-27.043727278194947,0.0
Cat,kapur,8,8,MS-LS-4S,0.005868399981409311,-26.42288376245708,0.022957024723379994
Cat,kapur,8,8,MS-LS-4S,0.011173199978657067,-26.813152827756696,0.008525986379997278
Cat,kapur,8,8,MS-LS-4S,0.016874699969775975,-26.826205534207578,0.008043334476411262
Cat,kapur,8,8,MS-LS-4S,0.022264899977017194,-27.034396365434976,0.0003450305745204881
Cat,kapur,8,8,MS-LS-conv,0.0177170000388287,-26.988190675392357,0.0020535853742087037
Cat,kapur,8,8,MS-LS-conv,0.04140310001093894,-27.04175824951413,7.280907178806486e-05
Cat,kapur,8,9,RM-MDE,0.0008988999761641026,-25.210540717626348,0.06778601713110297
Cat,kapur,8,9,RM-MDE,0.013646100007463247,-26.5226088989325,0.019269473246116435
Cat,kapur,8,9,RM-MDE,0.03138490003766492,-27.04281244154916,3.3828053225666064e-05
Cat,kapur,8,9,RM-MDE,0.12954590003937483,-27.043727278194947,0.0
Cat,kapur,8,9,MS-LS-4S,0.00629089999711141,-24.46641792578778,0.09530155832052122
Cat,kapur,8,9,MS-LS-4S,0.012127700028941035,-26.597513017072846,0.016499732323579475
Cat,kapur,8,9,MS-LS-4S,0.029622900008689612,-26.729576311883193,0.011616407867160023
Cat,kapur,8,9,MS-LS-4S,0.04690770001616329,-26.76732380981602,0.010220612918315736
Cat,kapur,8,9,MS-LS-4S,0.05251950002275407,-26.972023383528434,0.0026514057743928948
Cat,kapur,8,9,MS-LS-4S,0.10943860001862049,-26.99172772285359,0.0019227954344623165
Cat,kapur,8,9,MS-LS-4S,0.30121649999637157,-27.006789488643093,0.0013658542393908755
Cat,kapur,8,9,MS-LS-conv,0.027788400009740144,-26.988190675392357,0.0020535853742087037
Cat,kapur,8,9,MS-LS-conv,0.10961939999833703,-27.04175824951413,7.280907178806486e-05
Cat,mcet,6,0,RM-MDE,0.000727800012100488,-77038756.70563178,0.0003954971344107863
Cat,mcet,6,0,RM-MDE,0.010894800012465566,-77061074.78406137,0.00010591235075734892
Cat,mcet,6,0,RM-MDE,0.016037300054449588,-77066103.18574473,4.0667100446391394e-05
Cat,mcet,6,0,RM-MDE,0.021352600073441863,-77067026.89585006,2.8681642475435217e-05
Cat,mcet,6,0,RM-MDE,0.02650780009571463,-77069066.50672808,2.2169861784325477e-06
Cat,mcet,6,0,RM-MDE,0.0394237000728026,-77069212.51495129,3.224790029129681e-07
Cat,mcet,6,0,RM-MDE,0.0504636000841856,-77069237.36816211,0.0
Cat,mcet,6,0,MS-LS-4S,0.004397000011522323,-77066060.10772645,4.122605262691056e-05
Cat,mcet,6,0,MS-LS-4S,0.018341700022574514,-77068847.48397014,5.05888218554063e-06
Cat,mcet,6,0,MS-LS-4S,0.0486811000155285,-77069046.27048793,2.4795583906353903e-06
Cat,mcet,6,0,MS-LS-4S,0.21750020002946258,-77069102.97153881,1.7438426522440987e-06
Cat,mcet,6,0,MS-LS-conv,0.011966399964876473,-77069047.30319753,2.466158626555619e-06
Cat,mcet,6,0,MS-LS-conv,0.1306592999608256,-77069102.97153881,1.7438426522440987e-06
Cat,mcet,6,0,MS-LS-conv,0.13644199998816475,-77069171.24010472,8.580344070949564e-07
Cat,mcet,6,1,RM-MDE,0.0007313999813050032,-77033535.53156999,0.00046324367297906615
Cat,mcet,6,1,RM-MDE,0.014524699945468456,-77067397.9481636,2.3867110423380814e-05
Cat,mcet,6,1,RM-MDE,0.03838919993722811,-77069222.61324653,1.9145013086958134e-07
Cat,mcet,6,1,RM-MDE,0.09365840000100434,-77069237.36816211,0.0
Cat,mcet,6,1,MS-LS-4S,0.004476599977351725,-77064696.21251495,5.892306453566399e-05
Cat,mcet,6,1,MS-LS-4S,0.012829599960241467,-77069038.11011158,2.585442095129177e-06
Cat,mcet,6,1,MS-LS-4S,0.10543289995985106,-77069078.31316163,2.0637936213664486e-06
Cat,mcet,6,1,MS-LS-conv,0.01303680002456531,-77069047.30319753,2.466158626555619e-06
Cat,mcet,6,1,MS-LS-conv,0.034984400030225515,-77069177.30610481,7.793259587412784e-07
Cat,mcet,6,2,RM-MDE,0.0007335999980568886,-77041809.94906127,0.00035588024531518715
Cat,mcet,6,2,RM-MDE,0.00623599998652935,-77067849.09526493,1.8013320808561694e-05
Cat,mcet,6,2,RM-MDE,0.031489700137171894,-77068981.11107805,3.325024261400007e-06
Cat,mcet,6,2,RM-MDE,0.0446369000710547,-77069102.97153881,1.7438426522440987e-06
Cat,mcet,6,2,RM-MDE,0.07111750001786277,-77069124.11480768,1.4695014288150267e-06
Cat,mcet,6,2,RM-MDE,0.09054400003515184,-77069219.49922478,2.3185563966459626e-07
Cat,mcet,6,2,RM-MDE,0.10100000002421439,-77069237.36816211,0.0
Cat,mcet,6,2,MS-LS-4S,0.004396500007715076,-77065350.27131702,5.043642545107341e-05
Cat,mcet,6,2,MS-LS-4S,0.008481100026983768,-77067063.84504601,2.820221388352226e-05
Cat,mcet,6,2,MS-LS-4S,0.02187009999761358,-77068165.0543567,1.3913642356336685e-05
Cat,mcet,6,2,MS-LS-4S,0.07047799997963011,-77069137.23200637,1.2993012407930433e-06
Cat,mcet,6,2,MS-LS-conv,0.01312679995317012,-77069047.30319753,2.466158626555619e-06
Cat,mcet,6,2,MS-LS-conv,0.0248210999998264,-77069102.97153881,1.7438426522440987e-06
Cat,mcet,6,2,MS-LS-conv,0.2199164999765344,-77069237.36816211,0.0
Cat,mcet,6,3,RM-MDE,0.000741700001526624,-77034934.46857318,0.00044509198170810516
Cat,mcet,6,3,RM-MDE,0.001906599965877831,-77037008.33488852,0.0004181828492688141
Cat,mcet,6,3,RM-MDE,0.007576000003609806,-77066103.18574473,4.0667100446391394e-05
Cat,mcet,6,3,RM-MDE,0.025457400013692677,-77069046.27048793,2.4795583906353903e-06
Cat,mcet,6,3,RM-MDE,0.039149199961684644,-77069119.62384292,1.5277732491778317e-06
Cat,mcet,6,3,RM-MDE,0.09261949989013374,-77069237.36816211,0.0
Cat,mcet,6,3,MS-LS-4S,0.004179899988230318,-77068901.60251124,4.356675404279051e-06
Cat,mcet,6,3,MS-LS-4S,0.008297600026708096,-77068903.9173767,4.326639224681565e-06
Cat,mcet,6,3,MS-LS-4S,0.08341010002186522,-77069099.37695122,1.790483669036561e-06
Cat,mcet,6,3,MS-LS-4S,0.10492710000835359,-77069115.4440859,1.5820070416941804e-06
Cat,mcet,6,3,MS-LS-4S,0.1879719000426121,-77069135.98149236,1.3155270924850957e-06
Cat,mcet,6,3,MS-LS-conv,0.007011700014118105,-77069171.24010472,8.580344070949564e-07
Cat,mcet,6,3,MS-LS-conv,0.2908160000224598,-77069219.49922478,2.3185563966459626e-07
Cat,mcet,6,4,RM-MDE,0.0007511999574489892,-77010056.43433973,0.0007678930769701195
Cat,mcet,6,4,RM-MDE,0.010402399930171669,-77067370.40640377,2.422447427923585e-05
Cat,mcet,6,4,RM-MDE,0.029983699962031096,-77068072.05103494,1.5120392610107493e-05
Cat,mcet,6,4,RM-MDE,0.05544399993959814,-77069012.3833999,2.9192550736153586e-06
Cat,mcet,6,4,RM-MDE,0.060581799945794046,-77069166.63845551,9.177423965210716e-07
Cat,mcet,6,4,RM-MDE,0.08184009999968112,-77069237.36816211,0.0
Cat,mcet,6,4,MS-LS-4S,0.004431300039868802,-77059423.62503226,0.0001273367100152929
Cat,mcet,6,4,MS-LS-4S,0.02218700002413243,-77067435.48958705,2.3379997474857084e-05
Cat,mcet,6,4,MS-LS-4S,0.03548279998358339,-77067621.51256263,2.0966285052995858e-05
Cat,mcet,6,4,MS-LS-4S,0.05304630001774058,-77068588.92497039,8.413774598863647e-06
Cat,mcet,6,4,MS-LS-4S,0.06966939999256283,-77069040.80186489,2.5505156652738148e-06
Cat,mcet,6,4,MS-LS-conv,0.015295199991669506,-77069047.30319753,2.466158626555619e-06
Cat,mcet,6,4,MS-LS-conv,0.11712870001792908,-77069102.97153881,1.7438426522440987e-06
Cat,mcet,6,5,RM-MDE,0.0007254999945871532,-77035546.98144881,0.0004371444153827054
Cat,mcet,6,5,RM-MDE,0.010099500010255724,-77069137.23200637,1.2993012407930433e-06
Cat,mcet,6,5,RM-MDE,0.05494270019698888,-77069175.22472417,8.063325920826352e-07
Cat,mcet,6,5,RM-MDE,0.06216070015216246,-77069237.36816211,0.0
Cat,mcet,6,5,MS-LS-4S,0.004261900030542165,-77065738.34687601,4.54010109038087e-05
Cat,mcet,6,5,MS-LS-4S,0.008386900008190423,-77068771.32928535,6.047015549547269e-06
Cat,mcet,6,5,MS-LS-4S,0.025781100033782423,-77069117.81625885,1.5512272775145198e-06
Cat,mcet,6,5,MS-LS-conv,0.01298030000180006,-77069047.30319753,2.466158626555619e-06
Cat,mcet,6,5,MS-LS-conv,0.020038999966345727,-77069171.24010472,8.580344070949564e-07
Cat,mcet,6,6,RM-MDE,0.000678999989759177,-77027882.46400166,0.0005365941791132722
Cat,mcet,6,6,RM-MDE,0.010112099989783019,-77064885.5230261,5.64666952032717e-05
Cat,mcet,6,6,RM-MDE,0.020291100081522018,-77068963.68638243,3.5511157113862437e-06
Cat,mcet,6,6,RM-MDE,0.04004770016763359,-77069039.84002808,2.5629958304827382e-06
Cat,mcet,6,6,RM-MDE,0.04508170019835234,-77069080.98234144,2.029160090489233e-06
Cat,mcet,6,6,RM-MDE,0.05393210018519312,-77069113.45269433,1.6078460357906581e-06
Cat,mcet,6,6,RM-MDE,0.06543340015923604,-77069212.51495129,3.224790029129681e-07
Cat,mcet,6,6,RM-MDE,0.07890170015161857,-77069237.36816211,0.0
Cat,mcet,6,6,MS-LS-4S,0.004262099973857403,-77066103.18574473,4.0667100446391394e-05
Cat,mcet,6,6,MS-LS-4S,0.01726649998454377,-77066919.04963362,3.008098441942016e-05
Cat,mcet,6,6,MS-LS-4S,0.07869269995717332,-77068772.30160297,6.034399392253963e-06
Cat,mcet,6,6,MS-LS-4S,0.1398918000049889,-77069046.27048793,2.4795583906353903e-06
Cat,mcet,6,6,MS-LS-4S,0.21648000000277534,-77069117.81625885,1.5512272775145198e-06
Cat,mcet,6,6,MS-LS-conv,0.011967900034505874,-77069047.30319753,2.466158626555619e-06
Cat,mcet,6,6,MS-LS-conv,0.13383980002254248,-77069102.97153881,1.7438426522440987e-06
Cat,mcet,6,7,RM-MDE,0.0007103999960236251,-77026505.50709768,0.0005544606709977243
Cat,mcet,6,7,RM-MDE,0.014234100002795458,-77067621.51256263,2.0966285052995858e-05
Cat,mcet,6,7,RM-MDE,0.02459470002213493,-77069212.51495129,3.224790029129681e-07
Cat,mcet,6,7,RM-MDE,0.07793800003128126,-77069237.36816211,0.0
Cat,mcet,6,7,MS-LS-4S,0.00459450000198558,-77053449.3817408,0.0002048545821972672
Cat,mcet,6,7,MS-LS-4S,0.00886010000249371,-77067815.66307859,1.844711498477261e-05
Cat,mcet,6,7,MS-LS-4S,0.02980710001429543,-77068588.92497039,8.413774598863647e-06
Cat,mcet,6,7,MS-LS-4S,0.06017680000513792,-77068667.98382722,7.387958598475136e-06
Cat,mcet,6,7,MS-LS-4S,0.09409610001603141,-77068993.98655772,3.1579604612630953e-06
Cat,mcet,6,7,MS-LS-4S,0.17558159999316558,-77069043.3050015,2.518036602414184e-06
Cat,mcet,6,7,MS-LS-conv,0.015958799980580807,-77069047.30319753,2.466158626555619e-06
Cat,mcet,6,7,MS-LS-conv,0.07679229998029768,-77069102.97153881,1.7438426522440987e-06
Cat,mcet,6,7,MS-LS-conv,0.20585569995455444,-77069177.30610481,7.793259587412784e-07
Cat,mcet,6,8,RM-MDE,0.0007306000334210694,-77028044.51791981,0.0005344914734983339
Cat,mcet,6,8,RM-MDE,0.0019402000471018255,-77032814.86775625,0.00047259453511744933
Cat,mcet,6,8,RM-MDE,0.0030880000558681786,-77044972.39944592,0.0003148463582203982
Cat,mcet,6,8,RM-MDE,0.004234500112943351,-77048169.1814898,0.00027336700597764617
Cat,mcet,6,8,RM-MDE,0.009702400129754096,-77062790.9053117,8.364508421968437e-05
Cat,mcet,6,8,RM-MDE,0.018610300088766962,-77069032.31112076,2.6606860058503374e-06
Cat,mcet,6,8,RM-MDE,0.03849280014401302,-77069099.37695122,1.790483669036561e-06
Cat,mcet,6,8,RM-MDE,0.04567840014351532,-77069219.49922478,2.3185563966459626e-07
Cat,mcet,6,8,RM-MDE,0.07441030000336468,-77069237.36816211,0.0
Cat,mcet,6,8,MS-LS-4S,0.004571500001475215,-77061074.78406137,0.00010591235075734892
Cat,mcet,6,8,MS-LS-4S,0.008391400042455643,-77066595.99487223,3.427273163824388e-05
Cat,mcet,6,8,MS-LS-4S,0.012510300031863153,-77068860.30409047,4.892536691898554e-06
Cat,mcet,6,8,MS-LS-4S,0.020668200042564422,-77068953.85038687,3.67874115431021e-06
Cat,mcet,6,8,MS-LS-4S,0.041705100040417165,-77069046.27048793,2.4795583906353903e-06
Cat,mcet,6,8,MS-LS-conv,0.015285799978300929,-77069047.30319753,2.466158626555619e-06
Cat,mcet,6,8,MS-LS-conv,0.02842029999010265,-77069102.97153881,1.7438426522440987e-06
Cat,mcet,6,8,MS-LS-conv,0.118267800018657,-77069171.24010472,8.580344070949564e-07
Cat,mcet,6,9,RM-MDE,0.0007016999879851937,-77042434.6354778,0.00034777472308797835
Cat,mcet,6,9,RM-MDE,0.006278200016822666,-77051864.8609508,0.0002254142872638489
Cat,mcet,6,9,RM-MDE,0.015320700011216104,-77069219.49922478,2.3185563966459626e-07
Cat,mcet,6,9,RM-MDE,0.09514929977012798,-77069237.36816211,0.0
Cat,mcet,6,9,MS-LS-4S,0.004498399968724698,-77045482.20605469,0.000308231441216212
Cat,mcet,6,9,MS-LS-4S,0.00910579995252192,-77067047.66072555,2.841221103695739e-05
Cat,mcet,6,9,MS-LS-4S,0.026990899990778416,-77068161.76574525,1.3956313226766359e-05
Cat,mcet,6,9,MS-LS-4S,0.031185399973765016,-77068707.73023322,6.872235239050117e-06
Cat,mcet,6,9,MS-LS-4S,0.07820920000085607,-77069171.24010472,8.580344070949564e-07
Cat,mcet,6,9,MS-LS-conv,0.017156000016257167,-77069047.30319753,2.466158626555619e-06
Cat,mcet,6,9,MS-LS-conv,0.09572640003170818,-77069219.49922478,2.3185563966459626e-07
Cat,mcet,7,0,RM-MDE,0.0007275000098161399,-77048236.61730419,0.00035904390035327086
Cat,mcet,7,0,RM-MDE,0.011620900011621416,-77074451.65816222,1.8924130478781158e-05
Cat,mcet,7,0,RM-MDE,0.04163870005868375,-77075811.91913567,1.2758021101248316e-06
Cat,mcet,7,0,RM-MDE,0.04674480005633086,-77075903.11354753,9.262553057001642e-08
Cat,mcet,7,0,RM-MDE,0.0846286999876611,-77075910.25274462,0.0
Cat,mcet,7,0,MS-LS-4S,0.0044701999868266284,-77071207.65007836,6.1012612771463905e-05
Cat,mcet,7,0,MS-LS-4S,0.013407999998889863,-77074100.54465625,2.34795551870078e-05
Cat,mcet,7,0,MS-LS-4S,0.03147190000163391,-77074190.25566068,2.231562466524245e-05
Cat,mcet,7,0,MS-LS-4S,0.04460690001724288,-77074248.88052675,2.1555012615691267e-05
Cat,mcet,7,0,MS-LS-4S,0.0813577999942936,-77075083.41723512,1.0727547774429353e-05
Cat,mcet,7,0,MS-LS-conv,0.01826789998449385,-77075703.71485011,2.6796685738126262e-06
Cat,mcet,7,0,MS-LS-conv,0.16427019995171577,-77075835.03172113,9.759342865806238e-07
Cat,mcet,7,1,RM-MDE,0.000729600025806576,-77033535.53156999,0.0005497790559420427
Cat,mcet,7,1,RM-MDE,0.0066368000116199255,-77057190.9244546,0.00024286872809716677
Cat,mcet,7,1,RM-MDE,0.011972400010563433,-77073505.76377323,3.1196374632458625e-05
Cat,mcet,7,1,RM-MDE,0.021380099991802126,-77075025.7946718,1.147515572519457e-05
Cat,mcet,7,1,RM-MDE,0.04195929999696091,-77075823.68246779,1.1231820233162592e-06
Cat,mcet,7,1,RM-MDE,0.06361820007441565,-77075825.16322353,1.1039703689678518e-06
Cat,mcet,7,1,RM-MDE,0.07216989999869838,-77075840.03840345,9.109764767407982e-07
Cat,mcet,7,1,RM-MDE,0.08539160003419966,-77075910.25274462,0.0
Cat,mcet,7,1,MS-LS-4S,0.0045347000123001635,-77067233.06614105,0.00011257974865437357
Cat,mcet,7,1,MS-LS-4S,0.008783199999015778,-77070362.33491549,7.197991967832209e-05
Cat,mcet,7,1,MS-LS-4S,0.01343079999787733,-77074225.9579868,2.1852414746580806e-05
Cat,mcet,7,1,MS-LS-4S,0.08459070004755631,-77074328.56770235,2.0521133478352332e-05
Cat,mcet,7,1,MS-LS-4S,0.09329170000273734,-77074506.99212945,1.8206215282680142e-05
Cat,mcet,7,1,MS-LS-4S,0.10216760000912473,-77074894.04567626,1.3184496492115122e-05
Cat,mcet,7,1,MS-LS-4S,0.12904910003999248,-77075542.29492767,4.773966544630248e-06
Cat,mcet,7,1,MS-LS-conv,0.021157699986360967,-77075703.71485011,2.6796685738126262e-06
Cat,mcet,7,1,MS-LS-conv,0.053894100012257695,-77075835.03172113,9.759342865806238e-07
Cat,mcet,7,2,RM-MDE,0.0007472999859601259,-77044636.93531123,0.00040574697503846117
Cat,mcet,7,2,RM-MDE,0.010762699996121228,-77066357.26774895,0.00012394255175627968
Cat,mcet,7,2,RM-MDE,0.016012299980502576,-77075582.62074511,4.250770421435013e-06
Cat,mcet,7,2,RM-MDE,0.030980999988969415,-77075652.14758225,3.348713774781969e-06
Cat,mcet,7,2,RM-MDE,0.04223770002136007,-77075709.21447016,2.6083152802588076e-06
Cat,mcet,7,2,RM-MDE,0.056417300016619265,-77075713.43875204,2.5535085077740304e-06
Cat,mcet,7,2,RM-MDE,0.06702550000045449,-77075891.29991639,2.458982082251668e-07
Cat,mcet,7,2,RM-MDE,0.0812758999527432,-77075908.97277586,1.6606599250788488e-08
Cat,mcet,7,2,RM-MDE,0.08750869997311383,-77075910.25274462,0.0
Cat,mcet,7,2,MS-LS-4S,0.0042304000235162675,-77074430.09456514,1.9203901382717045e-05
Cat,mcet,7,2,MS-LS-4S,0.00848359998781234,-77074460.27479742,1.881233633745858e-05
Cat,mcet,7,2,MS-LS-4S,0.039970099984202534,-77075008.11895405,1.1704484418144032e-05
Cat,mcet,7,2,MS-LS-4S,0.044212000037077814,-77075169.17251077,9.614939757597545e-06
Cat,mcet,7,2,MS-LS-4S,0.2193583000334911,-77075237.33922882,8.730529598478987e-06
Cat,mcet,7,2,MS-LS-conv,0.012047500000335276,-77075703.71485011,2.6796685738126262e-06
Cat,mcet,7,2,MS-LS-conv,0.16557360003935173,-77075815.06311527,1.235011419702859e-06
Cat,mcet,7,2,MS-LS-conv,0.2250746000208892,-77075835.03172113,9.759342865806238e-07
Cat,mcet,7,3,RM-MDE,0.0008096999954432249,-77038768.3631975,0.00048188713471323565
Cat,mcet,7,3,RM-MDE,0.012256200017873198,-77074778.98266724,1.4677349559258355e-05
Cat,mcet,7,3,RM-MDE,0.036305999965406954,-77075687.23824543,2.893439707116895e-06
Cat,mcet,7,3,RM-MDE,0.06159009994007647,-77075724.73611711,2.4069339810205555e-06
Cat,mcet,7,3,RM-MDE,0.07066490000579506,-77075895.1767101,1.9559982446732465e-07
Cat,mcet,7,3,RM-MDE,0.08016549999592826,-77075900.12568237,1.3139075766987527e-07
Cat,mcet,7,3,RM-MDE,0.10839350003516302,-77075908.97277586,1.6606599250788488e-08
Cat,mcet,7,3,MS-LS-4S,0.004220800008624792,-77075426.79971646,6.272427099103095e-06
Cat,mcet,7,3,MS-LS-4S,0.19903210003394634,-77075529.58132063,4.938915709698008e-06
Cat,mcet,7,3,MS-LS-conv,0.008109999995213002,-77075713.43875204,2.5535085077740304e-06
Cat,mcet,7,3,MS-LS-conv,0.20354040001984686,-77075815.06311527,1.235011419702859e-06
Cat,mcet,7,4,RM-MDE,0.0007577000069431961,-77044361.08559169,0.0004093259106440833
Cat,mcet,7,4,RM-MDE,0.006055200006812811,-77074995.75580439,1.1864886671160634e-05
Cat,mcet,7,4,RM-MDE,0.015112900000531226,-77075591.59912525,4.1342829208112655e-06
Cat,mcet,7,4,RM-MDE,0.03046599996741861,-77075700.05895191,2.7271010100497994e-06
Cat,mcet,7,4,RM-MDE,0.06900650006718934,-77075857.34501936,6.864365933035176e-07
Cat,mcet,7,4,RM-MDE,0.07330900011584163,-77075910.25274462,0.0
Cat,mcet,7,4,MS-LS-4S,0.004628099966794252,-77060742.21223111,0.00019679353073823023
Cat,mcet,7,4,MS-LS-4S,0.009228200011420995,-77062947.63286945,0.00016817991292812854
Cat,mcet,7,4,MS-LS-4S,0.018682099995203316,-77064542.83749732,0.00014748337333955186
Cat,mcet,7,4,MS-LS-4S,0.023033800011035055,-77072508.75116824,4.413183788845123e-05
Cat,mcet,7,4,MS-LS-4S,0.03199869999662042,-77074742.72677474,1.514774157125526e-05
Cat,mcet,7,4,MS-LS-4S,0.0586714000091888,-77075037.14500369,1.1327893995162667e-05
Cat,mcet,7,4,MS-LS-4S,0.0716402999823913,-77075707.31048314,2.633018031274146e-06
Cat,mcet,7,4,MS-LS-conv,0.021567000017967075,-77075703.71485011,2.6796685738126262e-06
Cat,mcet,7,4,MS-LS-conv,0.13628480001352727,-77075815.06311527,1.235011419702859e-06
Cat,mcet,7,4,MS-LS-conv,0.20468290004646406,-77075857.34501936,6.864365933035176e-07
Cat,mcet,7,5,RM-MDE,0.0007302999729290605,-77037577.20173533,0.000497341528417661
Cat,mcet,7,5,RM-MDE,0.010556499939411879,-77074367.62488492,2.0014396906091864e-05
Cat,mcet,7,5,RM-MDE,0.025565399962943047,-77075052.29746886,1.113130254246397e-05
Cat,mcet,7,5,RM-MDE,0.038036299927625805,-77075699.04878241,2.7402071738662302e-06
Cat,mcet,7,5,RM-MDE,0.05109139991691336,-77075887.71389571,2.9242403797563785e-07
Cat,mcet,7,5,RM-MDE,0.08915829990291968,-77075910.25274462,0.0
Cat,mcet,7,5,MS-LS-4S,0.004269800032489002,-77073855.19474725,2.6662779467955055e-05
Cat,mcet,7,5,MS-LS-4S,0.02210730005754158,-77074430.09456514,1.9203901382717045e-05
Cat,mcet,7,5,MS-LS-4S,0.03105580003466457,-77075285.41812162,8.106743351393835e-06
Cat,mcet,7,5,MS-LS-4S,0.07159210002282634,-77075527.90495804,4.9606652107224475e-06
Cat,mcet,7,5,MS-LS-conv,0.014921699999831617,-77075703.71485011,2.6796685738126262e-06
Cat,mcet,7,5,MS-LS-conv,0.11029310000594705,-77075857.34501936,6.864365933035176e-07
Cat,mcet,7,6,RM-MDE,0.0007381999748758972,-77046970.53386444,0.00037547034845619644
Cat,mcet,7,6,RM-MDE,0.006218099966645241,-77069798.01104623,7.930158305417655e-05
Cat,mcet,7,6,RM-MDE,0.016637600027024746,-77075396.8287264,6.661277389206451e-06
Cat,mcet,7,6,RM-MDE,0.03885260003153235,-77075835.03172113,9.759342865806238e-07
Cat,mcet,7,6,RM-MDE,0.06111459998646751,-77075891.29991639,2.458982082251668e-07
Cat,mcet,7,6,RM-MDE,0.10290369996801019,-77075900.12568237,1.3139075766987527e-07
Cat,mcet,7,6,RM-MDE,0.10815459996229038,-77075907.85895029,3.1057619950574354e-08
Cat,mcet,7,6,RM-MDE,0.12808590003987774,-77075910.12250154,1.6898026562008173e-09
Cat,mcet,7,6,RM-MDE,0.1394868001807481,-77075910.25274462,0.0
Cat,mcet,7,6,MS-LS-4S,0.004282400012016296,-77068966.07559247,9.009529863962458e-05
Cat,mcet,7,6,MS-LS-4S,0.008640600019134581,-77073799.66475746,2.7383237904473087e-05
Cat,mcet,7,6,MS-LS-4S,0.01744119997601956,-77073802.60841769,2.7345046202035948e-05
Cat,mcet,7,6,MS-LS-4S,0.02159309998387471,-77074766.95921923,1.4833344447491161e-05
Cat,mcet,7,6,MS-LS-4S,0.12555599998449907,-77075417.20693187,6.396886019563616e-06
Cat,mcet,7,6,MS-LS-conv,0.019467399979475886,-77075703.71485011,2.6796685738126262e-06
Cat,mcet,7,7,RM-MDE,0.0007408999954350293,-77032460.40379754,0.0005637280027520761
Cat,mcet,7,7,RM-MDE,0.019181400013621897,-77073549.82902057,3.062466231407674e-05
Cat,mcet,7,7,RM-MDE,0.036993500078096986,-77075696.23276383,2.7767428251761687e-06
Cat,mcet,7,7,RM-MDE,0.04333090008003637,-77075703.71485011,2.6796685738126262e-06
Cat,mcet,7,7,RM-MDE,0.0676182999741286,-77075891.29991639,2.458982082251668e-07
Cat,mcet,7,7,RM-MDE,0.0938193000620231,-77075903.11354753,9.262553057001642e-08
Cat,mcet,7,7,RM-MDE,0.09891330008395016,-77075908.97277586,1.6606599250788488e-08
Cat,mcet,7,7,MS-LS-4S,0.004612900025676936,-77067240.78156368,0.00011247964704538822
Cat,mcet,7,7,MS-LS-4S,0.008968500012997538,-77074442.52034503,1.9042686551088744e-05
Cat,mcet,7,7,MS-LS-4S,0.017779699992388487,-77074977.24085942,1.2105103684620406e-05
Cat,mcet,7,7,MS-LS-4S,0.035387300013098866,-77075143.17959566,9.952177618604504e-06
Cat,mcet,7,7,MS-LS-4S,0.08396670001093298,-77075363.18620211,7.09776298083664e-06
Cat,mcet,7,7,MS-LS-conv,0.020431799988728017,-77075703.71485011,2.6796685738126262e-06
Cat,mcet,7,7,MS-LS-conv,0.08688750001601875,-77075835.03172113,9.759342865806238e-07
Cat,mcet,7,7,MS-LS-conv,0.1157163999741897,-77075857.34501936,6.864365933035176e-07
Cat,mcet,7,8,RM-MDE,0.0011220000451430678,-77053769.88616295,0.0002872540396741547
Cat,mcet,7,8,RM-MDE,0.006080000021029264,-77068370.10640906,9.782753535873557e-05
Cat,mcet,7,8,RM-MDE,0.014634100021794438,-77075135.10349248,1.0056958777259186e-05
Cat,mcet,7,8,RM-MDE,0.050736900069750845,-77075835.03172113,9.759342865806238e-07
Cat,mcet,7,8,RM-MDE,0.06491010007448494,-77075907.85895029,3.1057619950574354e-08
Cat,mcet,7,8,MS-LS-4S,0.004563199996482581,-77070098.64531857,7.540108714889135e-05
Cat,mcet,7,8,MS-LS-4S,0.020646699995268136,-77074685.5050115,1.589014945266297e-05
Cat,mcet,7,8,MS-LS-4S,0.045998800022061914,-77075290.77869555,8.03719407309209e-06
Cat,mcet,7,8,MS-LS-4S,0.19270529999630526,-77075570.09851776,4.41323658376556e-06
Cat,mcet,7,8,MS-LS-conv,0.019365200016181916,-77075703.71485011,2.6796685738126262e-06
Cat,mcet,7,8,MS-LS-conv,0.04317550000268966,-77075835.03172113,9.759342865806238e-07
Cat,mcet,7,9,RM-MDE,0.0007339000003412366,-77043834.63504884,0.0004161561970607596
Cat,mcet,7,9,RM-MDE,0.001935900014359504,-77050695.0766648,0.0003271473018888126
Cat,mcet,7,9,RM-MDE,0.016220000048633665,-77074010.44766182,2.46484936287905e-05
Cat,mcet,7,9,RM-MDE,0.02773720008553937,-77075780.04859146,1.6892976381772096e-06
Cat,mcet,7,9,RM-MDE,0.07094910007435828,-77075866.83127086,5.633598567184787e-07
Cat,mcet,7,9,RM-MDE,0.07608039997285232,-77075884.16071932,3.385237386018522e-07
Cat,mcet,7,9,RM-MDE,0.10293849994195625,-77075886.4598597,3.086941800368796e-07
Cat,mcet,7,9,RM-MDE,0.11019829992437735,-77075910.25274462,0.0
Cat,mcet,7,9,MS-LS-4S,0.004811099963262677,-77046269.0783995,0.00038457118765023324
Cat,mcet,7,9,MS-LS-4S,0.009328499960247427,-77074352.70992485,2.0207906914894042e-05
Cat,mcet,7,9,MS-LS-4S,0.04621249996125698,-77074677.94846252,1.5988189799615467e-05
Cat,mcet,7,9,MS-LS-4S,0.0955676999874413,-77074954.62314482,1.2398550943622703e-05
Cat,mcet,7,9,MS-LS-4S,0.09973620000528172,-77075815.06311527,1.235011419702859e-06
Cat,mcet,7,9,MS-LS-conv,0.02396040002349764,-77075703.71485011,2.6796685738126262e-06
Cat,mcet,7,9,MS-LS-conv,0.033296799985691905,-77075713.43875204,2.5535085077740304e-06
Cat,mcet,7,9,MS-LS-conv,0.11193600000115111,-77075835.03172113,9.759342865806238e-07
Cat,mcet,8,0,RM-MDE,0.0008601000299677253,-77048019.33108957,0.0004184214770918901
Cat,mcet,8,0,RM-MDE,0.007819199992809445,-77079222.55082408,1.3606870460880028e-05
Cat,mcet,8,0,RM-MDE,0.01843850000295788,-77079937.85581619,4.326869503741131e-06
Cat,mcet,8,0,RM-MDE,0.06532099994365126,-77080242.64977686,3.72628616286845e-07
Cat,mcet,8,0,RM-MDE,0.11522009992040694,-77080257.45372172,1.8056981067542037e-07
Cat,mcet,8,0,RM-MDE,0.15667749993735924,-77080259.98198718,1.4776938825447586e-07
Cat,mcet,8,0,RM-MDE,0.164429199998267,-77080263.36514841,1.0387798554334901e-07
Cat,mcet,8,0,RM-MDE,0.17087380000157282,-77080270.377294,1.2905996616215199e-08
Cat,mcet,8,0,RM-MDE,0.18016139999963343,-77080271.37209173,0.0
Cat,mcet,8,0,MS-LS-4S,0.0045368000282906,-77072279.86494079,0.0001036777246457206
Cat,mcet,8,0,MS-LS-4S,0.009161000023595989,-77072958.19680242,9.48773941648437e-05
Cat,mcet,8,0,MS-LS-4S,0.0134783000103198,-77077348.55605675,3.791911967802081e-05
Cat,mcet,8,0,MS-LS-4S,0.03673059999709949,-77079246.85537894,1.3291555602329022e-05
Cat,mcet,8,0,MS-LS-4S,0.15911240002606064,-77079419.2991095,1.1054358878792816e-05
Cat,mcet,8,0,MS-LS-4S,0.17296630004420877,-77080202.43655202,8.943344189172224e-07
Cat,mcet,8,0,MS-LS-conv,0.01807529997313395,-77079962.77924047,4.003525749950788e-06
Cat,mcet,8,0,MS-LS-conv,0.1126145999878645,-77080193.68884052,1.0078227517791676e-06
Cat,mcet,8,1,RM-MDE,0.0009630999993532896,-77048439.89351222,0.0004129653154157346
Cat,mcet,8,1,RM-MDE,0.010883099981583655,-77080081.38328832,2.464817521002893e-06
Cat,mcet,8,1,RM-MDE,0.016325199976563454,-77080205.88477717,8.495989101535462e-07
Cat,mcet,8,1,RM-MDE,0.04948700004024431,-77080266.6264651,6.156733161317247e-08
Cat,mcet,8,1,RM-MDE,0.08811280014924705,-77080270.377294,1.2905996616215199e-08
Cat,mcet,8,1,RM-MDE,0.11001590004889295,-77080271.37209173,0.0
Cat,mcet,8,1,MS-LS-4S,0.004625300003681332,-77074830.69172657,7.058460314567602e-05
Cat,mcet,8,1,MS-LS-4S,0.009003600047435611,-77077233.64333567,3.9409938522285734e-05
Cat,mcet,8,1,MS-LS-4S,0.013385600002948195,-77079236.03512585,1.3431932029350632e-05
Cat,mcet,8,1,MS-LS-4S,0.11398449999978766,-77079642.6566043,8.156633029813079e-06
Cat,mcet,8,1,MS-LS-4S,0.17243150004651397,-77079897.93950737,4.844723269817778e-06
Cat,mcet,8,1,MS-LS-conv,0.015846199996303767,-77079962.77924047,4.003525749950788e-06
Cat,mcet,8,1,MS-LS-conv,0.04079099994851276,-77080222.36857682,6.357465279831144e-07
Cat,mcet,8,2,RM-MDE,0.0008481999975629151,-77060718.9410985,0.00025366323502992304
Cat,mcet,8,2,RM-MDE,0.006253600004129112,-77078828.54178433,1.8718542134202557e-05
Cat,mcet,8,2,RM-MDE,0.01182620000327006,-77078945.39677164,1.7202525321751474e-05
Cat,mcet,8,2,RM-MDE,0.0339617999852635,-77079375.43128528,1.1623477583822451e-05
Cat,mcet,8,2,RM-MDE,0.043288599990773946,-77079955.35270497,4.0998738215114835e-06
Cat,mcet,8,2,RM-MDE,0.053820200031623244,-77080156.82531221,1.4860713055926364e-06
Cat,mcet,8,2,RM-MDE,0.061299099994357675,-77080242.34951012,3.765241233648729e-07
Cat,mcet,8,2,RM-MDE,0.088690799952019,-77080257.45372172,1.8056981067542037e-07
Cat,mcet,8,2,RM-MDE,0.14031889993930236,-77080271.37209173,0.0
Cat,mcet,8,2,MS-LS-4S,0.00428920000558719,-77078178.76756519,2.7148380373921998e-05
Cat,mcet,8,2,MS-LS-4S,0.03655760001856834,-77078791.21904688,1.9202748232481572e-05
Cat,mcet,8,2,MS-LS-4S,0.11924700002418831,-77079454.91378906,1.0592312249660679e-05
Cat,mcet,8,2,MS-LS-4S,0.13727860001381487,-77079492.45894903,1.0105220555542079e-05
Cat,mcet,8,2,MS-LS-conv,0.011407199956011027,-77080222.36857682,6.357465279831144e-07
Cat,mcet,8,2,MS-LS-conv,0.12272739998297766,-77080247.80483088,3.057495832199233e-07
Cat,mcet,8,3,RM-MDE,0.0007768000359646976,-77063562.00439788,0.00021677878653514159
Cat,mcet,8,3,RM-MDE,0.006250800041016191,-77068907.67812093,0.00014742675095087785
Cat,mcet,8,3,RM-MDE,0.01185569999506697,-77078994.29835403,1.6568101214005328e-05
Cat,mcet,8,3,RM-MDE,0.02609699999447912,-77079254.63299148,1.319065283695602e-05
Cat,mcet,8,3,RM-MDE,0.03698209999129176,-77080196.11396207,9.763604657412167e-07
Cat,mcet,8,3,RM-MDE,0.07029529992723837,-77080222.36857682,6.357465279831144e-07
Cat,mcet,8,3,RM-MDE,0.08079419995192438,-77080242.7485347,3.7134738269121216e-07
Cat,mcet,8,3,RM-MDE,0.09513559995684773,-77080270.377294,1.2905996616215199e-08
Cat,mcet,8,3,RM-MDE,0.13130000000819564,-77080271.37209173,0.0
Cat,mcet,8,3,MS-LS-4S,0.004227299999911338,-77079197.43021001,1.3932772453952348e-05
Cat,mcet,8,3,MS-LS-4S,0.06254060001811013,-77079419.2991095,1.1054358878792816e-05
Cat,mcet,8,3,MS-LS-4S,0.07596960000228137,-77079948.98317473,4.1825088477286844e-06
Cat,mcet,8,3,MS-LS-conv,0.012114099983591586,-77080133.43035382,1.7895855249296506e-06
Cat,mcet,8,3,MS-LS-conv,0.04238439997425303,-77080197.13475673,9.631171981491077e-07
Cat,mcet,8,3,MS-LS-conv,0.16484340000897646,-77080204.46627964,8.680017713183515e-07
Cat,mcet,8,4,RM-MDE,0.0007647000020369887,-77044361.11309876,0.0004658813254512222
Cat,mcet,8,4,RM-MDE,0.01198040001327172,-77079522.54130994,9.714947397794986e-06
Cat,mcet,8,4,RM-MDE,0.04741310002282262,-77079736.62904532,6.937482664293582e-06
Cat,mcet,8,4,RM-MDE,0.05811800004448742,-77079984.46746005,3.7221538866840133e-06
Cat,mcet,8,4,RM-MDE,0.064535400015302,-77080178.44634444,1.205571096677522e-06
Cat,mcet,8,4,RM-MDE,0.08558409998659045,-77080271.37209173,0.0
Cat,mcet,8,4,MS-LS-4S,0.005124099960085005,-77072398.8730213,0.00010213377470374655
Cat,mcet,8,4,MS-LS-4S,0.019554700003936887,-77075459.00597478,6.243317558795436e-05
Cat,mcet,8,4,MS-LS-4S,0.028745699964929372,-77077612.35619879,3.4496711617708746e-05
Cat,mcet,8,4,MS-LS-4S,0.0557849999750033,-77078961.79321711,1.6989806228056056e-05
Cat,mcet,8,4,MS-LS-4S,0.06436959997517988,-77079473.19184189,1.0355182144947876e-05
Cat,mcet,8,4,MS-LS-conv,0.01801200001500547,-77079962.77924047,4.003525749950788e-06
Cat,mcet,8,4,MS-LS-conv,0.14861410000594333,-77080152.95815071,1.536241880094193e-06
Cat,mcet,8,5,RM-MDE,0.0007711999933235347,-77048714.03129864,0.00040940879204680607
Cat,mcet,8,5,RM-MDE,0.011002800019923598,-77079426.07963437,1.096639181868659e-05
Cat,mcet,8,5,RM-MDE,0.03197309997631237,-77079642.06259239,8.164339436486751e-06
Cat,mcet,8,5,RM-MDE,0.05295460007619113,-77080183.01750271,1.1462672282084852e-06
Cat,mcet,8,5,RM-MDE,0.0755339001188986,-77080242.34951012,3.765241233648729e-07
Cat,mcet,8,5,RM-MDE,0.0987985001411289,-77080248.49820799,2.9675406341908265e-07
Cat,mcet,8,5,RM-MDE,0.11597800004528835,-77080252.6169371,2.433197793770608e-07
Cat,mcet,8,5,RM-MDE,0.12166629999410361,-77080257.45372172,1.8056981067542037e-07
Cat,mcet,8,5,RM-MDE,0.15802070003701374,-77080259.97149573,1.4790549890216604e-07
Cat,mcet,8,5,RM-MDE,0.16486810002243146,-77080266.6264651,6.156733161317247e-08
Cat,mcet,8,5,RM-MDE,0.16929720004554838,-77080270.377294,1.2905996616215199e-08
Cat,mcet,8,5,MS-LS-4S,0.004328700015321374,-77079375.43128528,1.1623477583822451e-05
Cat,mcet,8,5,MS-LS-4S,0.022876400034874678,-77079532.76438066,9.582318509185493e-06
Cat,mcet,8,5,MS-LS-4S,0.06424610002432019,-77079852.68857451,5.431785718507835e-06
Cat,mcet,8,5,MS-LS-4S,0.15461610001511872,-77079875.24520826,5.139147494043413e-06
Cat,mcet,8,5,MS-LS-conv,0.010435200005304068,-77080197.13475673,9.631171981491077e-07
Cat,mcet,8,6,RM-MDE,0.0007863999926485121,-77054225.34527287,0.00033790782459916226
Cat,mcet,8,6,RM-MDE,0.007749000040348619,-77075048.38143305,6.776040828213456e-05
Cat,mcet,8,6,RM-MDE,0.028915799979586154,-77076306.70177414,5.143560403999454e-05
Cat,mcet,8,6,RM-MDE,0.03418189997319132,-77079703.5250792,7.366956581907358e-06
Cat,mcet,8,6,RM-MDE,0.06307739997282624,-77080247.80483088,3.057495832199233e-07
Cat,mcet,8,6,RM-MDE,0.09840529988287017,-77080252.74808359,2.4161835191398414e-07
Cat,mcet,8,6,RM-MDE,0.13505349995102733,-77080253.71625757,2.290577580878519e-07
Cat,mcet,8,6,RM-MDE,0.14179110003169626,-77080253.881063,2.2691965680382722e-07
Cat,mcet,8,6,MS-LS-4S,0.00441370002226904,-77076853.1208169,4.434664297331185e-05
Cat,mcet,8,6,MS-LS-4S,0.013427199970465153,-77078926.63476887,1.744593394541293e-05
Cat,mcet,8,6,MS-LS-4S,0.11619199998676777,-77079802.60080335,6.081598832431637e-06
Cat,mcet,8,6,MS-LS-conv,0.014530999993439764,-77079962.77924047,4.003525749950788e-06
Cat,mcet,8,6,MS-LS-conv,0.04670060001080856,-77080211.2886078,7.794923765830902e-07
Cat,mcet,8,7,RM-MDE,0.0007881000055931509,-77055001.14019434,0.00032784305825022645
Cat,mcet,8,7,RM-MDE,0.00636210001539439,-77078779.52137712,1.9354507814423417e-05
Cat,mcet,8,7,RM-MDE,0.03413779992843047,-77079018.50431758,1.6254065428698504e-05
Cat,mcet,8,7,RM-MDE,0.045441199967172,-77080239.96632786,4.074423105350953e-07
Cat,mcet,8,7,RM-MDE,0.09151249995920807,-77080247.80483088,3.057495832199233e-07
Cat,mcet,8,7,RM-MDE,0.09479459997965023,-77080253.881063,2.2691965680382722e-07
Cat,mcet,8,7,RM-MDE,0.09798989997943863,-77080257.45372172,1.8056981067542037e-07
Cat,mcet,8,7,RM-MDE,0.11419350001960993,-77080271.37209173,0.0
Cat,mcet,8,7,MS-LS-4S,0.004759299976285547,-77068161.63777806,0.0001571054966219458
Cat,mcet,8,7,MS-LS-4S,0.009039599972311407,-77079955.6400434,4.096146039867311e-06
Cat,mcet,8,7,MS-LS-4S,0.1443561000050977,-77080148.09076265,1.599388882342449e-06
Cat,mcet,8,7,MS-LS-conv,0.019682200043462217,-77079962.77924047,4.003525749950788e-06
Cat,mcet,8,7,MS-LS-conv,0.10211630002595484,-77080178.29012342,1.2075978282193371e-06
Cat,mcet,8,7,MS-LS-conv,0.1334202000289224,-77080247.80483088,3.057495832199233e-07
Cat,mcet,8,8,RM-MDE,0.0007782999891787767,-77057991.17542157,0.00028905187116695386
Cat,mcet,8,8,RM-MDE,0.007972999941557646,-77078347.3520036,2.4961252131993927e-05
Cat,mcet,8,8,RM-MDE,0.017710199928842485,-77079153.07909329,1.4508161148457125e-05
Cat,mcet,8,8,RM-MDE,0.02715759997954592,-77079618.65410672,8.468029151756654e-06
Cat,mcet,8,8,RM-MDE,0.037966900039464235,-77079812.14401674,5.957790064930077e-06
Cat,mcet,8,8,RM-MDE,0.04313580004964024,-77080151.89010333,1.5500981804208e-06
Cat,mcet,8,8,RM-MDE,0.05253290006658062,-77080171.19857742,1.299599917376716e-06
Cat,mcet,8,8,RM-MDE,0.07417169993277639,-77080222.90859848,6.287405633136744e-07
Cat,mcet,8,8,RM-MDE,0.07960459991591051,-77080242.64977686,3.72628616286845e-07
Cat,mcet,8,8,RM-MDE,0.09719479992054403,-77080270.377294,1.2905996616215199e-08
Cat,mcet,8,8,MS-LS-4S,0.004660499980673194,-77077446.23038079,3.665194297642179e-05
Cat,mcet,8,8,MS-LS-4S,0.00877829996170476,-77077572.35023484,3.501572852358116e-05
Cat,mcet,8,8,MS-LS-4S,0.013189399964176118,-77077867.63443348,3.118486242275565e-05
Cat,mcet,8,8,MS-LS-4S,0.01735819998430088,-77080070.25996155,2.6091258709919054e-06
Cat,mcet,8,8,MS-LS-conv,0.013761999958660454,-77079962.77924047,4.003525749950788e-06
Cat,mcet,8,8,MS-LS-conv,0.05121879995567724,-77080211.2886078,7.794923765830902e-07
Cat,mcet,8,9,RM-MDE,0.0007923999801278114,-77055456.63406807,0.0003219337138016128
Cat,mcet,8,9,RM-MDE,0.006504099990706891,-77077288.29993263,3.8700851800278856e-05
Cat,mcet,8,9,RM-MDE,0.02178870001807809,-77078404.95801422,2.421390122636799e-05
Cat,mcet,8,9,RM-MDE,0.04484560003038496,-77079894.38901743,4.89078550946869e-06
Cat,mcet,8,9,RM-MDE,0.05939920002128929,-77080270.377294,1.2905996616215199e-08
Cat,mcet,8,9,MS-LS-4S,0.004867299983743578,-77046443.27541877,0.00043886841692153454
Cat,mcet,8,9,MS-LS-4S,0.009504800022114068,-77077361.92968109,3.7745617118914074e-05
Cat,mcet,8,9,MS-LS-4S,0.02365829999325797,-77077639.15571249,3.4149028439892024e-05
Cat,mcet,8,9,MS-LS-4S,0.07759910001186654,-77078373.68344192,2.4619641524646888e-05
Cat,mcet,8,9,MS-LS-4S,0.08590280002681538,-77080131.88346261,1.8096540999998657e-06
Cat,mcet,8,9,MS-LS-conv,0.02383889997145161,-77079962.77924047,4.003525749950788e-06
Cat,mcet,8,9,MS-LS-conv,0.08809719997225329,-77080088.08460008,2.377878131287324e-06
Cat,mcet,8,9,MS-LS-conv,0.14867530000628904,-77080197.13475673,9.631171981491077e-07
Clock,otsu,6,0,RM-MDE,0.0006156000308692455,-2652962956.817065,0.0009739706323681625
Clock,otsu,6,0,RM-MDE,0.0026338999741710722,-2654227375.7685604,0.0004978284980334221
Clock,otsu,6,0,RM-MDE,0.0067470999783836305,-2654850198.9255667,0.00026329203609627727
Clock,otsu,6,0,RM-MDE,0.011355900031048805,-2655549383.929816,0.0
Clock,otsu,6,0,MS-LS-4S,0.0016164000262506306,-2655323692.0612483,8.498876727100309e-05
Clock,otsu,6,0,MS-LS-4S,0.012552900006994605,-2655417652.5704436,4.960606651464198e-05
Clock,otsu,6,0,MS-LS-4S,0.030765100033022463,-2655518336.3105316,1.1691599287152835e-05
Clock,otsu,6,0,MS-LS-4S,0.03716040001017973,-2655546456.039371,1.1025554495329003e-06
Clock,otsu,6,0,MS-LS-4S,0.05707050004275516,-2655549383.929816,0.0
Clock,otsu,6,0,MS-LS-conv,0.0034889999660663307,-2655546456.039371,1.1025554495329003e-06
Clock,otsu,6,0,MS-LS-conv,0.02427930000703782,-2655549383.929816,0.0
Clock,otsu,6,1,RM-MDE,0.0006240999791771173,-2652752876.2950325,0.0010530806362353748
Clock,otsu,6,1,RM-MDE,0.004650799965020269,-2655536723.059457,4.767702847313555e-06
Clock,otsu,6,1,RM-MDE,0.012733999988995492,-2655536997.5013313,4.6643562945569435e-06
Clock,otsu,6,1,RM-MDE,0.025572599901352078,-2655549383.929816,0.0
Clock,otsu,6,1,MS-LS-4S,0.0016382000176236033,-2654797222.563264,0.0002832413402302426
Clock,otsu,6,1,MS-LS-4S,0.0031532999710179865,-2655502969.9349656,1.7478113994428122e-05
Clock,otsu,6,1,MS-LS-4S,0.012683200009632856,-2655536723.059457,4.767702847313555e-06
Clock,otsu,6,1,MS-LS-4S,0.056602599972393364,-2655549383.929816,0.0
Clock,otsu,6,1,MS-LS-conv,0.0035561000113375485,-2655316876.403649,8.755533885904977e-05
Clock,otsu,6,1,MS-LS-conv,0.006181899982038885,-2655549383.929816,0.0
Clock,otsu,6,2,RM-MDE,0.000596199999563396,-2653822207.300711,0.0006504027526494918
Clock,otsu,6,2,RM-MDE,0.006297999992966652,-2655536723.059457,4.767702847313555e-06
Clock,otsu,6,2,RM-MDE,0.014643599977716804,-2655549383.929816,0.0
Clock,otsu,6,2,MS-LS-4S,0.0015048999921418726,-2655485115.672248,2.4201492149535976e-05
Clock,otsu,6,2,MS-LS-4S,0.019845700007863343,-2655549383.929816,0.0
Clock,otsu,6,2,MS-LS-conv,0.0030805999995209277,-2655549383.929816,0.0
Clock,otsu,6,3,RM-MDE,0.0006053000106476247,-2652177725.225076,0.0012696652245080904
Clock,otsu,6,3,RM-MDE,0.0057221000315621495,-2654905005.05013,0.00024265369854741485
Clock,otsu,6,3,RM-MDE,0.00931500009028241,-2655318050.264441,8.711329820288134e-05
Clock,otsu,6,3,RM-MDE,0.016576000081840903,-2655425589.467157,4.661727001125652e-05
Clock,otsu,6,3,RM-MDE,0.019013000070117414,-2655521761.952218,1.0401605695932145e-05
Clock,otsu,6,3,RM-MDE,0.023205500096082687,-2655549383.929816,0.0
Clock,otsu,6,3,MS-LS-4S,0.0014293999993242323,-2654521840.303646,0.00038694201372714473
Clock,otsu,6,3,MS-LS-4S,0.004457100003492087,-2655549383.929816,0.0
Clock,otsu,6,3,MS-LS-conv,0.003507699992042035,-2654905005.05013,0.00024265369854741485
Clock,otsu,6,3,MS-LS-conv,0.008967000001575798,-2655549383.929816,0.0
Clock,otsu,6,4,RM-MDE,0.0006246999837458134,-2650612710.1635766,0.0018590028097815404
Clock,otsu,6,4,RM-MDE,0.006078400008846074,-2655433935.790654,4.347429569949883e-05
Clock,otsu,6,4,RM-MDE,0.009396799956448376,-2655549383.929816,0.0
Clock,otsu,6,4,MS-LS-4S,0.001740999985486269,-2654953520.2912645,0.00022438431842282147
Clock,otsu,6,4,MS-LS-4S,0.003495900018606335,-2655123695.830907,0.0001603013302953329
Clock,otsu,6,4,MS-LS-4S,0.006860999972559512,-2655481270.788516,2.5649359681245062e-05
Clock,otsu,6,4,MS-LS-4S,0.01150760002201423,-2655549383.929816,0.0
Clock,otsu,6,4,MS-LS-conv,0.0031565999961458147,-2655318050.264441,8.711329820288134e-05
Clock,otsu,6,4,MS-LS-conv,0.013151199964340776,-2655546456.039371,1.1025554495329003e-06
Clock,otsu,6,4,MS-LS-conv,0.016960999986622483,-2655549383.929816,0.0
Clock,otsu,6,5,RM-MDE,0.0006043000030331314,-2650805770.6759815,0.00178630202945592
Clock,otsu,6,5,RM-MDE,0.0030663000070489943,-2654111944.523961,0.0005412964317490894
Clock,otsu,6,5,RM-MDE,0.007329300045967102,-2655313272.6030827,8.891242172408894e-05
Clock,otsu,6,5,RM-MDE,0.011280300037469715,-2655549383.929816,0.0
Clock,otsu,6,5,MS-LS-4S,0.0016166000277735293,-2655155890.036202,0.00014817796121400055
Clock,otsu,6,5,MS-LS-4S,0.006423400016501546,-2655352336.3722653,7.420218156848184e-05
Clock,otsu,6,5,MS-LS-4S,0.011126499972306192,-2655549383.929816,0.0
Clock,otsu,6,5,MS-LS-conv,0.003417500003706664,-2655549383.929816,0.0
Clock,otsu,6,6,RM-MDE,0.0006010000361129642,-2651685121.6019835,0.0014551649279117122
Clock,otsu,6,6,RM-MDE,0.006398100056685507,-2655417652.5704436,4.960606651464198e-05
Clock,otsu,6,6,RM-MDE,0.015218300104606897,-2655549383.929816,0.0
Clock,otsu,6,6,MS-LS-4S,0.001458299986552447,-2655220759.7824426,0.0001237499665274102
Clock,otsu,6,6,MS-LS-4S,0.002987499989103526,-2655536723.059457,4.767702847313555e-06
Clock,otsu,6,6,MS-LS-4S,0.016950100020039827,-2655539060.206187,3.887603706966367e-06
Clock,otsu,6,6,MS-LS-4S,0.039050000021234155,-2655549383.929816,0.0
Clock,otsu,6,6,MS-LS-conv,0.0033386999857611954,-2655549383.929816,0.0
Clock,otsu,6,7,RM-MDE,0.0006301000248640776,-2653084649.786078,0.0009281447216358505
Clock,otsu,6,7,RM-MDE,0.006158800038974732,-2655502695.493091,1.7581460547184732e-05
Clock,otsu,6,7,RM-MDE,0.008641400025226176,-2655539060.206187,3.887603706966367e-06
Clock,otsu,6,7,RM-MDE,0.013534100027754903,-2655549383.929816,0.0
Clock,otsu,6,7,MS-LS-4S,0.0019587999559007585,-2655316057.5868335,8.786368063583291e-05
Clock,otsu,6,7,MS-LS-4S,0.0054209999507293105,-2655485115.672248,2.4201492149535976e-05
Clock,otsu,6,7,MS-LS-4S,0.013267899979837239,-2655549383.929816,0.0
Clock,otsu,6,7,MS-LS-conv,0.0024272999726235867,-2655317587.907883,8.728740777156194e-05
Clock,otsu,6,7,MS-LS-conv,0.006157899973914027,-2655549383.929816,0.0
Clock,otsu,6,8,RM-MDE,0.0006000999710522592,-2652428309.930497,0.00117530256383328
Clock,otsu,6,8,RM-MDE,0.0032420000061392784,-2655313272.6030827,8.891242172408894e-05
Clock,otsu,6,8,RM-MDE,0.011144299933221191,-2655316414.0470915,8.772944842755082e-05
Clock,otsu,6,8,RM-MDE,0.016205799882300198,-2655318050.264441,8.711329820288134e-05
Clock,otsu,6,8,RM-MDE,0.03008359979139641,-2655453881.5117626,3.59633372405302e-05
Clock,otsu,6,8,RM-MDE,0.037416399689391255,-2655539060.206187,3.887603706966367e-06
Clock,otsu,6,8,RM-MDE,0.04323449975345284,-2655546456.039371,1.1025554495329003e-06
Clock,otsu,6,8,MS-LS-4S,0.0015932000242173672,-2654953520.2912645,0.00022438431842282147
Clock,otsu,6,8,MS-LS-4S,0.005806199973449111,-2655469351.238484,3.0137903597720708e-05
Clock,otsu,6,8,MS-LS-4S,0.01793309999629855,-2655539060.206187,3.887603706966367e-06
Clock,otsu,6,8,MS-LS-4S,0.06643290002830327,-2655549383.929816,0.0
Clock,otsu,6,8,MS-LS-conv,0.0030073000234551728,-2655318050.264441,8.711329820288134e-05
Clock,otsu,6,8,MS-LS-conv,0.01337010000133887,-2655549383.929816,0.0
Clock,otsu,6,9,RM-MDE,0.0006031999946571887,-2652850084.517836,0.0010164749442486797
Clock,otsu,6,9,RM-MDE,0.006035300029907376,-2655318050.264441,8.711329820288134e-05
Clock,otsu,6,9,RM-MDE,0.010982600040733814,-2655549383.929816,0.0
Clock,otsu,6,9,MS-LS-4S,0.001669999968726188,-2655233524.983333,0.00011894297594090846
Clock,otsu,6,9,MS-LS-4S,0.004926699970383197,-2655313272.6030827,8.891242172408894e-05
Clock,otsu,6,9,MS-LS-4S,0.014397299964912236,-2655549383.929816,0.0
Clock,otsu,6,9,MS-LS-conv,0.0033928999910131097,-2655317587.907883,8.728740777156194e-05
Clock,otsu,6,9,MS-LS-conv,0.0067131000105291605,-2655549383.929816,0.0
Clock,otsu,7,0,RM-MDE,0.0008932999917306006,-2652332946.056941,0.0013331503540826833
Clock,otsu,7,0,RM-MDE,0.0037352999788708985,-2655667247.180134,7.77061597857061e-05
Clock,otsu,7,0,RM-MDE,0.007398100045975298,-2655808752.7489634,2.4425925552506318e-05
Clock,otsu,7,0,RM-MDE,0.023404300096444786,-2655845729.5073094,1.050329083106358e-05
Clock,otsu,7,0,RM-MDE,0.03170530014904216,-2655851247.771918,8.42553210165545e-06
Clock,otsu,7,0,RM-MDE,0.037186600209679455,-2655855271.620202,6.910456893826187e-06
Clock,otsu,7,0,RM-MDE,0.04411060025449842,-2655859057.7518706,5.484887682609999e-06
Clock,otsu,7,0,RM-MDE,0.05159560026368126,-2655867811.9444027,2.188724623524348e-06
Clock,otsu,7,0,RM-MDE,0.053690200264099985,-2655873031.6280417,2.2338877694167564e-07
Clock,otsu,7,0,RM-MDE,0.0769477003486827,-2655873624.9204025,0.0
Clock,otsu,7,0,MS-LS-4S,0.0015746999997645617,-2655795377.9992757,2.9461838994386485e-05
Clock,otsu,7,0,MS-LS-4S,0.007956699992064387,-2655862684.071788,4.1194914215922414e-06
Clock,otsu,7,0,MS-LS-4S,0.07917159999487922,-2655873031.6280417,2.2338877694167564e-07
Clock,otsu,7,0,MS-LS-conv,0.0030678000184707344,-2655855271.620202,6.910456893826187e-06
Clock,otsu,7,0,MS-LS-conv,0.010254000022541732,-2655859057.7518706,5.484887682609999e-06
Clock,otsu,7,0,MS-LS-conv,0.01564719999441877,-2655862684.071788,4.1194914215922414e-06
Clock,otsu,7,1,RM-MDE,0.0006277000065892935,-2652857454.4866476,0.001135660373842267
Clock,otsu,7,1,RM-MDE,0.003207600035239011,-2654900833.7351284,0.00036627916936495013
Clock,otsu,7,1,RM-MDE,0.007160600041970611,-2655241534.232062,0.00023799727607882995
Clock,otsu,7,1,RM-MDE,0.010049400036223233,-2655455712.9627423,0.00015735385665149003
Clock,otsu,7,1,RM-MDE,0.019470900122541934,-2655794141.514839,2.9927404985520213e-05
Clock,otsu,7,1,RM-MDE,0.022017800132744014,-2655855066.9150443,6.987533286255417e-06
Clock,otsu,7,1,RM-MDE,0.02728720015147701,-2655873624.9204025,0.0
Clock,otsu,7,1,MS-LS-4S,0.001666500000283122,-2655541371.122267,0.0001251015089792592
Clock,otsu,7,1,MS-LS-4S,0.003189500013832003,-2655671261.034688,7.619484745649216e-05
Clock,otsu,7,1,MS-LS-4S,0.006222900003194809,-2655730660.9138255,5.3829370959357906e-05
Clock,otsu,7,1,MS-LS-4S,0.007800699968356639,-2655827068.3165097,1.7529675906246673e-05
Clock,otsu,7,1,MS-LS-4S,0.012535699992440641,-2655855066.9150443,6.987533286255417e-06
Clock,otsu,7,1,MS-LS-4S,0.045567699999082834,-2655859057.7518706,5.484887682609999e-06
Clock,otsu,7,1,MS-LS-conv,0.0035989999887533486,-2655855271.620202,6.910456893826187e-06
Clock,otsu,7,1,MS-LS-conv,0.007003999955486506,-2655859057.7518706,5.484887682609999e-06
Clock,otsu,7,2,RM-MDE,0.0006476999842561781,-2653995815.1679754,0.0007070403255664621
Clock,otsu,7,2,RM-MDE,0.0032863999949768186,-2654352580.3408117,0.000572709697223031
Clock,otsu,7,2,RM-MDE,0.0057879999512806535,-2654961135.304447,0.0003435741849285846
Clock,otsu,7,2,RM-MDE,0.012203299964312464,-2655015815.161033,0.0003229859099169608
Clock,otsu,7,2,RM-MDE,0.014789599983487278,-2655848545.677195,9.442935451496235e-06
Clock,otsu,7,2,RM-MDE,0.024982600123621523,-2655864016.5080676,3.6177972644338237e-06
Clock,otsu,7,2,RM-MDE,0.027516100148204714,-2655868216.5063586,2.036397362116747e-06
Clock,otsu,7,2,RM-MDE,0.04672340000979602,-2655873031.6280417,2.2338877694167564e-07
Clock,otsu,7,2,RM-MDE,0.04920300003141165,-2655873624.9204025,0.0
Clock,otsu,7,2,MS-LS-4S,0.001503199979197234,-2655585049.8320713,0.00010865542909251611
Clock,otsu,7,2,MS-LS-4S,0.00445970002328977,-2655682432.483504,7.1988529538727e-05
Clock,otsu,7,2,MS-LS-4S,0.006348199967760593,-2655851473.56764,8.340514606888726e-06
Clock,otsu,7,2,MS-LS-4S,0.03701949998503551,-2655852635.0277023,7.903197088613125e-06
Clock,otsu,7,2,MS-LS-conv,0.0036723000230267644,-2655859057.7518706,5.484887682609999e-06
Clock,otsu,7,3,RM-MDE,0.0006438000127673149,-2652587404.502566,0.0012373406577036042
Clock,otsu,7,3,RM-MDE,0.004224699980113655,-2655873031.6280417,2.2338877694167564e-07
Clock,otsu,7,3,RM-MDE,0.049175700172781944,-2655873624.9204025,0.0
Clock,otsu,7,3,MS-LS-4S,0.0014406999689526856,-2654598613.7713394,0.0004800722207184549
Clock,otsu,7,3,MS-LS-4S,0.003162299981340766,-2654663561.7099953,0.0004556177669950403
Clock,otsu,7,3,MS-LS-4S,0.005023800011258572,-2655845729.5073094,1.050329083106358e-05
Clock,otsu,7,3,MS-LS-4S,0.02123579999897629,-2655855271.620202,6.910456893826187e-06
Clock,otsu,7,3,MS-LS-4S,0.04625620000297204,-2655868216.5063586,2.036397362116747e-06
Clock,otsu,7,3,MS-LS-4S,0.0907217999920249,-2655873031.6280417,2.2338877694167564e-07
Clock,otsu,7,3,MS-LS-conv,0.006131700007244945,-2655859057.7518706,5.484887682609999e-06
Clock,otsu,7,3,MS-LS-conv,0.11136550002265722,-2655871826.3064923,6.772211950604829e-07
Clock,otsu,7,4,RM-MDE,0.00063109997427091,-2652318435.3727584,0.0013386139740555949
Clock,otsu,7,4,RM-MDE,0.004239899921230972,-2655470337.1865387,0.00015184748629593295
Clock,otsu,7,4,RM-MDE,0.0067653999431058764,-2655843297.6199675,1.1418954633421288e-05
Clock,otsu,7,4,RM-MDE,0.015393499925266951,-2655849928.4689097,8.922281267617392e-06
Clock,otsu,7,4,RM-MDE,0.019317999889608473,-2655867591.617212,2.2716830854062117e-06
Clock,otsu,7,4,RM-MDE,0.05063829990103841,-2655873031.6280417,2.2338877694167564e-07
Clock,otsu,7,4,MS-LS-4S,0.001693999976851046,-2655842944.5235586,1.1551903884293336e-05
Clock,otsu,7,4,MS-LS-4S,0.009607399988453835,-2655855066.9150443,6.987533286255417e-06
Clock,otsu,7,4,MS-LS-conv,0.0025967000401578844,-2655855066.9150443,6.987533286255417e-06
Clock,otsu,7,4,MS-LS-conv,0.005744000023696572,-2655855271.620202,6.910456893826187e-06
Clock,otsu,7,4,MS-LS-conv,0.01613190001808107,-2655859057.7518706,5.484887682609999e-06
Clock,otsu,7,4,MS-LS-conv,0.05483320000348613,-2655864016.5080676,3.6177972644338237e-06
Clock,otsu,7,5,RM-MDE,0.0006415999960154295,-2652643307.825824,0.001216291718200845
Clock,otsu,7,5,RM-MDE,0.003510700014885515,-2655759185.2756243,4.30892658839072e-05
Clock,otsu,7,5,RM-MDE,0.007614900008775294,-2655823851.590042,1.8740850428041102e-05
Clock,otsu,7,5,RM-MDE,0.012777000025380403,-2655852321.0538864,8.021415746674229e-06
Clock,otsu,7,5,RM-MDE,0.02306590002262965,-2655859057.7518706,5.484887682609999e-06
Clock,otsu,7,5,RM-MDE,0.04561069991905242,-2655865568.665858,3.0333726985885497e-06
Clock,otsu,7,5,RM-MDE,0.04972869995981455,-2655873031.6280417,2.2338877694167564e-07
Clock,otsu,7,5,MS-LS-4S,0.001526299980469048,-2655227978.795237,0.00024310122255339343
Clock,otsu,7,5,MS-LS-4S,0.0031564999953843653,-2655237464.972658,0.0002395294496602546
Clock,otsu,7,5,MS-LS-4S,0.004726699960883707,-2655732151.684075,5.3268060272215765e-05
Clock,otsu,7,5,MS-LS-4S,0.006383699947036803,-2655760950.9668236,4.2424440877651267e-05
Clock,otsu,7,5,MS-LS-4S,0.014320699963718653,-2655828283.564254,1.7072106038207554e-05
Clock,otsu,7,5,MS-LS-4S,0.015842299966607243,-2655868216.5063586,2.036397362116747e-06
Clock,otsu,7,5,MS-LS-conv,0.0041884999955073,-2655859057.7518706,5.484887682609999e-06
Clock,otsu,7,5,MS-LS-conv,0.03602090000640601,-2655871826.3064923,6.772211950604829e-07
Clock,otsu,7,6,RM-MDE,0.0006261999951675534,-2651803039.7308826,0.001532672771522357
Clock,otsu,7,6,RM-MDE,0.013601900020148605,-2655842944.5235586,1.1551903884293336e-05
Clock,otsu,7,6,RM-MDE,0.022145099996123463,-2655848545.677195,9.442935451496235e-06
Clock,otsu,7,6,RM-MDE,0.028723299968987703,-2655849928.4689097,8.922281267617392e-06
Clock,otsu,7,6,RM-MDE,0.03460979997180402,-2655855271.620202,6.910456893826187e-06
Clock,otsu,7,6,MS-LS-4S,0.0015015999670140445,-2655783720.345952,3.385122454882895e-05
Clock,otsu,7,6,MS-LS-4S,0.004720799974165857,-2655830646.658841,1.618234435483797e-05
Clock,otsu,7,6,MS-LS-4S,0.016467100009322166,-2655851473.56764,8.340514606888726e-06
Clock,otsu,7,6,MS-LS-4S,0.09544419997837394,-2655867591.617212,2.2716830854062117e-06
Clock,otsu,7,6,MS-LS-conv,0.0029596000094898045,-2655859057.7518706,5.484887682609999e-06
Clock,otsu,7,6,MS-LS-conv,0.13440699997590855,-2655862684.071788,4.1194914215922414e-06
Clock,otsu,7,7,RM-MDE,0.0006431000074371696,-2653635448.041871,0.0008427271755441809
Clock,otsu,7,7,RM-MDE,0.004962300008628517,-2655845729.5073094,1.050329083106358e-05
Clock,otsu,7,7,RM-MDE,0.01641039998503402,-2655859057.7518706,5.484887682609999e-06
Clock,otsu,7,7,RM-MDE,0.048905400035437196,-2655867058.8899736,2.472267643790167e-06
Clock,otsu,7,7,RM-MDE,0.05630110000493005,-2655871741.9284663,7.08991541818279e-07
Clock,otsu,7,7,RM-MDE,0.058055800036527216,-2655873031.6280417,2.2338877694167564e-07
Clock,otsu,7,7,MS-LS-4S,0.0016898000030778348,-2655830646.658841,1.618234435483797e-05
Clock,otsu,7,7,MS-LS-4S,0.011233899975195527,-2655847434.903499,9.861168339357767e-06
Clock,otsu,7,7,MS-LS-4S,0.03510069998446852,-2655855066.9150443,6.987533286255417e-06
Clock,otsu,7,7,MS-LS-4S,0.10831629997119308,-2655868216.5063586,2.036397362116747e-06
Clock,otsu,7,7,MS-LS-conv,0.002562000008765608,-2655855066.9150443,6.987533286255417e-06
Clock,otsu,7,7,MS-LS-conv,0.007167800038587302,-2655859057.7518706,5.484887682609999e-06
Clock,otsu,7,8,RM-MDE,0.0006266999989748001,-2653813964.065975,0.0007755116188892709
Clock,otsu,7,8,RM-MDE,0.00803630001610145,-2655828283.564254,1.7072106038207554e-05
Clock,otsu,7,8,RM-MDE,0.018797900120262057,-2655851473.56764,8.340514606888726e-06
Clock,otsu,7,8,RM-MDE,0.024067800084594637,-2655867591.617212,2.2716830854062117e-06
Clock,otsu,7,8,RM-MDE,0.041943600110244006,-2655873031.6280417,2.2338877694167564e-07
Clock,otsu,7,8,MS-LS-4S,0.0016202999977394938,-2655241534.232062,0.00023799727607882995
Clock,otsu,7,8,MS-LS-4S,0.00458399998024106,-2655855066.9150443,6.987533286255417e-06
Clock,otsu,7,8,MS-LS-4S,0.02144460001727566,-2655873031.6280417,2.2338877694167564e-07
Clock,otsu,7,8,MS-LS-conv,0.0038123000413179398,-2655855271.620202,6.910456893826187e-06
Clock,otsu,7,8,MS-LS-conv,0.010365699999965727,-2655859057.7518706,5.484887682609999e-06
Clock,otsu,7,8,MS-LS-conv,0.06285819999175146,-2655873031.6280417,2.2338877694167564e-07
Clock,otsu,7,9,RM-MDE,0.0006361000123433769,-2653198101.6162252,0.0010073985746432007
Clock,otsu,7,9,RM-MDE,0.003348300000652671,-2655465083.1332664,0.00015382576313220552
Clock,otsu,7,9,RM-MDE,0.014938500011339784,-2655835708.440781,1.4276462278037322e-05
Clock,otsu,7,9,RM-MDE,0.025342200009617954,-2655859057.7518706,5.484887682609999e-06
Clock,otsu,7,9,RM-MDE,0.038865799899213016,-2655871826.3064923,6.772211950604829e-07
Clock,otsu,7,9,RM-MDE,0.0498956999508664,-2655873031.6280417,2.2338877694167564e-07
Clock,otsu,7,9,RM-MDE,0.05787239992059767,-2655873624.9204025,0.0
Clock,otsu,7,9,MS-LS-4S,0.0016766999615356326,-2655400055.79104,0.00017831011420085027
Clock,otsu,7,9,MS-LS-4S,0.004804599971976131,-2655845729.5073094,1.050329083106358e-05
Clock,otsu,7,9,MS-LS-4S,0.026771299948450178,-2655848545.677195,9.442935451496235e-06
Clock,otsu,7,9,MS-LS-4S,0.04696809995220974,-2655851473.56764,8.340514606888726e-06
Clock,otsu,7,9,MS-LS-4S,0.10113149997778237,-2655855271.620202,6.910456893826187e-06
Clock,otsu,7,9,MS-LS-conv,0.0035332999541424215,-2655472340.719712,0.00015109310809273651
Clock,otsu,7,9,MS-LS-conv,0.007644600002095103,-2655859057.7518706,5.484887682609999e-06
Clock,otsu,8,0,RM-MDE,0.0006447000196203589,-2652332946.056941,0.001445388586641197
Clock,otsu,8,0,RM-MDE,0.003399500041268766,-2655845711.6420627,0.00012289689906780469
Clock,otsu,8,0,RM-MDE,0.007598900061566383,-2656085809.983776,3.2504285777279525e-05
Clock,otsu,8,0,RM-MDE,0.02200510003603995,-2656165705.204244,2.4252035312680723e-06
Clock,otsu,8,0,RM-MDE,0.027379600040148944,-2656171145.215074,3.7713942663279426e-07
Clock,otsu,8,0,RM-MDE,0.03712020011153072,-2656171738.507435,1.537757559229979e-07
Clock,otsu,8,0,RM-MDE,0.056049699953291565,-2656172146.9623146,0.0
Clock,otsu,8,0,MS-LS-4S,0.001658199995290488,-2656161147.3896947,4.141136948708118e-06
Clock,otsu,8,0,MS-LS-4S,0.0731116000097245,-2656161389.234634,4.0500867735496835e-06
Clock,otsu,8,0,MS-LS-conv,0.0022446000366471708,-2656161147.3896947,4.141136948708118e-06
Clock,otsu,8,0,MS-LS-conv,0.018944600014947355,-2656162530.1814094,3.6205412801443612e-06
Clock,otsu,8,1,RM-MDE,0.0006550999823957682,-2653813880.0426474,0.0008878441566237471
Clock,otsu,8,1,RM-MDE,0.0032609999761916697,-2655682432.483504,0.00018436850163150784
Clock,otsu,8,1,RM-MDE,0.009436599968466908,-2655728030.279404,0.00016720176944041399
Clock,otsu,8,1,RM-MDE,0.01295970001956448,-2656057942.6042223,4.2995842051470907e-05
Clock,otsu,8,1,RM-MDE,0.016628400015179068,-2656168128.707301,1.5127991678029186e-06
Clock,otsu,8,1,RM-MDE,0.03657940000994131,-2656171857.6669755,1.0891437870032672e-07
Clock,otsu,8,1,RM-MDE,0.053150600055232644,-2656172146.9623146,0.0
Clock,otsu,8,1,MS-LS-4S,0.0016863999771885574,-2655548590.1350617,0.00023475768615599136
Clock,otsu,8,1,MS-LS-4S,0.003200699982699007,-2655689638.9138527,0.0001816554130400494
Clock,otsu,8,1,MS-LS-4S,0.006639199971687049,-2655875636.938956,0.00011163057473436744
Clock,otsu,8,1,MS-LS-4S,0.0088168999645859,-2656024067.267832,5.5749283664521564e-05
Clock,otsu,8,1,MS-LS-4S,0.010407599969767034,-2656161255.533524,4.1004227843534535e-06
Clock,otsu,8,1,MS-LS-4S,0.021446799975819886,-2656171264.3746142,3.3227804958964354e-07
Clock,otsu,8,1,MS-LS-conv,0.0042678999598138034,-2656162530.1814094,3.6205412801443612e-06
Clock,otsu,8,1,MS-LS-conv,0.02026979997754097,-2656162608.4909906,3.5910591619129387e-06
Clock,otsu,8,1,MS-LS-conv,0.026598499971441925,-2656171738.507435,1.537757559229979e-07
Clock,otsu,8,2,RM-MDE,0.0006688999710604548,-2654988724.0027184,0.0004455369961429489
Clock,otsu,8,2,RM-MDE,0.009062499972060323,-2656041679.0969744,4.911875365060212e-05
Clock,otsu,8,2,RM-MDE,0.011985999997705221,-2656109822.6604853,2.3463954284971396e-05
Clock,otsu,8,2,RM-MDE,0.01725350000197068,-2656164758.4629574,2.781634227161534e-06
Clock,otsu,8,2,RM-MDE,0.029890300065744668,-2656171738.507435,1.537757559229979e-07
Clock,otsu,8,2,MS-LS-4S,0.001580699987243861,-2655585049.8320713,0.0002210312802634893
Clock,otsu,8,2,MS-LS-4S,0.003064999997150153,-2655848997.2558436,0.00012165992586005049
Clock,otsu,8,2,MS-LS-4S,0.0048247999511659145,-2656068737.514331,3.8931756777136675e-05
Clock,otsu,8,2,MS-LS-4S,0.008172200003173202,-2656162130.0951,3.771166423130871e-06
Clock,otsu,8,2,MS-LS-4S,0.016415499965660274,-2656163297.3616614,3.3317120139567128e-06
Clock,otsu,8,2,MS-LS-conv,0.005636499961838126,-2656083380.5353384,3.3418928467313426e-05
Clock,otsu,8,2,MS-LS-conv,0.014031199971213937,-2656161147.3896947,4.141136948708118e-06
Clock,otsu,8,2,MS-LS-conv,0.018789099995046854,-2656162530.1814094,3.6205412801443612e-06
Clock,otsu,8,2,MS-LS-conv,0.02401219995226711,-2656162608.4909906,3.5910591619129387e-06
Clock,otsu,8,2,MS-LS-conv,0.04145959997549653,-2656163297.3616614,3.3317120139567128e-06
Clock,otsu,8,3,RM-MDE,0.0006704999832436442,-2652586148.05896,0.0013500626860558382
Clock,otsu,8,3,RM-MDE,0.0017564999870955944,-2654524576.394484,0.0006202800408530668
Clock,otsu,8,3,RM-MDE,0.005964400013908744,-2656150907.3330374,7.996330095366613e-06
Clock,otsu,8,3,RM-MDE,0.023408800072502345,-2656161147.3896947,4.141136948708118e-06
Clock,otsu,8,3,RM-MDE,0.027548900106921792,-2656166459.091232,2.1413789348282944e-06
Clock,otsu,8,3,RM-MDE,0.036852800112683326,-2656171145.215074,3.7713942663279426e-07
Clock,otsu,8,3,RM-MDE,0.04189540015067905,-2656171857.6669755,1.0891437870032672e-07
Clock,otsu,8,3,RM-MDE,0.07170220004627481,-2656172146.9623146,0.0
Clock,otsu,8,3,MS-LS-4S,0.0014194999821484089,-2654598656.166676,0.0005923903680106189
Clock,otsu,8,3,MS-LS-4S,0.003097000007983297,-2655972279.2625475,7.524651592920586e-05
Clock,otsu,8,3,MS-LS-4S,0.007868400018196553,-2656160851.006588,4.252719741656037e-06
Clock,otsu,8,3,MS-LS-4S,0.03826450003543869,-2656171145.215074,3.7713942663279426e-07
Clock,otsu,8,3,MS-LS-conv,0.008387999958358705,-2656083380.5353384,3.3418928467313426e-05
Clock,otsu,8,3,MS-LS-conv,0.02231299999402836,-2656162530.1814094,3.6205412801443612e-06
Clock,otsu,8,3,MS-LS-conv,0.02541369997197762,-2656171738.507435,1.537757559229979e-07
Clock,otsu,8,4,RM-MDE,0.0006470999796874821,-2654869658.5896325,0.0004903629360663475
Clock,otsu,8,4,RM-MDE,0.003825899970252067,-2656114221.355018,2.1807926629571976e-05
Clock,otsu,8,4,RM-MDE,0.020538399927318096,-2656150056.247062,8.316748324337e-06
Clock,otsu,8,4,RM-MDE,0.02782559988554567,-2656161147.3896947,4.141136948708118e-06
Clock,otsu,8,4,RM-MDE,0.03149699990171939,-2656164865.3336577,2.741399372473533e-06
Clock,otsu,8,4,RM-MDE,0.051137699803803116,-2656169335.6368275,1.0584123812727893e-06
Clock,otsu,8,4,RM-MDE,0.05333879980025813,-2656171738.507435,1.537757559229979e-07
Clock,otsu,8,4,RM-MDE,0.06419349956559017,-2656171857.6669755,1.0891437870032672e-07
Clock,otsu,8,4,RM-MDE,0.07600499963155016,-2656171935.976557,7.94322604689041e-08
Clock,otsu,8,4,RM-MDE,0.08527499967021868,-2656172146.9623146,0.0
Clock,otsu,8,4,MS-LS-4S,0.0017846999689936638,-2656053154.8134713,4.479835728244185e-05
Clock,otsu,8,4,MS-LS-4S,0.01689600001554936,-2656053428.390768,4.469536045783968e-05
Clock,otsu,8,4,MS-LS-4S,0.025812999985646456,-2656079139.636222,3.5015549048312345e-05
Clock,otsu,8,4,MS-LS-4S,0.04074899997795001,-2656162130.0951,3.771166423130871e-06
Clock,otsu,8,4,MS-LS-conv,0.003262599988374859,-2656161147.3896947,4.141136948708118e-06
Clock,otsu,8,4,MS-LS-conv,0.02049779996741563,-2656162608.4909906,3.5910591619129387e-06
Clock,otsu,8,5,RM-MDE,0.0006825000164099038,-2653340960.715581,0.001065889592273416
Clock,otsu,8,5,RM-MDE,0.007033000001683831,-2656013864.0053678,5.959062447359347e-05
Clock,otsu,8,5,RM-MDE,0.016913200030103326,-2656040353.903374,4.96176646875593e-05
Clock,otsu,8,5,RM-MDE,0.01954089995706454,-2656064351.0875044,4.058316586652627e-05
Clock,otsu,8,5,RM-MDE,0.022280699980910867,-2656160131.04554,4.52377184531942e-06
Clock,otsu,8,5,RM-MDE,0.03237720002653077,-2656165738.5806108,2.4126379426056563e-06
Clock,otsu,8,5,RM-MDE,0.04779929993674159,-2656171738.507435,1.537757559229979e-07
Clock,otsu,8,5,RM-MDE,0.057011400000192225,-2656172146.9623146,0.0
Clock,otsu,8,5,MS-LS-4S,0.0016760000144131482,-2655227978.795237,0.0003554619636220954
Clock,otsu,8,5,MS-LS-4S,0.005035500042140484,-2655497375.784841,0.0002540389478314632
Clock,otsu,8,5,MS-LS-4S,0.006695799995213747,-2655991966.7061424,6.78345552182076e-05
Clock,otsu,8,5,MS-LS-4S,0.012993999989703298,-2656076068.0206904,3.617195584783298e-05
Clock,otsu,8,5,MS-LS-4S,0.02628540003206581,-2656156435.829782,5.9149526699782445e-06
Clock,otsu,8,5,MS-LS-4S,0.0923975000041537,-2656160131.04554,4.52377184531942e-06
Clock,otsu,8,5,MS-LS-conv,0.006531100021675229,-2656083380.5353384,3.3418928467313426e-05
Clock,otsu,8,5,MS-LS-conv,0.04716980003286153,-2656162530.1814094,3.6205412801443612e-06
Clock,otsu,8,5,MS-LS-conv,0.055981900019105524,-2656162608.4909906,3.5910591619129387e-06
Clock,otsu,8,5,MS-LS-conv,0.07890890003181994,-2656171738.507435,1.537757559229979e-07
Clock,otsu,8,6,RM-MDE,0.0006702000391669571,-2653842837.9127545,0.0008769420506965047
Clock,otsu,8,6,RM-MDE,0.0050357000436633825,-2656142856.2141886,1.1027428383935065e-05
Clock,otsu,8,6,RM-MDE,0.022788799949921668,-2656171264.3746142,3.3227804958964354e-07
Clock,otsu,8,6,RM-MDE,0.027010399964638054,-2656172146.9623146,0.0
Clock,otsu,8,6,MS-LS-4S,0.0014936000225134194,-2655813419.516335,0.00013505429096146785
Clock,otsu,8,6,MS-LS-4S,0.003232399991247803,-2655987021.4929056,6.96963371220892e-05
Clock,otsu,8,6,MS-LS-4S,0.011509499978274107,-2656013864.0053678,5.959062447359347e-05
Clock,otsu,8,6,MS-LS-4S,0.043361400021240115,-2656130373.202078,1.5727053039282093e-05
Clock,otsu,8,6,MS-LS-4S,0.10647440003231168,-2656161147.3896947,4.141136948708118e-06
Clock,otsu,8,6,MS-LS-conv,0.005320299998857081,-2656083380.5353384,3.3418928467313426e-05
Clock,otsu,8,6,MS-LS-conv,0.023828000004868954,-2656161147.3896947,4.141136948708118e-06
Clock,otsu,8,6,MS-LS-conv,0.02679070003796369,-2656162130.0951,3.771166423130871e-06
Clock,otsu,8,6,MS-LS-conv,0.03041740000480786,-2656162608.4909906,3.5910591619129387e-06
Clock,otsu,8,7,RM-MDE,0.0006850000354461372,-2653881791.7312665,0.0008622766538936237
Clock,otsu,8,7,RM-MDE,0.004922700056340545,-2656085809.983776,3.2504285777279525e-05
Clock,otsu,8,7,RM-MDE,0.029648600204382092,-2656161147.3896947,4.141136948708118e-06
Clock,otsu,8,7,RM-MDE,0.03707280021626502,-2656162530.1814094,3.6205412801443612e-06
Clock,otsu,8,7,RM-MDE,0.04181110020726919,-2656171738.507435,1.537757559229979e-07
Clock,otsu,8,7,RM-MDE,0.06783900019945577,-2656172146.9623146,0.0
Clock,otsu,8,7,MS-LS-4S,0.001664399984292686,-2655976883.857674,7.351297048415824e-05
Clock,otsu,8,7,MS-LS-4S,0.009493199991993606,-2656130373.202078,1.5727053039282093e-05
Clock,otsu,8,7,MS-LS-4S,0.01271209999686107,-2656154742.9880853,6.55227645890329e-06
Clock,otsu,8,7,MS-LS-4S,0.0832137999823317,-2656155483.582478,6.273456280164703e-06
Clock,otsu,8,7,MS-LS-4S,0.09089049999602139,-2656156715.505447,5.809659921832541e-06
Clock,otsu,8,7,MS-LS-conv,0.00349949998781085,-2656006086.414453,6.251874452169388e-05
Clock,otsu,8,7,MS-LS-conv,0.011592799972277135,-2656083380.5353384,3.3418928467313426e-05
Clock,otsu,8,7,MS-LS-conv,0.030216399987693876,-2656161147.3896947,4.141136948708118e-06
Clock,otsu,8,7,MS-LS-conv,0.05613209999864921,-2656162608.4909906,3.5910591619129387e-06
Clock,otsu,8,8,RM-MDE,0.0006942999898456037,-2653857284.2119894,0.0008715032845188727
Clock,otsu,8,8,RM-MDE,0.0020197000121697783,-2654127346.639887,0.0007698297434397278
Clock,otsu,8,8,RM-MDE,0.006263800023589283,-2655973305.5153427,7.486015061158401e-05
Clock,otsu,8,8,RM-MDE,0.010536700021475554,-2656001304.1138773,6.431919280257897e-05
Clock,otsu,8,8,RM-MDE,0.014159600017592311,-2656084166.680642,3.312295920770604e-05
Clock,otsu,8,8,RM-MDE,0.023960000020451844,-2656171145.215074,3.7713942663279426e-07
Clock,otsu,8,8,RM-MDE,0.029573700041510165,-2656171738.507435,1.537757559229979e-07
Clock,otsu,8,8,RM-MDE,0.040706400061026216,-2656171857.6669755,1.0891437870032672e-07
Clock,otsu,8,8,RM-MDE,0.05329380003968254,-2656172146.9623146,0.0
Clock,otsu,8,8,MS-LS-4S,0.0015718999784439802,-2655242092.415046,0.00035014844513448856
Clock,otsu,8,8,MS-LS-4S,0.004540699999779463,-2655862496.722807,0.00011657762463242501
Clock,otsu,8,8,MS-LS-4S,0.009478599997237325,-2656053154.8134713,4.479835728244185e-05
Clock,otsu,8,8,MS-LS-4S,0.06616529996972531,-2656155237.501253,6.366101339032515e-06
Clock,otsu,8,8,MS-LS-conv,0.004644000029657036,-2656162530.1814094,3.6205412801443612e-06
Clock,otsu,8,8,MS-LS-conv,0.06883569998899475,-2656162608.4909906,3.5910591619129387e-06
Clock,otsu,8,9,RM-MDE,0.0006759999669156969,-2654055138.504811,0.0007970147793036967
Clock,otsu,8,9,RM-MDE,0.00488619995303452,-2656083380.5353384,3.3418928467313426e-05
Clock,otsu,8,9,RM-MDE,0.014605500036850572,-2656143400.493799,1.0822517112933182e-05
Clock,otsu,8,9,RM-MDE,0.023298700049053878,-2656156715.505447,5.809659921832541e-06
Clock,otsu,8,9,RM-MDE,0.024313800036907196,-2656158040.8865614,5.31067828918549e-06
Clock,otsu,8,9,RM-MDE,0.030607500055339187,-2656172146.9623146,0.0
Clock,otsu,8,9,MS-LS-4S,0.0017296999576501548,-2655461842.688418,0.0002674165056316178
Clock,otsu,8,9,MS-LS-4S,0.005009999964386225,-2655983596.9107685,7.098562936206104e-05
Clock,otsu,8,9,MS-LS-4S,0.009913699992466718,-2655988115.4687324,6.928447532766772e-05
Clock,otsu,8,9,MS-LS-4S,0.011430999962612987,-2656096934.5812297,2.8316079276312838e-05
Clock,otsu,8,9,MS-LS-4S,0.016049399971961975,-2656154496.9068604,6.644921517771102e-06
Clock,otsu,8,9,MS-LS-conv,0.007981200003996491,-2655997094.7424674,6.590394378142913e-05
Clock,otsu,8,9,MS-LS-conv,0.012762000027578324,-2656162530.1814094,3.6205412801443612e-06
Clock,otsu,8,9,MS-LS-conv,0.030855500022880733,-2656162608.4909906,3.5910591619129387e-06
Clock,kapur,6,0,RM-MDE,0.0008568000048398972,-17.323466913117635,0.14745027181428674
Clock,kapur,6,0,RM-MDE,0.011252600001171231,-20.161731301864606,0.0077691360877461205
Clock,kapur,6,0,RM-MDE,0.03765309992013499,-20.319171680763027,2.0932283710410924e-05
Clock,kapur,6,0,RM-MDE,0.08089189999736845,-20.319597016332654,0.0
Clock,kapur,6,0,MS-LS-4S,0.004557700012810528,-20.161731301864606,0.0077691360877461205
Clock,kapur,6,0,MS-LS-4S,0.009237300022505224,-20.319597016332654,0.0
Clock,kapur,6,0,MS-LS-conv,0.005667299963533878,-20.161731301864606,0.0077691360877461205
Clock,kapur,6,0,MS-LS-conv,0.011182299989741296,-20.319597016332654,0.0
Clock,kapur,6,1,RM-MDE,0.0008066999725997448,-16.434219317159098,0.1912133245580872
Clock,kapur,6,1,RM-MDE,0.006385299959219992,-20.319171680763027,2.0932283710410924e-05
Clock,kapur,6,1,RM-MDE,0.04690509999636561,-20.319597016332654,0.0
Clock,kapur,6,1,MS-LS-4S,0.00477820000378415,-20.161731301864606,0.0077691360877461205
Clock,kapur,6,1,MS-LS-4S,0.021955600008368492,-20.318794272452386,3.950589569382511e-05
Clock,kapur,6,1,MS-LS-4S,0.043141899979673326,-20.319597016332654,0.0
Clock,kapur,6,1,MS-LS-conv,0.005883799982257187,-20.161731301864606,0.0077691360877461205
Clock,kapur,6,1,MS-LS-conv,0.02893689996562898,-20.319597016332654,0.0
Clock,kapur,6,2,RM-MDE,0.0009189000120386481,-17.14172208602158,0.15639458438849624
Clock,kapur,6,2,RM-MDE,0.007093799998983741,-20.161731301864606,0.0077691360877461205
Clock,kapur,6,2,MS-LS-4S,0.004240399983245879,-20.161731301864606,0.0077691360877461205
Clock,kapur,6,2,MS-LS-4S,0.09608280000975356,-20.319597016332654,0.0
Clock,kapur,6,2,MS-LS-conv,0.005333099979907274,-20.161731301864606,0.0077691360877461205
Clock,kapur,6,2,MS-LS-conv,0.12021740002091974,-20.319597016332654,0.0
Clock,kapur,6,3,RM-MDE,0.0007840999751351774,-17.62093727785971,0.13281069188054237
Clock,kapur,6,3,RM-MDE,0.0064362999983131886,-20.161731301864606,0.0077691360877461205
Clock,kapur,6,3,RM-MDE,0.021703500009607524,-20.319171680763027,2.0932283710410924e-05
Clock,kapur,6,3,RM-MDE,0.06742639996809885,-20.319597016332654,0.0
Clock,kapur,6,3,MS-LS-4S,0.004605699970852584,-17.765875590114085,0.12567775946372942
Clock,kapur,6,3,MS-LS-4S,0.013855099969077855,-20.161731301864606,0.0077691360877461205
Clock,kapur,6,3,MS-LS-4S,0.023124100000131875,-20.319171680763027,2.0932283710410924e-05
Clock,kapur,6,3,MS-LS-4S,0.19853200000943616,-20.319597016332654,0.0
Clock,kapur,6,3,MS-LS-conv,0.006715500028803945,-18.72153407407471,0.0786463895407689
Clock,kapur,6,3,MS-LS-conv,0.019371700007468462,-20.161731301864606,0.0077691360877461205
Clock,kapur,6,3,MS-LS-conv,0.029389799979981035,-20.319171680763027,2.0932283710410924e-05
Clock,kapur,6,3,MS-LS-conv,0.06683879997581244,-20.319597016332654,0.0
Clock,kapur,6,4,RM-MDE,0.000805300020147115,-16.296403773782856,0.19799572005862137
Clock,kapur,6,4,RM-MDE,0.006658000056631863,-20.064075577806438,0.012575123331473108
Clock,kapur,6,4,RM-MDE,0.01698510005371645,-20.161731301864606,0.0077691360877461205
Clock,kapur,6,4,RM-MDE,0.02624690008815378,-20.312619043638964,0.0003434109784796045
Clock,kapur,6,4,RM-MDE,0.05047709995415062,-20.319597016332654,0.0
Clock,kapur,6,4,MS-LS-4S,0.004821299982722849,-20.161731301864606,0.0077691360877461205
Clock,kapur,6,4,MS-LS-4S,0.009363399993162602,-20.319597016332654,0.0
Clock,kapur,6,4,MS-LS-conv,0.005761499982327223,-20.161731301864606,0.0077691360877461205
Clock,kapur,6,4,MS-LS-conv,0.011386199970729649,-20.319597016332654,0.0
Clock,kapur,6,5,RM-MDE,0.0007606999715790153,-16.466600317999976,0.18961973976332722
Clock,kapur,6,5,RM-MDE,0.01632599998265505,-20.161731301864606,0.0077691360877461205
Clock,kapur,6,5,RM-MDE,0.02227269997820258,-20.318794272452386,3.950589569382511e-05
Clock,kapur,6,5,RM-MDE,0.03256439993856475,-20.319597016332654,0.0
Clock,kapur,6,5,MS-LS-4S,0.004340899991802871,-20.161731301864606,0.0077691360877461205
Clock,kapur,6,5,MS-LS-4S,0.013281800027471036,-20.318794272452386,3.950589569382511e-05
Clock,kapur,6,5,MS-LS-4S,0.022487199981696904,-20.319597016332654,0.0
Clock,kapur,6,5,MS-LS-conv,0.005436799954622984,-20.161731301864606,0.0077691360877461205
Clock,kapur,6,5,MS-LS-conv,0.017522299953270704,-20.319597016332654,0.0
Clock,kapur,6,6,RM-MDE,0.0007264000014401972,-18.39751805145479,0.09459237618408087
Clock,kapur,6,6,RM-MDE,0.013667999999597669,-20.318794272452386,3.950589569382511e-05
Clock,kapur,6,6,RM-MDE,0.03646230004960671,-20.319171680763027,2.0932283710410924e-05
Clock,kapur,6,6,RM-MDE,0.06914690003031865,-20.319597016332654,0.0
Clock,kapur,6,6,MS-LS-4S,0.004089800000656396,-18.72153407407471,0.0786463895407689
Clock,kapur,6,6,MS-LS-4S,0.008401800005231053,-19.614697957942745,0.03469060227047414
Clock,kapur,6,6,MS-LS-4S,0.01267799997003749,-20.319597016332654,0.0
Clock,kapur,6,6,MS-LS-conv,0.004175899957772344,-18.72153407407471,0.0786463895407689
Clock,kapur,6,6,MS-LS-conv,0.008442399965133518,-19.614697957942745,0.03469060227047414
Clock,kapur,6,6,MS-LS-conv,0.013868999958503991,-20.319597016332654,0.0
Clock,kapur,6,7,RM-MDE,0.0007392999832518399,-17.175381227787252,0.1547380977102114
Clock,kapur,6,7,RM-MDE,0.014450999966356903,-20.161731301864606,0.0077691360877461205
Clock,kapur,6,7,RM-MDE,0.03062309994129464,-20.319171680763027,2.0932283710410924e-05
Clock,kapur,6,7,RM-MDE,0.055344299937132746,-20.319597016332654,0.0
Clock,kapur,6,7,MS-LS-4S,0.004299100022763014,-20.319597016332654,0.0
Clock,kapur,6,7,MS-LS-conv,0.004274900013115257,-20.319597016332654,0.0
Clock,kapur,6,8,RM-MDE,0.0007300999714061618,-15.43152928066239,0.2405592852919914
Clock,kapur,6,8,RM-MDE,0.006405899941455573,-20.161731301864606,0.0077691360877461205
Clock,kapur,6,8,RM-MDE,0.01305119990138337,-20.319597016332654,0.0
Clock,kapur,6,8,MS-LS-4S,0.004156499984674156,-20.318794272452386,3.950589569382511e-05
Clock,kapur,6,8,MS-LS-4S,0.05596870003500953,-20.319597016332654,0.0
Clock,kapur,6,8,MS-LS-conv,0.0063464000122621655,-20.319597016332654,0.0
Clock,kapur,6,9,RM-MDE,0.0007173000485636294,-17.094857654540576,0.15870095057495828
Clock,kapur,6,9,RM-MDE,0.006309000076726079,-20.161731301864606,0.0077691360877461205
Clock,kapur,6,9,RM-MDE,0.021490700135473162,-20.319171680763027,2.0932283710410924e-05
Clock,kapur,6,9,RM-MDE,0.027078800136223435,-20.319597016332654,0.0
Clock,kapur,6,9,MS-LS-4S,0.004377799981739372,-19.89360609821763,0.020964535751994307
Clock,kapur,6,9,MS-LS-4S,0.008884200011380017,-20.161731301864606,0.0077691360877461205
Clock,kapur,6,9,MS-LS-4S,0.013569700007792562,-20.319597016332654,0.0
Clock,kapur,6,9,MS-LS-conv,0.005355600034818053,-19.89360609821763,0.020964535751994307
Clock,kapur,6,9,MS-LS-conv,0.010844800039194524,-20.161731301864606,0.0077691360877461205
Clock,kapur,6,9,MS-LS-conv,0.016559100011363626,-20.319597016332654,0.0
Clock,kapur,7,0,RM-MDE,0.0007532999734394252,-17.323466913117635,0.22197931925942777
Clock,kapur,7,0,RM-MDE,0.0067038999404758215,-22.01055366969327,0.011475818584295118
Clock,kapur,7,0,RM-MDE,0.01802789996145293,-22.16761664028105,0.004421904958997004
Clock,kapur,7,0,RM-MDE,0.02385099994717166,-22.26564977264986,1.9102404333042174e-05
Clock,kapur,7,0,RM-MDE,0.10893139976542443,-22.266075108219486,0.0
Clock,kapur,7,0,MS-LS-4S,0.004629499977454543,-21.117389785825235,0.05158903474506897
Clock,kapur,7,0,MS-LS-4S,0.00920079997740686,-22.142107685487662,0.005567547137486341
Clock,kapur,7,0,MS-LS-4S,0.018708499963395298,-22.266075108219486,0.0
Clock,kapur,7,0,MS-LS-conv,0.004693399998359382,-21.117389785825235,0.05158903474506897
Clock,kapur,7,0,MS-LS-conv,0.01252399996155873,-22.158648376630442,0.004824681991187006
Clock,kapur,7,0,MS-LS-conv,0.02565409999806434,-22.266075108219486,0.0
Clock,kapur,7,1,RM-MDE,0.0007729000062681735,-20.125588930452906,0.09613217270503244
Clock,kapur,7,1,RM-MDE,0.01203350001014769,-21.74856359100019,0.023242152678639594
Clock,kapur,7,1,RM-MDE,0.02331620000768453,-22.120259380144237,0.006548784523834699
Clock,kapur,7,1,RM-MDE,0.05053589993622154,-22.168419384161314,0.004385852629326746
Clock,kapur,7,1,RM-MDE,0.07226519996766001,-22.26564977264986,1.9102404333042174e-05
Clock,kapur,7,1,RM-MDE,0.12506799993570894,-22.266075108219486,0.0
Clock,kapur,7,1,MS-LS-4S,0.004704300023149699,-22.26527236433922,3.605232967025758e-05
Clock,kapur,7,1,MS-LS-4S,0.0403787000104785,-22.266075108219486,0.0
Clock,kapur,7,1,MS-LS-conv,0.0071242000558413565,-22.266075108219486,0.0
Clock,kapur,7,2,RM-MDE,0.0007831000257283449,-18.955348682578936,0.14868926874401855
Clock,kapur,7,2,RM-MDE,0.006347600021399558,-20.161731301864606,0.0945089691886499
Clock,kapur,7,2,RM-MDE,0.012104600027669221,-22.266075108219486,0.0
Clock,kapur,7,2,MS-LS-4S,0.004246000025887042,-20.161731301864606,0.0945089691886499
Clock,kapur,7,2,MS-LS-4S,0.018168599985074252,-22.266075108219486,0.0
Clock,kapur,7,2,MS-LS-conv,0.006908799987286329,-21.117389785825235,0.05158903474506897
Clock,kapur,7,2,MS-LS-conv,0.021873800025787205,-22.266075108219486,0.0
Clock,kapur,7,3,RM-MDE,0.000797899963799864,-18.303163641939022,0.17797979423942395
Clock,kapur,7,3,RM-MDE,0.006304399925284088,-21.035336971056566,0.055274139298514935
Clock,kapur,7,3,RM-MDE,0.025210099935065955,-22.259097135525796,0.00031339033304141425
Clock,kapur,7,3,RM-MDE,0.05849959986517206,-22.263483512095437,0.00011639213967673607
Clock,kapur,7,3,RM-MDE,0.08140239981003106,-22.26564977264986,1.9102404333042174e-05
Clock,kapur,7,3,RM-MDE,0.09974559990223497,-22.266075108219486,0.0
Clock,kapur,7,3,MS-LS-4S,0.004521899973042309,-18.72153407407471,0.1591902037928684
Clock,kapur,7,3,MS-LS-4S,0.0137817999930121,-21.117389785825235,0.05158903474506897
Clock,kapur,7,3,MS-LS-4S,0.018382999987807125,-22.26527236433922,3.605232967025758e-05
Clock,kapur,7,3,MS-LS-4S,0.05002979998243973,-22.266075108219486,0.0
Clock,kapur,7,3,MS-LS-conv,0.004497300018556416,-18.72153407407471,0.1591902037928684
Clock,kapur,7,3,MS-LS-conv,0.014987400034442544,-21.117389785825235,0.05158903474506897
Clock,kapur,7,3,MS-LS-conv,0.021916300000157207,-22.266075108219486,0.0
Clock,kapur,7,4,RM-MDE,0.0007605000282637775,-18.175162280121047,0.18372851111906494
Clock,kapur,7,4,RM-MDE,0.0019633000483736396,-21.483996383627538,0.03512422915986862
Clock,kapur,7,4,RM-MDE,0.012369400064926594,-22.26564977264986,1.9102404333042174e-05
Clock,kapur,7,4,RM-MDE,0.031848100072238594,-22.266075108219486,0.0
Clock,kapur,7,4,MS-LS-4S,0.004824900010135025,-22.26527236433922,3.605232967025758e-05
Clock,kapur,7,4,MS-LS-4S,0.009400499984622002,-22.266075108219486,0.0
Clock,kapur,7,4,MS-LS-conv,0.0071087999967858195,-22.266075108219486,0.0
Clock,kapur,7,5,RM-MDE,0.000806200027000159,-18.809472800599913,0.1552407548622511
Clock,kapur,7,5,RM-MDE,0.0065454000141471624,-20.161731301864606,0.0945089691886499
Clock,kapur,7,5,RM-MDE,0.01680300006410107,-21.942245257361314,0.014543643155979032
Clock,kapur,7,5,RM-MDE,0.022653100022580475,-22.266075108219486,0.0
Clock,kapur,7,5,MS-LS-4S,0.0044433000148274004,-20.161731301864606,0.0945089691886499
Clock,kapur,7,5,MS-LS-4S,0.009362799988593906,-21.117389785825235,0.05158903474506897
Clock,kapur,7,5,MS-LS-4S,0.01886990002822131,-22.266075108219486,0.0
Clock,kapur,7,5,MS-LS-conv,0.006486200029030442,-21.117389785825235,0.05158903474506897
Clock,kapur,7,5,MS-LS-conv,0.021924400003626943,-22.266075108219486,0.0
Clock,kapur,7,6,RM-MDE,0.0007612000335939229,-18.39751805145479,0.17374220817824446
Clock,kapur,7,6,RM-MDE,0.024466099974233657,-22.266075108219486,0.0
Clock,kapur,7,6,MS-LS-4S,0.004232600040268153,-21.117389785825235,0.05158903474506897
Clock,kapur,7,6,MS-LS-4S,0.013297200028318912,-22.26564977264986,1.9102404333042174e-05
Clock,kapur,7,6,MS-LS-4S,0.09649760002503172,-22.266075108219486,0.0
Clock,kapur,7,6,MS-LS-conv,0.005211399984546006,-21.117389785825235,0.05158903474506897
Clock,kapur,7,6,MS-LS-conv,0.015550800017081201,-22.26564977264986,1.9102404333042174e-05
Clock,kapur,7,6,MS-LS-conv,0.034897000005003065,-22.266075108219486,0.0
Clock,kapur,7,7,RM-MDE,0.0007636999944224954,-17.72287210389474,0.20404148383778822
Clock,kapur,7,7,RM-MDE,0.006636499951127917,-18.72153407407471,0.1591902037928684
Clock,kapur,7,7,RM-MDE,0.014055799983907491,-22.01055366969327,0.011475818584295118
Clock,kapur,7,7,RM-MDE,0.043100700015202165,-22.12665382380856,0.006261601280571373
Clock,kapur,7,7,RM-MDE,0.04879080003593117,-22.16799404859169,0.004404955033659628
Clock,kapur,7,7,RM-MDE,0.054726600006688386,-22.26564977264986,1.9102404333042174e-05
Clock,kapur,7,7,RM-MDE,0.10138210013974458,-22.266075108219486,0.0
Clock,kapur,7,7,MS-LS-4S,0.004512399958912283,-22.266075108219486,0.0
Clock,kapur,7,7,MS-LS-conv,0.005686699994839728,-22.266075108219486,0.0
Clock,kapur,7,8,RM-MDE,0.0007888999534770846,-17.726689638033335,0.20387003313890933
Clock,kapur,7,8,RM-MDE,0.01108959992416203,-20.161731301864606,0.0945089691886499
Clock,kapur,7,8,RM-MDE,0.02026219991967082,-22.26564977264986,1.9102404333042174e-05
Clock,kapur,7,8,RM-MDE,0.07753950002370402,-22.266075108219486,0.0
Clock,kapur,7,8,MS-LS-4S,0.004321899963542819,-22.26527236433922,3.605232967025758e-05
Clock,kapur,7,8,MS-LS-4S,0.05009539995808154,-22.266075108219486,0.0
Clock,kapur,7,8,MS-LS-conv,0.0066874000476673245,-22.266075108219486,0.0
Clock,kapur,7,9,RM-MDE,0.0008232999825850129,-18.932657995339515,0.1497083386577388
Clock,kapur,7,9,RM-MDE,0.01249439996900037,-22.26527236433922,3.605232967025758e-05
Clock,kapur,7,9,RM-MDE,0.022930299979634583,-22.26564977264986,1.9102404333042174e-05
Clock,kapur,7,9,RM-MDE,0.09820400015451014,-22.266075108219486,0.0
Clock,kapur,7,9,MS-LS-4S,0.004537199973128736,-21.51812064246868,0.03359166184949672
Clock,kapur,7,9,MS-LS-4S,0.013680699979886413,-22.266075108219486,0.0
Clock,kapur,7,9,MS-LS-conv,0.005354299966711551,-21.51812064246868,0.03359166184949672
Clock,kapur,7,9,MS-LS-conv,0.01819689996773377,-22.266075108219486,0.0
Clock,kapur,8,0,RM-MDE,0.0008452999754808843,-20.8607393984273,0.13494389021777942
Clock,kapur,8,0,RM-MDE,0.011378999974112958,-24.105126468517273,0.0004051855306694756
Clock,kapur,8,0,RM-MDE,0.06599279993679374,-24.114897476048146,0.0
Clock,kapur,8,0,MS-LS-4S,0.004696299962233752,-23.22173359218011,0.03703784703025005
Clock,kapur,8,0,MS-LS-4S,0.009294499992392957,-24.088585777374494,0.0010910972646591519
Clock,kapur,8,0,MS-LS-4S,0.0191188000026159,-24.106578029612766,0.0003449919886096433
Clock,kapur,8,0,MS-LS-4S,0.08327949995873496,-24.11409473216788,3.32882974543666e-05
Clock,kapur,8,0,MS-LS-conv,0.0046319999964907765,-23.22173359218011,0.03703784703025005
Clock,kapur,8,0,MS-LS-conv,0.012370300013571978,-24.105126468517273,0.0004051855306694756
Clock,kapur,8,0,MS-LS-conv,0.02705279999645427,-24.114897476048146,0.0
Clock,kapur,8,1,RM-MDE,0.0008302999776788056,-19.46636806424273,0.19276587911777426
Clock,kapur,8,1,RM-MDE,0.006736499955877662,-24.114472140478522,1.7637875924871813e-05
Clock,kapur,8,1,RM-MDE,0.04469219996826723,-24.114897476048146,0.0
Clock,kapur,8,1,MS-LS-4S,0.005024199956096709,-22.26527236433922,0.07670051732735103
Clock,kapur,8,1,MS-LS-4S,0.02399749995674938,-22.966212153653895,0.04763384640283747
Clock,kapur,8,1,MS-LS-4S,0.028837599966209382,-24.05160714936966,0.002624532272689512
Clock,kapur,8,1,MS-LS-4S,0.03812019998440519,-24.105126468517273,0.0004051855306694756
Clock,kapur,8,1,MS-LS-4S,0.12207849998958409,-24.114472140478522,1.7637875924871813e-05
Clock,kapur,8,1,MS-LS-conv,0.0073250000132247806,-23.22173359218011,0.03703784703025005
Clock,kapur,8,1,MS-LS-conv,0.03666270000394434,-24.05160714936966,0.002624532272689512
Clock,kapur,8,1,MS-LS-conv,0.04919530003098771,-24.105126468517273,0.0004051855306694756
Clock,kapur,8,1,MS-LS-conv,0.16096479998668656,-24.114472140478522,1.7637875924871813e-05
Clock,kapur,8,2,RM-MDE,0.0008061000262387097,-20.690261486576837,0.14201329252478848
Clock,kapur,8,2,RM-MDE,0.01158470002701506,-24.114897476048146,0.0
Clock,kapur,8,2,MS-LS-4S,0.004269700031727552,-20.161731301864606,0.16393045743238088
Clock,kapur,8,2,MS-LS-4S,0.00886880001053214,-20.57035644190337,0.14698553197936465
Clock,kapur,8,2,MS-LS-4S,0.01357300003292039,-23.220930848299847,0.03707113532770442
Clock,kapur,8,2,MS-LS-4S,0.02292930003022775,-23.65633097463254,0.019015900933067334
Clock,kapur,8,2,MS-LS-4S,0.046208799991291016,-24.052032484939286,0.002606894396764493
Clock,kapur,8,2,MS-LS-4S,0.09551539999665692,-24.088585777374494,0.0010910972646591519
Clock,kapur,8,2,MS-LS-4S,0.18880330002866685,-24.114897476048146,0.0
Clock,kapur,8,2,MS-LS-conv,0.007115500047802925,-21.117389785825235,0.12430107543273414
Clock,kapur,8,2,MS-LS-conv,0.018698400002904236,-23.22173359218011,0.03703784703025005
Clock,kapur,8,2,MS-LS-conv,0.030334700015373528,-23.65633097463254,0.019015900933067334
Clock,kapur,8,2,MS-LS-conv,0.05793240002822131,-24.052032484939286,0.002606894396764493
Clock,kapur,8,2,MS-LS-conv,0.09140460001071915,-24.105126468517273,0.0004051855306694756
Clock,kapur,8,3,RM-MDE,0.0007960000075399876,-19.446581306571836,0.19358639920045534
Clock,kapur,8,3,RM-MDE,0.011080399970524013,-23.563778662875244,0.02285387336688015
Clock,kapur,8,3,RM-MDE,0.026151999947614968,-23.65633097463254,0.019015900933067334
Clock,kapur,8,3,RM-MDE,0.035861700016539544,-24.114897476048146,0.0
Clock,kapur,8,3,MS-LS-4S,0.004337400023359805,-18.72153407407471,0.22365276100926132
Clock,kapur,8,3,MS-LS-4S,0.009209300042130053,-23.22173359218011,0.03703784703025005
Clock,kapur,8,3,MS-LS-4S,0.027642800007015467,-24.003396498228934,0.0046237384143954525
Clock,kapur,8,3,MS-LS-4S,0.10895120003260672,-24.052032484939286,0.002606894396764493
Clock,kapur,8,3,MS-LS-4S,0.15311960002873093,-24.101052222287105,0.0005741369530926746
Clock,kapur,8,3,MS-LS-4S,0.17256730003282428,-24.114897476048146,0.0
Clock,kapur,8,3,MS-LS-conv,0.004454399982932955,-18.72153407407471,0.22365276100926132
Clock,kapur,8,3,MS-LS-conv,0.009346199978608638,-23.22173359218011,0.03703784703025005
Clock,kapur,8,3,MS-LS-conv,0.03192009998019785,-24.003396498228934,0.0046237384143954525
Clock,kapur,8,3,MS-LS-conv,0.056181799969635904,-24.105126468517273,0.0004051855306694756
Clock,kapur,8,3,MS-LS-conv,0.2292989999987185,-24.114897476048146,0.0
Clock,kapur,8,4,RM-MDE,0.0008785999962128699,-18.508093133507337,0.23250376030458786
Clock,kapur,8,4,RM-MDE,0.002158300019800663,-19.889314002691957,0.1752270967584748
Clock,kapur,8,4,RM-MDE,0.012683500070124865,-23.221308256610488,0.03705548490617492
Clock,kapur,8,4,RM-MDE,0.018577000068034977,-23.22173359218011,0.03703784703025005
Clock,kapur,8,4,RM-MDE,0.041016300150658935,-24.114472140478522,1.7637875924871813e-05
Clock,kapur,8,4,RM-MDE,0.08448300027521327,-24.114897476048146,0.0
Clock,kapur,8,4,MS-LS-4S,0.005142299982253462,-22.26527236433922,0.07670051732735103
Clock,kapur,8,4,MS-LS-4S,0.009954600012861192,-24.03532706192356,0.0032996372555022507
Clock,kapur,8,4,MS-LS-4S,0.03286640002625063,-24.101902049501582,0.0005388961972353835
Clock,kapur,8,4,MS-LS-4S,0.2088087000302039,-24.114472140478522,1.7637875924871813e-05
Clock,kapur,8,4,MS-LS-conv,0.007635999994818121,-23.22173359218011,0.03703784703025005
Clock,kapur,8,4,MS-LS-conv,0.018394800019450486,-24.105126468517273,0.0004051855306694756
Clock,kapur,8,5,RM-MDE,0.0008889000164344907,-20.82256972617894,0.1365267156179815
Clock,kapur,8,5,RM-MDE,0.002275999984703958,-20.989308761082732,0.12961235759222572
Clock,kapur,8,5,RM-MDE,0.0095486999489367,-22.966212153653895,0.04763384640283747
Clock,kapur,8,5,RM-MDE,0.015600499988067895,-23.023573793686545,0.045255165751608366
Clock,kapur,8,5,RM-MDE,0.02664990001358092,-24.052032484939286,0.002606894396764493
Clock,kapur,8,5,RM-MDE,0.03433169994968921,-24.114897476048146,0.0
Clock,kapur,8,5,MS-LS-4S,0.004393400042317808,-20.161731301864606,0.16393045743238088
Clock,kapur,8,5,MS-LS-4S,0.009604200022295117,-23.917517735360732,0.008184971173253322
Clock,kapur,8,5,MS-LS-4S,0.017823100031819195,-24.101902049501582,0.0005388961972353835
Clock,kapur,8,5,MS-LS-4S,0.09954240004299209,-24.106578029612766,0.0003449919886096433
Clock,kapur,8,5,MS-LS-conv,0.006792000029236078,-21.117389785825235,0.12430107543273414
Clock,kapur,8,5,MS-LS-conv,0.01873190002515912,-24.105126468517273,0.0004051855306694756
Clock,kapur,8,5,MS-LS-conv,0.13957589998608455,-24.114897476048146,0.0
Clock,kapur,8,6,RM-MDE,0.0008244000491686165,-19.174930429018225,0.204851256445792
Clock,kapur,8,6,RM-MDE,0.006674500065855682,-24.114897476048146,0.0
Clock,kapur,8,6,MS-LS-4S,0.0043818000121973455,-21.117389785825235,0.12430107543273414
Clock,kapur,8,6,MS-LS-4S,0.009172299993224442,-24.07313191569539,0.001731940199797135
Clock,kapur,8,6,MS-LS-4S,0.026565700012724847,-24.101902049501582,0.0005388961972353835
Clock,kapur,8,6,MS-LS-4S,0.07429789996240288,-24.105126468517273,0.0004051855306694756
Clock,kapur,8,6,MS-LS-4S,0.15521140000782907,-24.114897476048146,0.0
Clock,kapur,8,6,MS-LS-conv,0.005349500046577305,-21.117389785825235,0.12430107543273414
Clock,kapur,8,6,MS-LS-conv,0.014800300006754696,-24.105126468517273,0.0004051855306694756
Clock,kapur,8,6,MS-LS-conv,0.20984070003032684,-24.114897476048146,0.0
Clock,kapur,8,7,RM-MDE,0.0008626000490039587,-19.62893776886076,0.18602441547358917
Clock,kapur,8,7,RM-MDE,0.0070260000647976995,-24.07313191569539,0.001731940199797135
Clock,kapur,8,7,RM-MDE,0.029732600087299943,-24.105126468517273,0.0004051855306694756
Clock,kapur,8,7,RM-MDE,0.040428200096357614,-24.114897476048146,0.0
Clock,kapur,8,7,MS-LS-4S,0.004591799981426448,-24.105126468517273,0.0004051855306694756
Clock,kapur,8,7,MS-LS-4S,0.11951859999680892,-24.114897476048146,0.0
Clock,kapur,8,7,MS-LS-conv,0.0056502000079490244,-24.105126468517273,0.0004051855306694756
Clock,kapur,8,7,MS-LS-conv,0.16451500001130626,-24.114897476048146,0.0
Clock,kapur,8,8,RM-MDE,0.0008155999821610749,-18.258404471624953,0.2428578852653257
Clock,kapur,8,8,RM-MDE,0.0020687999785877764,-20.044453697309883,0.16879374182623771
Clock,kapur,8,8,RM-MDE,0.012810499989427626,-22.892952903519316,0.05067177141194621
Clock,kapur,8,8,RM-MDE,0.025695100019220263,-24.05160714936966,0.002624532272689512
Clock,kapur,8,8,RM-MDE,0.04565109999384731,-24.099103677826864,0.0006549394720408195
Clock,kapur,8,8,RM-MDE,0.053725100005976856,-24.114472140478522,1.7637875924871813e-05
Clock,kapur,8,8,RM-MDE,0.08996799995657057,-24.114897476048146,0.0
Clock,kapur,8,8,MS-LS-4S,0.0039724999805912375,-22.26527236433922,0.07670051732735103
Clock,kapur,8,8,MS-LS-4S,0.024382999981753528,-24.03532706192356,0.0032996372555022507
Clock,kapur,8,8,MS-LS-4S,0.0648576999665238,-24.114472140478522,1.7637875924871813e-05
Clock,kapur,8,8,MS-LS-conv,0.006309100019279867,-23.22173359218011,0.03703784703025005
Clock,kapur,8,8,MS-LS-conv,0.036680699966382235,-24.105126468517273,0.0004051855306694756
Clock,kapur,8,8,MS-LS-conv,0.08819779998157173,-24.114472140478522,1.7637875924871813e-05
Clock,kapur,8,9,RM-MDE,0.000817699998151511,-19.89813236714471,0.17486141556652643
Clock,kapur,8,9,RM-MDE,0.01077130000339821,-23.9690817479729,0.006046707360878274
Clock,kapur,8,9,RM-MDE,0.020776999997906387,-24.105126468517273,0.0004051855306694756
Clock,kapur,8,9,RM-MDE,0.06429240002762526,-24.114472140478522,1.7637875924871813e-05
Clock,kapur,8,9,RM-MDE,0.07151940005132928,-24.114897476048146,0.0
Clock,kapur,8,9,MS-LS-4S,0.004366400011349469,-23.025231306791696,0.0451864317623058
Clock,kapur,8,9,MS-LS-4S,0.013950399996247143,-24.03532706192356,0.0032996372555022507
Clock,kapur,8,9,MS-LS-4S,0.05438679998042062,-24.105126468517273,0.0004051855306694756
Clock,kapur,8,9,MS-LS-4S,0.12020320002920926,-24.114897476048146,0.0
Clock,kapur,8,9,MS-LS-conv,0.005485100031364709,-23.025231306791696,0.0451864317623058
Clock,kapur,8,9,MS-LS-conv,0.012919100001454353,-23.22173359218011,0.03703784703025005
Clock,kapur,8,9,MS-LS-conv,0.023636500001884997,-24.105126468517273,0.0004051855306694756
Clock,kapur,8,9,MS-LS-conv,0.18418330000713468,-24.114897476048146,0.0
Clock,mcet,6,0,RM-MDE,0.0016138000064529479,-88421400.36450782,0.00010860621951472383
Clock,mcet,6,0,RM-MDE,0.006380699982400984,-88429768.77572626,1.3974124541847877e-05
Clock,mcet,6,0,RM-MDE,0.015142799937166274,-88430751.44293568,2.861877036204776e-06
Clock,mcet,6,0,RM-MDE,0.03127329994458705,-88430884.4963729,1.3572753646770545e-06
Clock,mcet,6,0,RM-MDE,0.03943669993896037,-88431002.39013681,2.4103084745392558e-08
Clock,mcet,6,0,RM-MDE,0.048579499882180244,-88431002.64013867,2.1276000918881314e-08
Clock,mcet,6,0,RM-MDE,0.06773199990857393,-88431004.5215968,0.0
Clock,mcet,6,0,MS-LS-4S,0.0035779000027105212,-88430749.23169307,2.8868823226791073e-06
Clock,mcet,6,0,MS-LS-4S,0.010714599979110062,-88430822.55298012,2.0577468011784267e-06
Clock,mcet,6,0,MS-LS-4S,0.08204970002407208,-88430959.13428134,5.132511579229593e-07
Clock,mcet,6,0,MS-LS-4S,0.12462369998684153,-88430971.75579493,3.705239135758233e-07
Clock,mcet,6,0,MS-LS-4S,0.13869320001685992,-88431002.39013681,2.4103084745392558e-08
Clock,mcet,6,0,MS-LS-conv,0.008022000023629516,-88431004.5215968,0.0
Clock,mcet,6,1,RM-MDE,0.0007334999972954392,-88421464.77547473,0.00010787784413041797
Clock,mcet,6,1,RM-MDE,0.00829239998711273,-88431002.64013867,2.1276000918881314e-08
Clock,mcet,6,1,RM-MDE,0.028381299984175712,-88431004.27159494,2.8270838265112463e-09
Clock,mcet,6,1,RM-MDE,0.07396989996777847,-88431004.5215968,0.0
Clock,mcet,6,1,MS-LS-4S,0.0035562999546527863,-88430569.30856696,4.921498203045521e-06
Clock,mcet,6,1,MS-LS-4S,0.00687909999396652,-88430864.11142519,1.5877934709969956e-06
Clock,mcet,6,1,MS-LS-4S,0.02747779997298494,-88430951.86685033,5.9543309224737e-07
Clock,mcet,6,1,MS-LS-4S,0.06235659995581955,-88431001.46198322,3.459887854971592e-08
Clock,mcet,6,1,MS-LS-4S,0.09642129996791482,-88431002.64013867,2.1276000918881314e-08
Clock,mcet,6,1,MS-LS-conv,0.006185999955050647,-88431004.5215968,0.0
Clock,mcet,6,2,RM-MDE,0.0006758000236004591,-88425632.75792682,6.074525217759626e-05
Clock,mcet,6,2,RM-MDE,0.011737700027879328,-88430951.86685033,5.9543309224737e-07
Clock,mcet,6,2,RM-MDE,0.03094769996823743,-88431002.64013867,2.1276000918881314e-08
Clock,mcet,6,2,RM-MDE,0.08614950010087341,-88431004.27159494,2.8270838265112463e-09
Clock,mcet,6,2,MS-LS-4S,0.003409600001759827,-88430660.85500479,3.886268101058211e-06
Clock,mcet,6,2,MS-LS-4S,0.031014699954539537,-88430749.23169307,2.8868823226791073e-06
Clock,mcet,6,2,MS-LS-4S,0.044786699989344925,-88430971.75579493,3.705239135758233e-07
Clock,mcet,6,2,MS-LS-4S,0.09328179998556152,-88431002.64013867,2.1276000918881314e-08
Clock,mcet,6,2,MS-LS-conv,0.006576200015842915,-88431002.39013681,2.4103084745392558e-08
Clock,mcet,6,2,MS-LS-conv,0.022826700005680323,-88431004.5215968,0.0
Clock,mcet,6,3,RM-MDE,0.0007460999768227339,-88420221.79656939,0.00012193376164554137
Clock,mcet,6,3,RM-MDE,0.009767499926965684,-88431002.64013867,2.1276000918881314e-08
Clock,mcet,6,3,RM-MDE,0.05663899990031496,-88431004.5215968,0.0
Clock,mcet,6,3,MS-LS-4S,0.0032041999511420727,-88428270.95525119,3.0911854506295674e-05
Clock,mcet,6,3,MS-LS-4S,0.010050699987914413,-88430971.75579493,3.705239135758233e-07
Clock,mcet,6,3,MS-LS-4S,0.037984800001140684,-88431004.5215968,0.0
Clock,mcet,6,3,MS-LS-conv,0.007766900002025068,-88429644.82331601,1.5375809515590657e-05
Clock,mcet,6,3,MS-LS-conv,0.02150390000315383,-88431002.64013867,2.1276000918881314e-08
Clock,mcet,6,3,MS-LS-conv,0.035699799947906286,-88431004.5215968,0.0
Clock,mcet,6,4,RM-MDE,0.0007187000010162592,-88413857.07182348,0.00019390766695564032
Clock,mcet,6,4,RM-MDE,0.001869700034148991,-88420363.91779485,0.00012032661914806296
Clock,mcet,6,4,RM-MDE,0.006743500009179115,-88428827.22627084,2.4621402162552e-05
Clock,mcet,6,4,RM-MDE,0.011222500004805624,-88431002.39013681,2.4103084745392558e-08
Clock,mcet,6,4,RM-MDE,0.02723780000815168,-88431002.64013867,2.1276000918881314e-08
Clock,mcet,6,4,MS-LS-4S,0.0037587000406347215,-88430087.91374035,1.0365231757925007e-05
Clock,mcet,6,4,MS-LS-4S,0.015133899985812604,-88430884.4963729,1.3572753646770545e-06
Clock,mcet,6,4,MS-LS-4S,0.025632500008214265,-88431002.39013681,2.4103084745392558e-08
Clock,mcet,6,4,MS-LS-4S,0.07362310000462458,-88431002.64013867,2.1276000918881314e-08
Clock,mcet,6,4,MS-LS-conv,0.008755800023209304,-88431004.5215968,0.0
Clock,mcet,6,5,RM-MDE,0.0006970000104047358,-88414097.13530248,0.0001911929688663784
Clock,mcet,6,5,RM-MDE,0.004827900032978505,-88426160.20680538,5.4780727841251354e-05
Clock,mcet,6,5,RM-MDE,0.009548500063829124,-88428827.22627084,2.4621402162552e-05
Clock,mcet,6,5,RM-MDE,0.020518600067589432,-88431002.64013867,2.1276000918881314e-08
Clock,mcet,6,5,RM-MDE,0.0440218000439927,-88431004.5215968,0.0
Clock,mcet,6,5,MS-LS-4S,0.0035964000271633267,-88429504.8998021,1.695809973903872e-05
Clock,mcet,6,5,MS-LS-4S,0.014415100042242557,-88430081.23282322,1.044078124608319e-05
Clock,mcet,6,5,MS-LS-4S,0.025050500000361353,-88430971.75579493,3.705239135758233e-07
Clock,mcet,6,5,MS-LS-4S,0.041979300032835454,-88431002.64013867,2.1276000918881314e-08
Clock,mcet,6,5,MS-LS-conv,0.007682499999646097,-88431002.39013681,2.4103084745392558e-08
Clock,mcet,6,5,MS-LS-conv,0.05208560003666207,-88431002.64013867,2.1276000918881314e-08
Clock,mcet,6,5,MS-LS-conv,0.0937625000369735,-88431004.5215968,0.0
Clock,mcet,6,6,RM-MDE,0.0007404999923892319,-88418717.30178006,0.0001389469664312534
Clock,mcet,6,6,RM-MDE,0.01306319999275729,-88430453.95304596,6.225967394790355e-06
Clock,mcet,6,6,RM-MDE,0.022287299972958863,-88430499.57887915,5.710019018648319e-06
Clock,mcet,6,6,RM-MDE,0.033664200047496706,-88431002.39013681,2.4103084745392558e-08
Clock,mcet,6,6,RM-MDE,0.04980120010441169,-88431002.64013867,2.1276000918881314e-08
Clock,mcet,6,6,RM-MDE,0.05889060004847124,-88431004.5215968,0.0
Clock,mcet,6,6,MS-LS-4S,0.0032803999492898583,-88429504.8998021,1.695809973903872e-05
Clock,mcet,6,6,MS-LS-4S,0.006686899985652417,-88430951.86685033,5.9543309224737e-07
Clock,mcet,6,6,MS-LS-4S,0.08893559995340183,-88431002.39013681,2.4103084745392558e-08
Clock,mcet,6,6,MS-LS-conv,0.007333999965339899,-88431002.39013681,2.4103084745392558e-08
Clock,mcet,6,6,MS-LS-conv,0.01241719996323809,-88431002.64013867,2.1276000918881314e-08
Clock,mcet,6,6,MS-LS-conv,0.02163440000731498,-88431004.5215968,0.0
Clock,mcet,6,7,RM-MDE,0.0006708999862894416,-88422875.2982536,9.192729843098294e-05
Clock,mcet,6,7,RM-MDE,0.011841600004117936,-88430864.11142519,1.5877934709969956e-06
Clock,mcet,6,7,RM-MDE,0.016302399977575988,-88430982.54276718,2.485421232199275e-07
Clock,mcet,6,7,RM-MDE,0.025299100030679256,-88431002.64013867,2.1276000918881314e-08
Clock,mcet,6,7,RM-MDE,0.04000310000265017,-88431004.27159494,2.8270838265112463e-09
Clock,mcet,6,7,RM-MDE,0.04451139998855069,-88431004.5215968,0.0
Clock,mcet,6,7,MS-LS-4S,0.003635199973359704,-88429792.91149856,1.3701191169290154e-05
Clock,mcet,6,7,MS-LS-4S,0.010727599961683154,-88430660.85500479,3.886268101058211e-06
Clock,mcet,6,7,MS-LS-4S,0.014191999973263592,-88430715.94755152,3.263267751471786e-06
Clock,mcet,6,7,MS-LS-4S,0.02764519996708259,-88431002.64013867,2.1276000918881314e-08
Clock,mcet,6,7,MS-LS-conv,0.006125500018242747,-88429801.56550115,1.3603329535366791e-05
Clock,mcet,6,7,MS-LS-conv,0.013629900000523776,-88431002.39013681,2.4103084745392558e-08
Clock,mcet,6,7,MS-LS-conv,0.057288300013169646,-88431002.64013867,2.1276000918881314e-08
Clock,mcet,6,7,MS-LS-conv,0.16115020000142977,-88431004.5215968,0.0
Clock,mcet,6,8,RM-MDE,0.0006829999620094895,-88421959.99826385,0.0001022777405038363
Clock,mcet,6,8,RM-MDE,0.005685099924448878,-88429768.77572626,1.3974124541847877e-05
Clock,mcet,6,8,RM-MDE,0.019919099926482886,-88429801.56550115,1.3603329535366791e-05
Clock,mcet,6,8,RM-MDE,0.03159649990266189,-88430971.75579493,3.705239135758233e-07
Clock,mcet,6,8,RM-MDE,0.043204199930187315,-88430982.54276718,2.485421232199275e-07
Clock,mcet,6,8,RM-MDE,0.061706800013780594,-88431004.27159494,2.8270838265112463e-09
Clock,mcet,6,8,MS-LS-4S,0.0037565999664366245,-88430087.91374035,1.0365231757925007e-05
Clock,mcet,6,8,MS-LS-4S,0.013110300002153963,-88430715.94755152,3.263267751471786e-06
Clock,mcet,6,8,MS-LS-4S,0.039420399989467114,-88430982.54276718,2.485421232199275e-07
Clock,mcet,6,8,MS-LS-4S,0.0457009999663569,-88431002.64013867,2.1276000918881314e-08
Clock,mcet,6,8,MS-LS-conv,0.008572899969294667,-88431004.5215968,0.0
Clock,mcet,6,9,RM-MDE,0.0006751999608241022,-88421746.74520399,0.0001046892596426013
Clock,mcet,6,9,RM-MDE,0.011835299956146628,-88429795.96752475,1.3666632857903188e-05
Clock,mcet,6,9,RM-MDE,0.01847999991150573,-88429801.56550115,1.3603329535366791e-05
Clock,mcet,6,9,RM-MDE,0.029311099962797016,-88431002.39013681,2.4103084745392558e-08
Clock,mcet,6,9,RM-MDE,0.05068439990282059,-88431004.5215968,0.0
Clock,mcet,6,9,MS-LS-4S,0.003714199992828071,-88429739.24607117,1.4308053295046674e-05
Clock,mcet,6,9,MS-LS-4S,0.011366499995347112,-88429768.77572626,1.3974124541847877e-05
Clock,mcet,6,9,MS-LS-4S,0.02927230001660064,-88431002.64013867,2.1276000918881314e-08
Clock,mcet,6,9,MS-LS-4S,0.11029809998581186,-88431004.5215968,0.0
Clock,mcet,6,9,MS-LS-conv,0.007286100008059293,-88429801.56550115,1.3603329535366791e-05
Clock,mcet,6,9,MS-LS-conv,0.014658099971711636,-88431002.39013681,2.4103084745392558e-08
Clock,mcet,6,9,MS-LS-conv,0.05470269999932498,-88431002.64013867,2.1276000918881314e-08
Clock,mcet,6,9,MS-LS-conv,0.07199879997642711,-88431004.27159494,2.8270838265112463e-09
Clock,mcet,6,9,MS-LS-conv,0.0997438000049442,-88431004.5215968,0.0
Clock,mcet,7,0,RM-MDE,0.0007533999742008746,-88420224.55662735,0.00013485959278252557
Clock,mcet,7,0,RM-MDE,0.005573399947024882,-88431198.90025863,1.076056803121566e-05
Clock,mcet,7,0,RM-MDE,0.01740459998836741,-88431763.68106057,4.3739676956061615e-06
Clock,mcet,7,0,RM-MDE,0.022075499990023673,-88431769.04948679,4.313260970852059e-06
Clock,mcet,7,0,RM-MDE,0.04671030002646148,-88432150.48043002,0.0
Clock,mcet,7,0,MS-LS-4S,0.003624800010584295,-88431500.57812649,7.349163172002573e-06
Clock,mcet,7,0,MS-LS-4S,0.007527199981268495,-88431693.51081532,5.16746016258657e-06
Clock,mcet,7,0,MS-LS-4S,0.01857459999155253,-88432128.08778688,2.532183489501566e-07
Clock,mcet,7,0,MS-LS-4S,0.1764625000068918,-88432135.50169201,1.6938113489894652e-07
Clock,mcet,7,0,MS-LS-conv,0.0068292999640107155,-88431770.1568969,4.300738261498419e-06
Clock,mcet,7,0,MS-LS-conv,0.014263899996876717,-88431770.9309449,4.29198524580934e-06
Clock,mcet,7,0,MS-LS-conv,0.023488299979362637,-88432113.8448494,4.142789746724272e-07
Clock,mcet,7,0,MS-LS-conv,0.03411489998688921,-88432128.08778688,2.532183489501566e-07
Clock,mcet,7,1,RM-MDE,0.0007204000139608979,-88421464.77547473,0.00012083506843655767
Clock,mcet,7,1,RM-MDE,0.005445100017823279,-88430875.77260473,1.4414529312733026e-05
Clock,mcet,7,1,RM-MDE,0.015350299945566803,-88431714.87615481,4.9258586706889e-06
Clock,mcet,7,1,RM-MDE,0.025568599929101765,-88432092.0634121,6.60585744035853e-07
Clock,mcet,7,1,RM-MDE,0.034665699931792915,-88432113.8448494,4.142789746724272e-07
Clock,mcet,7,1,RM-MDE,0.06379890005337074,-88432131.38835365,2.1589519504340875e-07
Clock,mcet,7,1,RM-MDE,0.07233910000650212,-88432134.45077574,1.8126500590866653e-07
Clock,mcet,7,1,RM-MDE,0.07855870004277676,-88432137.82707196,1.430854953588569e-07
Clock,mcet,7,1,RM-MDE,0.08156200003577396,-88432150.48043002,0.0
Clock,mcet,7,1,MS-LS-4S,0.0038372999988496304,-88430357.3337481,2.027709008746221e-05
Clock,mcet,7,1,MS-LS-4S,0.007321099983528256,-88431401.54844648,8.469001143550849e-06
Clock,mcet,7,1,MS-LS-4S,0.01775260001886636,-88431643.14402375,5.737013105747137e-06
Clock,mcet,7,1,MS-LS-4S,0.0249014999717474,-88431646.57813106,5.698179861278197e-06
Clock,mcet,7,1,MS-LS-4S,0.028580499987583607,-88431770.1568969,4.300738261498419e-06
Clock,mcet,7,1,MS-LS-4S,0.09956930001499131,-88432113.8448494,4.142789746724272e-07
Clock,mcet,7,1,MS-LS-conv,0.008063700050115585,-88431770.1568969,4.300738261498419e-06
Clock,mcet,7,1,MS-LS-conv,0.015666200022678822,-88432113.8448494,4.142789746724272e-07
Clock,mcet,7,2,RM-MDE,0.0007524000247940421,-88426156.97675043,6.777516601176397e-05
Clock,mcet,7,2,RM-MDE,0.004993600014131516,-88427981.7170199,4.7140812334352846e-05
Clock,mcet,7,2,RM-MDE,0.012227899977006018,-88431494.98015007,7.41246567438363e-06
Clock,mcet,7,2,RM-MDE,0.02150089992210269,-88431765.9934606,4.34781883441092e-06
Clock,mcet,7,2,RM-MDE,0.033724699926096946,-88431839.46847923,3.51695564453913e-06
Clock,mcet,7,2,RM-MDE,0.047013199888169765,-88432138.62367444,1.3407743134214826e-07
Clock,mcet,7,2,RM-MDE,0.0767487998236902,-88432150.48043002,0.0
Clock,mcet,7,2,MS-LS-4S,0.003375799977220595,-88430974.78263581,1.3294913533444743e-05
Clock,mcet,7,2,MS-LS-4S,0.010138200013898313,-88431556.0761735,6.721585456119794e-06
Clock,mcet,7,2,MS-LS-4S,0.014003799995407462,-88431730.9152587,4.744486807534049e-06
Clock,mcet,7,2,MS-LS-4S,0.08227130002342165,-88432006.72683561,1.6255806698403459e-06
Clock,mcet,7,2,MS-LS-4S,0.08600160002242774,-88432026.7712482,1.398916357267175e-06
Clock,mcet,7,2,MS-LS-conv,0.008539500006008893,-88432113.8448494,4.142789746724272e-07
Clock,mcet,7,3,RM-MDE,0.0007805000059306622,-88422617.59471875,0.00010779886793974564
Clock,mcet,7,3,RM-MDE,0.0052983000059612095,-88432055.27485308,1.0765946143358788e-06
Clock,mcet,7,3,RM-MDE,0.026275499898474663,-88432113.8448494,4.142789746724272e-07
Clock,mcet,7,3,RM-MDE,0.05014939984539524,-88432138.62367444,1.3407743134214826e-07
Clock,mcet,7,3,RM-MDE,0.07837139978073537,-88432147.16369411,3.7505996296257467e-08
Clock,mcet,7,3,RM-MDE,0.08423529978608713,-88432150.48043002,0.0
Clock,mcet,7,3,MS-LS-4S,0.0032056000200100243,-88428646.26240776,3.962606363431782e-05
Clock,mcet,7,3,MS-LS-4S,0.006547900033183396,-88428896.5179329,3.67961480008929e-05
Clock,mcet,7,3,MS-LS-4S,0.01017570000840351,-88431709.2781784,4.989161173069957e-06
Clock,mcet,7,3,MS-LS-4S,0.0315734000178054,-88431814.39510757,3.800487951821857e-06
Clock,mcet,7,3,MS-LS-4S,0.1014213000307791,-88432108.74283978,4.7197303256453613e-07
Clock,mcet,7,3,MS-LS-4S,0.16534360003424808,-88432113.8448494,4.142789746724272e-07
Clock,mcet,7,3,MS-LS-conv,0.015130500018130988,-88432113.8448494,4.142789746724272e-07
Clock,mcet,7,4,RM-MDE,0.0007398999878205359,-88419215.07702093,0.00014627489367632438
Clock,mcet,7,4,RM-MDE,0.017074299976229668,-88431768.28877708,4.321863155677779e-06
Clock,mcet,7,4,RM-MDE,0.034327999979723245,-88432135.55467148,1.6878203752303187e-07
Clock,mcet,7,4,RM-MDE,0.03891880001174286,-88432150.48043002,0.0
Clock,mcet,7,4,MS-LS-4S,0.0038600999978370965,-88431711.0263141,4.969393071861012e-06
Clock,mcet,7,4,MS-LS-4S,0.02232340001501143,-88431769.04948679,4.313260970852059e-06
Clock,mcet,7,4,MS-LS-4S,0.043985299998894334,-88431976.48360851,1.967574242654168e-06
Clock,mcet,7,4,MS-LS-4S,0.05380890000378713,-88432083.6499381,7.557261872777225e-07
Clock,mcet,7,4,MS-LS-4S,0.2346535999677144,-88432113.8448494,4.142789746724272e-07
Clock,mcet,7,4,MS-LS-conv,0.005655500048305839,-88431769.04948679,4.313260970852059e-06
Clock,mcet,7,4,MS-LS-conv,0.01289890002226457,-88431770.1568969,4.300738261498419e-06
Clock,mcet,7,4,MS-LS-conv,0.03717820002930239,-88432113.8448494,4.142789746724272e-07
Clock,mcet,7,5,RM-MDE,0.0007637999951839447,-88421482.55762595,0.00012063398601205908
Clock,mcet,7,5,RM-MDE,0.005482800013851374,-88431500.57812649,7.349163172002573e-06
Clock,mcet,7,5,RM-MDE,0.013846799964085221,-88431676.56831965,5.359047674389127e-06
Clock,mcet,7,5,RM-MDE,0.021877799998037517,-88431814.39510757,3.800487951821857e-06
Clock,mcet,7,5,RM-MDE,0.02308790001552552,-88432016.07460703,1.5198750936410705e-06
Clock,mcet,7,5,RM-MDE,0.04281860002083704,-88432113.8448494,4.142789746724272e-07
Clock,mcet,7,5,RM-MDE,0.07669530005659908,-88432150.48043002,0.0
Clock,mcet,7,5,MS-LS-4S,0.0034441000316292048,-88429599.48300503,2.8846945495851905e-05
Clock,mcet,7,5,MS-LS-4S,0.007233700016513467,-88429719.97954479,2.7484358030749816e-05
Clock,mcet,7,5,MS-LS-4S,0.010866500029806048,-88431445.48557976,7.972155448362804e-06
Clock,mcet,7,5,MS-LS-4S,0.014690399984829128,-88431498.0180833,7.378112407908759e-06
Clock,mcet,7,5,MS-LS-4S,0.021783400035928935,-88431736.0445921,4.686483769454355e-06
Clock,mcet,7,5,MS-LS-4S,0.03250780003145337,-88432026.7712482,1.398916357267175e-06
Clock,mcet,7,5,MS-LS-4S,0.0359168000286445,-88432150.48043002,0.0
Clock,mcet,7,5,MS-LS-conv,0.009168900025542825,-88432113.8448494,4.142789746724272e-07
Clock,mcet,7,5,MS-LS-conv,0.08300770004279912,-88432150.48043002,0.0
Clock,mcet,7,6,RM-MDE,0.0007836000295355916,-88418036.67163923,0.00015960042489197897
Clock,mcet,7,6,RM-MDE,0.025001800036989152,-88431765.9934606,4.34781883441092e-06
Clock,mcet,7,6,RM-MDE,0.043311300047207624,-88431769.04948679,4.313260970852059e-06
Clock,mcet,7,6,RM-MDE,0.05678660003468394,-88432107.47727612,4.862841587776275e-07
Clock,mcet,7,6,RM-MDE,0.06961450004018843,-88432150.48043002,0.0
Clock,mcet,7,6,MS-LS-4S,0.0033499000128358603,-88431768.28877708,4.321863155677779e-06
Clock,mcet,7,6,MS-LS-4S,0.040171700005885214,-88432026.7712482,1.398916357267175e-06
Clock,mcet,7,6,MS-LS-4S,0.05934989999514073,-88432083.6499381,7.557261872777225e-07
Clock,mcet,7,6,MS-LS-4S,0.1594638000242412,-88432113.8448494,4.142789746724272e-07
Clock,mcet,7,6,MS-LS-4S,0.21613559999968857,-88432114.83732176,4.030559934364549e-07
Clock,mcet,7,6,MS-LS-conv,0.006521800009068102,-88432113.8448494,4.142789746724272e-07
Clock,mcet,7,7,RM-MDE,0.0007063000230118632,-88424257.93109295,8.924977278281587e-05
Clock,mcet,7,7,RM-MDE,0.008440100064035505,-88431714.87615481,4.9258586706889e-06
Clock,mcet,7,7,RM-MDE,0.01757660007569939,-88432123.20626144,3.084191488344078e-07
Clock,mcet,7,7,RM-MDE,0.04257939994568005,-88432128.08778688,2.532183489501566e-07
Clock,mcet,7,7,RM-MDE,0.05546659987885505,-88432135.55467148,1.6878203752303187e-07
Clock,mcet,7,7,RM-MDE,0.059201099909842014,-88432150.48043002,0.0
Clock,mcet,7,7,MS-LS-4S,0.0037172000156715512,-88431706.2221522,5.0237190366288185e-06
Clock,mcet,7,7,MS-LS-4S,0.024574799987021834,-88432064.89631829,9.677940802102787e-07
Clock,mcet,7,7,MS-LS-conv,0.005302199977450073,-88431769.04948679,4.313260970852059e-06
Clock,mcet,7,7,MS-LS-conv,0.014308899990282953,-88432113.8448494,4.142789746724272e-07
Clock,mcet,7,8,RM-MDE,0.0006991999689489603,-88426286.65649287,6.630873393094196e-05
Clock,mcet,7,8,RM-MDE,0.011271699971985072,-88430522.98868003,1.840384680396491e-05
Clock,mcet,7,8,RM-MDE,0.01919569994788617,-88431714.87615481,4.9258586706889e-06
Clock,mcet,7,8,RM-MDE,0.0310573999886401,-88431955.53256135,2.204490873691185e-06
Clock,mcet,7,8,RM-MDE,0.039135899976827204,-88432139.74752393,1.2136882378098653e-07
Clock,mcet,7,8,RM-MDE,0.04726439999649301,-88432150.48043002,0.0
Clock,mcet,7,8,MS-LS-4S,0.0035416000173427165,-88429728.86311728,2.7383901664589308e-05
Clock,mcet,7,8,MS-LS-4S,0.009944300050847232,-88431769.04948679,4.313260970852059e-06
Clock,mcet,7,8,MS-LS-4S,0.04654370003845543,-88432138.62367444,1.3407743134214826e-07
Clock,mcet,7,8,MS-LS-4S,0.187574100040365,-88432139.74752393,1.2136882378098653e-07
Clock,mcet,7,8,MS-LS-conv,0.008813199994619936,-88431770.1568969,4.300738261498419e-06
Clock,mcet,7,8,MS-LS-conv,0.025152200018055737,-88432113.8448494,4.142789746724272e-07
Clock,mcet,7,8,MS-LS-conv,0.14288830000441521,-88432150.48043002,0.0
Clock,mcet,7,9,RM-MDE,0.0007654000073671341,-88424839.17058417,8.267705586858775e-05
Clock,mcet,7,9,RM-MDE,0.008902599976863712,-88430160.88146034,2.2498593089436948e-05
Clock,mcet,7,9,RM-MDE,0.02225519996136427,-88430207.93231307,2.196653712929966e-05
Clock,mcet,7,9,RM-MDE,0.026662099931854755,-88430774.34783845,1.5561451170181837e-05
Clock,mcet,7,9,RM-MDE,0.03706969990162179,-88431412.79639919,8.341808118689923e-06
Clock,mcet,7,9,RM-MDE,0.04547009983798489,-88432113.8448494,4.142789746724272e-07
Clock,mcet,7,9,RM-MDE,0.058688299846835434,-88432150.48043002,0.0
Clock,mcet,7,9,MS-LS-4S,0.0038157000089995563,-88430103.2619054,2.315016103869356e-05
Clock,mcet,7,9,MS-LS-4S,0.010903400019742548,-88431706.2221522,5.0237190366288185e-06
Clock,mcet,7,9,MS-LS-4S,0.02904390002368018,-88432083.6499381,7.557261872777225e-07
Clock,mcet,7,9,MS-LS-conv,0.008309600001666695,-88430190.9495539,2.2158579944842655e-05
Clock,mcet,7,9,MS-LS-conv,0.01777350000338629,-88432113.8448494,4.142789746724272e-07
Clock,mcet,8,0,RM-MDE,0.0007732999511063099,-88420224.55662735,0.00014333372698838368
Clock,mcet,8,0,RM-MDE,0.00201489997562021,-88422995.47079487,0.00011200020554619085
Clock,mcet,8,0,RM-MDE,0.010235699941404164,-88432182.06025086,8.118172290276878e-06
Clock,mcet,8,0,RM-MDE,0.02545259997714311,-88432893.50852865,7.310899372769339e-08
Clock,mcet,8,0,MS-LS-4S,0.003678700013551861,-88432861.39072433,4.3629740356377545e-07
Clock,mcet,8,0,MS-LS-4S,0.15595639997627586,-88432862.34983239,4.2545180136230517e-07
Clock,mcet,8,0,MS-LS-4S,0.19549900002311915,-88432896.59940174,3.8157373987418387e-08
Clock,mcet,8,0,MS-LS-conv,0.0054722000495530665,-88432865.17161134,3.9354310048387184e-07
Clock,mcet,8,0,MS-LS-conv,0.02254730003187433,-88432887.54154134,1.4058373800962906e-07
Clock,mcet,8,1,RM-MDE,0.0007828999659977853,-88424655.29998918,9.323084261904873e-05
Clock,mcet,8,1,RM-MDE,0.005156699975486845,-88431556.0761735,1.5196805667107063e-05
Clock,mcet,8,1,RM-MDE,0.014515999937430024,-88432735.93190947,1.854986770265579e-06
Clock,mcet,8,1,RM-MDE,0.06235759990522638,-88432808.00306089,1.04000556483353e-06
Clock,mcet,8,1,RM-MDE,0.0664502999279648,-88432827.71632367,8.170878183008689e-07
Clock,mcet,8,1,RM-MDE,0.0728115999372676,-88432864.53991075,4.0068637623803405e-07
Clock,mcet,8,1,RM-MDE,0.07856049994006753,-88432886.88143343,1.4804824398906532e-07
Clock,mcet,8,1,RM-MDE,0.08447909995447844,-88432899.97376898,0.0
Clock,mcet,8,1,MS-LS-4S,0.0038111000321805477,-88430583.08588305,2.6199388311537796e-05
Clock,mcet,8,1,MS-LS-4S,0.007631500018760562,-88431633.67262203,1.4319344354079863e-05
Clock,mcet,8,1,MS-LS-4S,0.014781499980017543,-88431783.10336956,1.2629580164698655e-05
Clock,mcet,8,1,MS-LS-4S,0.018289500032551587,-88432348.36276591,6.237622007586418e-06
Clock,mcet,8,1,MS-LS-4S,0.022206599998753518,-88432871.95381586,3.1684987289895336e-07
Clock,mcet,8,1,MS-LS-4S,0.04737320001004264,-88432891.07428586,1.006354322556508e-07
Clock,mcet,8,1,MS-LS-4S,0.09390079998411238,-88432893.50852865,7.310899372769339e-08
Clock,mcet,8,1,MS-LS-conv,0.0097237000009045,-88432865.17161134,3.9354310048387184e-07
Clock,mcet,8,1,MS-LS-conv,0.022064699965994805,-88432887.54154134,1.4058373800962906e-07
Clock,mcet,8,1,MS-LS-conv,0.059141699981410056,-88432893.50852865,7.310899372769339e-08
Clock,mcet,8,2,RM-MDE,0.0007699999841861427,-88429371.74044275,3.9897293058047624e-05
Clock,mcet,8,2,RM-MDE,0.0052689999574795365,-88432701.63648997,2.2427996714533813e-06
Clock,mcet,8,2,RM-MDE,0.014863599964883178,-88432831.19581304,7.777417223093022e-07
Clock,mcet,8,2,RM-MDE,0.04437719995621592,-88432878.32549608,2.447988577576307e-07
Clock,mcet,8,2,RM-MDE,0.05019969993736595,-88432893.50852865,7.310899372769339e-08
Clock,mcet,8,2,MS-LS-4S,0.003316999995149672,-88430974.78263581,2.177007803365457e-05
Clock,mcet,8,2,MS-LS-4S,0.0102824000059627,-88432555.20614718,3.898635257947762e-06
Clock,mcet,8,2,MS-LS-4S,0.01772289996733889,-88432875.07579829,2.8154646855082815e-07
Clock,mcet,8,2,MS-LS-4S,0.03562849998706952,-88432883.10054642,1.908025470689689e-07
Clock,mcet,8,2,MS-LS-conv,0.012483600003179163,-88432887.54154134,1.4058373800962906e-07
Clock,mcet,8,2,MS-LS-conv,0.046850399987306446,-88432891.07428586,1.006354322556508e-07
Clock,mcet,8,2,MS-LS-conv,0.062060499971266836,-88432893.50852865,7.310899372769339e-08
Clock,mcet,8,3,RM-MDE,0.0007807999500073493,-88421649.72759834,0.0001272178812860038
Clock,mcet,8,3,RM-MDE,0.0023067999281920493,-88427554.65691403,6.0444889362887534e-05
Clock,mcet,8,3,RM-MDE,0.007102799951098859,-88430644.57730988,2.5504042723597526e-05
Clock,mcet,8,3,RM-MDE,0.015600299928337336,-88432747.53511254,1.723777649264394e-06
Clock,mcet,8,3,RM-MDE,0.03231689991662279,-88432834.97670004,7.34987419397901e-07
Clock,mcet,8,3,RM-MDE,0.046533299842849374,-88432893.50852865,7.310899372769339e-08
Clock,mcet,8,3,MS-LS-4S,0.0031549999839626253,-88428646.46787652,4.809868152822372e-05
Clock,mcet,8,3,MS-LS-4S,0.0068774999817833304,-88432586.28381275,3.547208746133535e-06
Clock,mcet,8,3,MS-LS-4S,0.0178207999560982,-88432858.15814288,4.7285146265823096e-07
Clock,mcet,8,3,MS-LS-4S,0.08463539998047054,-88432887.29339887,1.4338973516705195e-07
Clock,mcet,8,3,MS-LS-conv,0.019550299970433116,-88432887.54154134,1.4058373800962906e-07
Clock,mcet,8,4,RM-MDE,0.0007531999726779759,-88428326.34494354,5.1718634431276545e-05
Clock,mcet,8,4,RM-MDE,0.009467999974731356,-88432835.69012344,7.269200213895926e-07
Clock,mcet,8,4,RM-MDE,0.03659129998413846,-88432867.60264578,3.660529418835802e-07
Clock,mcet,8,4,RM-MDE,0.04242399998474866,-88432891.24388933,9.871755477975759e-08
Clock,mcet,8,4,RM-MDE,0.07944249990396202,-88432899.97376898,0.0
Clock,mcet,8,4,MS-LS-4S,0.003971499972976744,-88432415.16091701,5.482267935454258e-06
Clock,mcet,8,4,MS-LS-4S,0.02593989996239543,-88432530.3618381,4.179574920494576e-06
Clock,mcet,8,4,MS-LS-4S,0.03685969999060035,-88432800.20516616,1.1281842260950854e-06
Clock,mcet,8,4,MS-LS-4S,0.057098799967207015,-88432853.0369128,5.307623768343218e-07
Clock,mcet,8,4,MS-LS-4S,0.08979629998793826,-88432861.39072433,4.3629740356377545e-07
Clock,mcet,8,4,MS-LS-4S,0.1627853999962099,-88432891.07428586,1.006354322556508e-07
Clock,mcet,8,4,MS-LS-conv,0.007065000012516975,-88432865.17161134,3.9354310048387184e-07
Clock,mcet,8,4,MS-LS-conv,0.034951600013300776,-88432887.54154134,1.4058373800962906e-07
Clock,mcet,8,4,MS-LS-conv,0.06097099999897182,-88432893.50852865,7.310899372769339e-08
Clock,mcet,8,5,RM-MDE,0.0007768000359646976,-88422841.13499314,0.0001137454361309766
Clock,mcet,8,5,RM-MDE,0.013119100069161505,-88432319.42949542,6.564799681198741e-06
Clock,mcet,8,5,RM-MDE,0.028031100111547858,-88432426.1693393,5.357784600761133e-06
Clock,mcet,8,5,RM-MDE,0.04480740008875728,-88432865.17161134,3.9354310048387184e-07
Clock,mcet,8,5,RM-MDE,0.06811490003019571,-88432879.13327727,2.3566446105776327e-07
Clock,mcet,8,5,RM-MDE,0.08191529999021441,-88432899.97376898,0.0
Clock,mcet,8,5,MS-LS-4S,0.003557200019713491,-88429599.48300503,3.732197818828017e-05
Clock,mcet,8,5,MS-LS-4S,0.007501300016883761,-88431725.40398543,1.3282045301034826e-05
Clock,mcet,8,5,MS-LS-4S,0.01492719998350367,-88432074.192114,9.337946117663254e-06
Clock,mcet,8,5,MS-LS-4S,0.02893710002535954,-88432801.96353942,1.1083005260126543e-06
Clock,mcet,8,5,MS-LS-4S,0.057996699993964285,-88432865.17161134,3.9354310048387184e-07
Clock,mcet,8,5,MS-LS-conv,0.013464500021655113,-88432887.54154134,1.4058373800962906e-07
Clock,mcet,8,5,MS-LS-conv,0.11388220003573224,-88432893.50852865,7.310899372769339e-08
Clock,mcet,8,6,RM-MDE,0.0007844999781809747,-88425060.51413743,8.864867751563815e-05
Clock,mcet,8,6,RM-MDE,0.009125799988396466,-88432811.35598023,1.0020907238509522e-06
Clock,mcet,8,6,RM-MDE,0.02434249996440485,-88432865.03472954,3.9509096104873385e-07
Clock,mcet,8,6,RM-MDE,0.03280519996769726,-88432899.97376898,0.0
Clock,mcet,8,6,MS-LS-4S,0.0032337000011466444,-88431867.97896127,1.1669806237400268e-05
Clock,mcet,8,6,MS-LS-4S,0.007083399978000671,-88432129.47285609,8.712831006541509e-06
Clock,mcet,8,6,MS-LS-4S,0.021353200019802898,-88432385.11108057,5.82207174660133e-06
Clock,mcet,8,6,MS-LS-4S,0.035858499992173165,-88432501.43830326,4.506642503361639e-06
Clock,mcet,8,6,MS-LS-4S,0.0949539999710396,-88432774.31712314,1.4209264410837857e-06
Clock,mcet,8,6,MS-LS-4S,0.10214269999414682,-88432812.44219323,9.89807817907685e-07
Clock,mcet,8,6,MS-LS-conv,0.010960599989630282,-88432887.54154134,1.4058373800962906e-07
Clock,mcet,8,7,RM-MDE,0.000728700018953532,-88424825.38069569,9.130756851453087e-05
Clock,mcet,8,7,RM-MDE,0.008849099976941943,-88432531.64209901,4.165097719068374e-06
Clock,mcet,8,7,RM-MDE,0.018460399995092303,-88432724.63500908,1.982732217886652e-06
Clock,mcet,8,7,RM-MDE,0.04075139999622479,-88432899.97376898,0.0
Clock,mcet,8,7,MS-LS-4S,0.0037395000108517706,-88432087.95360518,9.182331056034062e-06
Clock,mcet,8,7,MS-LS-4S,0.021284400019794703,-88432774.31712314,1.4209264410837857e-06
Clock,mcet,8,7,MS-LS-4S,0.028127500030677766,-88432832.4754236,7.63271875004466e-07
Clock,mcet,8,7,MS-LS-conv,0.006382899999152869,-88432147.43919148,8.509667530150177e-06
Clock,mcet,8,7,MS-LS-conv,0.024929800012614578,-88432887.54154134,1.4058373800962906e-07
Clock,mcet,8,8,RM-MDE,0.0007865000516176224,-88426463.46686693,7.278407588084471e-05
Clock,mcet,8,8,RM-MDE,0.007262499944772571,-88431376.18063876,1.72310659344087e-05
Clock,mcet,8,8,RM-MDE,0.017553299956489354,-88432630.42545806,3.0480546380425127e-06
Clock,mcet,8,8,RM-MDE,0.02455139998346567,-88432878.32549608,2.447988577576307e-07
Clock,mcet,8,8,RM-MDE,0.030459499976132065,-88432890.75772369,1.0421512008500653e-07
Clock,mcet,8,8,RM-MDE,0.03543139999965206,-88432893.50852865,7.310899372769339e-08
Clock,mcet,8,8,MS-LS-4S,0.003424700000323355,-88429731.40807651,3.583016833564589e-05
Clock,mcet,8,8,MS-LS-4S,0.009715699998196214,-88432121.38848357,8.804249161129279e-06
Clock,mcet,8,8,MS-LS-4S,0.02003870002226904,-88432555.20614718,3.898635257947762e-06
Clock,mcet,8,8,MS-LS-4S,0.03001119999680668,-88432555.35921076,3.896904413652944e-06
Clock,mcet,8,8,MS-LS-4S,0.10376109997741878,-88432769.78469922,1.4721791301816714e-06
Clock,mcet,8,8,MS-LS-conv,0.010806999984197319,-88432865.17161134,3.9354310048387184e-07
Clock,mcet,8,8,MS-LS-conv,0.031160299957264215,-88432887.54154134,1.4058373800962906e-07
Clock,mcet,8,9,RM-MDE,0.0008354000165127218,-88426618.15976225,7.103480727867377e-05
Clock,mcet,8,9,RM-MDE,0.009249499998986721,-88432894.615204,6.059469919528776e-08
Clock,mcet,8,9,RM-MDE,0.12961960019310936,-88432899.97376898,0.0
Clock,mcet,8,9,MS-LS-4S,0.003947400022298098,-88430237.2704763,3.0109871930837728e-05
Clock,mcet,8,9,MS-LS-4S,0.007678300025872886,-88430383.81280401,2.8452770017857217e-05
Clock,mcet,8,9,MS-LS-4S,0.011413300002459437,-88432057.34466034,9.528457269721026e-06
Clock,mcet,8,9,MS-LS-4S,0.015175600012298673,-88432121.9273265,8.798155920587018e-06
Clock,mcet,8,9,MS-LS-4S,0.022187400027178228,-88432278.8974713,7.023136161651693e-06
Clock,mcet,8,9,MS-LS-4S,0.025526300014462322,-88432723.0493196,2.0006632083386604e-06
Clock,mcet,8,9,MS-LS-4S,0.035716200014576316,-88432865.03472954,3.9509096104873385e-07
Clock,mcet,8,9,MS-LS-conv,0.016362399968784302,-88432149.3206496,8.488391985425126e-06
Clock,mcet,8,9,MS-LS-conv,0.02600809995783493,-88432865.17161134,3.9354310048387184e-07
Clock,mcet,8,9,MS-LS-conv,0.05510529997991398,-88432887.54154134,1.4058373800962906e-07
Histology,otsu,6,0,RM-MDE,0.0006778000388294458,-7560960875.978264,0.002976624578314302
Histology,otsu,6,0,RM-MDE,0.003531099995598197,-7582428999.197763,0.00014573826275658634
Histology,otsu,6,0,RM-MDE,0.008456100011244416,-7583101406.520604,5.707151395660065e-05
Histology,otsu,6,0,RM-MDE,0.018857500050216913,-7583399331.332975,1.7785766162828578e-05
Histology,otsu,6,0,RM-MDE,0.032027300097979605,-7583414976.037928,1.5722782794072482e-05
Histology,otsu,6,0,RM-MDE,0.03586800006451085,-7583471044.33425,8.329357147402789e-06
Histology,otsu,6,0,RM-MDE,0.036815700063016266,-7583508668.685295,3.3680356841782196e-06
Histology,otsu,6,0,RM-MDE,0.05012600013287738,-7583510676.512435,3.103274283467767e-06
Histology,otsu,6,0,RM-MDE,0.05633260012837127,-7583528105.947878,8.049480730771361e-07
Histology,otsu,6,0,RM-MDE,0.07380900013959035,-7583532900.588187,1.727045601749006e-07
Histology,otsu,6,0,RM-MDE,0.07850440021138638,-7583534210.299128,0.0
Histology,otsu,6,0,MS-LS-4S,0.0018418999970890582,-7583213477.351496,4.229333431320868e-05
Histology,otsu,6,0,MS-LS-4S,0.005531999981030822,-7583390508.890835,1.8949134309648243e-05
Histology,otsu,6,0,MS-LS-4S,0.01656570000341162,-7583396675.871243,1.8135927665266057e-05
Histology,otsu,6,0,MS-LS-4S,0.042784899997059256,-7583534210.299128,0.0
Histology,otsu,6,0,MS-LS-conv,0.0036853000055998564,-7583496642.300387,4.953890586947636e-06
Histology,otsu,6,0,MS-LS-conv,0.0462991000385955,-7583532900.588187,1.727045601749006e-07
Histology,otsu,6,1,RM-MDE,0.0007906000246293843,-7567193201.371543,0.002154801241008721
Histology,otsu,6,1,RM-MDE,0.005475200014188886,-7583463584.0707,9.313102106399169e-06
Histology,otsu,6,1,RM-MDE,0.0259543998981826,-7583521734.793395,1.6450780581425276e-06
Histology,otsu,6,1,RM-MDE,0.03148519987007603,-7583526286.223004,1.0449054363697595e-06
Histology,otsu,6,1,RM-MDE,0.043372699816245586,-7583532900.588187,1.727045601749006e-07
Histology,otsu,6,1,RM-MDE,0.04818759980844334,-7583534210.299128,0.0
Histology,otsu,6,1,MS-LS-4S,0.0018612000276334584,-7583172529.353502,4.76929272810703e-05
Histology,otsu,6,1,MS-LS-4S,0.003658900037407875,-7583318626.247873,2.842791306479369e-05
Histology,otsu,6,1,MS-LS-4S,0.01097440003650263,-7583425246.194769,1.4368512271058255e-05
Histology,otsu,6,1,MS-LS-4S,0.014594700012821704,-7583496642.300387,4.953890586947636e-06
Histology,otsu,6,1,MS-LS-conv,0.003085699980147183,-7583510488.41017,3.12807832075984e-06
Histology,otsu,6,1,MS-LS-conv,0.05557069997303188,-7583520813.683863,1.7665398339864754e-06
Histology,otsu,6,2,RM-MDE,0.0005950999911874533,-7570335161.798286,0.0017404877639921022
Histology,otsu,6,2,RM-MDE,0.0032391000422649086,-7578062537.091601,0.0007215202115255416
Histology,otsu,6,2,RM-MDE,0.006089000031352043,-7583319517.326427,2.8310411313045372e-05
Histology,otsu,6,2,RM-MDE,0.011682900018058717,-7583521239.242543,1.7104236922597835e-06
Histology,otsu,6,2,RM-MDE,0.02376770001137629,-7583528105.947878,8.049480730771361e-07
Histology,otsu,6,2,RM-MDE,0.04056149994721636,-7583534210.299128,0.0
Histology,otsu,6,2,MS-LS-4S,0.0018278000061400235,-7582269774.598785,0.0001667343570000594
Histology,otsu,6,2,MS-LS-4S,0.005311300046741962,-7583490190.468189,5.804659109806126e-06
Histology,otsu,6,2,MS-LS-4S,0.048796000017318875,-7583526843.177482,9.714628353521778e-07
Histology,otsu,6,2,MS-LS-conv,0.0058243999956175685,-7583496642.300387,4.953890586947636e-06
Histology,otsu,6,2,MS-LS-conv,0.04443189996527508,-7583510488.41017,3.12807832075984e-06
Histology,otsu,6,3,RM-MDE,0.0006391999777406454,-7570328271.812514,0.0017413963094777645
Histology,otsu,6,3,RM-MDE,0.0016840999596752226,-7572050616.964653,0.0015142798879813587
Histology,otsu,6,3,RM-MDE,0.01175039994996041,-7583390508.890835,1.8949134309648243e-05
Histology,otsu,6,3,RM-MDE,0.020455699937883765,-7583469423.908039,8.543034064579009e-06
Histology,otsu,6,3,RM-MDE,0.023244999931193888,-7583508668.685295,3.3680356841782196e-06
Histology,otsu,6,3,RM-MDE,0.03284669987624511,-7583510488.41017,3.12807832075984e-06
Histology,otsu,6,3,RM-MDE,0.03799849993083626,-7583534210.299128,0.0
Histology,otsu,6,3,MS-LS-4S,0.0017413999885320663,-7578840457.383127,0.0006189400332137783
Histology,otsu,6,3,MS-LS-4S,0.005366800003685057,-7583469423.908039,8.543034064579009e-06
Histology,otsu,6,3,MS-LS-4S,0.012708500027656555,-7583498486.422993,4.7107160255644616e-06
Histology,otsu,6,3,MS-LS-4S,0.02759950002655387,-7583510665.280608,3.1047553642502565e-06
Histology,otsu,6,3,MS-LS-4S,0.06006889999844134,-7583526286.223004,1.0449054363697595e-06
Histology,otsu,6,3,MS-LS-4S,0.06365570001071319,-7583528105.947878,8.049480730771361e-07
Histology,otsu,6,3,MS-LS-conv,0.006938200036529452,-7583496642.300387,4.953890586947636e-06
Histology,otsu,6,3,MS-LS-conv,0.034840800042729825,-7583510488.41017,3.12807832075984e-06
Histology,otsu,6,3,MS-LS-conv,0.07753010001033545,-7583532900.588187,1.727045601749006e-07
Histology,otsu,6,4,RM-MDE,0.0006198999471962452,-7564892648.876817,0.0024581627649274524
Histology,otsu,6,4,RM-MDE,0.005425199982710183,-7583455421.350363,1.0389476275823808e-05
Histology,otsu,6,4,RM-MDE,0.017210899968631566,-7583528105.947878,8.049480730771361e-07
Histology,otsu,6,4,RM-MDE,0.040701599849853665,-7583532900.588187,1.727045601749006e-07
Histology,otsu,6,4,RM-MDE,0.04474749986547977,-7583534210.299128,0.0
Histology,otsu,6,4,MS-LS-4S,0.0019093999871984124,-7583064791.799985,6.189970086838058e-05
Histology,otsu,6,4,MS-LS-4S,0.00749400001950562,-7583512537.439003,2.8578838736105787e-06
Histology,otsu,6,4,MS-LS-conv,0.005046000005677342,-7583490190.468189,5.804659109806126e-06
Histology,otsu,6,4,MS-LS-conv,0.02239290002034977,-7583520813.683863,1.7665398339864754e-06
Histology,otsu,6,4,MS-LS-conv,0.12461140000959858,-7583526843.177482,9.714628353521778e-07
Histology,otsu,6,5,RM-MDE,0.0006558000459335744,-7572411393.382616,0.0014667062359138225
Histology,otsu,6,5,RM-MDE,0.0034890000824816525,-7575616141.840742,0.0010441132378135793
Histology,otsu,6,5,RM-MDE,0.008197700080927461,-7583510665.280608,3.1047553642502565e-06
Histology,otsu,6,5,RM-MDE,0.03761679993476719,-7583528105.947878,8.049480730771361e-07
Histology,otsu,6,5,RM-MDE,0.05729329993482679,-7583532900.588187,1.727045601749006e-07
Histology,otsu,6,5,RM-MDE,0.06302279984811321,-7583534210.299128,0.0
Histology,otsu,6,5,MS-LS-4S,0.002150000014808029,-7582623275.452835,0.00012012009454053277
Histology,otsu,6,5,MS-LS-4S,0.012921800022013485,-7583496642.300387,4.953890586947636e-06
Histology,otsu,6,5,MS-LS-conv,0.00484200002392754,-7583496642.300387,4.953890586947636e-06
Histology,otsu,6,5,MS-LS-conv,0.05695689999265596,-7583510488.41017,3.12807832075984e-06
Histology,otsu,6,6,RM-MDE,0.0006182999932207167,-7565037165.745967,0.0024391061001663317
Histology,otsu,6,6,RM-MDE,0.007325899961870164,-7583475046.418718,7.801623724317194e-06
Histology,otsu,6,6,RM-MDE,0.01851519988849759,-7583510676.512435,3.103274283467767e-06
Histology,otsu,6,6,RM-MDE,0.028696299938019365,-7583532900.588187,1.727045601749006e-07
Histology,otsu,6,6,MS-LS-4S,0.0018625999800860882,-7582323640.06974,0.00015963140612502532
Histology,otsu,6,6,MS-LS-4S,0.004031300020869821,-7582789840.747576,9.81560221012648e-05
Histology,otsu,6,6,MS-LS-4S,0.005927400023210794,-7583237905.362217,3.9072143501142285e-05
Histology,otsu,6,6,MS-LS-4S,0.01497459999518469,-7583299421.427803,3.0960349727924295e-05
Histology,otsu,6,6,MS-LS-4S,0.020347299985587597,-7583521734.793395,1.6450780581425276e-06
Histology,otsu,6,6,MS-LS-conv,0.005306100007146597,-7583496642.300387,4.953890586947636e-06
Histology,otsu,6,6,MS-LS-conv,0.056297099974472076,-7583521734.793395,1.6450780581425276e-06
Histology,otsu,6,7,RM-MDE,0.0006187999970279634,-7576415781.740621,0.0009386690111899929
Histology,otsu,6,7,RM-MDE,0.003528700035531074,-7582899521.481623,8.369301171516017e-05
Histology,otsu,6,7,RM-MDE,0.006232900021132082,-7583496642.300387,4.953890586947636e-06
Histology,otsu,6,7,RM-MDE,0.025376800098456442,-7583521239.242543,1.7104236922597835e-06
Histology,otsu,6,7,RM-MDE,0.03449400013778359,-7583528105.947878,8.049480730771361e-07
Histology,otsu,6,7,RM-MDE,0.04600800009211525,-7583532900.588187,1.727045601749006e-07
Histology,otsu,6,7,RM-MDE,0.052146200090646744,-7583534210.299128,0.0
Histology,otsu,6,7,MS-LS-4S,0.002207100042141974,-7582877939.568537,8.65389028903628e-05
Histology,otsu,6,7,MS-LS-4S,0.0059655000222846866,-7583393671.036971,1.8532159051332748e-05
Histology,otsu,6,7,MS-LS-4S,0.01448860001983121,-7583510676.512435,3.103274283467767e-06
Histology,otsu,6,7,MS-LS-conv,0.006059100036509335,-7583490190.468189,5.804659109806126e-06
Histology,otsu,6,7,MS-LS-conv,0.012012700026389211,-7583496642.300387,4.953890586947636e-06
Histology,otsu,6,7,MS-LS-conv,0.015261900029145181,-7583526843.177482,9.714628353521778e-07
Histology,otsu,6,8,RM-MDE,0.0006197000038810074,-7565086541.424628,0.002432595194130688
Histology,otsu,6,8,RM-MDE,0.00919030001387,-7583189094.294016,4.550859738233863e-05
Histology,otsu,6,8,RM-MDE,0.014784300001338124,-7583459884.779646,9.800907785280131e-06
Histology,otsu,6,8,RM-MDE,0.029389399918727577,-7583510488.41017,3.12807832075984e-06
Histology,otsu,6,8,RM-MDE,0.037051099934615195,-7583521734.793395,1.6450780581425276e-06
Histology,otsu,6,8,RM-MDE,0.04417870001634583,-7583534210.299128,0.0
Histology,otsu,6,8,MS-LS-4S,0.0019198000081814826,-7583064791.799985,6.189970086838058e-05
Histology,otsu,6,8,MS-LS-4S,0.022376400011125952,-7583532900.588187,1.727045601749006e-07
Histology,otsu,6,8,MS-LS-conv,0.005133100028615445,-7583490190.468189,5.804659109806126e-06
Histology,otsu,6,8,MS-LS-conv,0.013896199990995228,-7583496642.300387,4.953890586947636e-06
Histology,otsu,6,8,MS-LS-conv,0.07748109998647124,-7583532900.588187,1.727045601749006e-07
Histology,otsu,6,9,RM-MDE,0.0006011999794282019,-7567787869.2191105,0.002076385580041576
Histology,otsu,6,9,RM-MDE,0.003372300008777529,-7581206038.481405,0.00030700353597145404
Histology,otsu,6,9,RM-MDE,0.007532599964179099,-7582674227.996101,0.00011340125582321041
Histology,otsu,6,9,RM-MDE,0.022122099995613098,-7583391904.071983,1.8765159251339113e-05
Histology,otsu,6,9,RM-MDE,0.0286170999170281,-7583510488.41017,3.12807832075984e-06
Histology,otsu,6,9,RM-MDE,0.034197399916592985,-7583510676.512435,3.103274283467767e-06
Histology,otsu,6,9,RM-MDE,0.04675149993272498,-7583532900.588187,1.727045601749006e-07
Histology,otsu,6,9,RM-MDE,0.06007909990148619,-7583534210.299128,0.0
Histology,otsu,6,9,MS-LS-4S,0.00183269998524338,-7581267522.311943,0.0002988959928612383
Histology,otsu,6,9,MS-LS-4S,0.003692300000693649,-7583096982.91228,5.76548314707543e-05
Histology,otsu,6,9,MS-LS-4S,0.014983300003223121,-7583342065.381117,2.5337120224203834e-05
Histology,otsu,6,9,MS-LS-4S,0.020320800016634166,-7583394404.784711,1.8435403670603355e-05
Histology,otsu,6,9,MS-LS-4S,0.02404789999127388,-7583456105.146696,1.0299307719270806e-05
Histology,otsu,6,9,MS-LS-4S,0.03133030002936721,-7583532900.588187,1.727045601749006e-07
Histology,otsu,6,9,MS-LS-conv,0.00792499998351559,-7583490190.468189,5.804659109806126e-06
Histology,otsu,6,9,MS-LS-conv,0.01127489999635145,-7583496289.03321,5.000474035744112e-06
Histology,otsu,6,9,MS-LS-conv,0.04149659996619448,-7583496642.300387,4.953890586947636e-06
Histology,otsu,6,9,MS-LS-conv,0.05169629998272285,-7583532900.588187,1.727045601749006e-07
Histology,otsu,7,0,RM-MDE,0.000694400048814714,-7572463408.926855,0.0018752341692892037
Histology,otsu,7,0,RM-MDE,0.005634000059217215,-7586541257.138866,1.9636038111778574e-05
Histology,otsu,7,0,RM-MDE,0.019993800087831914,-7586654871.337976,4.660575074471615e-06
Histology,otsu,7,0,RM-MDE,0.0259147000615485,-7586680776.822768,1.2459787211870859e-06
Histology,otsu,7,0,RM-MDE,0.04033120005624369,-7586689659.832498,7.511112801224949e-08
Histology,otsu,7,0,RM-MDE,0.04567509994376451,-7586690229.677359,0.0
Histology,otsu,7,0,MS-LS-4S,0.0018705999827943742,-7586150027.873163,7.120388309545852e-05
Histology,otsu,7,0,MS-LS-4S,0.00764059997163713,-7586249564.952256,5.80839222061087e-05
Histology,otsu,7,0,MS-LS-4S,0.009442799957469106,-7586251953.599207,5.776907516762307e-05
Histology,otsu,7,0,MS-LS-4S,0.020367899967823178,-7586505449.65349,2.43558150227018e-05
Histology,otsu,7,0,MS-LS-4S,0.061460600001737475,-7586540047.02799,1.9795542564899607e-05
Histology,otsu,7,0,MS-LS-4S,0.08172819996252656,-7586619947.788532,9.263840581159346e-06
Histology,otsu,7,0,MS-LS-conv,0.0043811000068672,-7586644281.235424,6.056454203816838e-06
Histology,otsu,7,1,RM-MDE,0.0006302000256255269,-7577764017.851414,0.0011765620521881396
Histology,otsu,7,1,RM-MDE,0.0035035000182688236,-7585378048.592759,0.0001729583052523417
Histology,otsu,7,1,RM-MDE,0.010387400048784912,-7585473086.870539,0.000160431330392104
Histology,otsu,7,1,RM-MDE,0.01309900003252551,-7586615372.302524,9.866934403383151e-06
Histology,otsu,7,1,RM-MDE,0.01765350002096966,-7586652321.081697,4.996723803599331e-06
Histology,otsu,7,1,RM-MDE,0.04128350020619109,-7586679321.774918,1.4377682639994468e-06
Histology,otsu,7,1,RM-MDE,0.05422700010240078,-7586687744.322264,3.275941180763569e-07
Histology,otsu,7,1,RM-MDE,0.06395330012310296,-7586688232.971502,2.631853675154148e-07
Histology,otsu,7,1,RM-MDE,0.07244870014255866,-7586689659.832498,7.511112801224949e-08
Histology,otsu,7,1,RM-MDE,0.07542050012852997,-7586690229.677359,0.0
Histology,otsu,7,1,MS-LS-4S,0.001994699996430427,-7586126217.85674,7.434227621583218e-05
Histology,otsu,7,1,MS-LS-4S,0.007722400012426078,-7586253142.882353,5.761231601311689e-05
Histology,otsu,7,1,MS-LS-4S,0.00981399999000132,-7586576327.708607,1.5013393891627402e-05
Histology,otsu,7,1,MS-LS-4S,0.015455499989911914,-7586621849.895972,9.01312421046133e-06
Histology,otsu,7,1,MS-LS-4S,0.05688920000102371,-7586652767.624321,4.9378651168727885e-06
Histology,otsu,7,1,MS-LS-conv,0.005251900001894683,-7586631385.924628,7.756182333659356e-06
Histology,otsu,7,1,MS-LS-conv,0.014034600055310875,-7586644281.235424,6.056454203816838e-06
Histology,otsu,7,1,MS-LS-conv,0.03313039999920875,-7586654871.337976,4.660575074471615e-06
Histology,otsu,7,2,RM-MDE,0.0009216999751515687,-7573837852.181232,0.001694069100890752
Histology,otsu,7,2,RM-MDE,0.003657099965494126,-7579069967.745972,0.0010044250787488679
Histology,otsu,7,2,RM-MDE,0.00992379995295778,-7586576904.181092,1.4937409177860222e-05
Histology,otsu,7,2,RM-MDE,0.027760300028603524,-7586601247.740913,1.1728689817485848e-05
Histology,otsu,7,2,RM-MDE,0.033120400039479136,-7586613757.610398,1.0079766623552643e-05
Histology,otsu,7,2,RM-MDE,0.034098400035873055,-7586655960.172896,4.517055978928444e-06
Histology,otsu,7,2,RM-MDE,0.035975800070445985,-7586668827.206493,2.821055060549088e-06
Histology,otsu,7,2,RM-MDE,0.038756700058002025,-7586690229.677359,0.0
Histology,otsu,7,2,MS-LS-4S,0.0018106999923475087,-7583333583.965412,0.00044243874605767795
Histology,otsu,7,2,MS-LS-4S,0.005548899993300438,-7585361981.691839,0.0001750760799911948
Histology,otsu,7,2,MS-LS-4S,0.007408200006466359,-7585977102.969755,9.399707725166762e-05
Histology,otsu,7,2,MS-LS-4S,0.009238899976480752,-7586325778.6257715,4.803821436671521e-05
Histology,otsu,7,2,MS-LS-4S,0.011045599996577948,-7586631669.305479,7.718829964943493e-06
Histology,otsu,7,2,MS-LS-4S,0.09595619997708127,-7586636187.3914585,7.123302028164426e-06
Histology,otsu,7,2,MS-LS-4S,0.10691370000131428,-7586674089.328674,2.1274558728091523e-06
Histology,otsu,7,2,MS-LS-conv,0.009978200017940253,-7586644281.235424,6.056454203816838e-06
Histology,otsu,7,2,MS-LS-conv,0.04059689998393878,-7586680776.822768,1.2459787211870859e-06
Histology,otsu,7,2,MS-LS-conv,0.04360480001196265,-7586681656.972147,1.1299664217348674e-06
Histology,otsu,7,3,RM-MDE,0.0006533999694511294,-7572085516.748967,0.0019250440556095507
Histology,otsu,7,3,RM-MDE,0.005315399961546063,-7586051245.153651,8.422441201142386e-05
Histology,otsu,7,3,RM-MDE,0.01009539992082864,-7586305351.884903,5.073065866721713e-05
Histology,otsu,7,3,RM-MDE,0.01658659992972389,-7586420532.714104,3.554869845613798e-05
Histology,otsu,7,3,RM-MDE,0.01939569995738566,-7586530063.7698765,2.1111433659913465e-05
Histology,otsu,7,3,RM-MDE,0.022192399890627712,-7586545814.335615,1.9035354992952023e-05
Histology,otsu,7,3,RM-MDE,0.028778399922885,-7586602360.239085,1.1582051673825455e-05
Histology,otsu,7,3,RM-MDE,0.03329699992900714,-7586631385.924628,7.756182333659356e-06
Histology,otsu,7,3,RM-MDE,0.03836279996903613,-7586657553.634808,4.3070221086949894e-06
Histology,otsu,7,3,RM-MDE,0.04415449994849041,-7586672626.319938,2.32029473828536e-06
Histology,otsu,7,3,RM-MDE,0.0469414999242872,-7586686708.306468,4.641511362679065e-07
Histology,otsu,7,3,RM-MDE,0.053804999915882945,-7586689659.832498,7.511112801224949e-08
Histology,otsu,7,3,RM-MDE,0.05822249985067174,-7586690229.677359,0.0
Histology,otsu,7,3,MS-LS-4S,0.0017314000288024545,-7581686283.486948,0.0006595690662097084
Histology,otsu,7,3,MS-LS-4S,0.0034292000345885754,-7582217362.837915,0.0005895676117032428
Histology,otsu,7,3,MS-LS-4S,0.005226799985393882,-7586454506.764807,3.107058617337333e-05
Histology,otsu,7,3,MS-LS-4S,0.010725800006184727,-7586581806.8833685,1.4291185050104005e-05
Histology,otsu,7,3,MS-LS-4S,0.023696399992331862,-7586683356.577789,9.05941769236171e-07
Histology,otsu,7,3,MS-LS-conv,0.010212299996055663,-7586644281.235424,6.056454203816838e-06
Histology,otsu,7,3,MS-LS-conv,0.02432199998293072,-7586654871.337976,4.660575074471615e-06
Histology,otsu,7,3,MS-LS-conv,0.04134240001440048,-7586672703.040141,2.3101822648513524e-06
Histology,otsu,7,3,MS-LS-conv,0.075481400010176,-7586681656.972147,1.1299664217348674e-06
Histology,otsu,7,3,MS-LS-conv,0.08708619995741174,-7586690229.677359,0.0
Histology,otsu,7,4,RM-MDE,0.0006576000014320016,-7572879302.781155,0.0018204152902116496
Histology,otsu,7,4,RM-MDE,0.005239499965682626,-7586332557.137204,4.714474023933727e-05
Histology,otsu,7,4,RM-MDE,0.011583999963477254,-7586558277.234987,1.7392622919438744e-05
Histology,otsu,7,4,RM-MDE,0.014334599953144789,-7586683356.577789,9.05941769236171e-07
Histology,otsu,7,4,RM-MDE,0.030297899967990816,-7586689659.832498,7.511112801224949e-08
Histology,otsu,7,4,RM-MDE,0.05418229987844825,-7586690229.677359,0.0
Histology,otsu,7,4,MS-LS-4S,0.0019459999748505652,-7586021013.8235855,8.820919709563218e-05
Histology,otsu,7,4,MS-LS-4S,0.003823600010946393,-7586474665.506075,2.841346684229775e-05
Histology,otsu,7,4,MS-LS-4S,0.01138899999205023,-7586594360.068573,1.263655242052849e-05
Histology,otsu,7,4,MS-LS-4S,0.10960029996931553,-7586632574.80916,7.599475720369128e-06
Histology,otsu,7,4,MS-LS-conv,0.006009300006553531,-7586631385.924628,7.756182333659356e-06
Histology,otsu,7,4,MS-LS-conv,0.010873099963646382,-7586641207.4952545,6.461603231452287e-06
Histology,otsu,7,4,MS-LS-conv,0.031659499974921346,-7586644281.235424,6.056454203816838e-06
Histology,otsu,7,4,MS-LS-conv,0.046880299982149154,-7586654871.337976,4.660575074471615e-06
Histology,otsu,7,4,MS-LS-conv,0.05724200000986457,-7586665160.080309,3.3044181706070894e-06
Histology,otsu,7,4,MS-LS-conv,0.13397640001494437,-7586681656.972147,1.1299664217348674e-06
Histology,otsu,7,5,RM-MDE,0.0007159000379033387,-7577848714.867635,0.001165398156779608
Histology,otsu,7,5,RM-MDE,0.0037176000769250095,-7586543412.791616,1.9351901988547544e-05
Histology,otsu,7,5,RM-MDE,0.020112400059588253,-7586607420.085819,1.0915114369036866e-05
Histology,otsu,7,5,RM-MDE,0.029464300139807165,-7586636091.8638,7.135893508186748e-06
Histology,otsu,7,5,RM-MDE,0.03250330011360347,-7586644281.235424,6.056454203816838e-06
Histology,otsu,7,5,RM-MDE,0.04097420012112707,-7586679321.774918,1.4377682639994468e-06
Histology,otsu,7,5,RM-MDE,0.04959560016868636,-7586687744.322264,3.275941180763569e-07
Histology,otsu,7,5,RM-MDE,0.05905280023580417,-7586689659.832498,7.511112801224949e-08
Histology,otsu,7,5,RM-MDE,0.06869210017612204,-7586690229.677359,0.0
Histology,otsu,7,5,MS-LS-4S,0.0017899999511428177,-7584587278.78759,0.0002771895024186368
Histology,otsu,7,5,MS-LS-4S,0.0036976999836042523,-7585254955.03419,0.0001891832406118271
Histology,otsu,7,5,MS-LS-4S,0.00551289995200932,-7586607420.085819,1.0915114369036866e-05
Histology,otsu,7,5,MS-LS-4S,0.03931439999723807,-7586651442.82593,5.112486506600797e-06
Histology,otsu,7,5,MS-LS-4S,0.04658109997399151,-7586674089.328674,2.1274558728091523e-06
Histology,otsu,7,5,MS-LS-4S,0.05947279999963939,-7586686353.843711,5.108727956977354e-07
Histology,otsu,7,5,MS-LS-conv,0.009300900041125715,-7586644281.235424,6.056454203816838e-06
Histology,otsu,7,5,MS-LS-conv,0.013991300016641617,-7586654871.337976,4.660575074471615e-06
Histology,otsu,7,5,MS-LS-conv,0.017108500003814697,-7586681656.972147,1.1299664217348674e-06
Histology,otsu,7,6,RM-MDE,0.0006457999697886407,-7578653750.351415,0.0010592866035978533
Histology,otsu,7,6,RM-MDE,0.007296299969311804,-7586183543.670311,6.678617311480783e-05
Histology,otsu,7,6,RM-MDE,0.013151900027878582,-7586546334.178354,1.896683463382734e-05
Histology,otsu,7,6,RM-MDE,0.01775120000820607,-7586631669.305479,7.718829964943493e-06
Histology,otsu,7,6,RM-MDE,0.02417939994484186,-7586644281.235424,6.056454203816838e-06
Histology,otsu,7,6,RM-MDE,0.028838099911808968,-7586664570.436962,3.382138932749183e-06
Histology,otsu,7,6,RM-MDE,0.03715059987735003,-7586689659.832498,7.511112801224949e-08
Histology,otsu,7,6,RM-MDE,0.06289459991967306,-7586690229.677359,0.0
Histology,otsu,7,6,MS-LS-4S,0.0018820999539457262,-7585960836.949711,9.614109783928801e-05
Histology,otsu,7,6,MS-LS-4S,0.005717099993489683,-7586664570.170486,3.382174056850658e-06
Histology,otsu,7,6,MS-LS-conv,0.007004300015978515,-7586644281.235424,6.056454203816838e-06
Histology,otsu,7,6,MS-LS-conv,0.015839100000448525,-7586681656.972147,1.1299664217348674e-06
Histology,otsu,7,6,MS-LS-conv,0.07911049999529496,-7586687744.322264,3.275941180763569e-07
Histology,otsu,7,7,RM-MDE,0.0006673000170849264,-7576868763.297739,0.0012945653614800717
Histology,otsu,7,7,RM-MDE,0.00537669996265322,-7586493116.5373125,2.5981440401383355e-05
Histology,otsu,7,7,RM-MDE,0.010004599927924573,-7586512201.038578,2.3465916412955344e-05
Histology,otsu,7,7,RM-MDE,0.012779699929524213,-7586577315.224468,1.4883229639283436e-05
Histology,otsu,7,7,RM-MDE,0.023275699990335852,-7586582290.807501,1.4227399114775566e-05
Histology,otsu,7,7,RM-MDE,0.02799169992795214,-7586590825.081363,1.3102498320948373e-05
Histology,otsu,7,7,RM-MDE,0.03462589991977438,-7586689659.832498,7.511112801224949e-08
Histology,otsu,7,7,MS-LS-4S,0.001905699959024787,-7586391468.216294,3.9379683632745896e-05
Histology,otsu,7,7,MS-LS-4S,0.01284099998883903,-7586487807.357527,2.66812422418434e-05
Histology,otsu,7,7,MS-LS-4S,0.02958429994760081,-7586644376.7630825,6.043862723794516e-06
Histology,otsu,7,7,MS-LS-4S,0.033781299949623644,-7586677820.811304,1.6356099535993085e-06
Histology,otsu,7,7,MS-LS-conv,0.0038650999777019024,-7586681656.972147,1.1299664217348674e-06
Histology,otsu,7,8,RM-MDE,0.0006327000446617603,-7570228894.698641,0.0021697650069229016
Histology,otsu,7,8,RM-MDE,0.005030500062275678,-7584223946.83967,0.00032508020797276314
Histology,otsu,7,8,RM-MDE,0.008704200037755072,-7586165941.050933,6.910637057182703e-05
Histology,otsu,7,8,RM-MDE,0.015195599989965558,-7586613438.412026,1.012184009198537e-05
Histology,otsu,7,8,RM-MDE,0.02164620003895834,-7586674321.546958,2.096847231013699e-06
Histology,otsu,7,8,RM-MDE,0.04361349996179342,-7586676784.795507,1.7721669719165617e-06
Histology,otsu,7,8,RM-MDE,0.04635329992743209,-7586689659.832498,7.511112801224949e-08
Histology,otsu,7,8,RM-MDE,0.0630674998392351,-7586690229.677359,0.0
Histology,otsu,7,8,MS-LS-4S,0.001956899999640882,-7585995156.876545,9.161739569841834e-05
Histology,otsu,7,8,MS-LS-4S,0.0053887999965809286,-7586618508.033863,9.453614333033052e-06
Histology,otsu,7,8,MS-LS-4S,0.03491380001651123,-7586678984.366911,1.4822419404582839e-06
Histology,otsu,7,8,MS-LS-conv,0.004225599986966699,-7586687744.322264,3.275941180763569e-07
Histology,otsu,7,9,RM-MDE,0.000687899999320507,-7570607660.285491,0.0021198399967559483
Histology,otsu,7,9,RM-MDE,0.001791900023818016,-7574391153.692808,0.0016211385481958082
Histology,otsu,7,9,RM-MDE,0.00659030006499961,-7586442575.7111225,3.264321578167909e-05
Histology,otsu,7,9,RM-MDE,0.01052840001648292,-7586686708.306468,4.641511362679065e-07
Histology,otsu,7,9,RM-MDE,0.031838900060392916,-7586690229.677359,0.0
Histology,otsu,7,9,MS-LS-4S,0.0018090000376105309,-7583199845.782821,0.00046006674700969864
Histology,otsu,7,9,MS-LS-4S,0.0035942000104114413,-7584359098.092919,0.00030726595048265393
Histology,otsu,7,9,MS-LS-4S,0.005447000032290816,-7586564589.112064,1.656065576564458e-05
Histology,otsu,7,9,MS-LS-4S,0.02520940004615113,-7586571737.002987,1.5618493807510912e-05
Histology,otsu,7,9,MS-LS-4S,0.0621538000414148,-7586602360.239085,1.1582051673825455e-05
Histology,otsu,7,9,MS-LS-4S,0.12003109999932349,-7586686353.843711,5.108727956977354e-07
Histology,otsu,7,9,MS-LS-conv,0.008092899981420487,-7586631385.924628,7.756182333659356e-06
Histology,otsu,7,9,MS-LS-conv,0.01672119996510446,-7586644281.235424,6.056454203816838e-06
Histology,otsu,7,9,MS-LS-conv,0.019947899971157312,-7586681656.972147,1.1299664217348674e-06
Histology,otsu,8,0,RM-MDE,0.0006768000312149525,-7572025782.364176,0.002225853656428894
Histology,otsu,8,0,RM-MDE,0.0017776000313460827,-7580721310.822359,0.001080034329640873
Histology,otsu,8,0,RM-MDE,0.006488899991381913,-7588543271.278262,4.932601710458595e-05
Histology,otsu,8,0,RM-MDE,0.011179499968420714,-7588672724.433445,3.226783279347681e-05
Histology,otsu,8,0,RM-MDE,0.015702999953646213,-7588870935.350473,6.149362754106899e-06
Histology,otsu,8,0,RM-MDE,0.03830849984660745,-7588879266.186319,5.0515993730209e-06
Histology,otsu,8,0,RM-MDE,0.04295439983252436,-7588917602.357721,0.0
Histology,otsu,8,0,MS-LS-4S,0.0018001000280492008,-7588694014.51919,2.946241483265413e-05
Histology,otsu,8,0,MS-LS-4S,0.05744659999618307,-7588698633.739924,2.8853735047652753e-05
Histology,otsu,8,0,MS-LS-4S,0.06327440001768991,-7588743292.400837,2.2969014293979106e-05
Histology,otsu,8,0,MS-LS-4S,0.10517950000939891,-7588869239.3055935,6.372852449051855e-06
Histology,otsu,8,0,MS-LS-conv,0.005231000017374754,-7588907950.613262,1.2718209585189886e-06
Histology,otsu,8,0,MS-LS-conv,0.009407199977431446,-7588908627.844536,1.1825814504446459e-06
Histology,otsu,8,0,MS-LS-conv,0.10412640002323315,-7588913642.297411,5.218214925845894e-07
Histology,otsu,8,1,RM-MDE,0.0006528000230900943,-7577222820.889576,0.0015410341870772245
Histology,otsu,8,1,RM-MDE,0.010101000021677464,-7588786757.374693,1.7241586993613028e-05
Histology,otsu,8,1,RM-MDE,0.016628500074148178,-7588808590.314037,1.4364636618289008e-05
Histology,otsu,8,1,RM-MDE,0.025378300109878182,-7588826350.58884,1.2024345718742253e-05
Histology,otsu,8,1,RM-MDE,0.03211689996533096,-7588878344.932505,5.172993999101838e-06
Histology,otsu,8,1,RM-MDE,0.03492000000551343,-7588906114.025566,1.5138301345712954e-06
Histology,otsu,8,1,RM-MDE,0.049240099964663386,-7588913642.297411,5.218214925845894e-07
Histology,otsu,8,1,RM-MDE,0.051638799952343106,-7588914390.031424,4.232917612337767e-07
Histology,otsu,8,1,MS-LS-4S,0.001901299983728677,-7587887935.217076,0.00013568036900613213
Histology,otsu,8,1,MS-LS-4S,0.007408600009512156,-7588061451.527401,0.00011281593439021788
Histology,otsu,8,1,MS-LS-4S,0.009523599990643561,-7588613382.630908,4.0087367231237496e-05
Histology,otsu,8,1,MS-LS-4S,0.011352600005920976,-7588835331.451232,1.0840927626334007e-05
Histology,otsu,8,1,MS-LS-4S,0.04839850001735613,-7588876326.7975445,5.438925857361515e-06
Histology,otsu,8,1,MS-LS-4S,0.12097589997574687,-7588898101.574635,2.5696395861141302e-06
Histology,otsu,8,1,MS-LS-conv,0.005527400004211813,-7588913642.297411,5.218214925845894e-07
Histology,otsu,8,2,RM-MDE,0.0006709999870508909,-7580727800.716884,0.0010791791491178222
Histology,otsu,8,2,RM-MDE,0.004741600016131997,-7588814137.757467,1.3633643910155844e-05
Histology,otsu,8,2,RM-MDE,0.030505600152537227,-7588898101.574635,2.5696395861141302e-06
Histology,otsu,8,2,RM-MDE,0.03332490014145151,-7588908698.347275,1.173291227168176e-06
Histology,otsu,8,2,RM-MDE,0.04141840012744069,-7588916854.623709,9.852973135081268e-08
Histology,otsu,8,2,RM-MDE,0.09839470009319484,-7588917602.357721,0.0
Histology,otsu,8,2,MS-LS-4S,0.0022644000127911568,-7583527822.918028,0.0007102171511282396
Histology,otsu,8,2,MS-LS-4S,0.003941800037864596,-7586641523.251047,0.0002999214414934566
Histology,otsu,8,2,MS-LS-4S,0.005902600008994341,-7588512166.945517,5.342466916214533e-05
Histology,otsu,8,2,MS-LS-4S,0.009481400018557906,-7588910834.591753,8.917959481099317e-07
Histology,otsu,8,2,MS-LS-conv,0.010372099990490824,-7588801323.996655,1.5322127233235378e-05
Histology,otsu,8,2,MS-LS-conv,0.02367480000248179,-7588908627.844536,1.1825814504446459e-06
Histology,otsu,8,2,MS-LS-conv,0.03379439999116585,-7588917602.357721,0.0
Histology,otsu,8,3,RM-MDE,0.0007229999755509198,-7580813031.908612,0.0010679481414571101
Histology,otsu,8,3,RM-MDE,0.0035794000141322613,-7587533262.354989,0.00018241600123609073
Histology,otsu,8,3,RM-MDE,0.008597000036388636,-7588672724.433445,3.226783279347681e-05
Histology,otsu,8,3,RM-MDE,0.018225100066047162,-7588895020.302628,2.97566217964331e-06
Histology,otsu,8,3,RM-MDE,0.038371199916582555,-7588914390.031424,4.232917612337767e-07
Histology,otsu,8,3,RM-MDE,0.057083799969404936,-7588917602.357721,0.0
Histology,otsu,8,3,MS-LS-4S,0.0017336999881081283,-7581823234.68475,0.0009348326131209608
Histology,otsu,8,3,MS-LS-4S,0.0037255000206641853,-7588687473.218356,3.0324369221468398e-05
Histology,otsu,8,3,MS-LS-4S,0.009353899979032576,-7588776362.678869,1.861130746869633e-05
Histology,otsu,8,3,MS-LS-4S,0.044940699997823685,-7588875768.762099,5.512458800325601e-06
Histology,otsu,8,3,MS-LS-4S,0.05816959997173399,-7588906114.025566,1.5138301345712954e-06
Histology,otsu,8,3,MS-LS-conv,0.01037859998177737,-7588801323.996655,1.5322127233235378e-05
Histology,otsu,8,3,MS-LS-conv,0.014910299971234053,-7588851837.863985,8.665859504896378e-06
Histology,otsu,8,3,MS-LS-conv,0.035297000024002045,-7588878344.932505,5.172993999101838e-06
Histology,otsu,8,4,RM-MDE,0.0006822000141255558,-7579964698.383223,0.0011797339809984581
Histology,otsu,8,4,RM-MDE,0.0035723000182770193,-7588102936.78241,0.00010734937681475958
Histology,otsu,8,4,RM-MDE,0.011889800080098212,-7588504206.063353,5.447368334060053e-05
Histology,otsu,8,4,RM-MDE,0.016856900067068636,-7588608150.315079,4.077683522963182e-05
Histology,otsu,8,4,RM-MDE,0.026306800078600645,-7588780519.322991,1.8063581911519065e-05
Histology,otsu,8,4,RM-MDE,0.029213700094260275,-7588891105.632794,3.4915025192415525e-06
Histology,otsu,8,4,RM-MDE,0.03981600014958531,-7588903169.415341,1.901844655088554e-06
Histology,otsu,8,4,RM-MDE,0.05404040013672784,-7588914390.031424,4.232917612337767e-07
Histology,otsu,8,4,RM-MDE,0.08036040014121681,-7588917602.357721,0.0
Histology,otsu,8,4,MS-LS-4S,0.0019406999927014112,-7588218521.553068,9.211864475060023e-05
Histology,otsu,8,4,MS-LS-4S,0.009696299966890365,-7588500215.376243,5.499954056017389e-05
Histology,otsu,8,4,MS-LS-4S,0.013667399995028973,-7588523220.301842,5.196815627001491e-05
Histology,otsu,8,4,MS-LS-4S,0.030522199987899512,-7588636477.769563,3.7044095467747314e-05
Histology,otsu,8,4,MS-LS-4S,0.03861209994647652,-7588859453.560067,7.662330875233943e-06
Histology,otsu,8,4,MS-LS-4S,0.04854659998090938,-7588860508.051352,7.52337940156887e-06
Histology,otsu,8,4,MS-LS-4S,0.08774789999006316,-7588870397.112298,6.220286989102537e-06
Histology,otsu,8,4,MS-LS-4S,0.11066739994566888,-7588903169.415341,1.901844655088554e-06
Histology,otsu,8,4,MS-LS-conv,0.005068400001619011,-7588908627.844536,1.1825814504446459e-06
Histology,otsu,8,4,MS-LS-conv,0.03199200000381097,-7588913642.297411,5.218214925845894e-07
Histology,otsu,8,5,RM-MDE,0.0007247999892570078,-7586572208.428907,0.00030905513166795597
Histology,otsu,8,5,RM-MDE,0.010321700014173985,-7588520831.978727,5.228286822757433e-05
Histology,otsu,8,5,RM-MDE,0.016883300035260618,-7588878345.457671,5.172924797334333e-06
Histology,otsu,8,5,RM-MDE,0.028856899996753782,-7588882178.658244,4.667819751553281e-06
Histology,otsu,8,5,RM-MDE,0.03164529998321086,-7588900485.901371,2.255454235661856e-06
Histology,otsu,8,5,RM-MDE,0.043054499954450876,-7588917602.357721,0.0
Histology,otsu,8,5,MS-LS-4S,0.0018313000327907503,-7585331906.842638,0.00047249103270923784
Histology,otsu,8,5,MS-LS-4S,0.0038047999842092395,-7586885904.510616,0.00026771905475344985
Histology,otsu,8,5,MS-LS-4S,0.0075437999912537634,-7588415663.876466,6.614098446655809e-05
Histology,otsu,8,5,MS-LS-4S,0.022118000022601336,-7588436423.579411,6.340545562930916e-05
Histology,otsu,8,5,MS-LS-4S,0.03152419999241829,-7588899823.161922,2.34278414003998e-06
Histology,otsu,8,5,MS-LS-conv,0.009322799975052476,-7588801323.996655,1.5322127233235378e-05
Histology,otsu,8,5,MS-LS-conv,0.0167481999960728,-7588815820.7225485,1.3411877754638219e-05
Histology,otsu,8,5,MS-LS-conv,0.07786239997949451,-7588878344.932505,5.172993999101838e-06
Histology,otsu,8,5,MS-LS-conv,0.08417899999767542,-7588908627.844536,1.1825814504446459e-06
Histology,otsu,8,5,MS-LS-conv,0.10866630001692101,-7588917602.357721,0.0
Histology,otsu,8,6,RM-MDE,0.0006503000040538609,-7582194026.227123,0.0008859730047021713
Histology,otsu,8,6,RM-MDE,0.0039059999980963767,-7587590943.911432,0.00017481523924793924
Histology,otsu,8,6,RM-MDE,0.006810599996242672,-7588795106.055539,1.6141472157260013e-05
Histology,otsu,8,6,RM-MDE,0.017643500061240047,-7588907950.613262,1.2718209585189886e-06
Histology,otsu,8,6,RM-MDE,0.03668480005580932,-7588908627.844536,1.1825814504446459e-06
Histology,otsu,8,6,RM-MDE,0.039982000016607344,-7588913642.297411,5.218214925845894e-07
Histology,otsu,8,6,RM-MDE,0.049009199894499034,-7588914390.031424,4.232917612337767e-07
Histology,otsu,8,6,RM-MDE,0.05822720000287518,-7588915627.43438,2.602378158826669e-07
Histology,otsu,8,6,RM-MDE,0.061612899939063936,-7588917602.357721,0.0
Histology,otsu,8,6,MS-LS-4S,0.0018458000267855823,-7587165779.785379,0.0002308395826827351
Histology,otsu,8,6,MS-LS-4S,0.0037567000254057348,-7588410462.973289,6.68263131853263e-05
Histology,otsu,8,6,MS-LS-4S,0.017194600019138306,-7588512875.90153,5.333124925026498e-05
Histology,otsu,8,6,MS-LS-4S,0.04864230001112446,-7588725721.264782,2.528438217325792e-05
Histology,otsu,8,6,MS-LS-4S,0.052359100023750216,-7588873720.184657,5.782402097843121e-06
Histology,otsu,8,6,MS-LS-conv,0.007455800019670278,-7588801323.996655,1.5322127233235378e-05
Histology,otsu,8,6,MS-LS-conv,0.011942500015720725,-7588815820.7225485,1.3411877754638219e-05
Histology,otsu,8,6,MS-LS-conv,0.03450660000089556,-7588908627.844536,1.1825814504446459e-06
Histology,otsu,8,7,RM-MDE,0.0006967000081203878,-7580468054.765987,0.0011134061580941176
Histology,otsu,8,7,RM-MDE,0.005691999976988882,-7588911572.45476,7.945669300530539e-07
Histology,otsu,8,7,RM-MDE,0.03107370005454868,-7588913642.297411,5.218214925845894e-07
Histology,otsu,8,7,RM-MDE,0.033378500025719404,-7588917602.357721,0.0
Histology,otsu,8,7,MS-LS-4S,0.0018330999882891774,-7588415663.876466,6.614098446655809e-05
Histology,otsu,8,7,MS-LS-4S,0.010876899992581457,-7588860849.371411,7.4784032827518376e-06
Histology,otsu,8,7,MS-LS-4S,0.09715849999338388,-7588864496.928595,6.997760670143623e-06
Histology,otsu,8,7,MS-LS-4S,0.1264270999818109,-7588878699.686428,5.126247685331621e-06
Histology,otsu,8,7,MS-LS-conv,0.00415729999076575,-7588815820.7225485,1.3411877754638219e-05
Histology,otsu,8,7,MS-LS-conv,0.01849330001277849,-7588908627.844536,1.1825814504446459e-06
Histology,otsu,8,7,MS-LS-conv,0.11246939998818561,-7588913642.297411,5.218214925845894e-07
Histology,otsu,8,8,RM-MDE,0.0006764000281691551,-7574076520.419927,0.0019556256524888168
Histology,otsu,8,8,RM-MDE,0.0034251000615768135,-7574994300.562004,0.001834688756060753
Histology,otsu,8,8,RM-MDE,0.006522900075651705,-7588690309.841894,2.9950584225155354e-05
Histology,otsu,8,8,RM-MDE,0.02492050005821511,-7588716000.049822,2.656535733591855e-05
Histology,otsu,8,8,RM-MDE,0.033936900028493255,-7588801323.996655,1.5322127233235378e-05
Histology,otsu,8,8,RM-MDE,0.03911280003376305,-7588845349.650403,9.520818528304818e-06
Histology,otsu,8,8,RM-MDE,0.041119500005152076,-7588861115.75706,7.4433013535064e-06
Histology,otsu,8,8,RM-MDE,0.04422480001812801,-7588890342.431888,3.592070340206749e-06
Histology,otsu,8,8,RM-MDE,0.048804800026118755,-7588907490.344462,1.3324710833324142e-06
Histology,otsu,8,8,RM-MDE,0.05707919999258593,-7588917602.357721,0.0
Histology,otsu,8,8,MS-LS-4S,0.0018273000023327768,-7587332700.488384,0.00020884425848090448
Histology,otsu,8,8,MS-LS-4S,0.010857100016437471,-7588453503.114317,6.115486657283014e-05
Histology,otsu,8,8,MS-LS-4S,0.02741849998710677,-7588557114.964855,4.750181933114396e-05
Histology,otsu,8,8,MS-LS-4S,0.05395150004187599,-7588718872.112457,2.6186902490852178e-05
Histology,otsu,8,8,MS-LS-4S,0.06868810002924874,-7588821488.778457,1.2664991807893696e-05
Histology,otsu,8,8,MS-LS-conv,0.006480299984104931,-7588851837.863985,8.665859504896378e-06
Histology,otsu,8,8,MS-LS-conv,0.05305669998051599,-7588908627.844536,1.1825814504446459e-06
Histology,otsu,8,8,MS-LS-conv,0.1233183000003919,-7588917602.357721,0.0
Histology,otsu,8,9,RM-MDE,0.0006749999593012035,-7579254833.666673,0.0012732736336531836
Histology,otsu,8,9,RM-MDE,0.005485899979248643,-7588111499.591427,0.00010622104607434922
Histology,otsu,8,9,RM-MDE,0.014109599986113608,-7588511079.162922,5.356800746830151e-05
Histology,otsu,8,9,RM-MDE,0.025693700008559972,-7588813765.888556,1.3682645484718682e-05
Histology,otsu,8,9,RM-MDE,0.029702800035011023,-7588818897.194298,1.3006487696331362e-05
Histology,otsu,8,9,RM-MDE,0.036448300059419125,-7588907950.613262,1.2718209585189886e-06
Histology,otsu,8,9,RM-MDE,0.056251900154165924,-7588908698.347275,1.173291227168176e-06
Histology,otsu,8,9,RM-MDE,0.05921400018269196,-7588914390.031424,4.232917612337767e-07
Histology,otsu,8,9,RM-MDE,0.07855460018618032,-7588917602.357721,0.0
Histology,otsu,8,9,MS-LS-4S,0.0018930999794974923,-7583798954.573682,0.0006744898353421624
Histology,otsu,8,9,MS-LS-4S,0.0038141999975778162,-7587366211.135026,0.0002044285238007282
Histology,otsu,8,9,MS-LS-4S,0.005781899963039905,-7588157868.788337,0.0001001109261152791
Histology,otsu,8,9,MS-LS-4S,0.013595299969892949,-7588436261.988897,6.34267485885553e-05
Histology,otsu,8,9,MS-LS-4S,0.01901639997959137,-7588568564.692335,4.599307617699804e-05
Histology,otsu,8,9,MS-LS-4S,0.022678599983919412,-7588578923.551969,4.462807787602459e-05
Histology,otsu,8,9,MS-LS-4S,0.030064299993682653,-7588863287.717494,7.157099743768909e-06
Histology,otsu,8,9,MS-LS-4S,0.12835590000031516,-7588875220.615182,5.584688721121268e-06
Histology,otsu,8,9,MS-LS-conv,0.008689400041475892,-7588815820.7225485,1.3411877754638219e-05
Histology,otsu,8,9,MS-LS-conv,0.04217100003734231,-7588851837.863985,8.665859504896378e-06
Histology,otsu,8,9,MS-LS-conv,0.06768980005290359,-7588898101.574635,2.5696395861141302e-06
Histology,kapur,6,0,RM-MDE,0.0007965000113472342,-21.28425959048916,0.07983962546419125
Histology,kapur,6,0,RM-MDE,0.013960200012661517,-22.984592277526474,0.00633090154133221
Histology,kapur,6,0,RM-MDE,0.03254510002443567,-23.111663675716173,0.0008373552493451258
Histology,kapur,6,0,RM-MDE,0.04655059991637245,-23.127239354909964,0.0001639880250977429
Histology,kapur,6,0,RM-MDE,0.06803999986732379,-23.129358973101652,7.235276473808627e-05
Histology,kapur,6,0,RM-MDE,0.10116519971052185,-23.1304454939929,2.538033114309478e-05
Histology,kapur,6,0,RM-MDE,0.11470369971357286,-23.13103256725914,0.0
Histology,kapur,6,0,MS-LS-4S,0.005498400016222149,-23.036769440186063,0.004075180249692011
Histology,kapur,6,0,MS-LS-4S,0.017546300019603223,-23.073379808989635,0.002492442051683836
Histology,kapur,6,0,MS-LS-4S,0.034336999990046024,-23.085830525766625,0.00195417309456808
Histology,kapur,6,0,MS-LS-4S,0.04615100001683459,-23.121295086721965,0.0004209704218288399
Histology,kapur,6,0,MS-LS-4S,0.18236089998390526,-23.12726751914534,0.00016277042984790853
Histology,kapur,6,0,MS-LS-conv,0.013584700005594641,-23.130300714138997,3.1639448780136086e-05
Histology,kapur,6,1,RM-MDE,0.0008488000021316111,-22.365298251491097,0.033104199457654256
Histology,kapur,6,1,RM-MDE,0.015009499969892204,-23.111286600189608,0.0008536569654690564
Histology,kapur,6,1,RM-MDE,0.02188789995852858,-23.129358973101652,7.235276473808627e-05
Histology,kapur,6,1,RM-MDE,0.100936200004071,-23.130300714138997,3.1639448780136086e-05
Histology,kapur,6,1,RM-MDE,0.15466400003060699,-23.1304454939929,2.538033114309478e-05
Histology,kapur,6,1,RM-MDE,0.168034800037276,-23.13103256725914,0.0
Histology,kapur,6,1,MS-LS-4S,0.005931399995461106,-22.97126110941668,0.006907234140018844
Histology,kapur,6,1,MS-LS-4S,0.011365200043655932,-23.123429637335747,0.0003286896035136499
Histology,kapur,6,1,MS-LS-4S,0.09641200001351535,-23.126938910760373,0.00017697681618250997
Histology,kapur,6,1,MS-LS-4S,0.1187948000151664,-23.1283696006928,0.00011512527850183334
Histology,kapur,6,1,MS-LS-4S,0.1411031000316143,-23.1304454939929,2.538033114309478e-05
Histology,kapur,6,1,MS-LS-conv,0.011638600029982626,-22.98862158280155,0.006156706755026872
Histology,kapur,6,1,MS-LS-conv,0.02141390001634136,-23.126266995711738,0.00020602502432803796
Histology,kapur,6,1,MS-LS-conv,0.03886269999202341,-23.126339966900105,0.00020287033643616437
Histology,kapur,6,1,MS-LS-conv,0.04992110002785921,-23.127239354909964,0.0001639880250977429
Histology,kapur,6,1,MS-LS-conv,0.20955890003824607,-23.127528592231748,0.00015148372720516254
Histology,kapur,6,1,MS-LS-conv,0.260097999998834,-23.130300714138997,3.1639448780136086e-05
Histology,kapur,6,1,MS-LS-conv,0.3228857000358403,-23.1304454939929,2.538033114309478e-05
Histology,kapur,6,2,RM-MDE,0.0008147999760694802,-22.04279161362985,0.04704679527232366
Histology,kapur,6,2,RM-MDE,0.007949999999254942,-22.978301155021448,0.006602879131901621
Histology,kapur,6,2,RM-MDE,0.020376000029500574,-23.127528592231748,0.00015148372720516254
Histology,kapur,6,2,RM-MDE,0.08687030005967245,-23.1304454939929,2.538033114309478e-05
Histology,kapur,6,2,RM-MDE,0.11787930008722469,-23.13103256725914,0.0
Histology,kapur,6,2,MS-LS-4S,0.005525200045667589,-23.113486415829506,0.0007585546118019037
Histology,kapur,6,2,MS-LS-4S,0.02202249999390915,-23.115373283377863,0.000676981619205447
Histology,kapur,6,2,MS-LS-4S,0.04472420003730804,-23.127528592231748,0.00015148372720516254
Histology,kapur,6,2,MS-LS-conv,0.008227600017562509,-23.126339966900105,0.00020287033643616437
Histology,kapur,6,2,MS-LS-conv,0.0828472999855876,-23.127528592231748,0.00015148372720516254
Histology,kapur,6,2,MS-LS-conv,0.14355879998765886,-23.130300714138997,3.1639448780136086e-05
Histology,kapur,6,3,RM-MDE,0.0008656000136397779,-22.443697835429205,0.02971483135615936
Histology,kapur,6,3,RM-MDE,0.008797400048933923,-22.97828107148414,0.00660374738269196
Histology,kapur,6,3,RM-MDE,0.016959200089331716,-22.997375762884683,0.005778246344421381
Histology,kapur,6,3,RM-MDE,0.02404340007342398,-23.101410025168654,0.0012806407152102398
Histology,kapur,6,3,RM-MDE,0.04227010015165433,-23.10289170986343,0.0012165845737271898
Histology,kapur,6,3,RM-MDE,0.05507420015055686,-23.126339966900105,0.00020287033643616437
Histology,kapur,6,3,RM-MDE,0.07424680009717122,-23.127060985418478,0.00017169928878507093
Histology,kapur,6,3,RM-MDE,0.08786820014938712,-23.12794755282548,0.00013337123730604723
Histology,kapur,6,3,RM-MDE,0.10817240015603602,-23.12938320021439,7.130537903800404e-05
Histology,kapur,6,3,RM-MDE,0.11623000010149553,-23.130316466139234,3.0958458850624316e-05
Histology,kapur,6,3,RM-MDE,0.12313840014394373,-23.1304454939929,2.538033114309478e-05
Histology,kapur,6,3,MS-LS-4S,0.005282699945382774,-22.870595286905143,0.011259215497479942
Histology,kapur,6,3,MS-LS-4S,0.01101570000173524,-22.953989471577216,0.007653920989784086
Histology,kapur,6,3,MS-LS-4S,0.016788699955213815,-22.98862158280155,0.006156706755026872
Histology,kapur,6,3,MS-LS-4S,0.027844399970490485,-23.033235971095678,0.004227939063208477
Histology,kapur,6,3,MS-LS-4S,0.03342749999137595,-23.111286600189608,0.0008536569654690564
Histology,kapur,6,3,MS-LS-4S,0.09047090000240132,-23.11578748871454,0.0006590747084149101
Histology,kapur,6,3,MS-LS-4S,0.17813859996385872,-23.121273217832908,0.0004219158568842524
Histology,kapur,6,3,MS-LS-4S,0.18922049994580448,-23.124414638399116,0.000286106071606645
Histology,kapur,6,3,MS-LS-4S,0.3017505999887362,-23.126938910760373,0.00017697681618250997
Histology,kapur,6,3,MS-LS-conv,0.01718810002785176,-23.126339966900105,0.00020287033643616437
Histology,kapur,6,3,MS-LS-conv,0.08864339999854565,-23.13103256725914,0.0
Histology,kapur,6,4,RM-MDE,0.0008701000479049981,-21.75506080632144,0.059485963583196175
Histology,kapur,6,4,RM-MDE,0.0033364000264555216,-22.0598777772108,0.046308126839288075
Histology,kapur,6,4,RM-MDE,0.022220800048671663,-23.06012998053706,0.00306525817712263
Histology,kapur,6,4,RM-MDE,0.04006160015705973,-23.107401653682498,0.001021610838510124
Histology,kapur,6,4,RM-MDE,0.061584000126458704,-23.12443700105185,0.0002851392901770988
Histology,kapur,6,4,RM-MDE,0.08949710009619594,-23.13103256725914,0.0
Histology,kapur,6,4,MS-LS-4S,0.005962399998679757,-22.986901428129713,0.006231072422311075
Histology,kapur,6,4,MS-LS-4S,0.024050500011071563,-23.0894210531621,0.0017989475383792845
Histology,kapur,6,4,MS-LS-4S,0.029492100002244115,-23.113486415829506,0.0007585546118019037
Histology,kapur,6,4,MS-LS-4S,0.04049270000541583,-23.114153081268668,0.00072973335459154
Histology,kapur,6,4,MS-LS-4S,0.07401170005323365,-23.127358768350746,0.000158825547355576
Histology,kapur,6,4,MS-LS-conv,0.009662700002081692,-22.98862158280155,0.006156706755026872
Histology,kapur,6,4,MS-LS-conv,0.06217570003354922,-23.126266995711738,0.00020602502432803796
Histology,kapur,6,4,MS-LS-conv,0.07028560002800077,-23.126339966900105,0.00020287033643616437
Histology,kapur,6,4,MS-LS-conv,0.13947100000223145,-23.130300714138997,3.1639448780136086e-05
Histology,kapur,6,5,RM-MDE,0.0008202000171877444,-22.54990936819049,0.025123098044970166
Histology,kapur,6,5,RM-MDE,0.013177000044379383,-23.113486415829506,0.0007585546118019037
Histology,kapur,6,5,RM-MDE,0.048587199999019504,-23.12443700105185,0.0002851392901770988
Histology,kapur,6,5,RM-MDE,0.09452960005728528,-23.128518295939706,0.00010869689072994467
Histology,kapur,6,5,RM-MDE,0.10522240010323003,-23.1304454939929,2.538033114309478e-05
Histology,kapur,6,5,RM-MDE,0.15860810002777725,-23.13103256725914,0.0
Histology,kapur,6,5,MS-LS-4S,0.005639499984681606,-23.06645213487291,0.002791939019516138
Histology,kapur,6,5,MS-LS-4S,0.0397380999638699,-23.10856262734419,0.0009714196653180855
Histology,kapur,6,5,MS-LS-4S,0.06268249999266118,-23.1216133910061,0.00040720950202510184
Histology,kapur,6,5,MS-LS-4S,0.06821649998892099,-23.123429637335747,0.0003286896035136499
Histology,kapur,6,5,MS-LS-4S,0.15634439996210858,-23.124560602601143,0.00027979575227256087
Histology,kapur,6,5,MS-LS-conv,0.0094571000081487,-23.126339966900105,0.00020287033643616437
Histology,kapur,6,6,RM-MDE,0.0008191000088118017,-21.766179126109208,0.059005296766639674
Histology,kapur,6,6,RM-MDE,0.01339670002926141,-23.073379808989635,0.002492442051683836
Histology,kapur,6,6,RM-MDE,0.03506640007253736,-23.079377335724626,0.002233157183291071
Histology,kapur,6,6,RM-MDE,0.05493240006035194,-23.130300714138997,3.1639448780136086e-05
Histology,kapur,6,6,RM-MDE,0.11385149997659028,-23.13103256725914,0.0
Histology,kapur,6,6,MS-LS-4S,0.0055275000049732625,-23.112715234868695,0.0007918942804296954
Histology,kapur,6,6,MS-LS-4S,0.011055400012992322,-23.115452736990186,0.000673546683385298
Histology,kapur,6,6,MS-LS-4S,0.03368550003506243,-23.126339966900105,0.00020287033643616437
Histology,kapur,6,6,MS-LS-4S,0.07326440000906587,-23.130300714138997,3.1639448780136086e-05
Histology,kapur,6,6,MS-LS-conv,0.009540300001390278,-23.13103256725914,0.0
Histology,kapur,6,7,RM-MDE,0.0008261000039055943,-22.45665558911233,0.02915464219705256
Histology,kapur,6,7,RM-MDE,0.018443999986629933,-23.127528592231748,0.00015148372720516254
Histology,kapur,6,7,RM-MDE,0.05920319998404011,-23.1304454939929,2.538033114309478e-05
Histology,kapur,6,7,RM-MDE,0.10951660014688969,-23.13103256725914,0.0
Histology,kapur,6,7,MS-LS-4S,0.006095200020354241,-22.97078657483459,0.006927749202660752
Histology,kapur,6,7,MS-LS-4S,0.011515900027006865,-23.065902718641745,0.0028156913630212875
Histology,kapur,6,7,MS-LS-4S,0.02824990003136918,-23.124503756714738,0.00028225331166771133
Histology,kapur,6,7,MS-LS-4S,0.08358239999506623,-23.126469272813072,0.00019728018767859219
Histology,kapur,6,7,MS-LS-4S,0.1176532999961637,-23.129117155960373,8.280699502706135e-05
Histology,kapur,6,7,MS-LS-conv,0.01286200003232807,-22.981265697675468,0.006474716126406739
Histology,kapur,6,7,MS-LS-conv,0.022234000032767653,-23.126339966900105,0.00020287033643616437
Histology,kapur,6,7,MS-LS-conv,0.05677810002816841,-23.130300714138997,3.1639448780136086e-05
Histology,kapur,6,8,RM-MDE,0.0008298999746330082,-21.3598105279189,0.07657340995003052
Histology,kapur,6,8,RM-MDE,0.008073499950114638,-22.986901428129713,0.006231072422311075
Histology,kapur,6,8,RM-MDE,0.020699899934697896,-23.06645213487291,0.002791939019516138
Histology,kapur,6,8,RM-MDE,0.02754009998170659,-23.089595269284928,0.0017914158329820986
Histology,kapur,6,8,RM-MDE,0.0344891999848187,-23.115091600576083,0.0006891593203505033
Histology,kapur,6,8,RM-MDE,0.059832399943843484,-23.11987902467284,0.00048218956736444774
Histology,kapur,6,8,RM-MDE,0.0666558999218978,-23.126266995711738,0.00020602502432803796
Histology,kapur,6,8,RM-MDE,0.07746319990837947,-23.130300714138997,3.1639448780136086e-05
Histology,kapur,6,8,RM-MDE,0.10533299995586276,-23.13103256725914,0.0
Histology,kapur,6,8,MS-LS-4S,0.0060273000271990895,-22.980490935880752,0.006508210601522073
Histology,kapur,6,8,MS-LS-4S,0.022303300036583096,-23.116375482103997,0.0006336545985365771
Histology,kapur,6,8,MS-LS-4S,0.23149660002673045,-23.121179044974788,0.000425987134629671
Histology,kapur,6,8,MS-LS-conv,0.009364199999254197,-22.981265697675468,0.006474716126406739
Histology,kapur,6,8,MS-LS-conv,0.029322799993678927,-23.126339966900105,0.00020287033643616437
Histology,kapur,6,8,MS-LS-conv,0.053809600009117275,-23.127528592231748,0.00015148372720516254
Histology,kapur,6,8,MS-LS-conv,0.11682300001848489,-23.130300714138997,3.1639448780136086e-05
Histology,kapur,6,9,RM-MDE,0.0008374999742954969,-21.950624528948673,0.051031359489817074
Histology,kapur,6,9,RM-MDE,0.013227500021457672,-23.101410025168654,0.0012806407152102398
Histology,kapur,6,9,RM-MDE,0.019978399970568717,-23.11636815234109,0.0006339714785931552
Histology,kapur,6,9,RM-MDE,0.03291379997972399,-23.1304454939929,2.538033114309478e-05
Histology,kapur,6,9,RM-MDE,0.10703309992095456,-23.13103256725914,0.0
Histology,kapur,6,9,MS-LS-4S,0.006089799979235977,-22.896508521306053,0.010138935444025294
Histology,kapur,6,9,MS-LS-4S,0.012005199969280511,-23.036769440186063,0.004075180249692011
Histology,kapur,6,9,MS-LS-4S,0.052948999975342304,-23.1304454939929,2.538033114309478e-05
Histology,kapur,6,9,MS-LS-conv,0.01634530001319945,-22.981265697675468,0.006474716126406739
Histology,kapur,6,9,MS-LS-conv,0.03029280004557222,-23.130300714138997,3.1639448780136086e-05
Histology,kapur,6,9,MS-LS-conv,0.12995680002495646,-23.1304454939929,2.538033114309478e-05
Histology,kapur,7,0,RM-MDE,0.0009666000260040164,-24.598557511377052,0.032896921674949474
Histology,kapur,7,0,RM-MDE,0.019950899994000793,-25.423897591629498,0.00044831439755060366
Histology,kapur,7,0,RM-MDE,0.09021429996937513,-25.433270242442767,7.982451966301206e-05
Histology,kapur,7,0,RM-MDE,0.11634839995531365,-25.433599130625183,6.689413650976032e-05
Histology,kapur,7,0,RM-MDE,0.13671759999124333,-25.433811032133615,5.8563135758515386e-05
Histology,kapur,7,0,RM-MDE,0.1491368999122642,-25.435300603095893,0.0
Histology,kapur,7,0,MS-LS-4S,0.006116800010204315,-25.283604195395966,0.005964010807934489
Histology,kapur,7,0,MS-LS-4S,0.012202700017951429,-25.366581120096612,0.002701736616822878
Histology,kapur,7,0,MS-LS-4S,0.029629700002260506,-25.381323303143716,0.002122141223902291
Histology,kapur,7,0,MS-LS-4S,0.06517770001664758,-25.38898116739609,0.0018210689318201318
Histology,kapur,7,0,MS-LS-4S,0.09623139997711405,-25.39440828134483,0.0016076995664083226
Histology,kapur,7,0,MS-LS-4S,0.12034490000223741,-25.413318762984233,0.0008642256859738051
Histology,kapur,7,0,MS-LS-4S,0.1976759000099264,-25.420582518732907,0.0005786479425839666
Histology,kapur,7,0,MS-LS-conv,0.015088299987837672,-25.413318762984233,0.0008642256859738051
Histology,kapur,7,0,MS-LS-conv,0.07524239999474958,-25.433939976095207,5.349364734932422e-05
Histology,kapur,7,1,RM-MDE,0.0008983999723568559,-23.43126116212768,0.0787896896616307
Histology,kapur,7,1,RM-MDE,0.01445309998234734,-25.421803676198806,0.0005306376011708797
Histology,kapur,7,1,RM-MDE,0.06130310002481565,-25.4267039905628,0.0003379795925056635
Histology,kapur,7,1,RM-MDE,0.0682031000033021,-25.428715589360046,0.00025889270343618066
Histology,kapur,7,1,RM-MDE,0.10710510000353679,-25.429084936239015,0.0002443716688813851
Histology,kapur,7,1,RM-MDE,0.11266630003228784,-25.433939976095207,5.349364734932422e-05
Histology,kapur,7,1,RM-MDE,0.13088959991000593,-25.435300603095893,0.0
Histology,kapur,7,1,MS-LS-4S,0.005914799985475838,-25.380025061571523,0.00217318216076606
Histology,kapur,7,1,MS-LS-4S,0.011365499987732619,-25.412617547090896,0.0008917942963975025
Histology,kapur,7,1,MS-LS-4S,0.02976230002241209,-25.413318762984233,0.0008642256859738051
Histology,kapur,7,1,MS-LS-4S,0.041441100009251386,-25.42238105242626,0.0005079378015316305
Histology,kapur,7,1,MS-LS-4S,0.16297340003075078,-25.433939976095207,5.349364734932422e-05
Histology,kapur,7,1,MS-LS-conv,0.014895799977239221,-25.411461378287143,0.0009372495800520784
Histology,kapur,7,1,MS-LS-conv,0.026124300027731806,-25.42238105242626,0.0005079378015316305
Histology,kapur,7,1,MS-LS-conv,0.0932530999998562,-25.433599130625183,6.689413650976032e-05
Histology,kapur,7,2,RM-MDE,0.0008347000111825764,-23.487483944922733,0.07657926629481543
Histology,kapur,7,2,RM-MDE,0.014036000007763505,-25.414295255185813,0.0008258344667459257
Histology,kapur,7,2,RM-MDE,0.026850600028410554,-25.42718845270297,0.00031893275096321876
Histology,kapur,7,2,RM-MDE,0.045533700031228364,-25.42774170865254,0.00029718125062900294
Histology,kapur,7,2,RM-MDE,0.08375090005574748,-25.42952970040752,0.00022688557050785121
Histology,kapur,7,2,RM-MDE,0.08868510002503172,-25.432847705360736,9.643675038220953e-05
Histology,kapur,7,2,RM-MDE,0.0995100000873208,-25.433811032133615,5.8563135758515386e-05
Histology,kapur,7,2,RM-MDE,0.1107680001296103,-25.435300603095893,0.0
Histology,kapur,7,2,MS-LS-4S,0.005519700003787875,-25.27577542151132,0.006271802487176294
Histology,kapur,7,2,MS-LS-4S,0.010806199978105724,-25.27739665649277,0.006208062922751717
Histology,kapur,7,2,MS-LS-4S,0.01647989999037236,-25.351365948993738,0.0032999277426246977
Histology,kapur,7,2,MS-LS-4S,0.03438540000934154,-25.4170831290933,0.0007162279812166318
Histology,kapur,7,2,MS-LS-conv,0.015250399999786168,-25.360838974120576,0.002927491604571573
Histology,kapur,7,2,MS-LS-conv,0.043259199999738485,-25.401731206074814,0.001319795568564782
Histology,kapur,7,2,MS-LS-conv,0.06427119998261333,-25.411461378287143,0.0009372495800520784
Histology,kapur,7,2,MS-LS-conv,0.08008649997645989,-25.433811032133615,5.8563135758515386e-05
Histology,kapur,7,3,RM-MDE,0.0008728999528102577,-23.48205062525882,0.0767928796406412
Histology,kapur,7,3,RM-MDE,0.00803749996703118,-25.406267130412594,0.001141463713614022
Histology,kapur,7,3,RM-MDE,0.0287219999008812,-25.432356969935704,0.00011573022887062002
Histology,kapur,7,3,RM-MDE,0.08183899987488985,-25.435300603095893,0.0
Histology,kapur,7,3,MS-LS-4S,0.005313300003763288,-25.184656763843478,0.009854172481134656
Histology,kapur,7,3,MS-LS-4S,0.010721500031650066,-25.27739665649277,0.006208062922751717
Histology,kapur,7,3,MS-LS-4S,0.01656120002735406,-25.400449370354906,0.001370191502149778
Histology,kapur,7,3,MS-LS-4S,0.06296410004142672,-25.403142145058062,0.00126432388355247
Histology,kapur,7,3,MS-LS-4S,0.07469370000762865,-25.41307918824201,0.00087364467204999
Histology,kapur,7,3,MS-LS-4S,0.16444840002804995,-25.42330358986554,0.00047166783744999715
Histology,kapur,7,3,MS-LS-4S,0.1986284000449814,-25.425937785162986,0.0003681032938831083
Histology,kapur,7,3,MS-LS-4S,0.3032412000466138,-25.426287646454632,0.0003543483437409679
Histology,kapur,7,3,MS-LS-conv,0.017714900022838265,-25.360838974120576,0.002927491604571573
Histology,kapur,7,3,MS-LS-conv,0.04275269998470321,-25.413318762984233,0.0008642256859738051
Histology,kapur,7,3,MS-LS-conv,0.08161390002351254,-25.42952970040752,0.00022688557050785121
Histology,kapur,7,4,RM-MDE,0.0009186999523080885,-23.876745881965682,0.061275262496426286
Histology,kapur,7,4,RM-MDE,0.008092499920167029,-25.411260908291425,0.0009451311458667133
Histology,kapur,7,4,RM-MDE,0.03649049991508946,-25.41307918824201,0.00087364467204999
Histology,kapur,7,4,RM-MDE,0.054603499942459166,-25.413318762984233,0.0008642256859738051
Histology,kapur,7,4,RM-MDE,0.09070590004557744,-25.4170831290933,0.0007162279812166318
Histology,kapur,7,4,MS-LS-4S,0.00610130000859499,-25.36334628292139,0.0028289156592764568
Histology,kapur,7,4,MS-LS-4S,0.01218040002277121,-25.395904926164732,0.0015488583188344805
Histology,kapur,7,4,MS-LS-4S,0.02449819998582825,-25.39803550385338,0.0014650937224613943
Histology,kapur,7,4,MS-LS-4S,0.036200699978508055,-25.39910510054471,0.0014230420593801983
Histology,kapur,7,4,MS-LS-4S,0.04811350000090897,-25.40092650046963,0.0013514329224038671
Histology,kapur,7,4,MS-LS-4S,0.07138430001214147,-25.411194000624718,0.0009477616501312645
Histology,kapur,7,4,MS-LS-4S,0.116764799982775,-25.41335534920791,0.0008627872825418981
Histology,kapur,7,4,MS-LS-4S,0.1879890999989584,-25.415006291161298,0.000797879775485144
Histology,kapur,7,4,MS-LS-4S,0.2171859000227414,-25.433523064497948,6.988470966720709e-05
Histology,kapur,7,4,MS-LS-conv,0.019730100000742823,-25.411461378287143,0.0009372495800520784
Histology,kapur,7,4,MS-LS-conv,0.11106890003429726,-25.413318762984233,0.0008642256859738051
Histology,kapur,7,4,MS-LS-conv,0.14739870000630617,-25.414295255185813,0.0008258344667459257
Histology,kapur,7,4,MS-LS-conv,0.17910840001422912,-25.433270242442767,7.982451966301206e-05
Histology,kapur,7,5,RM-MDE,0.0008370000286959112,-24.425896310631956,0.039685172517327214
Histology,kapur,7,5,RM-MDE,0.019222000031732023,-25.41525628599583,0.0007880511189092232
Histology,kapur,7,5,RM-MDE,0.040250200079753995,-25.4337766305268,5.991565002015518e-05
Histology,kapur,7,5,RM-MDE,0.06589740002527833,-25.433939976095207,5.349364734932422e-05
Histology,kapur,7,5,RM-MDE,0.16426040010992438,-25.43408341017122,4.7854473735839605e-05
Histology,kapur,7,5,RM-MDE,0.17317390005337074,-25.43432199765222,3.847430226771817e-05
Histology,kapur,7,5,RM-MDE,0.17852260009385645,-25.435300603095893,0.0
Histology,kapur,7,5,MS-LS-4S,0.005569999979343265,-25.353838006508663,0.003202737717096774
Histology,kapur,7,5,MS-LS-4S,0.01753790001384914,-25.416125636055718,0.0007538722399782296
Histology,kapur,7,5,MS-LS-conv,0.0087915999465622,-25.362031916328913,0.0028805905583856885
Histology,kapur,7,5,MS-LS-conv,0.026094299973919988,-25.413318762984233,0.0008642256859738051
Histology,kapur,7,5,MS-LS-conv,0.03364259999943897,-25.416125636055718,0.0007538722399782296
Histology,kapur,7,5,MS-LS-conv,0.1257921999786049,-25.433270242442767,7.982451966301206e-05
Histology,kapur,7,6,RM-MDE,0.000839599990285933,-23.677380445778457,0.06911340206859864
Histology,kapur,7,6,RM-MDE,0.020195899938698858,-25.411461378287143,0.0009372495800520784
Histology,kapur,7,6,RM-MDE,0.034161899995524436,-25.416748861894206,0.0007293698427699758
Histology,kapur,7,6,RM-MDE,0.08273179997922853,-25.42718845270297,0.00031893275096321876
Histology,kapur,7,6,RM-MDE,0.08398170000873506,-25.428648711564843,0.00026152203328943434
Histology,kapur,7,6,RM-MDE,0.0978345000767149,-25.435300603095893,0.0
Histology,kapur,7,6,MS-LS-4S,0.005527100001927465,-25.417764355866716,0.0006894452518105054
Histology,kapur,7,6,MS-LS-4S,0.06307839998044074,-25.42952970040752,0.00022688557050785121
Histology,kapur,7,6,MS-LS-4S,0.21764940000139177,-25.433490605165915,7.116086254384874e-05
Histology,kapur,7,6,MS-LS-conv,0.010977400001138449,-25.434567361880937,2.8827699990564868e-05
Histology,kapur,7,7,RM-MDE,0.0008986000320874155,-23.237575447961994,0.08640452847120665
Histology,kapur,7,7,RM-MDE,0.013615300063975155,-25.41307918824201,0.00087364467204999
Histology,kapur,7,7,RM-MDE,0.06265750009333715,-25.433270242442767,7.982451966301206e-05
Histology,kapur,7,7,RM-MDE,0.08460960007505491,-25.43432199765222,3.847430226771817e-05
Histology,kapur,7,7,RM-MDE,0.10231980006210506,-25.434567361880937,2.8827699990564868e-05
Histology,kapur,7,7,RM-MDE,0.14293230010662228,-25.435300603095893,0.0
Histology,kapur,7,7,MS-LS-4S,0.005949900019913912,-25.40209472979665,0.0013055034739868504
Histology,kapur,7,7,MS-LS-4S,0.04120680002961308,-25.428715589360046,0.00025889270343618066
Histology,kapur,7,7,MS-LS-4S,0.2616207000100985,-25.433270242442767,7.982451966301206e-05
Histology,kapur,7,7,MS-LS-conv,0.011744200019165874,-25.4170831290933,0.0007162279812166318
Histology,kapur,7,7,MS-LS-conv,0.1015684999874793,-25.432523181136723,0.00010919556259664566
Histology,kapur,7,8,RM-MDE,0.0008373000309802592,-23.913235325077277,0.059840664034981186
Histology,kapur,7,8,RM-MDE,0.02194990002317354,-25.413698620518872,0.0008492914203810018
Histology,kapur,7,8,RM-MDE,0.05146810004953295,-25.432523181136723,0.00010919556259664566
Histology,kapur,7,8,RM-MDE,0.08594300010008737,-25.433599130625183,6.689413650976032e-05
Histology,kapur,7,8,RM-MDE,0.1102292001596652,-25.435300603095893,0.0
Histology,kapur,7,8,MS-LS-4S,0.006254200008697808,-25.346578968151228,0.0034881299941808613
Histology,kapur,7,8,MS-LS-4S,0.01692889997502789,-25.411260908291425,0.0009451311458667133
Histology,kapur,7,8,MS-LS-4S,0.07734489999711514,-25.42775033610856,0.00029684205841132267
Histology,kapur,7,8,MS-LS-conv,0.010794400004670024,-25.414295255185813,0.0008258344667459257
Histology,kapur,7,8,MS-LS-conv,0.04742950003128499,-25.4170831290933,0.0007162279812166318
Histology,kapur,7,8,MS-LS-conv,0.2168577000265941,-25.42952970040752,0.00022688557050785121
Histology,kapur,7,9,RM-MDE,0.0008978000259958208,-23.070912046819906,0.09295697319135289
Histology,kapur,7,9,RM-MDE,0.002211000013630837,-24.237104468004937,0.04710760662074174
Histology,kapur,7,9,RM-MDE,0.008998400007840246,-25.37764270171434,0.0022668456835353984
Histology,kapur,7,9,RM-MDE,0.016197900054976344,-25.414295255185813,0.0008258344667459257
Histology,kapur,7,9,RM-MDE,0.05738559988094494,-25.42952970040752,0.00022688557050785121
Histology,kapur,7,9,RM-MDE,0.07151379995048046,-25.433270242442767,7.982451966301206e-05
Histology,kapur,7,9,RM-MDE,0.0905726999626495,-25.4337766305268,5.991565002015518e-05
Histology,kapur,7,9,RM-MDE,0.13094689999707043,-25.435300603095893,0.0
Histology,kapur,7,9,MS-LS-4S,0.006150399975012988,-25.19305433820906,0.009524018161489652
Histology,kapur,7,9,MS-LS-4S,0.01794370001880452,-25.41412543130481,0.0008325111671180653
Histology,kapur,7,9,MS-LS-4S,0.21154240000760183,-25.421281937934047,0.0005511499699020418
Histology,kapur,7,9,MS-LS-conv,0.026315499970223755,-25.411461378287143,0.0009372495800520784
Histology,kapur,7,9,MS-LS-conv,0.04564699996262789,-25.41412543130481,0.0008325111671180653
Histology,kapur,7,9,MS-LS-conv,0.18992949998937547,-25.42238105242626,0.0005079378015316305
Histology,kapur,8,0,RM-MDE,0.0009055000264197588,-24.877643987574068,0.10217131246858815
Histology,kapur,8,0,RM-MDE,0.014445500040892512,-27.546224928613114,0.005862814563354451
Histology,kapur,8,0,RM-MDE,0.021719200012739748,-27.677942272501937,0.0011091646579255298
Histology,kapur,8,0,RM-MDE,0.040540399961173534,-27.692912716240834,0.0005688846434446761
Histology,kapur,8,0,RM-MDE,0.04941559996223077,-27.696146662169255,0.0004521722477727785
Histology,kapur,8,0,RM-MDE,0.07045449991710484,-27.70867575636882,0.0
Histology,kapur,8,0,MS-LS-4S,0.006050899974070489,-27.64613596091108,0.0022570474319171785
Histology,kapur,8,0,MS-LS-4S,0.10877220000838861,-27.681997571329276,0.0009628098171891618
Histology,kapur,8,0,MS-LS-4S,0.15088699996704236,-27.69573131765071,0.0004671619398892732
Histology,kapur,8,0,MS-LS-4S,0.23208509996766225,-27.697201134010953,0.00041411659145164684
Histology,kapur,8,0,MS-LS-conv,0.007997300010174513,-27.64613596091108,0.0022570474319171785
Histology,kapur,8,0,MS-LS-conv,0.02172620000783354,-27.6979766249175,0.0003861292955820481
Histology,kapur,8,0,MS-LS-conv,0.06382969999685884,-27.701238010345598,0.000268426614415587
Histology,kapur,8,1,RM-MDE,0.0010123999672941864,-25.670411361495386,0.0735605126998875
Histology,kapur,8,1,RM-MDE,0.020115100021939725,-27.633266142641936,0.0027215163362525655
Histology,kapur,8,1,RM-MDE,0.04698020004434511,-27.667973491787293,0.0014689357564181193
Histology,kapur,8,1,RM-MDE,0.06793330010259524,-27.70411547448316,0.00016457956799365272
Histology,kapur,8,1,RM-MDE,0.11767080012941733,-27.70821823508536,1.6511842264888668e-05
Histology,kapur,8,1,RM-MDE,0.14192850014660507,-27.70867575636882,0.0
Histology,kapur,8,1,MS-LS-4S,0.006067599984817207,-27.619000517610253,0.0032363595989589877
Histology,kapur,8,1,MS-LS-4S,0.03009439999004826,-27.65533436686463,0.0019250789887326116
Histology,kapur,8,1,MS-LS-4S,0.035991999960970134,-27.685915482722706,0.0008214132586571636
Histology,kapur,8,1,MS-LS-4S,0.09988269995665178,-27.701623663454,0.0002545084787459707
Histology,kapur,8,1,MS-LS-4S,0.15831909998087212,-27.70821823508536,1.6511842264888668e-05
Histology,kapur,8,1,MS-LS-conv,0.011936599970795214,-27.67841912259263,0.0010919552432683756
Histology,kapur,8,1,MS-LS-conv,0.09884089999832213,-27.70175224452398,0.0002498680162745636
Histology,kapur,8,2,RM-MDE,0.0009012999944388866,-26.58316829793842,0.040619316070047165
Histology,kapur,8,2,RM-MDE,0.009930400003213435,-27.693622130556008,0.000543282037191953
Histology,kapur,8,2,RM-MDE,0.04333820007741451,-27.702313959834058,0.00022959583455732312
Histology,kapur,8,2,RM-MDE,0.1126042001415044,-27.705404205019853,0.00011806956700968722
Histology,kapur,8,2,RM-MDE,0.1368216000846587,-27.7057549226501,0.00010541224504556805
Histology,kapur,8,2,RM-MDE,0.1637801000615582,-27.70713758546279,5.551224892720298e-05
Histology,kapur,8,2,RM-MDE,0.1705402000225149,-27.70867575636882,0.0
Histology,kapur,8,2,MS-LS-4S,0.005931699997745454,-26.713692284736297,0.0359087341589692
Histology,kapur,8,2,MS-LS-4S,0.011425399978179485,-27.54040003373587,0.006073033735445495
Histology,kapur,8,2,MS-LS-4S,0.01740459998836741,-27.698533418268198,0.00036603474629386297
Histology,kapur,8,2,MS-LS-4S,0.03513719997135922,-27.7032138851688,0.00019711772760427814
Histology,kapur,8,2,MS-LS-4S,0.13411589997122064,-27.705404205019853,0.00011806956700968722
Histology,kapur,8,2,MS-LS-conv,0.03717679996043444,-27.613737251614353,0.003426309708526763
Histology,kapur,8,2,MS-LS-conv,0.07085649995133281,-27.702313959834058,0.00022959583455732312
Histology,kapur,8,2,MS-LS-conv,0.09864119999110699,-27.70411547448316,0.00016457956799365272
Histology,kapur,8,2,MS-LS-conv,0.10883919999469072,-27.70821823508536,1.6511842264888668e-05
Histology,kapur,8,2,MS-LS-conv,0.1250974999857135,-27.70867575636882,0.0
Histology,kapur,8,3,RM-MDE,0.0009345000144094229,-24.46287781963696,0.11714013203917958
Histology,kapur,8,3,RM-MDE,0.002272100013215095,-26.120174788883798,0.0573286497504272
Histology,kapur,8,3,RM-MDE,0.015558200015220791,-27.7003947099358,0.0002988611403096743
Histology,kapur,8,3,RM-MDE,0.053599200036842376,-27.70867575636882,0.0
Histology,kapur,8,3,MS-LS-4S,0.005457499995827675,-26.802893333978812,0.03268948795511508
Histology,kapur,8,3,MS-LS-4S,0.011297499993816018,-27.68768316703092,0.0007576179216387017
Histology,kapur,8,3,MS-LS-4S,0.14327139995293692,-27.702158532221226,0.00023520518284225481
Histology,kapur,8,3,MS-LS-4S,0.3308316000038758,-27.702612872824353,0.00021880813062935702
Histology,kapur,8,3,MS-LS-conv,0.03889530000742525,-27.613737251614353,0.003426309708526763
Histology,kapur,8,3,MS-LS-conv,0.053723800054285675,-27.70821823508536,1.6511842264888668e-05
Histology,kapur,8,4,RM-MDE,0.0009251000010408461,-25.250096466019418,0.08872958462420562
Histology,kapur,8,4,RM-MDE,0.02528980001807213,-27.64508769055142,0.0022948792781186294
Histology,kapur,8,4,RM-MDE,0.04716550005832687,-27.676787350213814,0.001150845548715029
Histology,kapur,8,4,RM-MDE,0.07505600003059953,-27.707253626599517,5.1324349882574084e-05
Histology,kapur,8,4,RM-MDE,0.13240610022330657,-27.70867575636882,0.0
Histology,kapur,8,4,MS-LS-4S,0.006054099998436868,-27.62001440596159,0.0031997685918588124
Histology,kapur,8,4,MS-LS-4S,0.029611900041345507,-27.690105877727184,0.0006701828266681785
Histology,kapur,8,4,MS-LS-4S,0.0414273000205867,-27.69139879637318,0.0006235216777427537
Histology,kapur,8,4,MS-LS-4S,0.11763110000174493,-27.703097878186426,0.0002013043940257997
Histology,kapur,8,4,MS-LS-4S,0.14741790003608912,-27.7074162111886,4.545670790235866e-05
Histology,kapur,8,4,MS-LS-conv,0.01814649999141693,-27.70821823508536,1.6511842264888668e-05
Histology,kapur,8,5,RM-MDE,0.000977399991825223,-26.826736260107406,0.03182900200702302
Histology,kapur,8,5,RM-MDE,0.015049399982672185,-27.613229311535235,0.0034446411540127756
Histology,kapur,8,5,RM-MDE,0.034519200038630515,-27.64233495554103,0.00239422487783596
Histology,kapur,8,5,RM-MDE,0.05161130003398284,-27.697341003056174,0.0004090687484421008
Histology,kapur,8,5,RM-MDE,0.08285050000995398,-27.69762347305337,0.00039887446851046774
Histology,kapur,8,5,RM-MDE,0.09881629986921325,-27.70867575636882,0.0
Histology,kapur,8,5,MS-LS-4S,0.005602799996268004,-27.33491475043396,0.013488952313029648
Histology,kapur,8,5,MS-LS-4S,0.01190619997214526,-27.445095399512013,0.009512556975813711
Histology,kapur,8,5,MS-LS-4S,0.01772859995253384,-27.47261677839699,0.008519316478614885
Histology,kapur,8,5,MS-LS-4S,0.02392509998753667,-27.65299798036122,0.0020093986626120637
Histology,kapur,8,5,MS-LS-4S,0.06493349996162578,-27.686962740983347,0.0007836179388862285
Histology,kapur,8,5,MS-LS-4S,0.10594179999316111,-27.696321013237664,0.00044587995614750025
Histology,kapur,8,5,MS-LS-conv,0.032203300041146576,-27.613737251614353,0.003426309708526763
Histology,kapur,8,5,MS-LS-conv,0.0572134000249207,-27.701238010345598,0.000268426614415587
Histology,kapur,8,5,MS-LS-conv,0.0976224000332877,-27.70198163940644,0.00024158920553394664
Histology,kapur,8,5,MS-LS-conv,0.2492927000275813,-27.70867575636882,0.0
Histology,kapur,8,6,RM-MDE,0.0010424000211060047,-27.039698852049593,0.024143229008894897
Histology,kapur,8,6,RM-MDE,0.01594349998049438,-27.57375252390287,0.0048693497174775325
Histology,kapur,8,6,RM-MDE,0.02933119999943301,-27.629869552999565,0.002844098507708023
Histology,kapur,8,6,RM-MDE,0.048834099958185107,-27.650426797132177,0.0021021920985615627
Histology,kapur,8,6,RM-MDE,0.08129529992584139,-27.68985352426187,0.0006792902076030325
Histology,kapur,8,6,RM-MDE,0.08389989990973845,-27.70026063567311,0.0003036998508950617
Histology,kapur,8,6,RM-MDE,0.10453499993309379,-27.701238010345598,0.000268426614415587
Histology,kapur,8,6,RM-MDE,0.12353899993468076,-27.705443628669535,0.00011664677618314912
Histology,kapur,8,6,RM-MDE,0.14214339992031455,-27.70867575636882,0.0
Histology,kapur,8,6,MS-LS-4S,0.00573530001565814,-27.60049020952156,0.0039043925375031067
Histology,kapur,8,6,MS-LS-4S,0.011973800021223724,-27.650375635146368,0.0021040385233513518
Histology,kapur,8,6,MS-LS-4S,0.029314599989447743,-27.664274709386376,0.0016024239979147274
Histology,kapur,8,6,MS-LS-4S,0.05324580002343282,-27.666047197178507,0.001538455304220529
Histology,kapur,8,6,MS-LS-4S,0.15273420000448823,-27.702313959834058,0.00022959583455732312
Histology,kapur,8,6,MS-LS-conv,0.014052300015464425,-27.61987250914266,0.0032048896167745796
Histology,kapur,8,6,MS-LS-conv,0.024396500026341528,-27.701238010345598,0.000268426614415587
Histology,kapur,8,6,MS-LS-conv,0.09418830001959577,-27.70867575636882,0.0
Histology,kapur,8,7,RM-MDE,0.000901699997484684,-25.141303247216424,0.09265590790863713
Histology,kapur,8,7,RM-MDE,0.013985700032208115,-27.642980865171722,0.0023709141416473943
Histology,kapur,8,7,RM-MDE,0.028901400044560432,-27.696321013237664,0.00044587995614750025
Histology,kapur,8,7,RM-MDE,0.08776450005825609,-27.70821823508536,1.6511842264888668e-05
Histology,kapur,8,7,RM-MDE,0.11499460000777617,-27.70867575636882,0.0
Histology,kapur,8,7,MS-LS-4S,0.006062500004190952,-27.68616907741719,0.0008122610820351425
Histology,kapur,8,7,MS-LS-4S,0.03498320002108812,-27.70821823508536,1.6511842264888668e-05
Histology,kapur,8,7,MS-LS-conv,0.010289400001056492,-27.701238010345598,0.000268426614415587
Histology,kapur,8,7,MS-LS-conv,0.11985199997434393,-27.70821823508536,1.6511842264888668e-05
Histology,kapur,8,8,RM-MDE,0.0009319999953731894,-25.051506659594146,0.09589664696133754
Histology,kapur,8,8,RM-MDE,0.003615100053139031,-25.272116533233227,0.08793488525252063
Histology,kapur,8,8,RM-MDE,0.004889200034085661,-26.2977653415351,0.05091944585296257
Histology,kapur,8,8,RM-MDE,0.018189400085248053,-27.39254955307966,0.01140892499045167
Histology,kapur,8,8,RM-MDE,0.03093200013972819,-27.615645548756085,0.0033574396853430213
Histology,kapur,8,8,RM-MDE,0.03804320015478879,-27.671843207749923,0.0013292785603595861
Histology,kapur,8,8,RM-MDE,0.07731940021039918,-27.67722160121547,0.001135173525790684
Histology,kapur,8,8,RM-MDE,0.08454090019222349,-27.692666169544864,0.0005777824593539211
Histology,kapur,8,8,RM-MDE,0.09320150024723262,-27.70537501966338,0.00011912286009129405
Histology,kapur,8,8,RM-MDE,0.10593370022252202,-27.70867575636882,0.0
Histology,kapur,8,8,MS-LS-4S,0.006035400030668825,-27.63038907780065,0.0028253489721599173
Histology,kapur,8,8,MS-LS-4S,0.03433620004216209,-27.65382089399175,0.001979699891087779
Histology,kapur,8,8,MS-LS-4S,0.1671527000144124,-27.692952688225667,0.0005674420633233941
Histology,kapur,8,8,MS-LS-4S,0.21303149999585003,-27.7074162111886,4.545670790235866e-05
Histology,kapur,8,8,MS-LS-conv,0.010468699969351292,-27.64549729716837,0.002280096665605869
Histology,kapur,8,8,MS-LS-conv,0.15840659994864836,-27.705404205019853,0.00011806956700968722
Histology,kapur,8,9,RM-MDE,0.0009231999865733087,-25.088617726668847,0.09455731673130406
Histology,kapur,8,9,RM-MDE,0.019261999987065792,-27.586578437371546,0.004406465327712717
Histology,kapur,8,9,RM-MDE,0.03868419997161254,-27.63767807222142,0.0025622907702863244
Histology,kapur,8,9,RM-MDE,0.05887909996090457,-27.67985233420486,0.001040230952117399
Histology,kapur,8,9,RM-MDE,0.06746900000143796,-27.692666169544864,0.0005777824593539211
Histology,kapur,8,9,RM-MDE,0.11460989998886362,-27.701238010345598,0.000268426614415587
Histology,kapur,8,9,RM-MDE,0.13951579993590713,-27.705443628669535,0.00011664677618314912
Histology,kapur,8,9,RM-MDE,0.16446139989420772,-27.70821823508536,1.6511842264888668e-05
Histology,kapur,8,9,RM-MDE,0.19024219986749813,-27.70851028648081,5.971771782425111e-06
Histology,kapur,8,9,RM-MDE,0.19682849990203977,-27.70867575636882,0.0
Histology,kapur,8,9,MS-LS-4S,0.0060341000207699835,-27.172224249802333,0.019360416617643053
Histology,kapur,8,9,MS-LS-4S,0.012077399995177984,-27.449859836962645,0.00934060947848386
Histology,kapur,8,9,MS-LS-4S,0.018264400016050786,-27.653681047705753,0.001984746912721954
Histology,kapur,8,9,MS-LS-4S,0.07073969999328256,-27.673709824155836,0.0012619127857435386
Histology,kapur,8,9,MS-LS-4S,0.1335313000017777,-27.696321013237664,0.00044587995614750025
Histology,kapur,8,9,MS-LS-4S,0.1579016000032425,-27.705443628669535,0.00011664677618314912
Histology,kapur,8,9,MS-LS-conv,0.028142300026956946,-27.701238010345598,0.000268426614415587
Histology,kapur,8,9,MS-LS-conv,0.23213870002655312,-27.70821823508536,1.6511842264888668e-05
Histology,mcet,6,0,RM-MDE,0.000749400001950562,-220002653.45331734,0.0002714354797577561
Histology,mcet,6,0,RM-MDE,0.00199859996791929,-220004561.19635165,0.0002627663788391069
Histology,mcet,6,0,RM-MDE,0.003190999967046082,-220030551.14299393,0.00014466374852625366
Histology,mcet,6,0,RM-MDE,0.012990799965336919,-220054471.5870443,3.596528140417803e-05
Histology,mcet,6,0,RM-MDE,0.01943529990967363,-220062376.7496766,4.291062080998795e-08
Histology,mcet,6,0,RM-MDE,0.06107469991547987,-220062384.78685242,6.388360130957405e-09
Histology,mcet,6,0,MS-LS-4S,0.004399600031320006,-220061588.28517926,3.625824134423406e-06
Histology,mcet,6,0,MS-LS-4S,0.038632000039797276,-220062018.30684507,1.671734327203899e-06
Histology,mcet,6,0,MS-LS-4S,0.1000359000172466,-220062175.71199185,9.564592204448394e-07
Histology,mcet,6,0,MS-LS-4S,0.16903610003646463,-220062345.77495933,1.836648759796337e-07
Histology,mcet,6,0,MS-LS-conv,0.00983660004567355,-220062377.86320406,3.7850567176776216e-08
Histology,mcet,6,0,MS-LS-conv,0.11568930000066757,-220062386.1926902,0.0
Histology,mcet,6,1,RM-MDE,0.0007814000127837062,-220002113.08580026,0.0002738909994239417
Histology,mcet,6,1,RM-MDE,0.014748400019016117,-220062386.1926902,0.0
Histology,mcet,6,1,MS-LS-4S,0.004472999949939549,-220061248.91967276,5.167957310253153e-06
Histology,mcet,6,1,MS-LS-4S,0.008724399958737195,-220062276.16455513,4.999861037811415e-07
Histology,mcet,6,1,MS-LS-4S,0.035012599953915924,-220062386.1926902,0.0
Histology,mcet,6,1,MS-LS-conv,0.007576200005132705,-220062319.9641258,3.0095358651436514e-07
Histology,mcet,6,1,MS-LS-conv,0.015505200019106269,-220062377.86320406,3.7850567176776216e-08
Histology,mcet,6,1,MS-LS-conv,0.09324120002565905,-220062386.1926902,0.0
Histology,mcet,6,2,RM-MDE,0.0007194000063464046,-220018339.4432361,0.00020015573863455707
Histology,mcet,6,2,RM-MDE,0.006462000019382685,-220047620.87812698,6.709603953074484e-05
Histology,mcet,6,2,RM-MDE,0.011976200039498508,-220060581.23235768,8.202039265957987e-06
Histology,mcet,6,2,RM-MDE,0.018511800037231296,-220062175.71199185,9.564592204448394e-07
Histology,mcet,6,2,RM-MDE,0.024030500033404678,-220062386.1926902,0.0
Histology,mcet,6,2,MS-LS-4S,0.004226199991535395,-220059816.82570606,1.1675629936499792e-05
Histology,mcet,6,2,MS-LS-4S,0.012569999962579459,-220061137.20779318,5.675594628533417e-06
Histology,mcet,6,2,MS-LS-4S,0.03873219998786226,-220061598.85429004,3.5777963411970805e-06
Histology,mcet,6,2,MS-LS-4S,0.04307359998347238,-220061804.38582122,2.643826957601717e-06
Histology,mcet,6,2,MS-LS-4S,0.11559519998263568,-220062175.71199185,9.564592204448394e-07
Histology,mcet,6,2,MS-LS-4S,0.19541349995415658,-220062189.8664111,8.921391906195613e-07
Histology,mcet,6,2,MS-LS-conv,0.013104300014674664,-220062377.86320406,3.7850567176776216e-08
Histology,mcet,6,3,RM-MDE,0.0007453000289388001,-220011772.78669167,0.00022999571564315442
Histology,mcet,6,3,RM-MDE,0.001914900029078126,-220019136.80221546,0.0001965324071187105
Histology,mcet,6,3,RM-MDE,0.019645700056571513,-220060605.3713513,8.09234767332145e-06
Histology,mcet,6,3,RM-MDE,0.04920790018513799,-220062384.78685242,6.388360130957405e-09
Histology,mcet,6,3,RM-MDE,0.0918744002119638,-220062386.1926902,0.0
Histology,mcet,6,3,MS-LS-4S,0.004087099980097264,-220048491.76654026,6.313857806562338e-05
Histology,mcet,6,3,MS-LS-4S,0.008244199969340116,-220050009.38548672,5.6242265739290525e-05
Histology,mcet,6,3,MS-LS-4S,0.012719699996523559,-220061481.9207979,4.109161533346236e-06
Histology,mcet,6,3,MS-LS-4S,0.06574920000275597,-220062020.81369212,1.6603427982055212e-06
Histology,mcet,6,3,MS-LS-4S,0.08715259999735281,-220062189.8664111,8.921391906195613e-07
Histology,mcet,6,3,MS-LS-4S,0.1302727999864146,-220062323.97711754,2.8271788619398133e-07
Histology,mcet,6,3,MS-LS-4S,0.16539089998696,-220062377.86320406,3.7850567176776216e-08
Histology,mcet,6,3,MS-LS-conv,0.019533200014848262,-220062377.86320406,3.7850567176776216e-08
Histology,mcet,6,4,RM-MDE,0.0007589999586343765,-220009191.36562818,0.0002417261213164912
Histology,mcet,6,4,RM-MDE,0.010456599935423583,-220060806.43736872,7.178670325285048e-06
Histology,mcet,6,4,RM-MDE,0.016672999947331846,-220062020.81369212,1.6603427982055212e-06
Histology,mcet,6,4,RM-MDE,0.02650869992794469,-220062319.9641258,3.0095358651436514e-07
Histology,mcet,6,4,RM-MDE,0.05007469997508451,-220062386.1926902,0.0
Histology,mcet,6,4,MS-LS-4S,0.0045683999778702855,-220059677.98892337,1.2306527315628886e-05
Histology,mcet,6,4,MS-LS-4S,0.018366799980867654,-220062020.81369212,1.6603427982055212e-06
Histology,mcet,6,4,MS-LS-4S,0.03134459996363148,-220062298.43989724,3.9876325287869556e-07
Histology,mcet,6,4,MS-LS-4S,0.09110269998200238,-220062386.1926902,0.0
Histology,mcet,6,4,MS-LS-conv,0.01308270002482459,-220062319.9641258,3.0095358651436514e-07
Histology,mcet,6,4,MS-LS-conv,0.06823910004459321,-220062377.86320406,3.7850567176776216e-08
Histology,mcet,6,5,RM-MDE,0.0007786999922245741,-220015180.8414188,0.0002145089494306271
Histology,mcet,6,5,RM-MDE,0.014869000006001443,-220060793.6267785,7.2368837729769205e-06
Histology,mcet,6,5,RM-MDE,0.04260349995456636,-220061972.057257,1.8819001300585634e-06
Histology,mcet,6,5,RM-MDE,0.055359599995426834,-220062376.7496766,4.291062080998795e-08
Histology,mcet,6,5,RM-MDE,0.06502899999031797,-220062384.78685242,6.388360130957405e-09
Histology,mcet,6,5,RM-MDE,0.09744889999274164,-220062386.1926902,0.0
Histology,mcet,6,5,MS-LS-4S,0.004269599972758442,-220060504.8028359,8.54934769558831e-06
Histology,mcet,6,5,MS-LS-4S,0.029972299991641194,-220062386.1926902,0.0
Histology,mcet,6,5,MS-LS-conv,0.012728300003800541,-220062377.86320406,3.7850567176776216e-08
Histology,mcet,6,5,MS-LS-conv,0.10159480001311749,-220062386.1926902,0.0
Histology,mcet,6,6,RM-MDE,0.0007536000339314342,-219996792.16014728,0.0002980701685452004
Histology,mcet,6,6,RM-MDE,0.0154459000332281,-220061794.88255408,2.687011380453858e-06
Histology,mcet,6,6,RM-MDE,0.03121580003062263,-220062109.1002559,1.2591540021039516e-06
Histology,mcet,6,6,RM-MDE,0.03754819999448955,-220062323.97711754,2.8271788619398133e-07
Histology,mcet,6,6,RM-MDE,0.042888499971013516,-220062377.86320406,3.7850567176776216e-08
Histology,mcet,6,6,RM-MDE,0.07400050002615899,-220062386.1926902,0.0
Histology,mcet,6,6,MS-LS-4S,0.004443999961949885,-220059762.79998466,1.1921131779571103e-05
Histology,mcet,6,6,MS-LS-4S,0.008818199974484742,-220061052.201762,6.061876140136022e-06
Histology,mcet,6,6,MS-LS-4S,0.013477400003466755,-220061511.0117645,3.976967353842858e-06
Histology,mcet,6,6,MS-LS-4S,0.05042759998468682,-220061719.14572537,3.0311720978982867e-06
Histology,mcet,6,6,MS-LS-4S,0.06040979997487739,-220061972.057257,1.8819001300585634e-06
Histology,mcet,6,6,MS-LS-4S,0.11680819996399805,-220062251.77540052,6.108144694776876e-07
Histology,mcet,6,6,MS-LS-4S,0.15950469998642802,-220062386.1926902,0.0
Histology,mcet,6,6,MS-LS-conv,0.013590499991551042,-220062377.86320406,3.7850567176776216e-08
Histology,mcet,6,7,RM-MDE,0.0007276000105775893,-220046325.45657188,7.298265003931026e-05
Histology,mcet,6,7,RM-MDE,0.006225600023753941,-220060504.8028359,8.54934769558831e-06
Histology,mcet,6,7,RM-MDE,0.012864500051364303,-220061598.85429004,3.5777963411970805e-06
Histology,mcet,6,7,RM-MDE,0.0224466000800021,-220062245.5247882,6.39218289079292e-07
Histology,mcet,6,7,RM-MDE,0.037115000071935356,-220062352.02557164,1.552610563780293e-07
Histology,mcet,6,7,RM-MDE,0.09116630011703819,-220062377.86320406,3.7850567176776216e-08
Histology,mcet,6,7,RM-MDE,0.10535810008877888,-220062386.1926902,0.0
Histology,mcet,6,7,MS-LS-4S,0.004414799972437322,-220057392.39936316,2.2692625547833848e-05
Histology,mcet,6,7,MS-LS-4S,0.00855929998215288,-220058620.74289152,1.7110828723707022e-05
Histology,mcet,6,7,MS-LS-4S,0.012943000008817762,-220062171.8507303,9.74005433650175e-07
Histology,mcet,6,7,MS-LS-4S,0.0775599000044167,-220062276.16455513,4.999861037811415e-07
Histology,mcet,6,7,MS-LS-4S,0.08642680000048131,-220062386.1926902,0.0
Histology,mcet,6,7,MS-LS-conv,0.014229000022169203,-220062319.9641258,3.0095358651436514e-07
Histology,mcet,6,7,MS-LS-conv,0.029379700019489974,-220062377.86320406,3.7850567176776216e-08
Histology,mcet,6,7,MS-LS-conv,0.03731759998481721,-220062386.1926902,0.0
Histology,mcet,6,8,RM-MDE,0.0007842000341042876,-220004879.28436688,0.0002613209341144006
Histology,mcet,6,8,RM-MDE,0.0019697000388987362,-220006917.89474255,0.0002520571502804493
Histology,mcet,6,8,RM-MDE,0.007306200044695288,-220056055.58457765,2.8767333764165578e-05
Histology,mcet,6,8,RM-MDE,0.02310120005859062,-220060357.03597167,9.22082484712107e-06
Histology,mcet,6,8,RM-MDE,0.041240000107791275,-220062276.16455513,4.999861037811415e-07
Histology,mcet,6,8,RM-MDE,0.057307700044475496,-220062377.86320406,3.7850567176776216e-08
Histology,mcet,6,8,RM-MDE,0.08203390002017841,-220062386.1926902,0.0
Histology,mcet,6,8,MS-LS-4S,0.004657800018321723,-220059943.75553772,1.10988397187354e-05
Histology,mcet,6,8,MS-LS-4S,0.017048400011844933,-220060663.5347763,7.828043418492582e-06
Histology,mcet,6,8,MS-LS-4S,0.05026700004236773,-220062175.71199185,9.564592204448394e-07
Histology,mcet,6,8,MS-LS-4S,0.11890170001424849,-220062189.8664111,8.921391906195613e-07
Histology,mcet,6,8,MS-LS-4S,0.20150920003652573,-220062376.7496766,4.291062080998795e-08
Histology,mcet,6,8,MS-LS-conv,0.012889600009657443,-220062319.9641258,3.0095358651436514e-07
Histology,mcet,6,8,MS-LS-conv,0.03534939995734021,-220062377.86320406,3.7850567176776216e-08
Histology,mcet,6,9,RM-MDE,0.0007535999757237732,-220020497.74671134,0.00019034804949434622
Histology,mcet,6,9,RM-MDE,0.005952499923296273,-220057188.8152972,2.361774532634746e-05
Histology,mcet,6,9,RM-MDE,0.012406299938447773,-220058992.9149201,1.541961726767252e-05
Histology,mcet,6,9,RM-MDE,0.02464939991477877,-220062386.1926902,0.0
Histology,mcet,6,9,MS-LS-4S,0.0045461999834515154,-220051952.92740348,4.741048875830285e-05
Histology,mcet,6,9,MS-LS-4S,0.008984599960967898,-220061716.0371381,3.045298034269315e-06
Histology,mcet,6,9,MS-LS-4S,0.035985899972729385,-220061977.62543803,1.8565973914386738e-06
Histology,mcet,6,9,MS-LS-4S,0.04848499997751787,-220062219.4304126,7.577954619520014e-07
Histology,mcet,6,9,MS-LS-4S,0.16792209999402985,-220062377.86320406,3.7850567176776216e-08
Histology,mcet,6,9,MS-LS-conv,0.016645600029733032,-220062319.9641258,3.0095358651436514e-07
Histology,mcet,6,9,MS-LS-conv,0.025054600031580776,-220062377.86320406,3.7850567176776216e-08
Histology,mcet,6,9,MS-LS-conv,0.11428770003840327,-220062386.1926902,0.0
Histology,mcet,7,0,RM-MDE,0.0007852999842725694,-220028270.80595747,0.00020493154145301653
Histology,mcet,7,0,RM-MDE,0.011250999988988042,-220071963.44281864,6.394859317847846e-06
Histology,mcet,7,0,RM-MDE,0.02236180001636967,-220072301.2482981,4.859891782848011e-06
Histology,mcet,7,0,RM-MDE,0.0489726000232622,-220072728.31104356,2.9193446646926662e-06
Histology,mcet,7,0,RM-MDE,0.0544458000222221,-220073101.86567083,1.221935178284927e-06
Histology,mcet,7,0,RM-MDE,0.059924600063823164,-220073350.9300928,9.020160644197176e-08
Histology,mcet,7,0,RM-MDE,0.10898760007694364,-220073369.63925344,5.188319466206586e-09
Histology,mcet,7,0,RM-MDE,0.11983300012070686,-220073370.7810644,0.0
Histology,mcet,7,0,MS-LS-4S,0.004490300023462623,-220072576.77412105,3.6079192158826517e-06
Histology,mcet,7,0,MS-LS-4S,0.02241670002695173,-220072713.74824628,2.9855171290234525e-06
Histology,mcet,7,0,MS-LS-4S,0.09114500001305714,-220072778.44538826,2.6915372542864625e-06
Histology,mcet,7,0,MS-LS-4S,0.12332960002822801,-220072859.95686615,2.3211540607254364e-06
Histology,mcet,7,0,MS-LS-4S,0.13642009999603033,-220073154.81704777,9.813273448298838e-07
Histology,mcet,7,0,MS-LS-4S,0.14952860004268587,-220073280.0589052,4.122359686457387e-07
Histology,mcet,7,0,MS-LS-conv,0.01037269999505952,-220073329.25248605,1.8870333195523738e-07
Histology,mcet,7,1,RM-MDE,0.0011841999948956072,-220042492.7384268,0.00014030794606361075
Histology,mcet,7,1,RM-MDE,0.00822590000461787,-220070690.00711346,1.218127364260406e-05
Histology,mcet,7,1,RM-MDE,0.02470730000641197,-220072452.6203462,4.172066411051635e-06
Histology,mcet,7,1,RM-MDE,0.035016900044865906,-220072714.96093318,2.9800067535881137e-06
Histology,mcet,7,1,RM-MDE,0.04947990004438907,-220072910.53920716,2.0913109823201908e-06
Histology,mcet,7,1,RM-MDE,0.07155980006791651,-220073251.5724207,5.416768202421234e-07
Histology,mcet,7,1,RM-MDE,0.08954559999983758,-220073288.93895683,3.7188555468453237e-07
Histology,mcet,7,1,RM-MDE,0.10298219998367131,-220073308.94150308,2.809952021633303e-07
Histology,mcet,7,1,RM-MDE,0.10528359998716041,-220073345.10074836,1.166897927715512e-07
Histology,mcet,7,1,RM-MDE,0.10643159999744967,-220073345.8581426,1.1324823938633456e-07
Histology,mcet,7,1,RM-MDE,0.1143879999872297,-220073357.4641897,6.051106790267377e-08
Histology,mcet,7,1,RM-MDE,0.1236839999910444,-220073369.63925344,5.188319466206586e-09
Histology,mcet,7,1,RM-MDE,0.12705160002224147,-220073370.7810644,0.0
Histology,mcet,7,1,MS-LS-4S,0.004643300024326891,-220070594.10164675,1.2617062245128671e-05
Histology,mcet,7,1,MS-LS-4S,0.00906449998728931,-220071906.66792327,6.652840986272819e-06
Histology,mcet,7,1,MS-LS-4S,0.022374299995135516,-220073156.599715,9.732270135025998e-07
Histology,mcet,7,1,MS-LS-4S,0.12587679998250678,-220073349.33320013,9.745778959139396e-08
Histology,mcet,7,1,MS-LS-conv,0.013461199996527284,-220073126.0878901,1.111870888486577e-06
Histology,mcet,7,1,MS-LS-conv,0.06198250001762062,-220073189.06771898,8.256943798494073e-07
Histology,mcet,7,1,MS-LS-conv,0.0718835000297986,-220073284.87274957,3.903621529456578e-07
Histology,mcet,7,2,RM-MDE,0.0008024999988265336,-220026624.02975726,0.00021241439226027457
Histology,mcet,7,2,RM-MDE,0.012356400024145842,-220070596.23181248,1.260738290174248e-05
Histology,mcet,7,2,RM-MDE,0.029035500017926097,-220073207.5186741,7.418543629621991e-07
Histology,mcet,7,2,RM-MDE,0.04244710004422814,-220073349.33320013,9.745778959139396e-08
Histology,mcet,7,2,RM-MDE,0.052373900020029396,-220073359.82783753,4.9770796100699165e-08
Histology,mcet,7,2,RM-MDE,0.086114400124643,-220073369.63925344,5.188319466206586e-09
Histology,mcet,7,2,RM-MDE,0.09063910017721355,-220073370.7810644,0.0
Histology,mcet,7,2,MS-LS-4S,0.004310699994675815,-220064937.0984357,3.832214046960401e-05
Histology,mcet,7,2,MS-LS-4S,0.013220799970440567,-220071226.97705704,9.741314906673189e-06
Histology,mcet,7,2,MS-LS-4S,0.022304899990558624,-220072576.53363705,3.609011960535941e-06
Histology,mcet,7,2,MS-LS-4S,0.027045599999837577,-220072672.0375905,3.175047809771472e-06
Histology,mcet,7,2,MS-LS-4S,0.10737189999781549,-220073003.3289538,1.6696800220963716e-06
Histology,mcet,7,2,MS-LS-4S,0.12589279998792335,-220073148.98590353,1.0078237093049831e-06
Histology,mcet,7,2,MS-LS-conv,0.014991800009738654,-220072956.03557473,1.8845782576281185e-06
Histology,mcet,7,2,MS-LS-conv,0.05822820001048967,-220073126.0878901,1.111870888486577e-06
Histology,mcet,7,2,MS-LS-conv,0.06681450002361089,-220073284.87274957,3.903621529456578e-07
Histology,mcet,7,2,MS-LS-conv,0.16544700000667945,-220073329.25248605,1.8870333195523738e-07
Histology,mcet,7,3,RM-MDE,0.0007749999640509486,-220023864.17965898,0.0002249549831027154
Histology,mcet,7,3,RM-MDE,0.006843999959528446,-220067073.65950605,2.8613737027743214e-05
Histology,mcet,7,3,RM-MDE,0.020742099964991212,-220072338.04757613,4.692678103654322e-06
Histology,mcet,7,3,RM-MDE,0.03600750002078712,-220072760.6855704,2.772236785562962e-06
Histology,mcet,7,3,RM-MDE,0.04158159997314215,-220073120.92483085,1.1353315153506763e-06
Histology,mcet,7,3,RM-MDE,0.04712370003107935,-220073230.02900413,6.395687936473394e-07
Histology,mcet,7,3,RM-MDE,0.06242869998095557,-220073314.01345325,2.579485693543874e-07
Histology,mcet,7,3,RM-MDE,0.0871889999252744,-220073321.41388994,2.243214354893248e-07
Histology,mcet,7,3,RM-MDE,0.09689149993937463,-220073329.25248605,1.8870333195523738e-07
Histology,mcet,7,3,RM-MDE,0.09803229983663186,-220073357.4641897,6.051106790267377e-08
Histology,mcet,7,3,RM-MDE,0.10138779983390123,-220073370.7810644,0.0
Histology,mcet,7,3,MS-LS-4S,0.0041683000163175166,-220059498.0632161,6.303678540963473e-05
Histology,mcet,7,3,MS-LS-4S,0.008277099987026304,-220062741.64796326,4.829813376971298e-05
Histology,mcet,7,3,MS-LS-4S,0.01371369999833405,-220073003.3289538,1.6696800220963716e-06
Histology,mcet,7,3,MS-LS-4S,0.12893850001273677,-220073188.77753392,8.270129631157402e-07
Histology,mcet,7,3,MS-LS-4S,0.15560739999637008,-220073223.09759888,6.710646771413645e-07
Histology,mcet,7,3,MS-LS-conv,0.016823199985083193,-220072956.03557473,1.8845782576281185e-06
Histology,mcet,7,3,MS-LS-conv,0.04225290002068505,-220073359.82783753,4.9770796100699165e-08
Histology,mcet,7,4,RM-MDE,0.0007777999853715301,-220017242.08036578,0.0002550453991748626
Histology,mcet,7,4,RM-MDE,0.01098469999851659,-220070996.400123,1.0789042458722081e-05
Histology,mcet,7,4,RM-MDE,0.020792399940546602,-220071118.92107764,1.023231469923042e-05
Histology,mcet,7,4,RM-MDE,0.031640199944376945,-220072672.0375905,3.175047809771472e-06
Histology,mcet,7,4,RM-MDE,0.0384846999659203,-220073255.0743683,5.257641834740239e-07
Histology,mcet,7,4,RM-MDE,0.07873820007080212,-220073327.90459937,1.9482804698447014e-07
Histology,mcet,7,4,RM-MDE,0.09618310007499531,-220073370.7810644,0.0
Histology,mcet,7,4,MS-LS-4S,0.004577599989715964,-220069148.69457123,1.9184904008057202e-05
Histology,mcet,7,4,MS-LS-4S,0.0091711999848485,-220071717.69918758,7.511503417916477e-06
Histology,mcet,7,4,MS-LS-4S,0.02773440000601113,-220071815.07583296,7.069029869024039e-06
Histology,mcet,7,4,MS-LS-4S,0.036544499977026135,-220072456.93807226,4.152446926602765e-06
Histology,mcet,7,4,MS-LS-4S,0.06686989997979254,-220072706.33926976,3.0191830673365384e-06
Histology,mcet,7,4,MS-LS-4S,0.1261297999881208,-220073003.3289538,1.6696800220963716e-06
Histology,mcet,7,4,MS-LS-conv,0.01649469998665154,-220073126.0878901,1.111870888486577e-06
Histology,mcet,7,4,MS-LS-conv,0.10241699998732656,-220073322.8326492,2.1787467979341302e-07
Histology,mcet,7,4,MS-LS-conv,0.20304250001208857,-220073329.25248605,1.8870333195523738e-07
Histology,mcet,7,5,RM-MDE,0.0008029000018723309,-220040206.8614085,0.00015069483208344066
Histology,mcet,7,5,RM-MDE,0.006541099981404841,-220072819.55036283,2.504758752089654e-06
Histology,mcet,7,5,RM-MDE,0.01640600000973791,-220073134.18629524,1.0750722284587094e-06
Histology,mcet,7,5,RM-MDE,0.044703299878165126,-220073369.90253395,3.991988851702915e-09
Histology,mcet,7,5,RM-MDE,0.08487979986239225,-220073370.7810644,0.0
Histology,mcet,7,5,MS-LS-4S,0.004440699995029718,-220068882.57914978,2.039411628348928e-05
Histology,mcet,7,5,MS-LS-4S,0.0092022999888286,-220069118.35552263,1.9322762797998756e-05
Histology,mcet,7,5,MS-LS-4S,0.013844500004779547,-220072819.55036283,2.504758752089654e-06
Histology,mcet,7,5,MS-LS-4S,0.10021569998934865,-220072943.214652,1.9428357500582582e-06
Histology,mcet,7,5,MS-LS-4S,0.21230449998984113,-220073247.1824926,5.616243861702983e-07
Histology,mcet,7,5,MS-LS-conv,0.011766100011300296,-220072956.03557473,1.8845782576281185e-06
Histology,mcet,7,5,MS-LS-conv,0.02396040002349764,-220073329.25248605,1.8870333195523738e-07
Histology,mcet,7,6,RM-MDE,0.0008267000084742904,-220040213.4545196,0.0001506648733879637
Histology,mcet,7,6,RM-MDE,0.011459700006525964,-220072576.77412105,3.6079192158826517e-06
Histology,mcet,7,6,RM-MDE,0.023903599998448044,-220072968.74802595,1.8268136531489811e-06
Histology,mcet,7,6,RM-MDE,0.0433425999362953,-220073232.28163213,6.293329891490685e-07
Histology,mcet,7,6,RM-MDE,0.05021459999261424,-220073260.36820906,5.017092932927874e-07
Histology,mcet,7,6,RM-MDE,0.06636360014090315,-220073359.82783753,4.9770796100699165e-08
Histology,mcet,7,6,RM-MDE,0.0802764002000913,-220073370.7810644,0.0
Histology,mcet,7,6,MS-LS-4S,0.00458270002854988,-220072564.41361824,3.66408458821015e-06
Histology,mcet,7,6,MS-LS-4S,0.013664400030393153,-220072765.68145305,2.749535798876478e-06
Histology,mcet,7,6,MS-LS-4S,0.04973870003595948,-220073322.8326492,2.1787467979341302e-07
Histology,mcet,7,6,MS-LS-conv,0.01126170001225546,-220073251.5724207,5.416768202421234e-07
Histology,mcet,7,6,MS-LS-conv,0.13243370002601296,-220073322.8326492,2.1787467979341302e-07
Histology,mcet,7,6,MS-LS-conv,0.21182150003733113,-220073370.7810644,0.0
Histology,mcet,7,7,RM-MDE,0.0008325000526383519,-220036281.97244754,0.00016852928859686464
Histology,mcet,7,7,RM-MDE,0.010878800065256655,-220071751.01577935,7.360114853042805e-06
Histology,mcet,7,7,RM-MDE,0.025678500067442656,-220073057.0391335,1.4256242351743872e-06
Histology,mcet,7,7,RM-MDE,0.05719870002940297,-220073349.33320013,9.745778959139396e-08
Histology,mcet,7,7,RM-MDE,0.06875570007832721,-220073370.7810644,0.0
Histology,mcet,7,7,MS-LS-4S,0.004608599992934614,-220072060.20552388,5.95517547562172e-06
Histology,mcet,7,7,MS-LS-4S,0.03127560002030805,-220073284.57646722,3.9170844191267574e-07
Histology,mcet,7,7,MS-LS-conv,0.009116900037042797,-220073126.0878901,1.111870888486577e-06
Histology,mcet,7,7,MS-LS-conv,0.0924228000221774,-220073284.57646722,3.9170844191267574e-07
Histology,mcet,7,7,MS-LS-conv,0.17467650002799928,-220073329.25248605,1.8870333195523738e-07
Histology,mcet,7,8,RM-MDE,0.0008671999676153064,-220016826.5806494,0.0002569334045927678
Histology,mcet,7,8,RM-MDE,0.01512719999300316,-220067621.8841544,2.6122637598445028e-05
Histology,mcet,7,8,RM-MDE,0.03541750001022592,-220072718.43279073,2.9642308442382543e-06
Histology,mcet,7,8,RM-MDE,0.052339699992444366,-220073314.01345325,2.579485693543874e-07
Histology,mcet,7,8,RM-MDE,0.06500690005486831,-220073369.63925344,5.188319466206586e-09
Histology,mcet,7,8,RM-MDE,0.06850340007804334,-220073370.7810644,0.0
Histology,mcet,7,8,MS-LS-4S,0.0047070999862626195,-220071621.7360058,7.947554274152756e-06
Histology,mcet,7,8,MS-LS-4S,0.013176799984648824,-220072186.24968162,5.382438495694936e-06
Histology,mcet,7,8,MS-LS-4S,0.061176299990620464,-220073273.1049114,4.4383449327606584e-07
Histology,mcet,7,8,MS-LS-4S,0.23480549996020272,-220073317.99666092,2.3984911616431014e-07
Histology,mcet,7,8,MS-LS-4S,0.24348249996546656,-220073332.212277,1.7525422207634345e-07
Histology,mcet,7,8,MS-LS-conv,0.010159600002225488,-220073189.06771898,8.256943798494073e-07
Histology,mcet,7,8,MS-LS-conv,0.1895994000369683,-220073329.25248605,1.8870333195523738e-07
Histology,mcet,7,8,MS-LS-conv,0.1995899000321515,-220073359.82783753,4.9770796100699165e-08
Histology,mcet,7,8,MS-LS-conv,0.2061981000006199,-220073370.7810644,0.0
Histology,mcet,7,9,RM-MDE,0.0008131000213325024,-220022918.05376154,0.00022925412158584686
Histology,mcet,7,9,RM-MDE,0.0020661000162363052,-220024390.18224487,0.00022256485937252
Histology,mcet,7,9,RM-MDE,0.004446100036147982,-220051967.2097136,9.725652528890479e-05
Histology,mcet,7,9,RM-MDE,0.014215100032743067,-220070941.23719382,1.103969945089476e-05
Histology,mcet,7,9,RM-MDE,0.024883400066755712,-220071963.44281864,6.394859317847846e-06
Histology,mcet,7,9,RM-MDE,0.04106450016843155,-220073312.03754753,2.669269646477685e-07
Histology,mcet,7,9,RM-MDE,0.07727330026682466,-220073349.33320013,9.745778959139396e-08
Histology,mcet,7,9,RM-MDE,0.11792740027885884,-220073351.17112625,8.91063651866922e-08
Histology,mcet,7,9,RM-MDE,0.12577330024214461,-220073370.7810644,0.0
Histology,mcet,7,9,MS-LS-4S,0.004562699992675334,-220057602.65169492,7.164941997982166e-05
Histology,mcet,7,9,MS-LS-4S,0.009069399966392666,-220067087.80383033,2.8549466079274205e-05
Histology,mcet,7,9,MS-LS-4S,0.013660199998412281,-220072453.46394175,4.168233164160512e-06
Histology,mcet,7,9,MS-LS-4S,0.03207259997725487,-220072728.31104356,2.9193446646926662e-06
Histology,mcet,7,9,MS-LS-4S,0.1898219999857247,-220072889.5760193,2.1865664318957702e-06
Histology,mcet,7,9,MS-LS-4S,0.20798859995556995,-220073171.3837325,9.06049337935622e-07
Histology,mcet,7,9,MS-LS-conv,0.02083450002828613,-220073126.0878901,1.111870888486577e-06
Histology,mcet,7,9,MS-LS-conv,0.07925310003338382,-220073251.5724207,5.416768202421234e-07
Histology,mcet,7,9,MS-LS-conv,0.10585019999416545,-220073284.87274957,3.903621529456578e-07
Histology,mcet,8,0,RM-MDE,0.0008506000158376992,-220031321.01218468,0.0002267941682677377
Histology,mcet,8,0,RM-MDE,0.002107399981468916,-220043539.41837618,0.00017127645800706163
Histology,mcet,8,0,RM-MDE,0.0038298999425023794,-220065262.23945916,7.257280811788596e-05
Histology,mcet,8,0,RM-MDE,0.010123099957127124,-220073939.4339825,3.3145573184640805e-05
Histology,mcet,8,0,RM-MDE,0.015604899963364005,-220075050.36991447,2.809772830019178e-05
Histology,mcet,8,0,RM-MDE,0.02701559994602576,-220077259.14947057,1.80615270556835e-05
Histology,mcet,8,0,RM-MDE,0.03818369994405657,-220080087.9306568,5.208176804743202e-06
Histology,mcet,8,0,RM-MDE,0.046001299924682826,-220080952.78603303,1.2784670338329867e-06
Histology,mcet,8,0,RM-MDE,0.06285509996814653,-220081153.203408,3.678152204687869e-07
Histology,mcet,8,0,RM-MDE,0.07394660002319142,-220081198.01796383,1.6418788260715823e-07
Histology,mcet,8,0,RM-MDE,0.07843460002914071,-220081234.15263566,0.0
Histology,mcet,8,0,MS-LS-4S,0.00453970005037263,-220080595.25205418,2.903021622624889e-06
Histology,mcet,8,0,MS-LS-4S,0.1336248000152409,-220081127.08231172,4.865036510556552e-07
Histology,mcet,8,0,MS-LS-conv,0.008906300005037338,-220081055.9158223,8.098682927359374e-07
Histology,mcet,8,0,MS-LS-conv,0.06841239996720105,-220081139.21492833,4.313757495058099e-07
Histology,mcet,8,0,MS-LS-conv,0.1428396999835968,-220081219.0117161,6.87969586523384e-08
Histology,mcet,8,1,RM-MDE,0.0008727000094950199,-220042100.29680365,0.0001778155051823706
Histology,mcet,8,1,RM-MDE,0.00621240003965795,-220064764.3936572,7.483490830950985e-05
Histology,mcet,8,1,RM-MDE,0.008632000011857599,-220066031.31279656,6.907831055035353e-05
Histology,mcet,8,1,RM-MDE,0.018518199969548732,-220079080.53684062,9.785549428319124e-06
Histology,mcet,8,1,RM-MDE,0.029771999979857355,-220081011.0745185,1.0136171674104438e-06
Histology,mcet,8,1,RM-MDE,0.06725610012654215,-220081153.203408,3.678152204687869e-07
Histology,mcet,8,1,RM-MDE,0.08626060013193637,-220081169.7310801,2.9271716780826143e-07
Histology,mcet,8,1,RM-MDE,0.09418010013177991,-220081234.15263566,0.0
Histology,mcet,8,1,MS-LS-4S,0.004628700029570609,-220078178.43365574,1.3884504926965498e-05
Histology,mcet,8,1,MS-LS-4S,0.018416100007016212,-220078673.93520933,1.163305647656552e-05
Histology,mcet,8,1,MS-LS-4S,0.02285950002260506,-220081145.19386935,4.042087761544922e-07
Histology,mcet,8,1,MS-LS-conv,0.012126599962357432,-220081055.9158223,8.098682927359374e-07
Histology,mcet,8,1,MS-LS-conv,0.06343149999156594,-220081139.21492833,4.313757495058099e-07
Histology,mcet,8,1,MS-LS-conv,0.06890429998748004,-220081145.19386935,4.042087761544922e-07
Histology,mcet,8,1,MS-LS-conv,0.09509399998933077,-220081153.203408,3.678152204687869e-07
Histology,mcet,8,1,MS-LS-conv,0.1250980999902822,-220081179.11598837,2.500742396410824e-07
Histology,mcet,8,2,RM-MDE,0.0008646000060252845,-220048816.391624,0.00014729906952983102
Histology,mcet,8,2,RM-MDE,0.0020957000087946653,-220052015.71558866,0.00013276205560870525
Histology,mcet,8,2,RM-MDE,0.009223699977155775,-220074421.41366223,3.095556511062555e-05
Histology,mcet,8,2,RM-MDE,0.017136699985712767,-220077303.72752896,1.7858974309360327e-05
Histology,mcet,8,2,RM-MDE,0.022925799945369363,-220080457.91494143,3.5270508056825152e-06
Histology,mcet,8,2,RM-MDE,0.04683769994881004,-220081106.11981565,5.817525538199659e-07
Histology,mcet,8,2,RM-MDE,0.062441099900752306,-220081185.4409164,2.2133517863107417e-07
Histology,mcet,8,2,RM-MDE,0.0724831999395974,-220081198.01796383,1.6418788260715823e-07
Histology,mcet,8,2,RM-MDE,0.11797619983553886,-220081234.15263566,0.0
Histology,mcet,8,2,MS-LS-4S,0.004803899966645986,-220065407.26105905,7.191386234067252e-05
Histology,mcet,8,2,MS-LS-4S,0.008984999964013696,-220077805.37833935,1.557958500875874e-05
Histology,mcet,8,2,MS-LS-4S,0.013646500010509044,-220079674.47048792,7.086847516765614e-06
Histology,mcet,8,2,MS-LS-4S,0.02264059998560697,-220080059.31354606,5.338206567795923e-06
Histology,mcet,8,2,MS-LS-4S,0.027128599991556257,-220081055.9158223,8.098682927359374e-07
Histology,mcet,8,2,MS-LS-conv,0.023394100018776953,-220080998.82857582,1.0692599973372097e-06
Histology,mcet,8,2,MS-LS-conv,0.08507329999702051,-220081055.9158223,8.098682927359374e-07
Histology,mcet,8,2,MS-LS-conv,0.13302050001220778,-220081153.203408,3.678152204687869e-07
Histology,mcet,8,3,RM-MDE,0.0008690999820828438,-220049643.37959525,0.000143541420794216
Histology,mcet,8,3,RM-MDE,0.00657239998690784,-220071092.59016824,4.608099598529359e-05
Histology,mcet,8,3,RM-MDE,0.01206309994449839,-220079485.22970164,7.946715406060355e-06
Histology,mcet,8,3,RM-MDE,0.038496000051964074,-220080959.58049092,1.2475945339181122e-06
Histology,mcet,8,3,RM-MDE,0.045321700046770275,-220081150.82282412,3.7863206222041397e-07
Histology,mcet,8,3,RM-MDE,0.0644183000549674,-220081185.130512,2.227455868891512e-07
Histology,mcet,8,3,RM-MDE,0.10065820009913296,-220081234.15263566,0.0
Histology,mcet,8,3,MS-LS-4S,0.004177899973001331,-220060851.27243727,9.261525762006996e-05
Histology,mcet,8,3,MS-LS-4S,0.008725499967113137,-220081106.11981565,5.817525538199659e-07
Histology,mcet,8,3,MS-LS-conv,0.025248599995393306,-220080998.82857582,1.0692599973372097e-06
Histology,mcet,8,3,MS-LS-conv,0.0319018000154756,-220081139.21492833,4.313757495058099e-07
Histology,mcet,8,3,MS-LS-conv,0.06353210000088438,-220081153.203408,3.678152204687869e-07
Histology,mcet,8,3,MS-LS-conv,0.07348660001298413,-220081179.11598837,2.500742396410824e-07
Histology,mcet,8,3,MS-LS-conv,0.18552910001017153,-220081204.18413353,1.3617018392990415e-07
Histology,mcet,8,4,RM-MDE,0.0008389000431634486,-220045631.01224005,0.00016177272238903948
Histology,mcet,8,4,RM-MDE,0.010717400058638304,-220080554.69942468,3.087283718649408e-06
Histology,mcet,8,4,RM-MDE,0.031761699996422976,-220080979.47472063,1.1571995950370234e-06
Histology,mcet,8,4,RM-MDE,0.04199619998689741,-220081147.22034448,3.9500092552009305e-07
Histology,mcet,8,4,RM-MDE,0.07805679982993752,-220081219.0117161,6.87969586523384e-08
Histology,mcet,8,4,RM-MDE,0.11521189979976043,-220081234.15263566,0.0
Histology,mcet,8,4,MS-LS-4S,0.004662399995140731,-220078899.62804252,1.0607558623219841e-05
Histology,mcet,8,4,MS-LS-4S,0.023041600012220442,-220080228.93308055,4.56749326665706e-06
Histology,mcet,8,4,MS-LS-4S,0.04582769999979064,-220080864.72662565,1.6785893237785737e-06
Histology,mcet,8,4,MS-LS-4S,0.07188200001837686,-220080937.99849984,1.3456582836947123e-06
Histology,mcet,8,4,MS-LS-4S,0.266179500031285,-220081159.79202548,3.378780134224504e-07
Histology,mcet,8,4,MS-LS-conv,0.013349499960895628,-220081045.53495896,8.570366184620159e-07
Histology,mcet,8,4,MS-LS-conv,0.08035159995779395,-220081055.9158223,8.098682927359374e-07
Histology,mcet,8,4,MS-LS-conv,0.15144879999570549,-220081198.01796383,1.6418788260715823e-07
Histology,mcet,8,4,MS-LS-conv,0.2589155999594368,-220081204.18413353,1.3617018392990415e-07
Histology,mcet,8,5,RM-MDE,0.0008216000278480351,-220071130.69252223,4.590786739422229e-05
Histology,mcet,8,5,RM-MDE,0.01319510000757873,-220080591.4516023,2.9202900275816573e-06
Histology,mcet,8,5,RM-MDE,0.043670899933204055,-220080731.49189788,2.283978185228188e-06
Histology,mcet,8,5,RM-MDE,0.053524999937508255,-220081122.16421813,5.088503704879788e-07
Histology,mcet,8,5,RM-MDE,0.07642039994243532,-220081199.85538766,1.5583903887998198e-07
Histology,mcet,8,5,RM-MDE,0.09083569998620078,-220081234.15263566,0.0
Histology,mcet,8,5,MS-LS-4S,0.004295399994589388,-220072025.3344155,4.1842814339098294e-05
Histology,mcet,8,5,MS-LS-4S,0.009033799986355007,-220072572.15685987,3.93581752171635e-05
Histology,mcet,8,5,MS-LS-4S,0.01329000003170222,-220074209.36335033,3.19190743925944e-05
Histology,mcet,8,5,MS-LS-4S,0.01790350000374019,-220077919.68956113,1.5060180334305153e-05
Histology,mcet,8,5,MS-LS-4S,0.03561660001287237,-220080329.55372703,4.110295510273339e-06
Histology,mcet,8,5,MS-LS-4S,0.049344099999871105,-220080468.20173398,3.4803099166370805e-06
Histology,mcet,8,5,MS-LS-4S,0.0847459000069648,-220080905.862958,1.4916750122459492e-06
Histology,mcet,8,5,MS-LS-4S,0.12352429999737069,-220080978.1184567,1.1633621556060237e-06
Histology,mcet,8,5,MS-LS-4S,0.15379350003786385,-220081084.89401808,6.781978397868298e-07
Histology,mcet,8,5,MS-LS-conv,0.02157809998607263,-220080998.82857582,1.0692599973372097e-06
Histology,mcet,8,5,MS-LS-conv,0.19770570000400767,-220081139.21492833,4.313757495058099e-07
Histology,mcet,8,6,RM-MDE,0.0008841000380925834,-220059343.51924515,9.946615155444812e-05
Histology,mcet,8,6,RM-MDE,0.011442200047895312,-220079957.72936666,5.799782402703067e-06
Histology,mcet,8,6,RM-MDE,0.040484100056346506,-220081022.51780257,9.616214390668137e-07
Histology,mcet,8,6,RM-MDE,0.04618610010948032,-220081116.54850638,5.343669110972762e-07
Histology,mcet,8,6,RM-MDE,0.05640750011662021,-220081125.6981889,4.927927961708105e-07
Histology,mcet,8,6,RM-MDE,0.08013430016580969,-220081198.01796383,1.6418788260715823e-07
Histology,mcet,8,6,RM-MDE,0.08819420024519786,-220081198.37017524,1.6258751255687308e-07
Histology,mcet,8,6,RM-MDE,0.09391430031973869,-220081219.0117161,6.87969586523384e-08
Histology,mcet,8,6,MS-LS-4S,0.00480479997349903,-220078075.03418162,1.4354329055825424e-05
Histology,mcet,8,6,MS-LS-4S,0.022340299969073385,-220078458.51396918,1.2611882504056464e-05
Histology,mcet,8,6,MS-LS-4S,0.031342599948402494,-220079474.9532982,7.993409089266424e-06
Histology,mcet,8,6,MS-LS-4S,0.035745899949688464,-220079920.9584558,5.966861213400784e-06
Histology,mcet,8,6,MS-LS-4S,0.04453600000124425,-220080768.9691192,2.1136900575082816e-06
Histology,mcet,8,6,MS-LS-4S,0.13827369996579364,-220080886.0289826,1.5817961690127512e-06
Histology,mcet,8,6,MS-LS-conv,0.016263899975456297,-220080998.82857582,1.0692599973372097e-06
Histology,mcet,8,6,MS-LS-conv,0.0981807999778539,-220081045.53495896,8.570366184620159e-07
Histology,mcet,8,6,MS-LS-conv,0.10813389997929335,-220081139.21492833,4.313757495058099e-07
Histology,mcet,8,6,MS-LS-conv,0.1189056999864988,-220081153.203408,3.678152204687869e-07
Histology,mcet,8,7,RM-MDE,0.000839599990285933,-220044506.53783748,0.00016688208306173008
Histology,mcet,8,7,RM-MDE,0.011270800023339689,-220080322.09715143,4.144176525304005e-06
Histology,mcet,8,7,RM-MDE,0.043115800071973354,-220080983.8053361,1.1375222450914612e-06
Histology,mcet,8,7,RM-MDE,0.06949919991893694,-220081219.0117161,6.87969586523384e-08
Histology,mcet,8,7,RM-MDE,0.14526799996383488,-220081234.15263566,0.0
Histology,mcet,8,7,MS-LS-4S,0.00458860001526773,-220078446.79255557,1.2665141990979536e-05
Histology,mcet,8,7,MS-LS-4S,0.013510100019630045,-220078973.10680765,1.0273687516885157e-05
Histology,mcet,8,7,MS-LS-4S,0.02786630002083257,-220080514.05580086,3.2719592725891858e-06
Histology,mcet,8,7,MS-LS-4S,0.09483379998710006,-220080816.05781525,1.8997295340503531e-06
Histology,mcet,8,7,MS-LS-conv,0.0165378000237979,-220080848.26197436,1.7534010238764708e-06
Histology,mcet,8,7,MS-LS-conv,0.03901770000811666,-220080998.82857582,1.0692599973372097e-06
Histology,mcet,8,7,MS-LS-conv,0.19385830004466698,-220081139.21492833,4.313757495058099e-07
Histology,mcet,8,8,RM-MDE,0.0008486000006087124,-220030946.81544754,0.0002284944347106317
Histology,mcet,8,8,RM-MDE,0.007853599963709712,-220080731.49189788,2.283978185228188e-06
Histology,mcet,8,8,RM-MDE,0.04961249994812533,-220081055.9158223,8.098682927359374e-07
Histology,mcet,8,8,RM-MDE,0.0666745999478735,-220081179.11598837,2.500742396410824e-07
Histology,mcet,8,8,RM-MDE,0.07923759991535917,-220081198.01796383,1.6418788260715823e-07
Histology,mcet,8,8,RM-MDE,0.11370919999899343,-220081204.18413353,1.3617018392990415e-07
Histology,mcet,8,8,RM-MDE,0.11729329999070615,-220081208.44779646,1.1679705131948698e-07
Histology,mcet,8,8,RM-MDE,0.13334649993339553,-220081234.15263566,0.0
Histology,mcet,8,8,MS-LS-4S,0.004728800035081804,-220077490.93252528,1.7008356595231232e-05
Histology,mcet,8,8,MS-LS-4S,0.02669140003854409,-220079458.17000705,8.069668617824958e-06
Histology,mcet,8,8,MS-LS-4S,0.03929849999258295,-220080304.04810363,4.226187369469848e-06
Histology,mcet,8,8,MS-LS-4S,0.06214480003109202,-220080354.66968167,3.996174218950024e-06
Histology,mcet,8,8,MS-LS-4S,0.16712540003936738,-220080435.3867485,3.6294138854976253e-06
Histology,mcet,8,8,MS-LS-conv,0.01255520002450794,-220081153.203408,3.678152204687869e-07
Histology,mcet,8,9,RM-MDE,0.0008105000015348196,-220050538.2688207,0.00013947524391685217
Histology,mcet,8,9,RM-MDE,0.011352200002875179,-220076913.24660945,1.9633232441879302e-05
Histology,mcet,8,9,RM-MDE,0.0303256000042893,-220079943.24467468,5.86559760968003e-06
Histology,mcet,8,9,RM-MDE,0.04605320002883673,-220081058.81909078,7.966764888211709e-07
Histology,mcet,8,9,RM-MDE,0.07425530004547909,-220081198.01796383,1.6418788260715823e-07
Histology,mcet,8,9,RM-MDE,0.10165600007167086,-220081219.0117161,6.87969586523384e-08
Histology,mcet,8,9,RM-MDE,0.13703670003451407,-220081234.15263566,0.0
Histology,mcet,8,9,MS-LS-4S,0.004622099979314953,-220059415.78599966,9.913778755382689e-05
Histology,mcet,8,9,MS-LS-4S,0.009159800014458597,-220076837.9937499,1.9975164637290584e-05
Histology,mcet,8,9,MS-LS-4S,0.013854000018909574,-220077054.56236485,1.8991125194793106e-05
Histology,mcet,8,9,MS-LS-4S,0.0273280999972485,-220078901.4272223,1.0599383551867977e-05
Histology,mcet,8,9,MS-LS-4S,0.03170220000902191,-220080825.06608126,1.8587979842222921e-06
Histology,mcet,8,9,MS-LS-4S,0.133376199984923,-220080864.9876123,1.677403458673103e-06
Histology,mcet,8,9,MS-LS-conv,0.024596700037363917,-220080848.26197436,1.7534010238764708e-06
Histology,mcet,8,9,MS-LS-conv,0.037762499996460974,-220081153.203408,3.678152204687869e-07
Histology,mcet,8,9,MS-LS-conv,0.17945740005234256,-220081204.18413353,1.3617018392990415e-07
