image,criterion,n,seed,method,relative_gap,success
Cameraman,otsu,6,0,SDE-current,0.0002261381064645947,0
Cameraman,otsu,6,1,SDE-current,0.0001429302646190781,0
Cameraman,otsu,6,2,SDE-current,4.778173798720264e-06,0
Cameraman,otsu,6,3,SDE-current,0.00013237763577318517,0
Cameraman,otsu,6,4,SDE-current,0.0001311825759786125,0
Cameraman,otsu,6,5,SDE-current,5.53173861821107e-07,0
Cameraman,otsu,6,6,SDE-current,0.00016162125744595494,0
Cameraman,otsu,6,7,SDE-current,1.5282634930735952e-06,0
Cameraman,otsu,6,8,SDE-current,0.00019397176769122377,0
Cameraman,otsu,6,9,SDE-current,0.000130690085806256,0
Cameraman,otsu,6,0,SDE-fixedF,0.00012576642150096757,0
Cameraman,otsu,6,1,SDE-fixedF,1.2206363049683769e-05,0
Cameraman,otsu,6,2,SDE-fixedF,0.0,1
Cameraman,otsu,6,3,SDE-fixedF,0.00013911751553961275,0
Cameraman,otsu,6,4,SDE-fixedF,0.00012543088341993865,0
Cameraman,otsu,6,5,SDE-fixedF,1.285648193042167e-06,0
Cameraman,otsu,6,6,SDE-fixedF,0.0,1
Cameraman,otsu,6,7,SDE-fixedF,0.00013071359274218668,0
Cameraman,otsu,6,8,SDE-fixedF,0.00013605390101827382,0
Cameraman,otsu,6,9,SDE-fixedF,0.00013074946851729646,0
Cameraman,otsu,6,0,SDE-paper,0.0,1
Cameraman,otsu,6,1,SDE-paper,0.00013071359274218668,0
Cameraman,otsu,6,2,SDE-paper,4.078189438910714e-06,0
Cameraman,otsu,6,3,SDE-paper,0.00013074946851729646,0
Cameraman,otsu,6,4,SDE-paper,2.6563288455503294e-06,0
Cameraman,otsu,6,5,SDE-paper,3.62090827985516e-06,0
Cameraman,otsu,6,6,SDE-paper,8.264281671565876e-06,0
Cameraman,otsu,6,7,SDE-paper,5.0904011975146365e-06,0
Cameraman,otsu,6,8,SDE-paper,0.0,1
Cameraman,otsu,6,9,SDE-paper,0.0,1
Cameraman,otsu,6,0,DE,1.285648193042167e-06,0
Cameraman,otsu,6,1,DE,0.0,1
Cameraman,otsu,6,2,DE,3.5560846321716566e-06,0
Cameraman,otsu,6,3,DE,0.0,1
Cameraman,otsu,6,4,DE,0.0,1
Cameraman,otsu,6,5,DE,0.00013071359274218668,0
Cameraman,otsu,6,6,DE,0.0,1
Cameraman,otsu,6,7,DE,0.00013071359274218668,0
Cameraman,otsu,6,8,DE,0.00013074946851729646,0
Cameraman,otsu,6,9,DE,2.1581745847477303e-06,0
Cameraman,otsu,6,0,PSO,0.00014370030720435136,0
Cameraman,otsu,6,1,PSO,2.1854413299851863e-05,0
Cameraman,otsu,6,2,PSO,7.182328798256122e-06,0
Cameraman,otsu,6,3,PSO,8.280763112503837e-06,0
Cameraman,otsu,6,4,PSO,8.310369767197442e-07,0
Cameraman,otsu,6,5,PSO,7.282733470441383e-06,0
Cameraman,otsu,6,6,PSO,3.1946616468327254e-06,0
Cameraman,otsu,6,7,PSO,0.00013372689005820075,0
Cameraman,otsu,6,8,PSO,2.9723604710069245e-06,0
Cameraman,otsu,6,9,PSO,1.6325152005323097e-05,0
Cameraman,otsu,6,0,RM-MDE,0.00012413636058065242,0
Cameraman,otsu,6,1,RM-MDE,0.0,1
Cameraman,otsu,6,2,RM-MDE,0.0,1
Cameraman,otsu,6,3,RM-MDE,0.0,1
Cameraman,otsu,6,4,RM-MDE,0.00012413636058065242,0
Cameraman,otsu,6,5,RM-MDE,0.0,1
Cameraman,otsu,6,6,RM-MDE,0.00012413636058065242,0
Cameraman,otsu,6,7,RM-MDE,0.0,1
Cameraman,otsu,6,8,RM-MDE,0.0,1
Cameraman,otsu,6,9,RM-MDE,0.0,1
Cameraman,otsu,7,0,SDE-current,1.1060000734993337e-05,0
Cameraman,otsu,7,1,SDE-current,4.3912553252629076e-05,0
Cameraman,otsu,7,2,SDE-current,1.9898239758377663e-05,0
Cameraman,otsu,7,3,SDE-current,2.0010062811199997e-05,0
Cameraman,otsu,7,4,SDE-current,7.362818704699843e-05,0
Cameraman,otsu,7,5,SDE-current,0.000429473190327268,0
Cameraman,otsu,7,6,SDE-current,1.0106275378633377e-05,0
Cameraman,otsu,7,7,SDE-current,4.0815023297342484e-05,0
Cameraman,otsu,7,8,SDE-current,2.359977611369611e-05,0
Cameraman,otsu,7,9,SDE-current,0.00013347015557287179,0
Cameraman,otsu,7,0,SDE-fixedF,3.4479753716468862e-06,0
Cameraman,otsu,7,1,SDE-fixedF,0.0,1
Cameraman,otsu,7,2,SDE-fixedF,0.0,1
Cameraman,otsu,7,3,SDE-fixedF,2.605391158408311e-06,0
Cameraman,otsu,7,4,SDE-fixedF,6.21887523088977e-07,0
Cameraman,otsu,7,5,SDE-fixedF,8.1848428756774e-06,0
Cameraman,otsu,7,6,SDE-fixedF,0.0,1
Cameraman,otsu,7,7,SDE-fixedF,1.9166648464209825e-06,0
Cameraman,otsu,7,8,SDE-fixedF,6.37663730338674e-06,0
Cameraman,otsu,7,9,SDE-fixedF,2.682861174171437e-06,0
Cameraman,otsu,7,0,SDE-paper,0.0,1
Cameraman,otsu,7,1,SDE-paper,0.0,1
Cameraman,otsu,7,2,SDE-paper,1.237544920047637e-06,0
Cameraman,otsu,7,3,SDE-paper,1.0491220562234611e-07,0
Cameraman,otsu,7,4,SDE-paper,6.21887523088977e-07,0
Cameraman,otsu,7,5,SDE-paper,6.969598105195445e-07,0
Cameraman,otsu,7,6,SDE-paper,9.597512517236367e-06,0
Cameraman,otsu,7,7,SDE-paper,3.7393845301694326e-06,0
Cameraman,otsu,7,8,SDE-paper,1.6933820890189434e-05,0
Cameraman,otsu,7,9,SDE-paper,1.0491220562234611e-07,0
Cameraman,otsu,7,0,DE,1.0491220562234611e-07,0
Cameraman,otsu,7,1,DE,6.21887523088977e-07,0
Cameraman,otsu,7,2,DE,0.0,1
Cameraman,otsu,7,3,DE,0.0,1
Cameraman,otsu,7,4,DE,3.6380026537902673e-06,0
Cameraman,otsu,7,5,DE,6.21887523088977e-07,0
Cameraman,otsu,7,6,DE,2.6187684845881583e-06,0
Cameraman,otsu,7,7,DE,0.0,1
Cameraman,otsu,7,8,DE,6.0072116432205765e-06,0
Cameraman,otsu,7,9,DE,0.0,1
Cameraman,otsu,7,0,PSO,1.1709771870700059e-05,0
Cameraman,otsu,7,1,PSO,8.300293789215905e-05,0
Cameraman,otsu,7,2,PSO,6.6875517724012455e-06,0
Cameraman,otsu,7,3,PSO,0.00017092845994039836,0
Cameraman,otsu,7,4,PSO,7.92470654373756e-06,0
Cameraman,otsu,7,5,PSO,2.5742648438848452e-05,0
Cameraman,otsu,7,6,PSO,1.103675488642055e-05,0
Cameraman,otsu,7,7,PSO,3.0249229096943457e-05,0
Cameraman,otsu,7,8,PSO,1.4379663837412047e-05,0
Cameraman,otsu,7,9,PSO,3.932143031864262e-06,0
Cameraman,otsu,7,0,RM-MDE,0.0,1
Cameraman,otsu,7,1,RM-MDE,0.0,1
Cameraman,otsu,7,2,RM-MDE,6.21887523088977e-07,0
Cameraman,otsu,7,3,RM-MDE,0.0,1
Cameraman,otsu,7,4,RM-MDE,0.0,1
Cameraman,otsu,7,5,RM-MDE,0.0,1
Cameraman,otsu,7,6,RM-MDE,0.00029229911739091225,0
Cameraman,otsu,7,7,RM-MDE,0.0,1
Cameraman,otsu,7,8,RM-MDE,0.0,1
Cameraman,otsu,7,9,RM-MDE,0.0,1
Cameraman,otsu,8,0,SDE-current,0.00020935170709411306,0
Cameraman,otsu,8,1,SDE-current,1.821191119382913e-05,0
Cameraman,otsu,8,2,SDE-current,8.872082343052477e-06,0
Cameraman,otsu,8,3,SDE-current,2.64972313722431e-05,0
Cameraman,otsu,8,4,SDE-current,2.3808066172329558e-05,0
Cameraman,otsu,8,5,SDE-current,4.222281021042859e-05,0
Cameraman,otsu,8,6,SDE-current,0.00016930012502944282,0
Cameraman,otsu,8,7,SDE-current,3.405416150498575e-05,0
Cameraman,otsu,8,8,SDE-current,6.09682281594584e-06,0
Cameraman,otsu,8,9,SDE-current,2.7893366972201523e-05,0
Cameraman,otsu,8,0,SDE-fixedF,3.276181914092832e-05,0
Cameraman,otsu,8,1,SDE-fixedF,4.375626695927462e-06,0
Cameraman,otsu,8,2,SDE-fixedF,2.775086606128269e-06,0
Cameraman,otsu,8,3,SDE-fixedF,9.42232832299877e-07,0
Cameraman,otsu,8,4,SDE-fixedF,5.784387492382821e-06,0
Cameraman,otsu,8,5,SDE-fixedF,5.960181438440768e-05,0
Cameraman,otsu,8,6,SDE-fixedF,2.1474292696199727e-05,0
Cameraman,otsu,8,7,SDE-fixedF,1.575617514802305e-05,0
Cameraman,otsu,8,8,SDE-fixedF,1.3580710947592657e-05,0
Cameraman,otsu,8,9,SDE-fixedF,5.335783922065294e-07,0
Cameraman,otsu,8,0,SDE-paper,6.855581347942936e-06,0
Cameraman,otsu,8,1,SDE-paper,4.6162097364976375e-06,0
Cameraman,otsu,8,2,SDE-paper,9.150999197545325e-06,0
Cameraman,otsu,8,3,SDE-paper,6.3843108036895055e-06,0
Cameraman,otsu,8,4,SDE-paper,1.2029661951212358e-05,0
Cameraman,otsu,8,5,SDE-paper,3.2887721318615206e-06,0
Cameraman,otsu,8,6,SDE-paper,8.616541328424086e-06,0
Cameraman,otsu,8,7,SDE-paper,5.243424108276864e-06,0
Cameraman,otsu,8,8,SDE-paper,8.787545457050274e-06,0
Cameraman,otsu,8,9,SDE-paper,3.9000909977569954e-07,0
Cameraman,otsu,8,0,DE,1.0752749413750617e-06,0
Cameraman,otsu,8,1,DE,6.635814138428015e-06,0
Cameraman,otsu,8,2,DE,6.963389062980031e-06,0
Cameraman,otsu,8,3,DE,8.604318316776896e-06,0
Cameraman,otsu,8,4,DE,1.7188177808873755e-06,0
Cameraman,otsu,8,5,DE,5.889960957112101e-06,0
Cameraman,otsu,8,6,DE,1.0689934116081065e-05,0
Cameraman,otsu,8,7,DE,1.567130331494543e-06,0
Cameraman,otsu,8,8,DE,9.041031035619355e-06,0
Cameraman,otsu,8,9,DE,1.6830953987979304e-05,0
Cameraman,otsu,8,0,PSO,4.197909126586227e-06,0
Cameraman,otsu,8,1,PSO,1.0539961601607655e-05,0
Cameraman,otsu,8,2,PSO,1.1494814122676895e-05,0
Cameraman,otsu,8,3,PSO,1.3532852247416538e-05,0
Cameraman,otsu,8,4,PSO,4.834518205561127e-05,0
Cameraman,otsu,8,5,PSO,5.1813542820807726e-05,0
Cameraman,otsu,8,6,PSO,5.650852339634552e-06,0
Cameraman,otsu,8,7,PSO,1.563184846790633e-05,0
Cameraman,otsu,8,8,PSO,3.1430220720667094e-05,0
Cameraman,otsu,8,9,PSO,1.88831737774951e-05,0
Cameraman,otsu,8,0,RM-MDE,0.0,1
Cameraman,otsu,8,1,RM-MDE,0.0,1
Cameraman,otsu,8,2,RM-MDE,0.0,1
Cameraman,otsu,8,3,RM-MDE,5.243424108276864e-06,0
Cameraman,otsu,8,4,RM-MDE,0.0,1
Cameraman,otsu,8,5,RM-MDE,0.0,1
Cameraman,otsu,8,6,RM-MDE,0.0,1
Cameraman,otsu,8,7,RM-MDE,0.0,1
Cameraman,otsu,8,8,RM-MDE,0.0,1
Cameraman,otsu,8,9,RM-MDE,0.0,1
Cameraman,kapur,6,0,SDE-current,0.00300706208459615,0
Cameraman,kapur,6,1,SDE-current,0.0001455458140580077,0
Cameraman,kapur,6,2,SDE-current,9.048567601528163e-05,0
Cameraman,kapur,6,3,SDE-current,0.0002465877384133566,0
Cameraman,kapur,6,4,SDE-current,3.079592901091203e-05,0
Cameraman,kapur,6,5,SDE-current,0.0004642214607206158,0
Cameraman,kapur,6,6,SDE-current,0.000661681653001884,0
Cameraman,kapur,6,7,SDE-current,0.00019563432402843568,0
Cameraman,kapur,6,8,SDE-current,0.000647487940890728,0
Cameraman,kapur,6,9,SDE-current,0.0014905760771753496,0
Cameraman,kapur,6,0,SDE-fixedF,0.0,1
Cameraman,kapur,6,1,SDE-fixedF,0.00041807355916280415,0
Cameraman,kapur,6,2,SDE-fixedF,0.0001550069460911631,0
Cameraman,kapur,6,3,SDE-fixedF,7.95451029799602e-05,0
Cameraman,kapur,6,4,SDE-fixedF,0.0,1
Cameraman,kapur,6,5,SDE-fixedF,0.0,1
Cameraman,kapur,6,6,SDE-fixedF,0.0,1
Cameraman,kapur,6,7,SDE-fixedF,0.0,1
Cameraman,kapur,6,8,SDE-fixedF,0.0,1
Cameraman,kapur,6,9,SDE-fixedF,0.0,1
Cameraman,kapur,6,0,SDE-paper,0.00010976977497503022,0
Cameraman,kapur,6,1,SDE-paper,0.0,1
Cameraman,kapur,6,2,SDE-paper,0.0,1
Cameraman,kapur,6,3,SDE-paper,0.0,1
Cameraman,kapur,6,4,SDE-paper,0.0,1
Cameraman,kapur,6,5,SDE-paper,0.0,1
Cameraman,kapur,6,6,SDE-paper,0.0,1
Cameraman,kapur,6,7,SDE-paper,0.0,1
Cameraman,kapur,6,8,SDE-paper,0.0,1
Cameraman,kapur,6,9,SDE-paper,0.0,1
Cameraman,kapur,6,0,DE,0.0,1
Cameraman,kapur,6,1,DE,0.0,1
Cameraman,kapur,6,2,DE,0.0,1
Cameraman,kapur,6,3,DE,0.0,1
Cameraman,kapur,6,4,DE,0.0,1
Cameraman,kapur,6,5,DE,5.981366006617008e-06,0
Cameraman,kapur,6,6,DE,0.0,1
Cameraman,kapur,6,7,DE,0.0,1
Cameraman,kapur,6,8,DE,0.0,1
Cameraman,kapur,6,9,DE,0.0,1
Cameraman,kapur,6,0,PSO,9.646704202219364e-05,0
Cameraman,kapur,6,1,PSO,0.0002392614563194629,0
Cameraman,kapur,6,2,PSO,0.0001371266045150047,0
Cameraman,kapur,6,3,PSO,7.95451029799602e-05,0
Cameraman,kapur,6,4,PSO,0.000408525526554074,0
Cameraman,kapur,6,5,PSO,0.0009500469267209452,0
Cameraman,kapur,6,6,PSO,7.492144379701168e-05,0
Cameraman,kapur,6,7,PSO,8.07793343471864e-05,0
Cameraman,kapur,6,8,PSO,0.0006918924334335793,0
Cameraman,kapur,6,9,PSO,0.0002221660444031109,0
Cameraman,kapur,6,0,RM-MDE,0.0,1
Cameraman,kapur,6,1,RM-MDE,0.0,1
Cameraman,kapur,6,2,RM-MDE,0.0,1
Cameraman,kapur,6,3,RM-MDE,0.0,1
Cameraman,kapur,6,4,RM-MDE,0.0,1
Cameraman,kapur,6,5,RM-MDE,0.0,1
Cameraman,kapur,6,6,RM-MDE,0.0,1
Cameraman,kapur,6,7,RM-MDE,0.0,1
Cameraman,kapur,6,8,RM-MDE,0.0,1
Cameraman,kapur,6,9,RM-MDE,0.0,1
Cameraman,kapur,7,0,SDE-current,0.005564921300422798,0
Cameraman,kapur,7,1,SDE-current,0.0015511046027880723,0
Cameraman,kapur,7,2,SDE-current,0.005557969475219535,0
Cameraman,kapur,7,3,SDE-current,0.0008750477314494673,0
Cameraman,kapur,7,4,SDE-current,0.01972038937902838,0
Cameraman,kapur,7,5,SDE-current,0.0008739027621116507,0
Cameraman,kapur,7,6,SDE-current,0.017355325536116472,0
Cameraman,kapur,7,7,SDE-current,0.0005513279641872318,0
Cameraman,kapur,7,8,SDE-current,0.00021512952764863696,0
Cameraman,kapur,7,9,SDE-current,0.005128454402451316,0
Cameraman,kapur,7,0,SDE-fixedF,4.385093040451451e-05,0
Cameraman,kapur,7,1,SDE-fixedF,2.385110354357081e-05,0
Cameraman,kapur,7,2,SDE-fixedF,0.00011461686357016472,0
Cameraman,kapur,7,3,SDE-fixedF,0.0,1
Cameraman,kapur,7,4,SDE-fixedF,0.0001579127923808843,0
Cameraman,kapur,7,5,SDE-fixedF,0.00035576224303399763,0
Cameraman,kapur,7,6,SDE-fixedF,0.00033604083323905264,0
Cameraman,kapur,7,7,SDE-fixedF,0.0001855080558894222,0
Cameraman,kapur,7,8,SDE-fixedF,4.385093040451451e-05,0
Cameraman,kapur,7,9,SDE-fixedF,0.00013514764132640405,0
Cameraman,kapur,7,0,SDE-paper,0.009021467402034312,0
Cameraman,kapur,7,1,SDE-paper,4.385093040451451e-05,0
Cameraman,kapur,7,2,SDE-paper,0.00018675031172575994,0
Cameraman,kapur,7,3,SDE-paper,6.338386739628017e-05,0
Cameraman,kapur,7,4,SDE-paper,0.0003157745973282083,0
Cameraman,kapur,7,5,SDE-paper,4.385093040451451e-05,0
Cameraman,kapur,7,6,SDE-paper,4.385093040451451e-05,0
Cameraman,kapur,7,7,SDE-paper,6.357234019919329e-05,0
Cameraman,kapur,7,8,SDE-paper,4.385093040451451e-05,0
Cameraman,kapur,7,9,SDE-paper,4.385093040451451e-05,0
Cameraman,kapur,7,0,DE,5.5725985977327133e-05,0
Cameraman,kapur,7,1,DE,5.931736063835475e-05,0
Cameraman,kapur,7,2,DE,9.145356561057372e-05,0
Cameraman,kapur,7,3,DE,0.0001451879664763335,0
Cameraman,kapur,7,4,DE,0.00020228232640549015,0
Cameraman,kapur,7,5,DE,0.00019419408724475777,0
Cameraman,kapur,7,6,DE,3.768278759218936e-05,0
Cameraman,kapur,7,7,DE,3.768278759218936e-05,0
Cameraman,kapur,7,8,DE,0.00011530466915414454,0
Cameraman,kapur,7,9,DE,2.4754164266836387e-05,0
Cameraman,kapur,7,0,PSO,0.001531447817747057,0
Cameraman,kapur,7,1,PSO,0.00035242544370411074,0
Cameraman,kapur,7,2,PSO,0.00788744361366247,0
Cameraman,kapur,7,3,PSO,0.0001320091885990266,0
Cameraman,kapur,7,4,PSO,0.0003227792092028714,0
Cameraman,kapur,7,5,PSO,0.00037863984109979447,0
Cameraman,kapur,7,6,PSO,2.385110354357081e-05,0
Cameraman,kapur,7,7,PSO,0.0009045094281065068,0
Cameraman,kapur,7,8,PSO,0.001867540299059792,0
Cameraman,kapur,7,9,PSO,0.0006337964272007395,0
Cameraman,kapur,7,0,RM-MDE,0.0,1
Cameraman,kapur,7,1,RM-MDE,0.0,1
Cameraman,kapur,7,2,RM-MDE,0.0,1
Cameraman,kapur,7,3,RM-MDE,0.0,1
Cameraman,kapur,7,4,RM-MDE,0.0,1
Cameraman,kapur,7,5,RM-MDE,0.0,1
Cameraman,kapur,7,6,RM-MDE,0.0,1
Cameraman,kapur,7,7,RM-MDE,0.0,1
Cameraman,kapur,7,8,RM-MDE,0.0,1
Cameraman,kapur,7,9,RM-MDE,0.0,1
Cameraman,kapur,8,0,SDE-current,0.010892178191070351,0
Cameraman,kapur,8,1,SDE-current,0.0032094848301581847,0
Cameraman,kapur,8,2,SDE-current,0.0006388214159157386,0
Cameraman,kapur,8,3,SDE-current,8.453637427780359e-06,0
Cameraman,kapur,8,4,SDE-current,0.000281181084668437,0
Cameraman,kapur,8,5,SDE-current,0.00025915632312467136,0
Cameraman,kapur,8,6,SDE-current,0.00106162642810401,0
Cameraman,kapur,8,7,SDE-current,0.0007352629786269731,0
Cameraman,kapur,8,8,SDE-current,0.003232963885277258,0
Cameraman,kapur,8,9,SDE-current,0.01217416590616934,0
Cameraman,kapur,8,0,SDE-fixedF,0.00034411357094254384,0
Cameraman,kapur,8,1,SDE-fixedF,0.010254601464369831,0
Cameraman,kapur,8,2,SDE-fixedF,0.0001976675247846094,0
Cameraman,kapur,8,3,SDE-fixedF,0.0007696148738350392,0
Cameraman,kapur,8,4,SDE-fixedF,4.631004835805036e-06,0
Cameraman,kapur,8,5,SDE-fixedF,0.0003794195492441317,0
Cameraman,kapur,8,6,SDE-fixedF,0.0009752495126968114,0
Cameraman,kapur,8,7,SDE-fixedF,0.0004088940992197592,0
Cameraman,kapur,8,8,SDE-fixedF,4.631004835805036e-06,0
Cameraman,kapur,8,9,SDE-fixedF,0.00034095533092515326,0
Cameraman,kapur,8,0,SDE-paper,8.036177961229556e-05,0
Cameraman,kapur,8,1,SDE-paper,0.0,1
Cameraman,kapur,8,2,SDE-paper,0.0,1
Cameraman,kapur,8,3,SDE-paper,2.613321154534744e-05,0
Cameraman,kapur,8,4,SDE-paper,0.0,1
Cameraman,kapur,8,5,SDE-paper,6.424436067879602e-05,0
Cameraman,kapur,8,6,SDE-paper,0.00012076159283770334,0
Cameraman,kapur,8,7,SDE-paper,5.462960238276331e-05,0
Cameraman,kapur,8,8,SDE-paper,4.631004835805036e-06,0
Cameraman,kapur,8,9,SDE-paper,0.002332960003563349,0
Cameraman,kapur,8,0,DE,6.278931320350637e-05,0
Cameraman,kapur,8,1,DE,0.00019995771922062052,0
Cameraman,kapur,8,2,DE,0.0009717640268782304,0
Cameraman,kapur,8,3,DE,0.0001224026690467413,0
Cameraman,kapur,8,4,DE,0.000425546383211398,0
Cameraman,kapur,8,5,DE,8.418441220427089e-05,0
Cameraman,kapur,8,6,DE,3.0764216381152476e-05,0
Cameraman,kapur,8,7,DE,0.0,1
Cameraman,kapur,8,8,DE,6.43260464369544e-05,0
Cameraman,kapur,8,9,DE,3.7878010555463396e-05,0
Cameraman,kapur,8,0,PSO,0.010770941813026022,0
Cameraman,kapur,8,1,PSO,0.0008114886042563856,0
Cameraman,kapur,8,2,PSO,0.002697743855971564,0
Cameraman,kapur,8,3,PSO,0.0023685744148344585,0
Cameraman,kapur,8,4,PSO,0.0049387669450406116,0
Cameraman,kapur,8,5,PSO,0.0005403500985489232,0
Cameraman,kapur,8,6,PSO,0.0020046871760974,0
Cameraman,kapur,8,7,PSO,0.0004535777964205934,0
Cameraman,kapur,8,8,PSO,0.001134118076151169,0
Cameraman,kapur,8,9,PSO,0.011431181247482068,0
Cameraman,kapur,8,0,RM-MDE,0.0,1
Cameraman,kapur,8,1,RM-MDE,0.0,1
Cameraman,kapur,8,2,RM-MDE,0.0,1
Cameraman,kapur,8,3,RM-MDE,0.0,1
Cameraman,kapur,8,4,RM-MDE,0.0,1
Cameraman,kapur,8,5,RM-MDE,0.0,1
Cameraman,kapur,8,6,RM-MDE,0.0,1
Cameraman,kapur,8,7,RM-MDE,0.0,1
Cameraman,kapur,8,8,RM-MDE,0.0,1
Cameraman,kapur,8,9,RM-MDE,0.0,1
Cameraman,mcet,6,0,SDE-current,2.3745890768064375e-06,0
Cameraman,mcet,6,1,SDE-current,2.1051071904330213e-05,0
Cameraman,mcet,6,2,SDE-current,6.6299842464825325e-06,0
Cameraman,mcet,6,3,SDE-current,5.876500292306315e-05,0
Cameraman,mcet,6,4,SDE-current,2.3658738401738306e-05,0
Cameraman,mcet,6,5,SDE-current,3.621142787055732e-07,0
Cameraman,mcet,6,6,SDE-current,9.666862795768721e-06,0
Cameraman,mcet,6,7,SDE-current,6.78585912251187e-05,0
Cameraman,mcet,6,8,SDE-current,6.574327741137455e-05,0
Cameraman,mcet,6,9,SDE-current,1.4031132958603371e-05,0
Cameraman,mcet,6,0,SDE-fixedF,4.577946081322315e-07,0
Cameraman,mcet,6,1,SDE-fixedF,3.5289458716341796e-07,0
Cameraman,mcet,6,2,SDE-fixedF,2.9146827488327875e-07,0
Cameraman,mcet,6,3,SDE-fixedF,4.78255980659549e-06,0
Cameraman,mcet,6,4,SDE-fixedF,1.8372843458165406e-06,0
Cameraman,mcet,6,5,SDE-fixedF,0.0,1
Cameraman,mcet,6,6,SDE-fixedF,4.577946081322315e-07,0
Cameraman,mcet,6,7,SDE-fixedF,3.255411335814548e-07,0
Cameraman,mcet,6,8,SDE-fixedF,2.9146827488327875e-07,0
Cameraman,mcet,6,9,SDE-fixedF,2.6056895076548095e-07,0
Cameraman,mcet,6,0,SDE-paper,3.255411335814548e-07,0
Cameraman,mcet,6,1,SDE-paper,6.335817308447763e-05,0
Cameraman,mcet,6,2,SDE-paper,3.255411335814548e-07,0
Cameraman,mcet,6,3,SDE-paper,1.0383086708826802e-05,0
Cameraman,mcet,6,4,SDE-paper,6.0496059648552285e-06,0
Cameraman,mcet,6,5,SDE-paper,0.0,1
Cameraman,mcet,6,6,SDE-paper,0.0,1
Cameraman,mcet,6,7,SDE-paper,3.46423493972066e-07,0
Cameraman,mcet,6,8,SDE-paper,0.0,1
Cameraman,mcet,6,9,SDE-paper,9.181186056460056e-06,0
Cameraman,mcet,6,0,DE,3.5289458716341796e-07,0
Cameraman,mcet,6,1,DE,6.142631245259914e-08,0
Cameraman,mcet,6,2,DE,6.142631245259914e-08,0
Cameraman,mcet,6,3,DE,3.5289458716341796e-07,0
Cameraman,mcet,6,4,DE,6.142631245259914e-08,0
Cameraman,mcet,6,5,DE,2.9146827488327875e-07,0
Cameraman,mcet,6,6,DE,6.142631245259914e-08,0
Cameraman,mcet,6,7,DE,2.2062966113630778e-06,0
Cameraman,mcet,6,8,DE,0.0,1
Cameraman,mcet,6,9,DE,2.764296283482943e-07,0
Cameraman,mcet,6,0,PSO,3.6116359963190407e-07,0
Cameraman,mcet,6,1,PSO,1.4696629988038179e-06,0
Cameraman,mcet,6,2,PSO,7.22304416791638e-06,0
Cameraman,mcet,6,3,PSO,1.8121385820302527e-05,0
Cameraman,mcet,6,4,PSO,1.529658974594558e-06,0
Cameraman,mcet,6,5,PSO,5.629774064501077e-07,0
Cameraman,mcet,6,6,PSO,5.480420922050998e-07,0
Cameraman,mcet,6,7,PSO,5.986173395753349e-05,0
Cameraman,mcet,6,8,PSO,5.574331888975571e-07,0
Cameraman,mcet,6,9,PSO,1.866244112381438e-05,0
Cameraman,mcet,6,0,RM-MDE,0.0,1
Cameraman,mcet,6,1,RM-MDE,0.0,1
Cameraman,mcet,6,2,RM-MDE,0.0,1
Cameraman,mcet,6,3,RM-MDE,0.0,1
Cameraman,mcet,6,4,RM-MDE,0.0,1
Cameraman,mcet,6,5,RM-MDE,0.0,1
Cameraman,mcet,6,6,RM-MDE,0.0,1
Cameraman,mcet,6,7,RM-MDE,0.0,1
Cameraman,mcet,6,8,RM-MDE,0.0,1
Cameraman,mcet,6,9,RM-MDE,0.0,1
Cameraman,mcet,7,0,SDE-current,1.9097329261053847e-05,0
Cameraman,mcet,7,1,SDE-current,1.65669950236105e-05,0
Cameraman,mcet,7,2,SDE-current,3.8823031654586806e-05,0
Cameraman,mcet,7,3,SDE-current,9.735306157073123e-06,0
Cameraman,mcet,7,4,SDE-current,4.605494004828406e-05,0
Cameraman,mcet,7,5,SDE-current,1.7074483796357444e-05,0
Cameraman,mcet,7,6,SDE-current,2.019601450097097e-05,0
Cameraman,mcet,7,7,SDE-current,2.386773610612048e-07,0
Cameraman,mcet,7,8,SDE-current,1.728092871431518e-05,0
Cameraman,mcet,7,9,SDE-current,1.7702643210406772e-05,0
Cameraman,mcet,7,0,SDE-fixedF,7.058748459894548e-06,0
Cameraman,mcet,7,1,SDE-fixedF,1.8686383587747957e-05,0
Cameraman,mcet,7,2,SDE-fixedF,3.4071043483041387e-06,0
Cameraman,mcet,7,3,SDE-fixedF,1.2192896000340308e-05,0
Cameraman,mcet,7,4,SDE-fixedF,1.626841313917595e-05,0
Cameraman,mcet,7,5,SDE-fixedF,2.3114545364413883e-07,0
Cameraman,mcet,7,6,SDE-fixedF,4.906475993139194e-06,0
Cameraman,mcet,7,7,SDE-fixedF,1.9672833491028418e-05,0
Cameraman,mcet,7,8,SDE-fixedF,1.682383568140589e-05,0
Cameraman,mcet,7,9,SDE-fixedF,4.906475993139194e-06,0
Cameraman,mcet,7,0,SDE-paper,1.7667540574673544e-05,0
Cameraman,mcet,7,1,SDE-paper,1.618411018149585e-05,0
Cameraman,mcet,7,2,SDE-paper,1.618411018149585e-05,0
Cameraman,mcet,7,3,SDE-paper,1.626841313917595e-05,0
Cameraman,mcet,7,4,SDE-paper,1.626841313917595e-05,0
Cameraman,mcet,7,5,SDE-paper,1.626841313917595e-05,0
Cameraman,mcet,7,6,SDE-paper,1.618411018149585e-05,0
Cameraman,mcet,7,7,SDE-paper,1.7820454886742666e-05,0
Cameraman,mcet,7,8,SDE-paper,1.6412262729215385e-05,0
Cameraman,mcet,7,9,SDE-paper,1.618411018149585e-05,0
Cameraman,mcet,7,0,DE,1.9050499936401304e-05,0
Cameraman,mcet,7,1,DE,1.6826255395712033e-05,0
Cameraman,mcet,7,2,DE,1.6301678191379037e-05,0
Cameraman,mcet,7,3,DE,1.5806807480617477e-05,0
Cameraman,mcet,7,4,DE,1.65598546946808e-05,0
Cameraman,mcet,7,5,DE,1.6586136275009486e-05,0
Cameraman,mcet,7,6,DE,1.79374464106352e-05,0
Cameraman,mcet,7,7,DE,3.998019309439087e-06,0
Cameraman,mcet,7,8,DE,8.485065049220836e-06,0
Cameraman,mcet,7,9,DE,1.5129706404571627e-06,0
Cameraman,mcet,7,0,PSO,1.9852152715795416e-05,0
Cameraman,mcet,7,1,PSO,1.606244465341438e-05,0
Cameraman,mcet,7,2,PSO,1.3452496141784351e-05,0
Cameraman,mcet,7,3,PSO,1.923595280917676e-05,0
Cameraman,mcet,7,4,PSO,1.2919049803250636e-05,0
Cameraman,mcet,7,5,PSO,1.2851891517042508e-05,0
Cameraman,mcet,7,6,PSO,6.252608496219921e-06,0
Cameraman,mcet,7,7,PSO,6.157207239907378e-06,0
Cameraman,mcet,7,8,PSO,8.864133236300812e-06,0
Cameraman,mcet,7,9,PSO,7.02190739443988e-07,0
Cameraman,mcet,7,0,RM-MDE,0.0,1
Cameraman,mcet,7,1,RM-MDE,0.0,1
Cameraman,mcet,7,2,RM-MDE,0.0,1
Cameraman,mcet,7,3,RM-MDE,0.0,1
Cameraman,mcet,7,4,RM-MDE,0.0,1
Cameraman,mcet,7,5,RM-MDE,5.057880770722388e-08,0
Cameraman,mcet,7,6,RM-MDE,1.618411018149585e-05,0
Cameraman,mcet,7,7,RM-MDE,0.0,1
Cameraman,mcet,7,8,RM-MDE,0.0,1
Cameraman,mcet,7,9,RM-MDE,0.0,1
Cameraman,mcet,8,0,SDE-current,3.679766901694274e-05,0
Cameraman,mcet,8,1,SDE-current,8.574562488400138e-06,0
Cameraman,mcet,8,2,SDE-current,1.0839248107392276e-05,0
Cameraman,mcet,8,3,SDE-current,3.899667162199457e-05,0
Cameraman,mcet,8,4,SDE-current,4.504557234621772e-06,0
Cameraman,mcet,8,5,SDE-current,2.9254055111110535e-05,0
Cameraman,mcet,8,6,SDE-current,5.742790942939571e-05,0
Cameraman,mcet,8,7,SDE-current,6.166916318596269e-05,0
Cameraman,mcet,8,8,SDE-current,9.766599932802863e-06,0
Cameraman,mcet,8,9,SDE-current,1.0358773350543932e-05,0
Cameraman,mcet,8,0,SDE-fixedF,1.1289166781331524e-06,0
Cameraman,mcet,8,1,SDE-fixedF,3.423286696673809e-06,0
Cameraman,mcet,8,2,SDE-fixedF,1.5676955247118002e-06,0
Cameraman,mcet,8,3,SDE-fixedF,4.817850613083306e-07,0
Cameraman,mcet,8,4,SDE-fixedF,1.0505268363505985e-05,0
Cameraman,mcet,8,5,SDE-fixedF,1.614292204067919e-07,0
Cameraman,mcet,8,6,SDE-fixedF,1.614292204067919e-07,0
Cameraman,mcet,8,7,SDE-fixedF,1.6924955511379847e-05,0
Cameraman,mcet,8,8,SDE-fixedF,4.817850613083306e-07,0
Cameraman,mcet,8,9,SDE-fixedF,3.2793650852695595e-06,0
Cameraman,mcet,8,0,SDE-paper,1.5635679918364037e-05,0
Cameraman,mcet,8,1,SDE-paper,1.2348833700539017e-05,0
Cameraman,mcet,8,2,SDE-paper,8.010579775125012e-06,0
Cameraman,mcet,8,3,SDE-paper,1.5125466323873469e-05,0
Cameraman,mcet,8,4,SDE-paper,1.740840783360626e-06,0
Cameraman,mcet,8,5,SDE-paper,1.3036462574469302e-05,0
Cameraman,mcet,8,6,SDE-paper,3.5019525618643965e-05,0
Cameraman,mcet,8,7,SDE-paper,1.8024389548479827e-05,0
Cameraman,mcet,8,8,SDE-paper,9.574853364674288e-06,0
Cameraman,mcet,8,9,SDE-paper,5.038910125938956e-06,0
Cameraman,mcet,8,0,DE,6.967989545979185e-07,0
Cameraman,mcet,8,1,DE,1.4776915086824431e-05,0
Cameraman,mcet,8,2,DE,7.213761019287458e-07,0
Cameraman,mcet,8,3,DE,3.555645332562753e-06,0
Cameraman,mcet,8,4,DE,2.140924569472299e-06,0
Cameraman,mcet,8,5,DE,2.0139798456189083e-07,0
Cameraman,mcet,8,6,DE,5.085936105968781e-06,0
Cameraman,mcet,8,7,DE,2.8654198052395205e-06,0
Cameraman,mcet,8,8,DE,2.995762793239951e-07,0
Cameraman,mcet,8,9,DE,5.126086989410948e-06,0
Cameraman,mcet,8,0,PSO,2.2117419255606494e-05,0
Cameraman,mcet,8,1,PSO,1.5314057889534742e-05,0
Cameraman,mcet,8,2,PSO,5.040713507007617e-06,0
Cameraman,mcet,8,3,PSO,1.3003831328512618e-05,0
Cameraman,mcet,8,4,PSO,1.6304667898120133e-05,0
Cameraman,mcet,8,5,PSO,1.7057421947485276e-05,0
Cameraman,mcet,8,6,PSO,2.608209099969554e-06,0
Cameraman,mcet,8,7,PSO,1.6910551235651718e-05,0
Cameraman,mcet,8,8,PSO,1.8232175742957284e-05,0
Cameraman,mcet,8,9,PSO,1.9055578940755284e-05,0
Cameraman,mcet,8,0,RM-MDE,0.0,1
Cameraman,mcet,8,1,RM-MDE,0.0,1
Cameraman,mcet,8,2,RM-MDE,0.0,1
Cameraman,mcet,8,3,RM-MDE,0.0,1
Cameraman,mcet,8,4,RM-MDE,0.0,1
Cameraman,mcet,8,5,RM-MDE,0.0,1
Cameraman,mcet,8,6,RM-MDE,0.0,1
Cameraman,mcet,8,7,RM-MDE,0.0,1
Cameraman,mcet,8,8,RM-MDE,0.0,1
Cameraman,mcet,8,9,RM-MDE,0.0,1
Coins,otsu,6,0,SDE-current,0.0005374967923953217,0
Coins,otsu,6,1,SDE-current,2.5564325649938376e-05,0
Coins,otsu,6,2,SDE-current,6.283222455039489e-05,0
Coins,otsu,6,3,SDE-current,1.5629639223399953e-05,0
Coins,otsu,6,4,SDE-current,0.0002150613258437604,0
Coins,otsu,6,5,SDE-current,1.0743664002420571e-05,0
Coins,otsu,6,6,SDE-current,1.2838468482710112e-05,0
Coins,otsu,6,7,SDE-current,3.4079363682853877e-06,0
Coins,otsu,6,8,SDE-current,7.878704315731347e-06,0
Coins,otsu,6,9,SDE-current,4.8391820511461256e-05,0
Coins,otsu,6,0,SDE-fixedF,8.261903845362864e-05,0
Coins,otsu,6,1,SDE-fixedF,4.788173813885552e-06,0
Coins,otsu,6,2,SDE-fixedF,3.1221710829345152e-06,0
Coins,otsu,6,3,SDE-fixedF,4.788173813885552e-06,0
Coins,otsu,6,4,SDE-fixedF,0.0,1
Coins,otsu,6,5,SDE-fixedF,9.880656713405936e-05,0
Coins,otsu,6,6,SDE-fixedF,1.2838468482710112e-05,0
Coins,otsu,6,7,SDE-fixedF,2.9163107847190188e-05,0
Coins,otsu,6,8,SDE-fixedF,1.6094059413287818e-06,0
Coins,otsu,6,9,SDE-fixedF,1.4071220572674293e-05,0
Coins,otsu,6,0,SDE-paper,3.1221710829345152e-06,0
Coins,otsu,6,1,SDE-paper,0.0,1
Coins,otsu,6,2,SDE-paper,3.549582943404446e-06,0
Coins,otsu,6,3,SDE-paper,2.390552996166241e-05,0
Coins,otsu,6,4,SDE-paper,1.581469839303589e-05,0
Coins,otsu,6,5,SDE-paper,2.986764583034073e-05,0
Coins,otsu,6,6,SDE-paper,0.0,1
Coins,otsu,6,7,SDE-paper,7.878704315731347e-06,0
Coins,otsu,6,8,SDE-paper,1.6094059413287818e-06,0
Coins,otsu,6,9,SDE-paper,1.925132842597571e-06,0
Coins,otsu,6,0,DE,0.0,1
Coins,otsu,6,1,DE,0.0,1
Coins,otsu,6,2,DE,4.788173813885552e-06,0
Coins,otsu,6,3,DE,0.0,1
Coins,otsu,6,4,DE,4.788173813885552e-06,0
Coins,otsu,6,5,DE,1.6094059413287818e-06,0
Coins,otsu,6,6,DE,4.788173813885552e-06,0
Coins,otsu,6,7,DE,0.0,1
Coins,otsu,6,8,DE,0.0,1
Coins,otsu,6,9,DE,3.1221710829345152e-06,0
Coins,otsu,6,0,PSO,3.014475034762606e-05,0
Coins,otsu,6,1,PSO,3.997497625762259e-06,0
Coins,otsu,6,2,PSO,7.079025224853653e-05,0
Coins,otsu,6,3,PSO,1.4765265600681427e-05,0
Coins,otsu,6,4,PSO,4.953508261769465e-06,0
Coins,otsu,6,5,PSO,2.3562982365346566e-05,0
Coins,otsu,6,6,PSO,4.716625787651479e-06,0
Coins,otsu,6,7,PSO,0.00015309183266707966,0
Coins,otsu,6,8,PSO,5.0179123427977415e-05,0
Coins,otsu,6,9,PSO,4.274000275348264e-06,0
Coins,otsu,6,0,RM-MDE,0.0,1
Coins,otsu,6,1,RM-MDE,0.0,1
Coins,otsu,6,2,RM-MDE,0.0,1
Coins,otsu,6,3,RM-MDE,0.0,1
Coins,otsu,6,4,RM-MDE,0.0,1
Coins,otsu,6,5,RM-MDE,0.0,1
Coins,otsu,6,6,RM-MDE,0.0,1
Coins,otsu,6,7,RM-MDE,0.0,1
Coins,otsu,6,8,RM-MDE,0.0,1
Coins,otsu,6,9,RM-MDE,0.0,1
Coins,otsu,7,0,SDE-current,0.0004904144691056932,0
Coins,otsu,7,1,SDE-current,5.428196504259685e-06,0
Coins,otsu,7,2,SDE-current,0.0,1
Coins,otsu,7,3,SDE-current,7.535691816878758e-05,0
Coins,otsu,7,4,SDE-current,3.166364884765371e-05,0
Coins,otsu,7,5,SDE-current,5.165052088568176e-05,0
Coins,otsu,7,6,SDE-current,0.00013161812704421847,0
Coins,otsu,7,7,SDE-current,0.0003284975699081148,0
Coins,otsu,7,8,SDE-current,3.859163219678611e-06,0
Coins,otsu,7,9,SDE-current,0.00012181222891167823,0
Coins,otsu,7,0,SDE-fixedF,5.428196504259685e-06,0
Coins,otsu,7,1,SDE-fixedF,4.160288652655712e-07,0
Coins,otsu,7,2,SDE-fixedF,4.160288652655712e-07,0
Coins,otsu,7,3,SDE-fixedF,3.399174992952136e-05,0
Coins,otsu,7,4,SDE-fixedF,4.160288652655712e-07,0
Coins,otsu,7,5,SDE-fixedF,0.00011973633614515471,0
Coins,otsu,7,6,SDE-fixedF,1.2692633557286872e-05,0
Coins,otsu,7,7,SDE-fixedF,4.160288652655712e-07,0
Coins,otsu,7,8,SDE-fixedF,1.377724401735568e-06,0
Coins,otsu,7,9,SDE-fixedF,2.6398404224022277e-05,0
Coins,otsu,7,0,SDE-paper,8.88948700303931e-07,0
Coins,otsu,7,1,SDE-paper,0.0,1
Coins,otsu,7,2,SDE-paper,2.980505319132903e-06,0
Coins,otsu,7,3,SDE-paper,1.967900079068112e-05,0
Coins,otsu,7,4,SDE-paper,2.377304366232069e-06,0
Coins,otsu,7,5,SDE-paper,0.0,1
Coins,otsu,7,6,SDE-paper,8.496278689230776e-05,0
Coins,otsu,7,7,SDE-paper,0.0,1
Coins,otsu,7,8,SDE-paper,8.386666226347536e-07,0
Coins,otsu,7,9,SDE-paper,0.0,1
Coins,otsu,7,0,DE,0.00011184397998266155,0
Coins,otsu,7,1,DE,4.160288652655712e-07,0
Coins,otsu,7,2,DE,3.103534232801832e-06,0
Coins,otsu,7,3,DE,8.386666226347536e-07,0
Coins,otsu,7,4,DE,4.160288652655712e-07,0
Coins,otsu,7,5,DE,8.88948700303931e-07,0
Coins,otsu,7,6,DE,0.0005366071156905236,0
Coins,otsu,7,7,DE,4.160288652655712e-07,0
Coins,otsu,7,8,DE,1.584886711814268e-05,0
Coins,otsu,7,9,DE,2.920658321177064e-07,0
Coins,otsu,7,0,PSO,2.7485518677168698e-05,0
Coins,otsu,7,1,PSO,2.7226650983464674e-05,0
Coins,otsu,7,2,PSO,4.1213620513731164e-05,0
Coins,otsu,7,3,PSO,0.0001034873535133851,0
Coins,otsu,7,4,PSO,3.7984837981721144e-05,0
Coins,otsu,7,5,PSO,6.491137888622945e-05,0
Coins,otsu,7,6,PSO,0.00024307989628958316,0
Coins,otsu,7,7,PSO,0.00016119279870196117,0
Coins,otsu,7,8,PSO,1.6322828285770118e-05,0
Coins,otsu,7,9,PSO,1.390399757770007e-05,0
Coins,otsu,7,0,RM-MDE,0.0,1
Coins,otsu,7,1,RM-MDE,0.0,1
Coins,otsu,7,2,RM-MDE,0.0,1
Coins,otsu,7,3,RM-MDE,0.0,1
Coins,otsu,7,4,RM-MDE,0.0,1
Coins,otsu,7,5,RM-MDE,0.0,1
Coins,otsu,7,6,RM-MDE,0.0,1
Coins,otsu,7,7,RM-MDE,0.0,1
Coins,otsu,7,8,RM-MDE,0.0,1
Coins,otsu,7,9,RM-MDE,0.0,1
Coins,otsu,8,0,SDE-current,6.35486609416527e-05,0
Coins,otsu,8,1,SDE-current,0.000140792430332737,0
Coins,otsu,8,2,SDE-current,0.0001361035288877927,0
Coins,otsu,8,3,SDE-current,7.399998933185284e-06,0
Coins,otsu,8,4,SDE-current,0.00014936006351514713,0
Coins,otsu,8,5,SDE-current,0.00046158901388099573,0
Coins,otsu,8,6,SDE-current,0.00029157616859109447,0
Coins,otsu,8,7,SDE-current,6.820165474087768e-05,0
Coins,otsu,8,8,SDE-current,0.00036985409314070085,0
Coins,otsu,8,9,SDE-current,0.00015890062062553194,0
Coins,otsu,8,0,SDE-fixedF,0.00017043806054183435,0
Coins,otsu,8,1,SDE-fixedF,1.4320185453400476e-06,0
Coins,otsu,8,2,SDE-fixedF,4.862625747332483e-06,0
Coins,otsu,8,3,SDE-fixedF,8.067166247620744e-05,0
Coins,otsu,8,4,SDE-fixedF,1.1911177292097985e-05,0
Coins,otsu,8,5,SDE-fixedF,1.276821850287849e-06,0
Coins,otsu,8,6,SDE-fixedF,2.9278485209944546e-05,0
Coins,otsu,8,7,SDE-fixedF,7.493477306527432e-05,0
Coins,otsu,8,8,SDE-fixedF,1.4320185453400476e-06,0
Coins,otsu,8,9,SDE-fixedF,3.483225574608356e-06,0
Coins,otsu,8,0,SDE-paper,9.385672908706522e-05,0
Coins,otsu,8,1,SDE-paper,3.336458819604259e-05,0
Coins,otsu,8,2,SDE-paper,1.551966950521985e-07,0
Coins,otsu,8,3,SDE-paper,2.162550171069973e-05,0
Coins,otsu,8,4,SDE-paper,0.0,1
Coins,otsu,8,5,SDE-paper,1.4320185453400476e-06,0
Coins,otsu,8,6,SDE-paper,5.6737932649003175e-05,0
Coins,otsu,8,7,SDE-paper,6.957540010344278e-06,0
Coins,otsu,8,8,SDE-paper,1.4320185453400476e-06,0
Coins,otsu,8,9,SDE-paper,0.0,1
Coins,otsu,8,0,DE,5.386823097615151e-06,0
Coins,otsu,8,1,DE,1.486377431575486e-05,0
Coins,otsu,8,2,DE,2.6063019170128e-06,0
Coins,otsu,8,3,DE,3.72170858172948e-06,0
Coins,otsu,8,4,DE,9.912299023437228e-06,0
Coins,otsu,8,5,DE,1.5460199575866068e-05,0
Coins,otsu,8,6,DE,5.049706387448818e-06,0
Coins,otsu,8,7,DE,4.862625747332483e-06,0
Coins,otsu,8,8,DE,1.0482544206954698e-05,0
Coins,otsu,8,9,DE,1.3191953915330828e-05,0
Coins,otsu,8,0,PSO,8.7750700597656e-05,0
Coins,otsu,8,1,PSO,1.818369981559887e-05,0
Coins,otsu,8,2,PSO,3.17079976067088e-05,0
Coins,otsu,8,3,PSO,6.250734345146723e-05,0
Coins,otsu,8,4,PSO,0.00033781313002627074,0
Coins,otsu,8,5,PSO,3.6316176021480624e-05,0
Coins,otsu,8,6,PSO,5.924228443451071e-05,0
Coins,otsu,8,7,PSO,7.58032420434195e-05,0
Coins,otsu,8,8,PSO,6.41425291571384e-05,0
Coins,otsu,8,9,PSO,0.00022008798559606347,0
Coins,otsu,8,0,RM-MDE,1.551966950521985e-07,0
Coins,otsu,8,1,RM-MDE,0.0,1
Coins,otsu,8,2,RM-MDE,1.276821850287849e-06,0
Coins,otsu,8,3,RM-MDE,0.0,1
Coins,otsu,8,4,RM-MDE,4.707823019844128e-07,0
Coins,otsu,8,5,RM-MDE,4.707823019844128e-07,0
Coins,otsu,8,6,RM-MDE,4.707823019844128e-07,0
Coins,otsu,8,7,RM-MDE,0.0,1
Coins,otsu,8,8,RM-MDE,1.551966950521985e-07,0
Coins,otsu,8,9,RM-MDE,4.707823019844128e-07,0
Coins,kapur,6,0,SDE-current,0.0021021339491648417,0
Coins,kapur,6,1,SDE-current,0.0025497229752195027,0
Coins,kapur,6,2,SDE-current,0.0032796925417473504,0
Coins,kapur,6,3,SDE-current,0.002295342927014106,0
Coins,kapur,6,4,SDE-current,0.00271917947897874,0
Coins,kapur,6,5,SDE-current,0.002084797117400591,0
Coins,kapur,6,6,SDE-current,0.0022346435703722196,0
Coins,kapur,6,7,SDE-current,0.00469578769423839,0
Coins,kapur,6,8,SDE-current,0.0020956196759529663,0
Coins,kapur,6,9,SDE-current,0.0020508088535562156,0
Coins,kapur,6,0,SDE-fixedF,0.002003550367023607,0
Coins,kapur,6,1,SDE-fixedF,0.003024072460526262,0
Coins,kapur,6,2,SDE-fixedF,0.002003550367023607,0
Coins,kapur,6,3,SDE-fixedF,0.002003550367023607,0
Coins,kapur,6,4,SDE-fixedF,0.0,1
Coins,kapur,6,5,SDE-fixedF,0.002003550367023607,0
Coins,kapur,6,6,SDE-fixedF,0.0002065053219315075,0
Coins,kapur,6,7,SDE-fixedF,0.002071877878173582,0
Coins,kapur,6,8,SDE-fixedF,0.002003550367023607,0
Coins,kapur,6,9,SDE-fixedF,0.002003550367023607,0
Coins,kapur,6,0,SDE-paper,0.0022510432755161406,0
Coins,kapur,6,1,SDE-paper,8.454268014165706e-05,0
Coins,kapur,6,2,SDE-paper,0.002003550367023607,0
Coins,kapur,6,3,SDE-paper,0.0020992460193597646,0
Coins,kapur,6,4,SDE-paper,2.6885888763824066e-05,0
Coins,kapur,6,5,SDE-paper,0.0020917687902065685,0
Coins,kapur,6,6,SDE-paper,0.002003550367023607,0
Coins,kapur,6,7,SDE-paper,9.777355715229507e-06,0
Coins,kapur,6,8,SDE-paper,0.002003550367023607,0
Coins,kapur,6,9,SDE-paper,0.0007986833565386783,0
Coins,kapur,6,0,DE,0.002003550367023607,0
Coins,kapur,6,1,DE,0.0020347510390554178,0
Coins,kapur,6,2,DE,0.002295342927014106,0
Coins,kapur,6,3,DE,5.085288802094342e-05,0
Coins,kapur,6,4,DE,0.00021628267764673702,0
Coins,kapur,6,5,DE,0.0003076142390190602,0
Coins,kapur,6,6,DE,0.002003550367023607,0
Coins,kapur,6,7,DE,0.002003550367023607,0
Coins,kapur,6,8,DE,0.002003550367023607,0
Coins,kapur,6,9,DE,0.002003550367023607,0
Coins,kapur,6,0,PSO,2.9681899737159494e-05,0
Coins,kapur,6,1,PSO,0.000350723862891767,0
Coins,kapur,6,2,PSO,5.093111470628367e-05,0
Coins,kapur,6,3,PSO,0.0004975532634935752,0
Coins,kapur,6,4,PSO,0.0003828714098269725,0
Coins,kapur,6,5,PSO,0.00048354972145872577,0
Coins,kapur,6,6,PSO,0.0012110140252223013,0
Coins,kapur,6,7,PSO,0.0020347510390554178,0
Coins,kapur,6,8,PSO,0.0006967989941610881,0
Coins,kapur,6,9,PSO,0.00033699833978380686,0
Coins,kapur,6,0,RM-MDE,0.0,1
Coins,kapur,6,1,RM-MDE,0.0,1
Coins,kapur,6,2,RM-MDE,0.0,1
Coins,kapur,6,3,RM-MDE,0.0,1
Coins,kapur,6,4,RM-MDE,0.0,1
Coins,kapur,6,5,RM-MDE,0.0,1
Coins,kapur,6,6,RM-MDE,0.0,1
Coins,kapur,6,7,RM-MDE,0.002003550367023607,0
Coins,kapur,6,8,RM-MDE,6.98134474189408e-06,0
Coins,kapur,6,9,RM-MDE,0.0,1
Coins,kapur,7,0,SDE-current,0.0033577050398640295,0
Coins,kapur,7,1,SDE-current,0.006020560818202067,0
Coins,kapur,7,2,SDE-current,0.00020946076889314074,0
Coins,kapur,7,3,SDE-current,0.0003024151552913252,0
Coins,kapur,7,4,SDE-current,0.0004470003295856459,0
Coins,kapur,7,5,SDE-current,0.00869237596622716,0
Coins,kapur,7,6,SDE-current,0.006162674433115614,0
Coins,kapur,7,7,SDE-current,0.004550186829249997,0
Coins,kapur,7,8,SDE-current,0.006160522743769156,0
Coins,kapur,7,9,SDE-current,0.000399280996330294,0
Coins,kapur,7,0,SDE-fixedF,3.080610296312803e-05,0
Coins,kapur,7,1,SDE-fixedF,0.0002718129727750715,0
Coins,kapur,7,2,SDE-fixedF,0.006042396188219295,0
Coins,kapur,7,3,SDE-fixedF,0.0,1
Coins,kapur,7,4,SDE-fixedF,1.5172210664925028e-05,0
Coins,kapur,7,5,SDE-fixedF,0.0,1
Coins,kapur,7,6,SDE-fixedF,1.875021698264858e-05,0
Coins,kapur,7,7,SDE-fixedF,0.006020560818202067,0
Coins,kapur,7,8,SDE-fixedF,0.006029534029996092,0
Coins,kapur,7,9,SDE-fixedF,7.655138659382328e-05,0
Coins,kapur,7,0,SDE-paper,0.0005313836672969562,0
Coins,kapur,7,1,SDE-paper,0.00023717525891646594,0
Coins,kapur,7,2,SDE-paper,0.00026594663352934674,0
Coins,kapur,7,3,SDE-paper,0.0027102019138007245,0
Coins,kapur,7,4,SDE-paper,8.547139548419154e-06,0
Coins,kapur,7,5,SDE-paper,0.00043357504565677687,0
Coins,kapur,7,6,SDE-paper,0.006033457047436459,0
Coins,kapur,7,7,SDE-paper,0.0060607310748694585,0
Coins,kapur,7,8,SDE-paper,0.0022660516024041394,0
Coins,kapur,7,9,SDE-paper,0.0006497136558259127,0
Coins,kapur,7,0,DE,8.547139548419154e-06,0
Coins,kapur,7,1,DE,0.006060017656563751,0
Coins,kapur,7,2,DE,4.033657584697173e-05,0
Coins,kapur,7,3,DE,0.00018554182145265357,0
Coins,kapur,7,4,DE,0.006060017656563751,0
Coins,kapur,7,5,DE,7.581985028350962e-05,0
Coins,kapur,7,6,DE,1.5172210664925028e-05,0
Coins,kapur,7,7,DE,0.0006260404927177422,0
Coins,kapur,7,8,DE,4.8642969305386315e-05,0
Coins,kapur,7,9,DE,0.0007181795209527746,0
Coins,kapur,7,0,PSO,0.0013289113193197645,0
Coins,kapur,7,1,PSO,0.0006254340905306507,0
Coins,kapur,7,2,PSO,0.00017913482779061945,0
Coins,kapur,7,3,PSO,0.0025744785339303434,0
Coins,kapur,7,4,PSO,0.00034914958481069384,0
Coins,kapur,7,5,PSO,0.00024390042392359351,0
Coins,kapur,7,6,PSO,0.0004377546929642131,0
Coins,kapur,7,7,PSO,0.00022854925842439295,0
Coins,kapur,7,8,PSO,0.00038448316697888495,0
Coins,kapur,7,9,PSO,0.003695582374948431,0
Coins,kapur,7,0,RM-MDE,0.0,1
Coins,kapur,7,1,RM-MDE,0.0,1
Coins,kapur,7,2,RM-MDE,8.547139548419154e-06,0
Coins,kapur,7,3,RM-MDE,0.0,1
Coins,kapur,7,4,RM-MDE,0.0,1
Coins,kapur,7,5,RM-MDE,0.0,1
Coins,kapur,7,6,RM-MDE,0.0,1
Coins,kapur,7,7,RM-MDE,0.0,1
Coins,kapur,7,8,RM-MDE,0.0,1
Coins,kapur,7,9,RM-MDE,0.0,1
Coins,kapur,8,0,SDE-current,0.00425897956556403,0
Coins,kapur,8,1,SDE-current,0.002113235232898282,0
Coins,kapur,8,2,SDE-current,0.0016823047856943845,0
Coins,kapur,8,3,SDE-current,0.00040886412475196044,0
Coins,kapur,8,4,SDE-current,0.000931103023307542,0
Coins,kapur,8,5,SDE-current,0.0002162680133755539,0
Coins,kapur,8,6,SDE-current,0.010846448930744,0
Coins,kapur,8,7,SDE-current,0.010467336520364362,0
Coins,kapur,8,8,SDE-current,0.0017569704960194177,0
Coins,kapur,8,9,SDE-current,0.006453124818825058,0
Coins,kapur,8,0,SDE-fixedF,8.352547396521987e-05,0
Coins,kapur,8,1,SDE-fixedF,0.00032669201973119114,0
Coins,kapur,8,2,SDE-fixedF,2.48520263415078e-06,0
Coins,kapur,8,3,SDE-fixedF,0.0001205329648474867,0
Coins,kapur,8,4,SDE-fixedF,0.002574405336591066,0
Coins,kapur,8,5,SDE-fixedF,0.0,1
Coins,kapur,8,6,SDE-fixedF,2.48520263415078e-06,0
Coins,kapur,8,7,SDE-fixedF,0.0008941935817821805,0
Coins,kapur,8,8,SDE-fixedF,0.0002989671048302839,0
Coins,kapur,8,9,SDE-fixedF,0.010101050793550056,0
Coins,kapur,8,0,SDE-paper,4.251452509025561e-06,0
Coins,kapur,8,1,SDE-paper,5.188241705791213e-05,0
Coins,kapur,8,2,SDE-paper,8.352547396521987e-05,0
Coins,kapur,8,3,SDE-paper,0.0,1
Coins,kapur,8,4,SDE-paper,0.0012820695090326826,0
Coins,kapur,8,5,SDE-paper,0.0002675243977808894,0
Coins,kapur,8,6,SDE-paper,0.00010334912356678627,0
Coins,kapur,8,7,SDE-paper,4.7767223860647134e-05,0
Coins,kapur,8,8,SDE-paper,0.00018829509548591816,0
Coins,kapur,8,9,SDE-paper,7.747146925635753e-06,0
Coins,kapur,8,0,DE,4.858677638063914e-05,0
Coins,kapur,8,1,DE,7.747146925635753e-06,0
Coins,kapur,8,2,DE,0.0029986167992132632,0
Coins,kapur,8,3,DE,3.603152599746467e-05,0
Coins,kapur,8,4,DE,0.000788823211940098,0
Coins,kapur,8,5,DE,0.0004649617085691167,0
Coins,kapur,8,6,DE,0.0003028730655835154,0
Coins,kapur,8,7,DE,0.0023052997878119435,0
Coins,kapur,8,8,DE,0.00018972944753684517,0
Coins,kapur,8,9,DE,3.603152599746467e-05,0
Coins,kapur,8,0,PSO,0.0007925574460884921,0
Coins,kapur,8,1,PSO,0.0027335775407341893,0
Coins,kapur,8,2,PSO,0.0021283730124805247,0
Coins,kapur,8,3,PSO,0.0005104139587054138,0
Coins,kapur,8,4,PSO,0.007826955418038328,0
Coins,kapur,8,5,PSO,0.0030538385843725275,0
Coins,kapur,8,6,PSO,0.00013712515530533702,0
Coins,kapur,8,7,PSO,0.0013151377714552273,0
Coins,kapur,8,8,PSO,0.0015654805407166513,0
Coins,kapur,8,9,PSO,0.0017393062685079,0
Coins,kapur,8,0,RM-MDE,0.0,1
Coins,kapur,8,1,RM-MDE,0.0,1
Coins,kapur,8,2,RM-MDE,0.0,1
Coins,kapur,8,3,RM-MDE,0.0,1
Coins,kapur,8,4,RM-MDE,0.0,1
Coins,kapur,8,5,RM-MDE,0.0,1
Coins,kapur,8,6,RM-MDE,0.0,1
Coins,kapur,8,7,RM-MDE,0.0,1
Coins,kapur,8,8,RM-MDE,0.0,1
Coins,kapur,8,9,RM-MDE,2.48520263415078e-06,0
Coins,mcet,6,0,SDE-current,3.190437227914592e-05,0
Coins,mcet,6,1,SDE-current,5.500483425287987e-05,0
Coins,mcet,6,2,SDE-current,4.892594495932244e-06,0
Coins,mcet,6,3,SDE-current,3.3705807596724024e-06,0
Coins,mcet,6,4,SDE-current,5.036321440938123e-06,0
Coins,mcet,6,5,SDE-current,5.610699700754821e-06,0
Coins,mcet,6,6,SDE-current,1.1788456661648655e-06,0
Coins,mcet,6,7,SDE-current,2.6948947855805228e-06,0
Coins,mcet,6,8,SDE-current,1.0198388244141544e-05,0
Coins,mcet,6,9,SDE-current,1.865227809933891e-05,0
Coins,mcet,6,0,SDE-fixedF,0.0,1
Coins,mcet,6,1,SDE-fixedF,0.0,1
Coins,mcet,6,2,SDE-fixedF,1.125334525367278e-06,0
Coins,mcet,6,3,SDE-fixedF,6.0434860461730355e-05,0
Coins,mcet,6,4,SDE-fixedF,0.0,1
Coins,mcet,6,5,SDE-fixedF,3.6154557576967975e-06,0
Coins,mcet,6,6,SDE-fixedF,1.865307971880827e-06,0
Coins,mcet,6,7,SDE-fixedF,4.4335178583523906e-05,0
Coins,mcet,6,8,SDE-fixedF,0.0,1
Coins,mcet,6,9,SDE-fixedF,1.6372261618075397e-06,0
Coins,mcet,6,0,SDE-paper,0.0,1
Coins,mcet,6,1,SDE-paper,7.687322369084689e-07,0
Coins,mcet,6,2,SDE-paper,0.0,1
Coins,mcet,6,3,SDE-paper,1.1143265913504222e-05,0
Coins,mcet,6,4,SDE-paper,1.2501631340831869e-05,0
Coins,mcet,6,5,SDE-paper,0.0,1
Coins,mcet,6,6,SDE-paper,8.237123479828783e-05,0
Coins,mcet,6,7,SDE-paper,0.0,1
Coins,mcet,6,8,SDE-paper,0.0,1
Coins,mcet,6,9,SDE-paper,5.404155378128151e-06,0
Coins,mcet,6,0,DE,0.0,1
Coins,mcet,6,1,DE,0.0,1
Coins,mcet,6,2,DE,0.0,1
Coins,mcet,6,3,DE,0.0,1
Coins,mcet,6,4,DE,2.0456337994015045e-06,0
Coins,mcet,6,5,DE,1.222757014158365e-06,0
Coins,mcet,6,6,DE,3.3292148262133994e-06,0
Coins,mcet,6,7,DE,1.2108524292227259e-06,0
Coins,mcet,6,8,DE,0.0,1
Coins,mcet,6,9,DE,0.0,1
Coins,mcet,6,0,PSO,2.1009845287921332e-05,0
Coins,mcet,6,1,PSO,3.6495703203069504e-06,0
Coins,mcet,6,2,PSO,8.486874044272898e-07,0
Coins,mcet,6,3,PSO,6.393873467594805e-07,0
Coins,mcet,6,4,PSO,2.500307442446443e-06,0
Coins,mcet,6,5,PSO,5.219970460095294e-06,0
Coins,mcet,6,6,PSO,1.7693154193731727e-06,0
Coins,mcet,6,7,PSO,3.327173889604748e-05,0
Coins,mcet,6,8,PSO,2.387946581370213e-06,0
Coins,mcet,6,9,PSO,2.2403212208580447e-06,0
Coins,mcet,6,0,RM-MDE,0.0,1
Coins,mcet,6,1,RM-MDE,0.0,1
Coins,mcet,6,2,RM-MDE,0.0,1
Coins,mcet,6,3,RM-MDE,0.0,1
Coins,mcet,6,4,RM-MDE,0.0,1
Coins,mcet,6,5,RM-MDE,0.0,1
Coins,mcet,6,6,RM-MDE,0.0,1
Coins,mcet,6,7,RM-MDE,0.0,1
Coins,mcet,6,8,RM-MDE,0.0,1
Coins,mcet,6,9,RM-MDE,0.0,1
Coins,mcet,7,0,SDE-current,0.00011596112195862161,0
Coins,mcet,7,1,SDE-current,1.3089452942704678e-05,0
Coins,mcet,7,2,SDE-current,2.9111350315777766e-05,0
Coins,mcet,7,3,SDE-current,5.44157495916466e-06,0
Coins,mcet,7,4,SDE-current,1.1917519559368812e-06,0
Coins,mcet,7,5,SDE-current,1.8398668180714939e-06,0
Coins,mcet,7,6,SDE-current,4.406184404283691e-05,0
Coins,mcet,7,7,SDE-current,2.293246717573175e-06,0
Coins,mcet,7,8,SDE-current,6.015427914102573e-06,0
Coins,mcet,7,9,SDE-current,4.415372181535107e-06,0
Coins,mcet,7,0,SDE-fixedF,3.582936035428777e-06,0
Coins,mcet,7,1,SDE-fixedF,8.384180972312488e-08,0
Coins,mcet,7,2,SDE-fixedF,1.1702142716981795e-05,0
Coins,mcet,7,3,SDE-fixedF,2.1494835299560768e-06,0
Coins,mcet,7,4,SDE-fixedF,1.1734369791026918e-06,0
Coins,mcet,7,5,SDE-fixedF,4.440216818093955e-06,0
Coins,mcet,7,6,SDE-fixedF,3.5241147308298913e-06,0
Coins,mcet,7,7,SDE-fixedF,1.2092447166779938e-05,0
Coins,mcet,7,8,SDE-fixedF,1.2065579828039565e-06,0
Coins,mcet,7,9,SDE-fixedF,1.6695771084157621e-07,0
Coins,mcet,7,0,SDE-paper,2.339202245845343e-06,0
Coins,mcet,7,1,SDE-paper,2.1227109346557916e-06,0
Coins,mcet,7,2,SDE-paper,2.7508530930686632e-06,0
Coins,mcet,7,3,SDE-paper,3.3103961015257625e-06,0
Coins,mcet,7,4,SDE-paper,2.7095879460372343e-06,0
Coins,mcet,7,5,SDE-paper,2.2569193093363195e-06,0
Coins,mcet,7,6,SDE-paper,1.8849052817219767e-05,0
Coins,mcet,7,7,SDE-paper,2.2569193093363195e-06,0
Coins,mcet,7,8,SDE-paper,4.77969629991831e-06,0
Coins,mcet,7,9,SDE-paper,5.4613194323844995e-06,0
Coins,mcet,7,0,DE,1.91757555678983e-05,0
Coins,mcet,7,1,DE,2.1374401194019337e-06,0
Coins,mcet,7,2,DE,5.249931629757228e-06,0
Coins,mcet,7,3,DE,1.9617555759003773e-06,0
Coins,mcet,7,4,DE,5.898496556907379e-06,0
Coins,mcet,7,5,DE,3.355610145360797e-06,0
Coins,mcet,7,6,DE,3.626114251926284e-05,0
Coins,mcet,7,7,DE,4.678619364280258e-07,0
Coins,mcet,7,8,DE,4.939839360550214e-07,0
Coins,mcet,7,9,DE,2.339202245845343e-06,0
Coins,mcet,7,0,PSO,1.4663606418079075e-05,0
Coins,mcet,7,1,PSO,1.1754136108012044e-05,0
Coins,mcet,7,2,PSO,6.028696168799312e-06,0
Coins,mcet,7,3,PSO,5.640567556655108e-06,0
Coins,mcet,7,4,PSO,1.3575370579428502e-05,0
Coins,mcet,7,5,PSO,6.594902594274459e-06,0
Coins,mcet,7,6,PSO,6.561011981424744e-06,0
Coins,mcet,7,7,PSO,2.006744676381913e-05,0
Coins,mcet,7,8,PSO,1.8613345137991964e-05,0
Coins,mcet,7,9,PSO,7.032665124563632e-06,0
Coins,mcet,7,0,RM-MDE,0.0,1
Coins,mcet,7,1,RM-MDE,0.0,1
Coins,mcet,7,2,RM-MDE,0.0,1
Coins,mcet,7,3,RM-MDE,0.0,1
Coins,mcet,7,4,RM-MDE,0.0,1
Coins,mcet,7,5,RM-MDE,0.0,1
Coins,mcet,7,6,RM-MDE,2.1494835299560768e-06,0
Coins,mcet,7,7,RM-MDE,0.0,1
Coins,mcet,7,8,RM-MDE,0.0,1
Coins,mcet,7,9,RM-MDE,0.0,1
Coins,mcet,8,0,SDE-current,1.1902972505010897e-05,0
Coins,mcet,8,1,SDE-current,1.456132454546696e-05,0
Coins,mcet,8,2,SDE-current,2.0741771055678528e-05,0
Coins,mcet,8,3,SDE-current,6.007219897802086e-06,0
Coins,mcet,8,4,SDE-current,5.415283818345392e-05,0
Coins,mcet,8,5,SDE-current,3.42690415584285e-06,0
Coins,mcet,8,6,SDE-current,4.09889510445083e-05,0
Coins,mcet,8,7,SDE-current,2.454133461831474e-06,0
Coins,mcet,8,8,SDE-current,0.0001217949664703889,0
Coins,mcet,8,9,SDE-current,5.626791512034496e-06,0
Coins,mcet,8,0,SDE-fixedF,1.2708557136509124e-06,0
Coins,mcet,8,1,SDE-fixedF,3.0863266536662795e-07,0
Coins,mcet,8,2,SDE-fixedF,2.7517779901616696e-07,0
Coins,mcet,8,3,SDE-fixedF,2.306949467522299e-05,0
Coins,mcet,8,4,SDE-fixedF,1.2708557136509124e-06,0
Coins,mcet,8,5,SDE-fixedF,0.0,1
Coins,mcet,8,6,SDE-fixedF,3.383506362828388e-06,0
Coins,mcet,8,7,SDE-fixedF,0.0,1
Coins,mcet,8,8,SDE-fixedF,2.159069268719034e-05,0
Coins,mcet,8,9,SDE-fixedF,3.0057681835538943e-06,0
Coins,mcet,8,0,SDE-paper,2.9223951656127922e-05,0
Coins,mcet,8,1,SDE-paper,1.0813978604314038e-06,0
Coins,mcet,8,2,SDE-paper,2.8745642048576735e-06,0
Coins,mcet,8,3,SDE-paper,2.4089035212099007e-05,0
Coins,mcet,8,4,SDE-paper,1.539488928165179e-05,0
Coins,mcet,8,5,SDE-paper,4.155227254868625e-06,0
Coins,mcet,8,6,SDE-paper,3.7451565718572395e-05,0
Coins,mcet,8,7,SDE-paper,2.410993047355419e-06,0
Coins,mcet,8,8,SDE-paper,2.1229826257437923e-05,0
Coins,mcet,8,9,SDE-paper,2.410993047355419e-06,0
Coins,mcet,8,0,DE,1.0973462855405342e-06,0
Coins,mcet,8,1,DE,4.66162138852226e-06,0
Coins,mcet,8,2,DE,0.0,1
Coins,mcet,8,3,DE,7.931872365977029e-08,0
Coins,mcet,8,4,DE,2.8211162453788614e-07,0
Coins,mcet,8,5,DE,1.4913783078125709e-05,0
Coins,mcet,8,6,DE,1.2708557136509124e-06,0
Coins,mcet,8,7,DE,2.2926093996321594e-05,0
Coins,mcet,8,8,DE,1.9575173575470134e-07,0
Coins,mcet,8,9,DE,3.623064676807915e-07,0
Coins,mcet,8,0,PSO,5.828330213508519e-05,0
Coins,mcet,8,1,PSO,1.858115318250959e-05,0
Coins,mcet,8,2,PSO,4.41510017219614e-05,0
Coins,mcet,8,3,PSO,3.5099808164521476e-06,0
Coins,mcet,8,4,PSO,6.095788043929548e-06,0
Coins,mcet,8,5,PSO,1.5821020354550466e-05,0
Coins,mcet,8,6,PSO,2.9160697482604356e-05,0
Coins,mcet,8,7,PSO,2.4973819682812656e-05,0
Coins,mcet,8,8,PSO,1.0511994000821926e-05,0
Coins,mcet,8,9,PSO,2.74847132093529e-05,0
Coins,mcet,8,0,RM-MDE,0.0,1
Coins,mcet,8,1,RM-MDE,0.0,1
Coins,mcet,8,2,RM-MDE,0.0,1
Coins,mcet,8,3,RM-MDE,0.0,1
Coins,mcet,8,4,RM-MDE,0.0,1
Coins,mcet,8,5,RM-MDE,0.0,1
Coins,mcet,8,6,RM-MDE,0.0,1
Coins,mcet,8,7,RM-MDE,0.0,1
Coins,mcet,8,8,RM-MDE,0.0,1
Coins,mcet,8,9,RM-MDE,0.0,1
Moon,otsu,6,0,SDE-current,0.00036917268769349673,0
Moon,otsu,6,1,SDE-current,7.19274006289582e-05,0
Moon,otsu,6,2,SDE-current,9.640563353634658e-05,0
Moon,otsu,6,3,SDE-current,1.4644224763375794e-05,0
Moon,otsu,6,4,SDE-current,3.458721609815593e-05,0
Moon,otsu,6,5,SDE-current,3.0919794154546804e-05,0
Moon,otsu,6,6,SDE-current,2.154581835516872e-06,0
Moon,otsu,6,7,SDE-current,2.5068506155902084e-05,0
Moon,otsu,6,8,SDE-current,1.9075439681078202e-07,0
Moon,otsu,6,9,SDE-current,3.8831458677573795e-05,0
Moon,otsu,6,0,SDE-fixedF,3.8831458677573795e-05,0
Moon,otsu,6,1,SDE-fixedF,3.0086424041576056e-05,0
Moon,otsu,6,2,SDE-fixedF,1.1306357720006858e-05,0
Moon,otsu,6,3,SDE-fixedF,3.0101218054161877e-05,0
Moon,otsu,6,4,SDE-fixedF,3.7397676307866474e-06,0
Moon,otsu,6,5,SDE-fixedF,9.781856636194949e-05,0
Moon,otsu,6,6,SDE-fixedF,1.5816286721363508e-06,0
Moon,otsu,6,7,SDE-fixedF,4.293881827611087e-06,0
Moon,otsu,6,8,SDE-fixedF,3.0086424041576056e-05,0
Moon,otsu,6,9,SDE-fixedF,0.0,1
Moon,otsu,6,0,SDE-paper,0.0,1
Moon,otsu,6,1,SDE-paper,1.2321562431343006e-05,0
Moon,otsu,6,2,SDE-paper,0.0,1
Moon,otsu,6,3,SDE-paper,0.0,1
Moon,otsu,6,4,SDE-paper,3.0086424041576056e-05,0
Moon,otsu,6,5,SDE-paper,3.0101218054161877e-05,0
Moon,otsu,6,6,SDE-paper,0.0,1
Moon,otsu,6,7,SDE-paper,0.0,1
Moon,otsu,6,8,SDE-paper,3.0905000141960984e-05,0
Moon,otsu,6,9,SDE-paper,0.0,1
Moon,otsu,6,0,DE,0.0,1
Moon,otsu,6,1,DE,1.9075439681078202e-07,0
Moon,otsu,6,2,DE,0.0,1
Moon,otsu,6,3,DE,1.9075439681078202e-07,0
Moon,otsu,6,4,DE,0.0,1
Moon,otsu,6,5,DE,2.182569468239222e-06,0
Moon,otsu,6,6,DE,0.0,1
Moon,otsu,6,7,DE,0.0,1
Moon,otsu,6,8,DE,0.0,1
Moon,otsu,6,9,DE,1.8476969903386942e-06,0
Moon,otsu,6,0,PSO,1.2724737848582492e-05,0
Moon,otsu,6,1,PSO,5.0627743163596515e-06,0
Moon,otsu,6,2,PSO,1.2585967994956204e-05,0
Moon,otsu,6,3,PSO,1.3279916851350732e-05,0
Moon,otsu,6,4,PSO,3.491349742223122e-05,0
Moon,otsu,6,5,PSO,2.252764022931812e-05,0
Moon,otsu,6,6,PSO,0.0,1
Moon,otsu,6,7,PSO,9.78846803675994e-06,0
Moon,otsu,6,8,PSO,7.623785085470946e-06,0
Moon,otsu,6,9,PSO,2.101526021525103e-05,0
Moon,otsu,6,0,RM-MDE,0.0,1
Moon,otsu,6,1,RM-MDE,0.0,1
Moon,otsu,6,2,RM-MDE,0.0,1
Moon,otsu,6,3,RM-MDE,0.0,1
Moon,otsu,6,4,RM-MDE,0.0,1
Moon,otsu,6,5,RM-MDE,0.0,1
Moon,otsu,6,6,RM-MDE,0.0,1
Moon,otsu,6,7,RM-MDE,0.0,1
Moon,otsu,6,8,RM-MDE,0.0,1
Moon,otsu,6,9,RM-MDE,0.0,1
Moon,otsu,7,0,SDE-current,0.00015350012993966744,0
Moon,otsu,7,1,SDE-current,0.00012817813404470085,0
Moon,otsu,7,2,SDE-current,5.850428698004371e-05,0
Moon,otsu,7,3,SDE-current,1.4569996795720217e-05,0
Moon,otsu,7,4,SDE-current,1.9517460187743645e-05,0
Moon,otsu,7,5,SDE-current,8.49667212768135e-05,0
Moon,otsu,7,6,SDE-current,3.019899126896373e-05,0
Moon,otsu,7,7,SDE-current,5.85704718312814e-05,0
Moon,otsu,7,8,SDE-current,0.00015981163003669335,0
Moon,otsu,7,9,SDE-current,0.0002611501363947887,0
Moon,otsu,7,0,SDE-fixedF,2.688515719404607e-06,0
Moon,otsu,7,1,SDE-fixedF,0.0,1
Moon,otsu,7,2,SDE-fixedF,8.149196931548059e-06,0
Moon,otsu,7,3,SDE-fixedF,1.4182113200905178e-06,0
Moon,otsu,7,4,SDE-fixedF,3.8268888477973126e-06,0
Moon,otsu,7,5,SDE-fixedF,2.1220588125959907e-06,0
Moon,otsu,7,6,SDE-fixedF,4.793116142898138e-07,0
Moon,otsu,7,7,SDE-fixedF,0.0,1
Moon,otsu,7,8,SDE-fixedF,0.00023198403915335094,0
Moon,otsu,7,9,SDE-fixedF,1.5861309863538193e-06,0
Moon,otsu,7,0,SDE-paper,8.738594536775443e-06,0
Moon,otsu,7,1,SDE-paper,1.4115755072286955e-05,0
Moon,otsu,7,2,SDE-paper,1.7920873972764085e-06,0
Moon,otsu,7,3,SDE-paper,3.657100297819676e-06,0
Moon,otsu,7,4,SDE-paper,0.0,1
Moon,otsu,7,5,SDE-paper,2.3109354530757467e-06,0
Moon,otsu,7,6,SDE-paper,4.1673816263656e-05,0
Moon,otsu,7,7,SDE-paper,1.0846568653379883e-06,0
Moon,otsu,7,8,SDE-paper,8.841803675761307e-06,0
Moon,otsu,7,9,SDE-paper,1.9884984272980118e-05,0
Moon,otsu,7,0,DE,1.2313093710496575e-06,0
Moon,otsu,7,1,DE,2.0926861832530223e-05,0
Moon,otsu,7,2,DE,0.0,1
Moon,otsu,7,3,DE,6.012412508128332e-06,0
Moon,otsu,7,4,DE,1.6328839849922527e-06,0
Moon,otsu,7,5,DE,1.4182113200905178e-06,0
Moon,otsu,7,6,DE,1.5861309863538193e-06,0
Moon,otsu,7,7,DE,4.793116142898138e-07,0
Moon,otsu,7,8,DE,1.1433192316506917e-06,0
Moon,otsu,7,9,DE,1.4898245956062968e-05,0
Moon,otsu,7,0,PSO,5.0770122592552775e-06,0
Moon,otsu,7,1,PSO,6.608191741585423e-05,0
Moon,otsu,7,2,PSO,3.3440947327946114e-05,0
Moon,otsu,7,3,PSO,5.806175383443935e-06,0
Moon,otsu,7,4,PSO,2.6470746285653415e-05,0
Moon,otsu,7,5,PSO,4.6383311390872424e-05,0
Moon,otsu,7,6,PSO,0.00016805469016880034,0
Moon,otsu,7,7,PSO,2.6995105290506614e-05,0
Moon,otsu,7,8,PSO,3.746017107133283e-06,0
Moon,otsu,7,9,PSO,2.061972159589672e-05,0
Moon,otsu,7,0,RM-MDE,0.0,1
Moon,otsu,7,1,RM-MDE,0.0,1
Moon,otsu,7,2,RM-MDE,0.0,1
Moon,otsu,7,3,RM-MDE,0.0,1
Moon,otsu,7,4,RM-MDE,0.0,1
Moon,otsu,7,5,RM-MDE,0.0,1
Moon,otsu,7,6,RM-MDE,0.0,1
Moon,otsu,7,7,RM-MDE,0.0,1
Moon,otsu,7,8,RM-MDE,0.0,1
Moon,otsu,7,9,RM-MDE,0.0,1
Moon,otsu,8,0,SDE-current,5.371890120316233e-05,0
Moon,otsu,8,1,SDE-current,0.00012461249722218337,0
Moon,otsu,8,2,SDE-current,4.396414699184588e-05,0
Moon,otsu,8,3,SDE-current,1.2641528268691112e-05,0
Moon,otsu,8,4,SDE-current,1.0127724486145978e-05,0
Moon,otsu,8,5,SDE-current,4.2142957483389664e-05,0
Moon,otsu,8,6,SDE-current,1.7947914287090985e-05,0
Moon,otsu,8,7,SDE-current,5.385453198849442e-05,0
Moon,otsu,8,8,SDE-current,0.00012073161639942424,0
Moon,otsu,8,9,SDE-current,8.442691861186703e-05,0
Moon,otsu,8,0,SDE-fixedF,7.683620635335118e-06,0
Moon,otsu,8,1,SDE-fixedF,3.0806548526361723e-06,0
Moon,otsu,8,2,SDE-fixedF,6.349426198967069e-06,0
Moon,otsu,8,3,SDE-fixedF,8.227553140256022e-06,0
Moon,otsu,8,4,SDE-fixedF,0.0,1
Moon,otsu,8,5,SDE-fixedF,6.349426198967069e-06,0
Moon,otsu,8,6,SDE-fixedF,3.0519456845383984e-06,0
Moon,otsu,8,7,SDE-fixedF,1.1720749209407394e-05,0
Moon,otsu,8,8,SDE-fixedF,4.905162910693251e-05,0
Moon,otsu,8,9,SDE-fixedF,0.0,1
Moon,otsu,8,0,SDE-paper,3.901323657579164e-06,0
Moon,otsu,8,1,SDE-paper,2.3190049360250482e-05,0
Moon,otsu,8,2,SDE-paper,7.686041193653646e-06,0
Moon,otsu,8,3,SDE-paper,1.4434667507491279e-07,0
Moon,otsu,8,4,SDE-paper,3.100849487472039e-06,0
Moon,otsu,8,5,SDE-paper,1.3524347990929678e-05,0
Moon,otsu,8,6,SDE-paper,2.0700853486521425e-05,0
Moon,otsu,8,7,SDE-paper,5.385355556468365e-05,0
Moon,otsu,8,8,SDE-paper,1.0230643864581883e-05,0
Moon,otsu,8,9,SDE-paper,8.314395364359328e-06,0
Moon,otsu,8,0,DE,5.767532811461892e-06,0
Moon,otsu,8,1,DE,2.0972791116508642e-05,0
Moon,otsu,8,2,DE,1.881807331694707e-06,0
Moon,otsu,8,3,DE,1.2438777472479217e-05,0
Moon,otsu,8,4,DE,5.858316652782152e-06,0
Moon,otsu,8,5,DE,2.290622444471986e-06,0
Moon,otsu,8,6,DE,1.2971618735762148e-05,0
Moon,otsu,8,7,DE,8.485863599331355e-06,0
Moon,otsu,8,8,DE,6.261563650873021e-06,0
Moon,otsu,8,9,DE,1.235478564194022e-06,0
Moon,otsu,8,0,PSO,3.0088116268476852e-05,0
Moon,otsu,8,1,PSO,3.1784758360171575e-05,0
Moon,otsu,8,2,PSO,2.8942708875156947e-05,0
Moon,otsu,8,3,PSO,2.346388331752879e-05,0
Moon,otsu,8,4,PSO,8.547825034134035e-05,0
Moon,otsu,8,5,PSO,7.443119300613703e-05,0
Moon,otsu,8,6,PSO,0.0001927829725801863,0
Moon,otsu,8,7,PSO,7.954154233398165e-05,0
Moon,otsu,8,8,PSO,0.00016381478395738734,0
Moon,otsu,8,9,PSO,1.83385701981336e-05,0
Moon,otsu,8,0,RM-MDE,0.0,1
Moon,otsu,8,1,RM-MDE,0.0,1
Moon,otsu,8,2,RM-MDE,0.0,1
Moon,otsu,8,3,RM-MDE,0.0,1
Moon,otsu,8,4,RM-MDE,0.0,1
Moon,otsu,8,5,RM-MDE,0.0,1
Moon,otsu,8,6,RM-MDE,0.0,1
Moon,otsu,8,7,RM-MDE,2.3979178484841924e-07,0
Moon,otsu,8,8,RM-MDE,0.0,1
Moon,otsu,8,9,RM-MDE,0.0,1
Moon,kapur,6,0,SDE-current,0.0035628564728261065,0
Moon,kapur,6,1,SDE-current,0.0037578814469299026,0
Moon,kapur,6,2,SDE-current,0.00033590195044123504,0
Moon,kapur,6,3,SDE-current,0.006916013658257869,0
Moon,kapur,6,4,SDE-current,0.0013163078599251284,0
Moon,kapur,6,5,SDE-current,0.0016229027438989718,0
Moon,kapur,6,6,SDE-current,0.004762204903600908,0
Moon,kapur,6,7,SDE-current,0.0018161720415244417,0
Moon,kapur,6,8,SDE-current,0.0026078284810161076,0
Moon,kapur,6,9,SDE-current,0.0009389869105864569,0
Moon,kapur,6,0,SDE-fixedF,0.002720713237690736,0
Moon,kapur,6,1,SDE-fixedF,0.0,1
Moon,kapur,6,2,SDE-fixedF,0.000657906573430847,0
Moon,kapur,6,3,SDE-fixedF,0.004852642033252314,0
Moon,kapur,6,4,SDE-fixedF,0.002089598193557991,0
Moon,kapur,6,5,SDE-fixedF,0.002061289586822729,0
Moon,kapur,6,6,SDE-fixedF,0.006565639788286934,0
Moon,kapur,6,7,SDE-fixedF,0.000657906573430847,0
Moon,kapur,6,8,SDE-fixedF,0.0,1
Moon,kapur,6,9,SDE-fixedF,9.830842412596077e-05,0
Moon,kapur,6,0,SDE-paper,0.0,1
Moon,kapur,6,1,SDE-paper,0.0009389869105864569,0
Moon,kapur,6,2,SDE-paper,0.0005588734272429298,0
Moon,kapur,6,3,SDE-paper,0.0002594742056401192,0
Moon,kapur,6,4,SDE-paper,0.0,1
Moon,kapur,6,5,SDE-paper,0.0,1
Moon,kapur,6,6,SDE-paper,0.00495599563060801,0
Moon,kapur,6,7,SDE-paper,0.002322716257246844,0
Moon,kapur,6,8,SDE-paper,0.0,1
Moon,kapur,6,9,SDE-paper,0.0,1
Moon,kapur,6,0,DE,0.0,1
Moon,kapur,6,1,DE,0.0002371128188253203,0
Moon,kapur,6,2,DE,0.0002371128188253203,0
Moon,kapur,6,3,DE,0.0,1
Moon,kapur,6,4,DE,0.0,1
Moon,kapur,6,5,DE,0.0,1
Moon,kapur,6,6,DE,0.0002371128188253203,0
Moon,kapur,6,7,DE,9.830842412596077e-05,0
Moon,kapur,6,8,DE,0.0,1
Moon,kapur,6,9,DE,0.0,1
Moon,kapur,6,0,PSO,0.0015277298543803011,0
Moon,kapur,6,1,PSO,0.0006547550401265733,0
Moon,kapur,6,2,PSO,0.0016875084038490923,0
Moon,kapur,6,3,PSO,0.0013876197546388114,0
Moon,kapur,6,4,PSO,0.0009279442239674961,0
Moon,kapur,6,5,PSO,0.001176099729412108,0
Moon,kapur,6,6,PSO,0.0025879814120880625,0
Moon,kapur,6,7,PSO,0.0008241558165620733,0
Moon,kapur,6,8,PSO,0.00274545263494527,0
Moon,kapur,6,9,PSO,0.004264693186077234,0
Moon,kapur,6,0,RM-MDE,0.0,1
Moon,kapur,6,1,RM-MDE,0.0,1
Moon,kapur,6,2,RM-MDE,0.0,1
Moon,kapur,6,3,RM-MDE,0.0,1
Moon,kapur,6,4,RM-MDE,0.0,1
Moon,kapur,6,5,RM-MDE,0.0,1
Moon,kapur,6,6,RM-MDE,0.0,1
Moon,kapur,6,7,RM-MDE,0.0,1
Moon,kapur,6,8,RM-MDE,0.0,1
Moon,kapur,6,9,RM-MDE,0.0,1
Moon,kapur,7,0,SDE-current,0.014784175450856425,0
Moon,kapur,7,1,SDE-current,0.007079962380097795,0
Moon,kapur,7,2,SDE-current,0.0064564481392317494,0
Moon,kapur,7,3,SDE-current,0.0023081616325737377,0
Moon,kapur,7,4,SDE-current,0.008269048573106822,0
Moon,kapur,7,5,SDE-current,0.0070721187029994205,0
Moon,kapur,7,6,SDE-current,0.010309489298086576,0
Moon,kapur,7,7,SDE-current,0.006543421264371738,0
Moon,kapur,7,8,SDE-current,0.00752929885290914,0
Moon,kapur,7,9,SDE-current,0.009311033604198247,0
Moon,kapur,7,0,SDE-fixedF,0.0002739724843572814,0
Moon,kapur,7,1,SDE-fixedF,5.791651897573452e-05,0
Moon,kapur,7,2,SDE-fixedF,0.0004962767376483941,0
Moon,kapur,7,3,SDE-fixedF,0.00047590115846459104,0
Moon,kapur,7,4,SDE-fixedF,0.006441749348133579,0
Moon,kapur,7,5,SDE-fixedF,0.00025984519308274264,0
Moon,kapur,7,6,SDE-fixedF,0.002942693816507225,0
Moon,kapur,7,7,SDE-fixedF,0.009043751594963869,0
Moon,kapur,7,8,SDE-fixedF,0.0026162830417301363,0
Moon,kapur,7,9,SDE-fixedF,0.005618280169390632,0
Moon,kapur,7,0,SDE-paper,0.00025984519308274264,0
Moon,kapur,7,1,SDE-paper,0.00021605596538184837,0
Moon,kapur,7,2,SDE-paper,0.00014680347633642022,0
Moon,kapur,7,3,SDE-paper,5.791651897573452e-05,0
Moon,kapur,7,4,SDE-paper,0.0002739724843572814,0
Moon,kapur,7,5,SDE-paper,0.0005545774607802892,0
Moon,kapur,7,6,SDE-paper,0.002527396084369149,0
Moon,kapur,7,7,SDE-paper,0.002469479565393716,0
Moon,kapur,7,8,SDE-paper,0.006571161125311574,0
Moon,kapur,7,9,SDE-paper,0.0003453662525465934,0
Moon,kapur,7,0,DE,0.0004904769102578353,0
Moon,kapur,7,1,DE,0.00030838982626834406,0
Moon,kapur,7,2,DE,0.005951544638065939,0
Moon,kapur,7,3,DE,0.0017088146667091277,0
Moon,kapur,7,4,DE,0.0005309214080566427,0
Moon,kapur,7,5,DE,0.0056537799270786095,0
Moon,kapur,7,6,DE,0.006205885026519076,0
Moon,kapur,7,7,DE,0.0058132042467060226,0
Moon,kapur,7,8,DE,0.002527396084369149,0
Moon,kapur,7,9,DE,0.0016459320945499754,0
Moon,kapur,7,0,PSO,0.001973918404611169,0
Moon,kapur,7,1,PSO,0.0014473067548775075,0
Moon,kapur,7,2,PSO,0.00372093117503231,0
Moon,kapur,7,3,PSO,0.00435810832217924,0
Moon,kapur,7,4,PSO,0.007899331260128685,0
Moon,kapur,7,5,PSO,0.004420837172288826,0
Moon,kapur,7,6,PSO,0.007583783723804505,0
Moon,kapur,7,7,PSO,0.008486892761447049,0
Moon,kapur,7,8,PSO,0.0033448053682620504,0
Moon,kapur,7,9,PSO,0.004613862639332979,0
Moon,kapur,7,0,RM-MDE,0.00025984519308274264,0
Moon,kapur,7,1,RM-MDE,0.0,1
Moon,kapur,7,2,RM-MDE,5.791651897573452e-05,0
Moon,kapur,7,3,RM-MDE,0.0,1
Moon,kapur,7,4,RM-MDE,0.0,1
Moon,kapur,7,5,RM-MDE,0.0,1
Moon,kapur,7,6,RM-MDE,0.0,1
Moon,kapur,7,7,RM-MDE,0.0,1
Moon,kapur,7,8,RM-MDE,0.0,1
Moon,kapur,7,9,RM-MDE,5.791651897573452e-05,0
Moon,kapur,8,0,SDE-current,0.0025308912193907898,0
Moon,kapur,8,1,SDE-current,0.003916500025316951,0
Moon,kapur,8,2,SDE-current,0.0023919067769945512,0
Moon,kapur,8,3,SDE-current,0.002352789458327032,0
Moon,kapur,8,4,SDE-current,0.009298329986569707,0
Moon,kapur,8,5,SDE-current,0.00022692908332505045,0
Moon,kapur,8,6,SDE-current,0.009859752938074208,0
Moon,kapur,8,7,SDE-current,0.0005361101275908609,0
Moon,kapur,8,8,SDE-current,0.0007764957440018277,0
Moon,kapur,8,9,SDE-current,0.0005986708410883263,0
Moon,kapur,8,0,SDE-fixedF,0.0032906337682346463,0
Moon,kapur,8,1,SDE-fixedF,0.0010279339573287642,0
Moon,kapur,8,2,SDE-fixedF,0.000513644506299165,0
Moon,kapur,8,3,SDE-fixedF,0.001095097543236257,0
Moon,kapur,8,4,SDE-fixedF,0.001554297525010908,0
Moon,kapur,8,5,SDE-fixedF,0.001589740176853889,0
Moon,kapur,8,6,SDE-fixedF,0.0008344688841716328,0
Moon,kapur,8,7,SDE-fixedF,0.0006775426903142287,0
Moon,kapur,8,8,SDE-fixedF,0.004730560925967625,0
Moon,kapur,8,9,SDE-fixedF,0.0005361101275908609,0
Moon,kapur,8,0,SDE-paper,0.0007301072276983986,0
Moon,kapur,8,1,SDE-paper,0.0,1
Moon,kapur,8,2,SDE-paper,0.00032125773889222966,0
Moon,kapur,8,3,SDE-paper,0.00022692908332505045,0
Moon,kapur,8,4,SDE-paper,5.346932116251497e-05,0
Moon,kapur,8,5,SDE-paper,0.0007525855100122631,0
Moon,kapur,8,6,SDE-paper,0.0017432456884219152,0
Moon,kapur,8,7,SDE-paper,0.0019378947420431803,0
Moon,kapur,8,8,SDE-paper,0.0005006795061296378,0
Moon,kapur,8,9,SDE-paper,0.00010278301680541849,0
Moon,kapur,8,0,DE,0.0005480599245840939,0
Moon,kapur,8,1,DE,0.0008967684609795732,0
Moon,kapur,8,2,DE,0.004294434977146186,0
Moon,kapur,8,3,DE,0.0005671138274614015,0
Moon,kapur,8,4,DE,0.0007798665474661496,0
Moon,kapur,8,5,DE,0.0006421079799624542,0
Moon,kapur,8,6,DE,0.0015138353573841586,0
Moon,kapur,8,7,DE,0.0007716956349345345,0
Moon,kapur,8,8,DE,0.0008210473182513645,0
Moon,kapur,8,9,DE,0.0026293275459081016,0
Moon,kapur,8,0,PSO,0.001358631504230792,0
Moon,kapur,8,1,PSO,0.0035356051176219723,0
Moon,kapur,8,2,PSO,0.009063246774794335,0
Moon,kapur,8,3,PSO,0.005806914816129211,0
Moon,kapur,8,4,PSO,0.005550536566947371,0
Moon,kapur,8,5,PSO,0.005854529372379331,0
Moon,kapur,8,6,PSO,0.0012345861550316867,0
Moon,kapur,8,7,PSO,0.0015206126511828582,0
Moon,kapur,8,8,PSO,0.002099625759989686,0
Moon,kapur,8,9,PSO,0.005406698253672424,0
Moon,kapur,8,0,RM-MDE,0.00022692908332505045,0
Moon,kapur,8,1,RM-MDE,0.0,1
Moon,kapur,8,2,RM-MDE,5.346932116251497e-05,0
Moon,kapur,8,3,RM-MDE,0.0,1
Moon,kapur,8,4,RM-MDE,0.0,1
Moon,kapur,8,5,RM-MDE,0.0,1
Moon,kapur,8,6,RM-MDE,0.0,1
Moon,kapur,8,7,RM-MDE,0.0,1
Moon,kapur,8,8,RM-MDE,0.0,1
Moon,kapur,8,9,RM-MDE,5.346932116251497e-05,0
Moon,mcet,6,0,SDE-current,4.426820911259096e-06,0
Moon,mcet,6,1,SDE-current,6.746494704993295e-06,0
Moon,mcet,6,2,SDE-current,1.7469368472523395e-06,0
Moon,mcet,6,3,SDE-current,3.0082153338977794e-06,0
Moon,mcet,6,4,SDE-current,1.0450335360420997e-05,0
Moon,mcet,6,5,SDE-current,3.854419781073896e-06,0
Moon,mcet,6,6,SDE-current,2.620985720377991e-08,0
Moon,mcet,6,7,SDE-current,1.1321155537885925e-05,0
Moon,mcet,6,8,SDE-current,3.777744420741954e-06,0
Moon,mcet,6,9,SDE-current,1.1030508476851005e-06,0
Moon,mcet,6,0,SDE-fixedF,9.416881188924695e-07,0
Moon,mcet,6,1,SDE-fixedF,7.267356700490286e-06,0
Moon,mcet,6,2,SDE-fixedF,7.1679667125074695e-06,0
Moon,mcet,6,3,SDE-fixedF,9.198823558518379e-06,0
Moon,mcet,6,4,SDE-fixedF,2.1925973177917834e-06,0
Moon,mcet,6,5,SDE-fixedF,9.198823558518379e-06,0
Moon,mcet,6,6,SDE-fixedF,5.026585539623696e-07,0
Moon,mcet,6,7,SDE-fixedF,7.960612898935907e-06,0
Moon,mcet,6,8,SDE-fixedF,0.0,1
Moon,mcet,6,9,SDE-fixedF,1.3115154480418393e-07,0
Moon,mcet,6,0,SDE-paper,8.415250712312566e-06,0
Moon,mcet,6,1,SDE-paper,3.6830708539554697e-06,0
Moon,mcet,6,2,SDE-paper,0.0,1
Moon,mcet,6,3,SDE-paper,7.786817249114548e-06,0
Moon,mcet,6,4,SDE-paper,7.402310585249188e-06,0
Moon,mcet,6,5,SDE-paper,1.460048483226649e-07,0
Moon,mcet,6,6,SDE-paper,6.099024511056576e-07,0
Moon,mcet,6,7,SDE-paper,9.7349521934902e-06,0
Moon,mcet,6,8,SDE-paper,1.485330330638829e-08,0
Moon,mcet,6,9,SDE-paper,2.620985720377991e-08,0
Moon,mcet,6,0,DE,2.1000467481785506e-07,0
Moon,mcet,6,1,DE,2.849955223973472e-07,0
Moon,mcet,6,2,DE,3.6675699078579455e-07,0
Moon,mcet,6,3,DE,4.5813679421266313e-08,0
Moon,mcet,6,4,DE,4.1063160510168195e-08,0
Moon,mcet,6,5,DE,5.026585539623696e-07,0
Moon,mcet,6,6,DE,8.567781260855792e-08,0
Moon,mcet,6,7,DE,1.906195006331473e-07,0
Moon,mcet,6,8,DE,2.620985720377991e-08,0
Moon,mcet,6,9,DE,1.3115154480418393e-07,0
Moon,mcet,6,0,PSO,9.443144982991823e-07,0
Moon,mcet,6,1,PSO,8.589046361921831e-06,0
Moon,mcet,6,2,PSO,4.876337680462151e-06,0
Moon,mcet,6,3,PSO,7.811542266515621e-06,0
Moon,mcet,6,4,PSO,1.8095781207089709e-06,0
Moon,mcet,6,5,PSO,1.807662244968028e-06,0
Moon,mcet,6,6,PSO,8.008695097615314e-06,0
Moon,mcet,6,7,PSO,2.572061491731285e-06,0
Moon,mcet,6,8,PSO,4.200741225257862e-06,0
Moon,mcet,6,9,PSO,7.818258906345953e-06,0
Moon,mcet,6,0,RM-MDE,0.0,1
Moon,mcet,6,1,RM-MDE,0.0,1
Moon,mcet,6,2,RM-MDE,0.0,1
Moon,mcet,6,3,RM-MDE,0.0,1
Moon,mcet,6,4,RM-MDE,0.0,1
Moon,mcet,6,5,RM-MDE,0.0,1
Moon,mcet,6,6,RM-MDE,2.620985720377991e-08,0
Moon,mcet,6,7,RM-MDE,0.0,1
Moon,mcet,6,8,RM-MDE,0.0,1
Moon,mcet,6,9,RM-MDE,0.0,1
Moon,mcet,7,0,SDE-current,7.934643045469435e-06,0
Moon,mcet,7,1,SDE-current,5.36612333561959e-06,0
Moon,mcet,7,2,SDE-current,4.706027511772519e-06,0
Moon,mcet,7,3,SDE-current,3.1716481148788493e-06,0
Moon,mcet,7,4,SDE-current,1.5102548912851398e-05,0
Moon,mcet,7,5,SDE-current,3.982515746729722e-05,0
Moon,mcet,7,6,SDE-current,3.1630299010725932e-06,0
Moon,mcet,7,7,SDE-current,4.862083821773623e-06,0
Moon,mcet,7,8,SDE-current,4.914507845610622e-06,0
Moon,mcet,7,9,SDE-current,2.3775775484649506e-05,0
Moon,mcet,7,0,SDE-fixedF,0.0,1
Moon,mcet,7,1,SDE-fixedF,3.6161301271876327e-06,0
Moon,mcet,7,2,SDE-fixedF,3.7906026539209374e-06,0
Moon,mcet,7,3,SDE-fixedF,3.431004307520523e-06,0
Moon,mcet,7,4,SDE-fixedF,3.6161301271876327e-06,0
Moon,mcet,7,5,SDE-fixedF,1.5816945926611159e-06,0
Moon,mcet,7,6,SDE-fixedF,2.9250483526194687e-06,0
Moon,mcet,7,7,SDE-fixedF,7.827726210074048e-08,0
Moon,mcet,7,8,SDE-fixedF,3.431004307520523e-06,0
Moon,mcet,7,9,SDE-fixedF,4.751091287399879e-06,0
Moon,mcet,7,0,SDE-paper,2.9250483526194687e-06,0
Moon,mcet,7,1,SDE-paper,3.2248454321699454e-06,0
Moon,mcet,7,2,SDE-paper,2.368984633526865e-07,0
Moon,mcet,7,3,SDE-paper,2.9118170664535477e-06,0
Moon,mcet,7,4,SDE-paper,3.495656769942942e-06,0
Moon,mcet,7,5,SDE-paper,7.855824444420172e-06,0
Moon,mcet,7,6,SDE-paper,3.7675279031152007e-06,0
Moon,mcet,7,7,SDE-paper,4.111296984490189e-06,0
Moon,mcet,7,8,SDE-paper,2.210802773560074e-06,0
Moon,mcet,7,9,SDE-paper,1.2556760849317907e-07,0
Moon,mcet,7,0,DE,3.1600987081002968e-06,0
Moon,mcet,7,1,DE,3.75149860726983e-06,0
Moon,mcet,7,2,DE,4.02558638647279e-06,0
Moon,mcet,7,3,DE,5.07265091966626e-07,0
Moon,mcet,7,4,DE,2.9054435745036395e-06,0
Moon,mcet,7,5,DE,3.117179079544859e-06,0
Moon,mcet,7,6,DE,3.705909578076335e-06,0
Moon,mcet,7,7,DE,5.428225001330712e-07,0
Moon,mcet,7,8,DE,1.443267553808091e-06,0
Moon,mcet,7,9,DE,8.105674428028501e-06,0
Moon,mcet,7,0,PSO,6.677194933317747e-06,0
Moon,mcet,7,1,PSO,5.334266361357432e-06,0
Moon,mcet,7,2,PSO,4.217104221178343e-06,0
Moon,mcet,7,3,PSO,3.6668375530941748e-06,0
Moon,mcet,7,4,PSO,5.635493580370647e-06,0
Moon,mcet,7,5,PSO,4.067467871396908e-06,0
Moon,mcet,7,6,PSO,9.148696275198323e-06,0
Moon,mcet,7,7,PSO,3.866206490856747e-06,0
Moon,mcet,7,8,PSO,5.291630439889701e-06,0
Moon,mcet,7,9,PSO,1.5508144471672046e-07,0
Moon,mcet,7,0,RM-MDE,0.0,1
Moon,mcet,7,1,RM-MDE,0.0,1
Moon,mcet,7,2,RM-MDE,0.0,1
Moon,mcet,7,3,RM-MDE,0.0,1
Moon,mcet,7,4,RM-MDE,1.5658560957833356e-06,0
Moon,mcet,7,5,RM-MDE,0.0,1
Moon,mcet,7,6,RM-MDE,2.8988394310990157e-06,0
Moon,mcet,7,7,RM-MDE,0.0,1
Moon,mcet,7,8,RM-MDE,0.0,1
Moon,mcet,7,9,RM-MDE,0.0,1
Moon,mcet,8,0,SDE-current,9.828455881066827e-06,0
Moon,mcet,8,1,SDE-current,2.1024405722324305e-05,0
Moon,mcet,8,2,SDE-current,1.2587810466709754e-05,0
Moon,mcet,8,3,SDE-current,4.890265797991529e-07,0
Moon,mcet,8,4,SDE-current,7.0141264739182965e-06,0
Moon,mcet,8,5,SDE-current,2.8523783685353535e-06,0
Moon,mcet,8,6,SDE-current,1.3830591624458106e-06,0
Moon,mcet,8,7,SDE-current,4.237126018939246e-06,0
Moon,mcet,8,8,SDE-current,1.1331569881320228e-05,0
Moon,mcet,8,9,SDE-current,2.3428771771392318e-05,0
Moon,mcet,8,0,SDE-fixedF,3.6135308157269417e-07,0
Moon,mcet,8,1,SDE-fixedF,4.167739577397398e-06,0
Moon,mcet,8,2,SDE-fixedF,3.6135308157269417e-07,0
Moon,mcet,8,3,SDE-fixedF,3.70272779113823e-08,0
Moon,mcet,8,4,SDE-fixedF,0.0,1
Moon,mcet,8,5,SDE-fixedF,3.70272779113823e-08,0
Moon,mcet,8,6,SDE-fixedF,9.817759174059664e-07,0
Moon,mcet,8,7,SDE-fixedF,6.645795301679864e-07,0
Moon,mcet,8,8,SDE-fixedF,1.0035224424430406e-05,0
Moon,mcet,8,9,SDE-fixedF,0.0,1
Moon,mcet,8,0,SDE-paper,0.0,1
Moon,mcet,8,1,SDE-paper,5.9269653744830164e-06,0
Moon,mcet,8,2,SDE-paper,3.70272779113823e-08,0
Moon,mcet,8,3,SDE-paper,4.854820523068929e-06,0
Moon,mcet,8,4,SDE-paper,5.238815012010983e-06,0
Moon,mcet,8,5,SDE-paper,6.800960303241299e-07,0
Moon,mcet,8,6,SDE-paper,2.2669447496511005e-06,0
Moon,mcet,8,7,SDE-paper,0.0,1
Moon,mcet,8,8,SDE-paper,5.281072377291607e-07,0
Moon,mcet,8,9,SDE-paper,7.832873738966078e-07,0
Moon,mcet,8,0,DE,3.70272779113823e-08,0
Moon,mcet,8,1,DE,3.4368044731115543e-08,0
Moon,mcet,8,2,DE,3.8680516112975907e-07,0
Moon,mcet,8,3,DE,3.6135308157269417e-07,0
Moon,mcet,8,4,DE,5.287401866584599e-07,0
Moon,mcet,8,5,DE,4.983707407279291e-07,0
Moon,mcet,8,6,DE,3.530255988579566e-07,0
Moon,mcet,8,7,DE,7.192800493091771e-07,0
Moon,mcet,8,8,DE,3.148591473315165e-07,0
Moon,mcet,8,9,DE,8.926938977978791e-06,0
Moon,mcet,8,0,PSO,2.0974893891583784e-06,0
Moon,mcet,8,1,PSO,4.385133004249955e-06,0
Moon,mcet,8,2,PSO,3.4518029317877333e-06,0
Moon,mcet,8,3,PSO,7.754687993375482e-06,0
Moon,mcet,8,4,PSO,1.1939568607717687e-05,0
Moon,mcet,8,5,PSO,3.965968982549708e-06,0
Moon,mcet,8,6,PSO,6.7005720210003785e-06,0
Moon,mcet,8,7,PSO,1.1690071991999185e-06,0
Moon,mcet,8,8,PSO,1.1149941534227466e-05,0
Moon,mcet,8,9,PSO,7.687922984378886e-06,0
Moon,mcet,8,0,RM-MDE,0.0,1
Moon,mcet,8,1,RM-MDE,0.0,1
Moon,mcet,8,2,RM-MDE,0.0,1
Moon,mcet,8,3,RM-MDE,0.0,1
Moon,mcet,8,4,RM-MDE,0.0,1
Moon,mcet,8,5,RM-MDE,0.0,1
Moon,mcet,8,6,RM-MDE,0.0,1
Moon,mcet,8,7,RM-MDE,0.0,1
Moon,mcet,8,8,RM-MDE,0.0,1
Moon,mcet,8,9,RM-MDE,0.0,1
Astronaut,otsu,6,0,SDE-current,2.4722986799911127e-07,0
Astronaut,otsu,6,1,SDE-current,0.00010862995059767277,0
Astronaut,otsu,6,2,SDE-current,9.822958517747551e-06,0
Astronaut,otsu,6,3,SDE-current,8.033378837997277e-05,0
Astronaut,otsu,6,4,SDE-current,9.52866003033682e-05,0
Astronaut,otsu,6,5,SDE-current,9.87403126833276e-05,0
Astronaut,otsu,6,6,SDE-current,9.000378290089526e-06,0
Astronaut,otsu,6,7,SDE-current,6.93048760989412e-05,0
Astronaut,otsu,6,8,SDE-current,4.6120793989163536e-06,0
Astronaut,otsu,6,9,SDE-current,2.8082412684967766e-06,0
Astronaut,otsu,6,0,SDE-fixedF,0.0,1
Astronaut,otsu,6,1,SDE-fixedF,0.0,1
Astronaut,otsu,6,2,SDE-fixedF,2.8082412684967766e-06,0
Astronaut,otsu,6,3,SDE-fixedF,4.554935361364067e-06,0
Astronaut,otsu,6,4,SDE-fixedF,0.0,1
Astronaut,otsu,6,5,SDE-fixedF,0.0,1
Astronaut,otsu,6,6,SDE-fixedF,1.2236556621652148e-06,0
Astronaut,otsu,6,7,SDE-fixedF,2.8082412684967766e-06,0
Astronaut,otsu,6,8,SDE-fixedF,0.0,1
Astronaut,otsu,6,9,SDE-fixedF,1.2236556621652148e-06,0
Astronaut,otsu,6,0,SDE-paper,9.47322852154425e-08,0
Astronaut,otsu,6,1,SDE-paper,0.0,1
Astronaut,otsu,6,2,SDE-paper,0.0,1
Astronaut,otsu,6,3,SDE-paper,9.52866003033682e-05,0
Astronaut,otsu,6,4,SDE-paper,2.4722986799911127e-07,0
Astronaut,otsu,6,5,SDE-paper,8.148960754175621e-05,0
Astronaut,otsu,6,6,SDE-paper,3.369682078153409e-06,0
Astronaut,otsu,6,7,SDE-paper,2.8769215859681906e-06,0
Astronaut,otsu,6,8,SDE-paper,7.034570836498507e-05,0
Astronaut,otsu,6,9,SDE-paper,0.0,1
Astronaut,otsu,6,0,DE,3.47842619383725e-07,0
Astronaut,otsu,6,1,DE,0.0,1
Astronaut,otsu,6,2,DE,0.0,1
Astronaut,otsu,6,3,DE,0.0,1
Astronaut,otsu,6,4,DE,0.0,1
Astronaut,otsu,6,5,DE,0.0,1
Astronaut,otsu,6,6,DE,0.0,1
Astronaut,otsu,6,7,DE,0.0,1
Astronaut,otsu,6,8,DE,0.0,1
Astronaut,otsu,6,9,DE,9.47322852154425e-08,0
Astronaut,otsu,6,0,PSO,2.466052982928159e-06,0
Astronaut,otsu,6,1,PSO,4.65956218064173e-05,0
Astronaut,otsu,6,2,PSO,3.986968931171002e-05,0
Astronaut,otsu,6,3,PSO,3.896974137717227e-06,0
Astronaut,otsu,6,4,PSO,9.51222270003939e-06,0
Astronaut,otsu,6,5,PSO,5.708223639118131e-06,0
Astronaut,otsu,6,6,PSO,2.817010315232335e-05,0
Astronaut,otsu,6,7,PSO,5.219775988131504e-06,0
Astronaut,otsu,6,8,PSO,2.8382532129575014e-06,0
Astronaut,otsu,6,9,PSO,4.608083280094702e-06,0
Astronaut,otsu,6,0,RM-MDE,0.0,1
Astronaut,otsu,6,1,RM-MDE,9.47322852154425e-08,0
Astronaut,otsu,6,2,RM-MDE,0.0,1
Astronaut,otsu,6,3,RM-MDE,0.0,1
Astronaut,otsu,6,4,RM-MDE,0.0,1
Astronaut,otsu,6,5,RM-MDE,0.0,1
Astronaut,otsu,6,6,RM-MDE,0.0,1
Astronaut,otsu,6,7,RM-MDE,0.0,1
Astronaut,otsu,6,8,RM-MDE,0.0,1
Astronaut,otsu,6,9,RM-MDE,0.0,1
Astronaut,otsu,7,0,SDE-current,2.643106672087154e-05,0
Astronaut,otsu,7,1,SDE-current,0.0003460657097431453,0
Astronaut,otsu,7,2,SDE-current,2.1708553937627748e-05,0
Astronaut,otsu,7,3,SDE-current,0.00032801366042993,0
Astronaut,otsu,7,4,SDE-current,2.1984331218281285e-05,0
Astronaut,otsu,7,5,SDE-current,2.31796127729565e-06,0
Astronaut,otsu,7,6,SDE-current,1.785600459648353e-05,0
Astronaut,otsu,7,7,SDE-current,7.204549368617144e-05,0
Astronaut,otsu,7,8,SDE-current,0.0001856005584746133,0
Astronaut,otsu,7,9,SDE-current,4.8937780405714283e-05,0
Astronaut,otsu,7,0,SDE-fixedF,5.151207084998267e-06,0
Astronaut,otsu,7,1,SDE-fixedF,3.592568312272604e-05,0
Astronaut,otsu,7,2,SDE-fixedF,2.2925321763685332e-05,0
Astronaut,otsu,7,3,SDE-fixedF,2.31796127729565e-06,0
Astronaut,otsu,7,4,SDE-fixedF,4.9637860909772795e-06,0
Astronaut,otsu,7,5,SDE-fixedF,2.7427511356696062e-05,0
Astronaut,otsu,7,6,SDE-fixedF,0.0,1
Astronaut,otsu,7,7,SDE-fixedF,2.927161592944228e-06,0
Astronaut,otsu,7,8,SDE-fixedF,0.0,1
Astronaut,otsu,7,9,SDE-fixedF,3.5445039622267332e-06,0
Astronaut,otsu,7,0,SDE-paper,0.0,1
Astronaut,otsu,7,1,SDE-paper,3.148794977986003e-06,0
Astronaut,otsu,7,2,SDE-paper,0.0,1
Astronaut,otsu,7,3,SDE-paper,0.0,1
Astronaut,otsu,7,4,SDE-paper,2.927161592944228e-06,0
Astronaut,otsu,7,5,SDE-paper,0.0,1
Astronaut,otsu,7,6,SDE-paper,3.904915753348913e-06,0
Astronaut,otsu,7,7,SDE-paper,3.534416726356241e-06,0
Astronaut,otsu,7,8,SDE-paper,3.148794977986003e-06,0
Astronaut,otsu,7,9,SDE-paper,1.7598058081901635e-06,0
Astronaut,otsu,7,0,DE,0.0,1
Astronaut,otsu,7,1,DE,0.0,1
Astronaut,otsu,7,2,DE,0.0,1
Astronaut,otsu,7,3,DE,3.766137347268508e-06,0
Astronaut,otsu,7,4,DE,5.867960424094408e-06,0
Astronaut,otsu,7,5,DE,3.2482973013530236e-06,0
Astronaut,otsu,7,6,DE,0.0,1
Astronaut,otsu,7,7,DE,2.31796127729565e-06,0
Astronaut,otsu,7,8,DE,2.4430726060796167e-05,0
Astronaut,otsu,7,9,DE,4.813396129100639e-06,0
Astronaut,otsu,7,0,PSO,1.3084184100978845e-05,0
Astronaut,otsu,7,1,PSO,8.896082602278046e-06,0
Astronaut,otsu,7,2,PSO,2.6889925244554702e-05,0
Astronaut,otsu,7,3,PSO,9.022318821388915e-07,0
Astronaut,otsu,7,4,PSO,2.0640156276208763e-05,0
Astronaut,otsu,7,5,PSO,6.052074253365475e-06,0
Astronaut,otsu,7,6,PSO,1.0238506742587068e-05,0
Astronaut,otsu,7,7,PSO,1.3370101810982031e-05,0
Astronaut,otsu,7,8,PSO,4.577903235253113e-06,0
Astronaut,otsu,7,9,PSO,9.630817467683729e-06,0
Astronaut,otsu,7,0,RM-MDE,0.0,1
Astronaut,otsu,7,1,RM-MDE,0.0,1
Astronaut,otsu,7,2,RM-MDE,0.0,1
Astronaut,otsu,7,3,RM-MDE,0.0,1
Astronaut,otsu,7,4,RM-MDE,0.0,1
Astronaut,otsu,7,5,RM-MDE,0.0,1
Astronaut,otsu,7,6,RM-MDE,0.0,1
Astronaut,otsu,7,7,RM-MDE,0.0,1
Astronaut,otsu,7,8,RM-MDE,0.0,1
Astronaut,otsu,7,9,RM-MDE,0.0,1
Astronaut,otsu,8,0,SDE-current,6.837527099686051e-05,0
Astronaut,otsu,8,1,SDE-current,3.960998676920746e-05,0
Astronaut,otsu,8,2,SDE-current,4.605695916698482e-05,0
Astronaut,otsu,8,3,SDE-current,2.2348202542856544e-05,0
Astronaut,otsu,8,4,SDE-current,1.0038900826186678e-05,0
Astronaut,otsu,8,5,SDE-current,7.285317580973041e-05,0
Astronaut,otsu,8,6,SDE-current,9.056259507222979e-05,0
Astronaut,otsu,8,7,SDE-current,7.053130641714241e-07,0
Astronaut,otsu,8,8,SDE-current,5.473376129902174e-05,0
Astronaut,otsu,8,9,SDE-current,5.166893234257652e-06,0
Astronaut,otsu,8,0,SDE-fixedF,2.919115523155506e-05,0
Astronaut,otsu,8,1,SDE-fixedF,2.919115523155506e-05,0
Astronaut,otsu,8,2,SDE-fixedF,3.164676468280672e-05,0
Astronaut,otsu,8,3,SDE-fixedF,2.9939745969072462e-05,0
Astronaut,otsu,8,4,SDE-fixedF,1.723879828214535e-05,0
Astronaut,otsu,8,5,SDE-fixedF,4.312202749394296e-05,0
Astronaut,otsu,8,6,SDE-fixedF,5.886268059243507e-06,0
Astronaut,otsu,8,7,SDE-fixedF,6.891484855010373e-06,0
Astronaut,otsu,8,8,SDE-fixedF,1.0131460758454016e-05,0
Astronaut,otsu,8,9,SDE-fixedF,6.891484855010373e-06,0
Astronaut,otsu,8,0,SDE-paper,1.865907642371787e-05,0
Astronaut,otsu,8,1,SDE-paper,2.8920747373691777e-05,0
Astronaut,otsu,8,2,SDE-paper,2.7893413375320833e-05,0
Astronaut,otsu,8,3,SDE-paper,2.930186276139932e-05,0
Astronaut,otsu,8,4,SDE-paper,1.802921424189022e-07,0
Astronaut,otsu,8,5,SDE-paper,3.171398179816133e-05,0
Astronaut,otsu,8,6,SDE-paper,2.804951416533944e-05,0
Astronaut,otsu,8,7,SDE-paper,3.323785632557901e-05,0
Astronaut,otsu,8,8,SDE-paper,5.039164712228908e-08,0
Astronaut,otsu,8,9,SDE-paper,1.985959769207639e-05,0
Astronaut,otsu,8,0,DE,1.3980554639369416e-05,0
Astronaut,otsu,8,1,DE,1.802921424189022e-07,0
Astronaut,otsu,8,2,DE,5.037195012322183e-06,0
Astronaut,otsu,8,3,DE,2.8601076703435808e-05,0
Astronaut,otsu,8,4,DE,0.0,1
Astronaut,otsu,8,5,DE,8.375518021743606e-06,0
Astronaut,otsu,8,6,DE,4.533198847327159e-05,0
Astronaut,otsu,8,7,DE,7.577925918452737e-06,0
Astronaut,otsu,8,8,DE,1.725360006873398e-06,0
Astronaut,otsu,8,9,DE,0.0,1
Astronaut,otsu,8,0,PSO,7.057705324430611e-05,0
Astronaut,otsu,8,1,PSO,1.202567325642568e-05,0
Astronaut,otsu,8,2,PSO,3.409482565413222e-05,0
Astronaut,otsu,8,3,PSO,1.1386247440806774e-05,0
Astronaut,otsu,8,4,PSO,3.819530791991018e-05,0
Astronaut,otsu,8,5,PSO,1.6273774002091906e-05,0
Astronaut,otsu,8,6,PSO,3.9113247757359316e-05,0
Astronaut,otsu,8,7,PSO,4.4851531881169324e-05,0
Astronaut,otsu,8,8,PSO,3.96341640478503e-05,0
Astronaut,otsu,8,9,PSO,3.039255082515628e-05,0
Astronaut,otsu,8,0,RM-MDE,0.0,1
Astronaut,otsu,8,1,RM-MDE,2.7893413375320833e-05,0
Astronaut,otsu,8,2,RM-MDE,0.0,1
Astronaut,otsu,8,3,RM-MDE,0.0,1
Astronaut,otsu,8,4,RM-MDE,0.0,1
Astronaut,otsu,8,5,RM-MDE,0.0,1
Astronaut,otsu,8,6,RM-MDE,0.0,1
Astronaut,otsu,8,7,RM-MDE,0.0,1
Astronaut,otsu,8,8,RM-MDE,0.0,1
Astronaut,otsu,8,9,RM-MDE,0.0,1
Astronaut,kapur,6,0,SDE-current,0.00032737833218861334,0
Astronaut,kapur,6,1,SDE-current,0.0006486133540992961,0
Astronaut,kapur,6,2,SDE-current,1.305939405231314e-05,0
Astronaut,kapur,6,3,SDE-current,0.0005617194120432901,0
Astronaut,kapur,6,4,SDE-current,0.0019097159359495522,0
Astronaut,kapur,6,5,SDE-current,6.62146186506033e-05,0
Astronaut,kapur,6,6,SDE-current,0.00011155617624107904,0
Astronaut,kapur,6,7,SDE-current,0.00024277470165385626,0
Astronaut,kapur,6,8,SDE-current,2.854397988120339e-05,0
Astronaut,kapur,6,9,SDE-current,7.171658025869606e-05,0
Astronaut,kapur,6,0,SDE-fixedF,0.0015055419751826944,0
Astronaut,kapur,6,1,SDE-fixedF,0.0,1
Astronaut,kapur,6,2,SDE-fixedF,7.028739681604787e-06,0
Astronaut,kapur,6,3,SDE-fixedF,3.816686458004534e-05,0
Astronaut,kapur,6,4,SDE-fixedF,1.305939405231314e-05,0
Astronaut,kapur,6,5,SDE-fixedF,3.816686458004534e-05,0
Astronaut,kapur,6,6,SDE-fixedF,5.576497521677689e-05,0
Astronaut,kapur,6,7,SDE-fixedF,2.854397988120339e-05,0
Astronaut,kapur,6,8,SDE-fixedF,7.171658025869606e-05,0
Astronaut,kapur,6,9,SDE-fixedF,0.00022639983985534818,0
Astronaut,kapur,6,0,SDE-paper,2.854397988120339e-05,0
Astronaut,kapur,6,1,SDE-paper,3.557271956280817e-05,0
Astronaut,kapur,6,2,SDE-paper,0.0,1
Astronaut,kapur,6,3,SDE-paper,0.0,1
Astronaut,kapur,6,4,SDE-paper,4.337828961960825e-05,0
Astronaut,kapur,6,5,SDE-paper,6.62146186506033e-05,0
Astronaut,kapur,6,6,SDE-paper,7.028739681604787e-06,0
Astronaut,kapur,6,7,SDE-paper,0.0,1
Astronaut,kapur,6,8,SDE-paper,0.0,1
Astronaut,kapur,6,9,SDE-paper,0.00025220565070299304,0
Astronaut,kapur,6,0,DE,3.816686458004534e-05,0
Astronaut,kapur,6,1,DE,1.305939405231314e-05,0
Astronaut,kapur,6,2,DE,7.028739681604787e-06,0
Astronaut,kapur,6,3,DE,4.765348423233185e-05,0
Astronaut,kapur,6,4,DE,6.895720944174171e-05,0
Astronaut,kapur,6,5,DE,6.62146186506033e-05,0
Astronaut,kapur,6,6,DE,7.028739681604787e-06,0
Astronaut,kapur,6,7,DE,0.0,1
Astronaut,kapur,6,8,DE,0.0,1
Astronaut,kapur,6,9,DE,0.0,1
Astronaut,kapur,6,0,PSO,0.00014833899716644845,0
Astronaut,kapur,6,1,PSO,0.0002128349937498166,0
Astronaut,kapur,6,2,PSO,0.00035772031389250965,0
Astronaut,kapur,6,3,PSO,6.846970994648781e-05,0
Astronaut,kapur,6,4,PSO,9.473594424055312e-05,0
Astronaut,kapur,6,5,PSO,0.00016960624218739936,0
Astronaut,kapur,6,6,PSO,0.00010377555127777381,0
Astronaut,kapur,6,7,PSO,8.370071230158493e-05,0
Astronaut,kapur,6,8,PSO,0.00014576428335316468,0
Astronaut,kapur,6,9,PSO,0.00034174339301588425,0
Astronaut,kapur,6,0,RM-MDE,0.0,1
Astronaut,kapur,6,1,RM-MDE,0.0,1
Astronaut,kapur,6,2,RM-MDE,0.0,1
Astronaut,kapur,6,3,RM-MDE,0.0,1
Astronaut,kapur,6,4,RM-MDE,0.0,1
Astronaut,kapur,6,5,RM-MDE,0.0,1
Astronaut,kapur,6,6,RM-MDE,0.0,1
Astronaut,kapur,6,7,RM-MDE,0.0,1
Astronaut,kapur,6,8,RM-MDE,0.0,1
Astronaut,kapur,6,9,RM-MDE,0.0,1
Astronaut,kapur,7,0,SDE-current,0.001769134159643244,0
Astronaut,kapur,7,1,SDE-current,0.000415029884749381,0
Astronaut,kapur,7,2,SDE-current,0.0006022418511265352,0
Astronaut,kapur,7,3,SDE-current,0.001080407509478881,0
Astronaut,kapur,7,4,SDE-current,0.006298329801717962,0
Astronaut,kapur,7,5,SDE-current,0.0014327513664027347,0
Astronaut,kapur,7,6,SDE-current,5.114839761187006e-05,0
Astronaut,kapur,7,7,SDE-current,0.0036345397672133627,0
Astronaut,kapur,7,8,SDE-current,0.0006321430468807814,0
Astronaut,kapur,7,9,SDE-current,0.0010442590272982952,0
Astronaut,kapur,7,0,SDE-fixedF,3.4791870904541385e-06,0
Astronaut,kapur,7,1,SDE-fixedF,0.00012328108001230683,0
Astronaut,kapur,7,2,SDE-fixedF,0.0003413466052741571,0
Astronaut,kapur,7,3,SDE-fixedF,0.0003319235451942519,0
Astronaut,kapur,7,4,SDE-fixedF,0.0006271765721214361,0
Astronaut,kapur,7,5,SDE-fixedF,7.375434467183548e-05,0
Astronaut,kapur,7,6,SDE-fixedF,2.5794958947806867e-05,0
Astronaut,kapur,7,7,SDE-fixedF,9.04908790013493e-05,0
Astronaut,kapur,7,8,SDE-fixedF,2.9538173632403432e-05,0
Astronaut,kapur,7,9,SDE-fixedF,5.2908532585365196e-05,0
Astronaut,kapur,7,0,SDE-paper,0.00019362174253183742,0
Astronaut,kapur,7,1,SDE-paper,2.1215034556895966e-05,0
Astronaut,kapur,7,2,SDE-paper,0.000248012305459045,0
Astronaut,kapur,7,3,SDE-paper,2.9946843607848726e-05,0
Astronaut,kapur,7,4,SDE-paper,0.0,1
Astronaut,kapur,7,5,SDE-paper,8.73180905095276e-06,0
Astronaut,kapur,7,6,SDE-paper,3.4791870904541385e-06,0
Astronaut,kapur,7,7,SDE-paper,0.0017401304955548395,0
Astronaut,kapur,7,8,SDE-paper,2.4898002200148085e-05,0
Astronaut,kapur,7,9,SDE-paper,3.748327885454688e-05,0
Astronaut,kapur,7,0,DE,0.00023509131503552923,0
Astronaut,kapur,7,1,DE,2.2559413301016612e-05,0
Astronaut,kapur,7,2,DE,8.73180905095276e-06,0
Astronaut,kapur,7,3,DE,3.4791870904541385e-06,0
Astronaut,kapur,7,4,DE,2.4898002200148085e-05,0
Astronaut,kapur,7,5,DE,1.2902247170359337e-05,0
Astronaut,kapur,7,6,DE,8.73180905095276e-06,0
Astronaut,kapur,7,7,DE,1.2902247170359337e-05,0
Astronaut,kapur,7,8,DE,8.73180905095276e-06,0
Astronaut,kapur,7,9,DE,5.2908532585365196e-05,0
Astronaut,kapur,7,0,PSO,0.0008004926363628464,0
Astronaut,kapur,7,1,PSO,0.0005033715149129803,0
Astronaut,kapur,7,2,PSO,0.0025040707043817905,0
Astronaut,kapur,7,3,PSO,8.969567476587809e-07,0
Astronaut,kapur,7,4,PSO,0.0006948035999495322,0
Astronaut,kapur,7,5,PSO,0.0022352525460800055,0
Astronaut,kapur,7,6,PSO,0.00017911102354307932,0
Astronaut,kapur,7,7,PSO,0.00013761233397045986,0
Astronaut,kapur,7,8,PSO,0.0008645916937277645,0
Astronaut,kapur,7,9,PSO,0.0005091483933090586,0
Astronaut,kapur,7,0,RM-MDE,0.0,1
Astronaut,kapur,7,1,RM-MDE,0.0,1
Astronaut,kapur,7,2,RM-MDE,0.0,1
Astronaut,kapur,7,3,RM-MDE,0.0,1
Astronaut,kapur,7,4,RM-MDE,0.0,1
Astronaut,kapur,7,5,RM-MDE,0.0,1
Astronaut,kapur,7,6,RM-MDE,0.0,1
Astronaut,kapur,7,7,RM-MDE,0.0,1
Astronaut,kapur,7,8,RM-MDE,0.0,1
Astronaut,kapur,7,9,RM-MDE,0.0,1
Astronaut,kapur,8,0,SDE-current,0.0043932937460703595,0
Astronaut,kapur,8,1,SDE-current,6.738120311566912e-05,0
Astronaut,kapur,8,2,SDE-current,3.437434195218433e-05,0
Astronaut,kapur,8,3,SDE-current,0.0005331295367494972,0
Astronaut,kapur,8,4,SDE-current,0.004757803666364424,0
Astronaut,kapur,8,5,SDE-current,0.0013198566857450908,0
Astronaut,kapur,8,6,SDE-current,6.553743398759096e-05,0
Astronaut,kapur,8,7,SDE-current,0.0007059388388059415,0
Astronaut,kapur,8,8,SDE-current,0.00521722377893748,0
Astronaut,kapur,8,9,SDE-current,0.005869918550273885,0
Astronaut,kapur,8,0,SDE-fixedF,0.0,1
Astronaut,kapur,8,1,SDE-fixedF,2.9916732894419543e-05,0
Astronaut,kapur,8,2,SDE-fixedF,3.553497455578478e-05,0
Astronaut,kapur,8,3,SDE-fixedF,0.0002821578193222166,0
Astronaut,kapur,8,4,SDE-fixedF,4.776209446876877e-05,0
Astronaut,kapur,8,5,SDE-fixedF,0.0018662801950813795,0
Astronaut,kapur,8,6,SDE-fixedF,1.9422161501770346e-05,0
Astronaut,kapur,8,7,SDE-fixedF,0.0038468275286100153,0
Astronaut,kapur,8,8,SDE-fixedF,0.0,1
Astronaut,kapur,8,9,SDE-fixedF,4.544849433898987e-06,0
Astronaut,kapur,8,0,SDE-paper,0.003659038452258916,0
Astronaut,kapur,8,1,SDE-paper,0.00011762188754080369,0
Astronaut,kapur,8,2,SDE-paper,0.0026150720341811258,0
Astronaut,kapur,8,3,SDE-paper,9.211337255633984e-05,0
Astronaut,kapur,8,4,SDE-paper,0.00190115120641894,0
Astronaut,kapur,8,5,SDE-paper,0.0005876387768708503,0
Astronaut,kapur,8,6,SDE-paper,0.0001466741874969147,0
Astronaut,kapur,8,7,SDE-paper,0.000142569937715551,0
Astronaut,kapur,8,8,SDE-paper,0.00026191206996401586,0
Astronaut,kapur,8,9,SDE-paper,0.0014898221081732404,0
Astronaut,kapur,8,0,DE,7.65262931463692e-05,0
Astronaut,kapur,8,1,DE,0.0001234502276056626,0
Astronaut,kapur,8,2,DE,3.620229036705423e-05,0
Astronaut,kapur,8,3,DE,4.2752028322694816e-05,0
Astronaut,kapur,8,4,DE,0.0014959607462443274,0
Astronaut,kapur,8,5,DE,0.0002227405189750367,0
Astronaut,kapur,8,6,DE,4.220064484067804e-05,0
Astronaut,kapur,8,7,DE,0.0038498066981602513,0
Astronaut,kapur,8,8,DE,0.0009702689588076602,0
Astronaut,kapur,8,9,DE,6.094956467018108e-05,0
Astronaut,kapur,8,0,PSO,0.001683185887838719,0
Astronaut,kapur,8,1,PSO,0.0002483672913849383,0
Astronaut,kapur,8,2,PSO,0.0004131547036836655,0
Astronaut,kapur,8,3,PSO,0.001368385600844415,0
Astronaut,kapur,8,4,PSO,0.00042224734591536953,0
Astronaut,kapur,8,5,PSO,0.0008616713492442019,0
Astronaut,kapur,8,6,PSO,0.0038241921408810444,0
Astronaut,kapur,8,7,PSO,0.004253842471222141,0
Astronaut,kapur,8,8,PSO,0.004455488668465959,0
Astronaut,kapur,8,9,PSO,0.0005646420756781959,0
Astronaut,kapur,8,0,RM-MDE,0.0,1
Astronaut,kapur,8,1,RM-MDE,0.0,1
Astronaut,kapur,8,2,RM-MDE,0.0,1
Astronaut,kapur,8,3,RM-MDE,0.0,1
Astronaut,kapur,8,4,RM-MDE,0.0,1
Astronaut,kapur,8,5,RM-MDE,0.0,1
Astronaut,kapur,8,6,RM-MDE,0.0,1
Astronaut,kapur,8,7,RM-MDE,0.0,1
Astronaut,kapur,8,8,RM-MDE,0.0,1
Astronaut,kapur,8,9,RM-MDE,0.0,1
Astronaut,mcet,6,0,SDE-current,1.506080431128551e-05,0
Astronaut,mcet,6,1,SDE-current,0.00013958804755570049,0
Astronaut,mcet,6,2,SDE-current,0.0001967110329027517,0
Astronaut,mcet,6,3,SDE-current,0.00016709843199729586,0
Astronaut,mcet,6,4,SDE-current,3.375940927908395e-05,0
Astronaut,mcet,6,5,SDE-current,0.00012722075386103224,0
Astronaut,mcet,6,6,SDE-current,3.2554267782990765e-06,0
Astronaut,mcet,6,7,SDE-current,1.3921527147113813e-05,0
Astronaut,mcet,6,8,SDE-current,0.0001538678600523196,0
Astronaut,mcet,6,9,SDE-current,8.05060164911655e-05,0
Astronaut,mcet,6,0,SDE-fixedF,0.0,1
Astronaut,mcet,6,1,SDE-fixedF,6.259088740456976e-08,0
Astronaut,mcet,6,2,SDE-fixedF,4.3565983835549594e-07,0
Astronaut,mcet,6,3,SDE-fixedF,2.9620668490216676e-07,0
Astronaut,mcet,6,4,SDE-fixedF,3.6354385016300135e-07,0
Astronaut,mcet,6,5,SDE-fixedF,9.965714014637417e-07,0
Astronaut,mcet,6,6,SDE-fixedF,1.861307422485713e-06,0
Astronaut,mcet,6,7,SDE-fixedF,1.487273905871037e-06,0
Astronaut,mcet,6,8,SDE-fixedF,7.992036885184973e-07,0
Astronaut,mcet,6,9,SDE-fixedF,4.3565983835549594e-07,0
Astronaut,mcet,6,0,SDE-paper,6.892427421410046e-07,0
Astronaut,mcet,6,1,SDE-paper,9.044531463992356e-05,0
Astronaut,mcet,6,2,SDE-paper,8.85488556686395e-06,0
Astronaut,mcet,6,3,SDE-paper,0.0,1
Astronaut,mcet,6,4,SDE-paper,9.965714014637417e-07,0
Astronaut,mcet,6,5,SDE-paper,0.0,1
Astronaut,mcet,6,6,SDE-paper,1.693525845819173e-06,0
Astronaut,mcet,6,7,SDE-paper,0.00012810241561503726,0
Astronaut,mcet,6,8,SDE-paper,4.074121191011835e-05,0
Astronaut,mcet,6,9,SDE-paper,7.992036885184973e-07,0
Astronaut,mcet,6,0,DE,0.0,1
Astronaut,mcet,6,1,DE,0.0,1
Astronaut,mcet,6,2,DE,1.345190846025801e-07,0
Astronaut,mcet,6,3,DE,2.5977704868551345e-07,0
Astronaut,mcet,6,4,DE,0.0,1
Astronaut,mcet,6,5,DE,0.0,1
Astronaut,mcet,6,6,DE,2.5977704868551345e-07,0
Astronaut,mcet,6,7,DE,4.3565983835549594e-07,0
Astronaut,mcet,6,8,DE,7.318665232576627e-07,0
Astronaut,mcet,6,9,DE,4.3565983835549594e-07,0
Astronaut,mcet,6,0,PSO,2.9986576539738166e-06,0
Astronaut,mcet,6,1,PSO,3.383329831463136e-06,0
Astronaut,mcet,6,2,PSO,2.615067319736787e-05,0
Astronaut,mcet,6,3,PSO,8.09752709440584e-06,0
Astronaut,mcet,6,4,PSO,3.78483436159585e-06,0
Astronaut,mcet,6,5,PSO,9.666497342550803e-06,0
Astronaut,mcet,6,6,PSO,2.5038998009425084e-06,0
Astronaut,mcet,6,7,PSO,3.711383855387931e-06,0
Astronaut,mcet,6,8,PSO,4.109087196661834e-06,0
Astronaut,mcet,6,9,PSO,1.5849883079680616e-06,0
Astronaut,mcet,6,0,RM-MDE,0.0,1
Astronaut,mcet,6,1,RM-MDE,0.0,1
Astronaut,mcet,6,2,RM-MDE,0.0,1
Astronaut,mcet,6,3,RM-MDE,0.0,1
Astronaut,mcet,6,4,RM-MDE,0.0,1
Astronaut,mcet,6,5,RM-MDE,0.0,1
Astronaut,mcet,6,6,RM-MDE,0.0,1
Astronaut,mcet,6,7,RM-MDE,0.0,1
Astronaut,mcet,6,8,RM-MDE,0.0,1
Astronaut,mcet,6,9,RM-MDE,0.0,1
Astronaut,mcet,7,0,SDE-current,0.00024139174912310858,0
Astronaut,mcet,7,1,SDE-current,6.7539398295394806e-06,0
Astronaut,mcet,7,2,SDE-current,2.6099361634351437e-07,0
Astronaut,mcet,7,3,SDE-current,5.6811847429464196e-05,0
Astronaut,mcet,7,4,SDE-current,9.277279231820354e-05,0
Astronaut,mcet,7,5,SDE-current,1.61925305240932e-05,0
Astronaut,mcet,7,6,SDE-current,2.090880638146198e-06,0
Astronaut,mcet,7,7,SDE-current,1.355372256251236e-05,0
Astronaut,mcet,7,8,SDE-current,1.2653146845618053e-05,0
Astronaut,mcet,7,9,SDE-current,9.994869306701413e-06,0
Astronaut,mcet,7,0,SDE-fixedF,7.501669342579899e-06,0
Astronaut,mcet,7,1,SDE-fixedF,0.0,1
Astronaut,mcet,7,2,SDE-fixedF,0.0,1
Astronaut,mcet,7,3,SDE-fixedF,9.58283183555454e-08,0
Astronaut,mcet,7,4,SDE-fixedF,5.346127317265398e-07,0
Astronaut,mcet,7,5,SDE-fixedF,0.0,1
Astronaut,mcet,7,6,SDE-fixedF,0.0,1
Astronaut,mcet,7,7,SDE-fixedF,0.0,1
Astronaut,mcet,7,8,SDE-fixedF,1.7396613416882677e-06,0
Astronaut,mcet,7,9,SDE-fixedF,3.175508261169573e-06,0
Astronaut,mcet,7,0,SDE-paper,3.8097848926538495e-06,0
Astronaut,mcet,7,1,SDE-paper,1.4669004412536058e-06,0
Astronaut,mcet,7,2,SDE-paper,3.946016653407156e-06,0
Astronaut,mcet,7,3,SDE-paper,1.2696759642365855e-05,0
Astronaut,mcet,7,4,SDE-paper,9.58283183555454e-08,0
Astronaut,mcet,7,5,SDE-paper,0.0,1
Astronaut,mcet,7,6,SDE-paper,3.3699483644916735e-05,0
Astronaut,mcet,7,7,SDE-paper,4.796356332924219e-06,0
Astronaut,mcet,7,8,SDE-paper,0.0,1
Astronaut,mcet,7,9,SDE-paper,9.58283183555454e-08,0
Astronaut,mcet,7,0,DE,1.5626605813688992e-07,0
Astronaut,mcet,7,1,DE,5.295048551402696e-06,0
Astronaut,mcet,7,2,DE,4.7417499194519535e-07,0
Astronaut,mcet,7,3,DE,6.955702432362246e-07,0
Astronaut,mcet,7,4,DE,1.5626605813688992e-07,0
Astronaut,mcet,7,5,DE,0.0,1
Astronaut,mcet,7,6,DE,0.0,1
Astronaut,mcet,7,7,DE,1.4469195650390168e-05,0
Astronaut,mcet,7,8,DE,1.5626605813688992e-07,0
Astronaut,mcet,7,9,DE,0.0,1
Astronaut,mcet,7,0,PSO,4.770272529172621e-06,0
Astronaut,mcet,7,1,PSO,1.0421477848055474e-05,0
Astronaut,mcet,7,2,PSO,6.988207363757521e-07,0
Astronaut,mcet,7,3,PSO,1.0595320370458153e-05,0
Astronaut,mcet,7,4,PSO,9.287345153050566e-06,0
Astronaut,mcet,7,5,PSO,2.7819932626133557e-06,0
Astronaut,mcet,7,6,PSO,5.375953602719453e-05,0
Astronaut,mcet,7,7,PSO,3.2567867143533095e-06,0
Astronaut,mcet,7,8,PSO,8.037854969449722e-06,0
Astronaut,mcet,7,9,PSO,1.4049510724757908e-06,0
Astronaut,mcet,7,0,RM-MDE,0.0,1
Astronaut,mcet,7,1,RM-MDE,0.0,1
Astronaut,mcet,7,2,RM-MDE,0.0,1
Astronaut,mcet,7,3,RM-MDE,0.0,1
Astronaut,mcet,7,4,RM-MDE,0.0,1
Astronaut,mcet,7,5,RM-MDE,0.0,1
Astronaut,mcet,7,6,RM-MDE,0.0,1
Astronaut,mcet,7,7,RM-MDE,0.0,1
Astronaut,mcet,7,8,RM-MDE,0.0,1
Astronaut,mcet,7,9,RM-MDE,0.0,1
Astronaut,mcet,8,0,SDE-current,2.1428629522928935e-06,0
Astronaut,mcet,8,1,SDE-current,3.6815849343183654e-05,0
Astronaut,mcet,8,2,SDE-current,1.4142144123919985e-05,0
Astronaut,mcet,8,3,SDE-current,2.651801601169941e-05,0
Astronaut,mcet,8,4,SDE-current,5.542150279231817e-06,0
Astronaut,mcet,8,5,SDE-current,2.2808691328111103e-05,0
Astronaut,mcet,8,6,SDE-current,1.8732633997362963e-05,0
Astronaut,mcet,8,7,SDE-current,1.2389926311780233e-05,0
Astronaut,mcet,8,8,SDE-current,6.029155927754674e-06,0
Astronaut,mcet,8,9,SDE-current,5.663502480370883e-05,0
Astronaut,mcet,8,0,SDE-fixedF,2.014761742372084e-08,0
Astronaut,mcet,8,1,SDE-fixedF,2.3128591412487107e-06,0
Astronaut,mcet,8,2,SDE-fixedF,4.9910241682606724e-06,0
Astronaut,mcet,8,3,SDE-fixedF,8.088987646538334e-06,0
Astronaut,mcet,8,4,SDE-fixedF,4.9910241682606724e-06,0
Astronaut,mcet,8,5,SDE-fixedF,2.513548740211554e-05,0
Astronaut,mcet,8,6,SDE-fixedF,1.878751619483466e-07,0
Astronaut,mcet,8,7,SDE-fixedF,3.841974483425023e-07,0
Astronaut,mcet,8,8,SDE-fixedF,4.183003370170929e-07,0
Astronaut,mcet,8,9,SDE-fixedF,4.9910241682606724e-06,0
Astronaut,mcet,8,0,SDE-paper,5.311389224962754e-06,0
Astronaut,mcet,8,1,SDE-paper,5.844625728332629e-06,0
Astronaut,mcet,8,2,SDE-paper,6.894947892279912e-06,0
Astronaut,mcet,8,3,SDE-paper,2.5022410227370142e-05,0
Astronaut,mcet,8,4,SDE-paper,4.802410405872153e-08,0
Astronaut,mcet,8,5,SDE-paper,5.513661691669891e-06,0
Astronaut,mcet,8,6,SDE-paper,1.1589876922552838e-05,0
Astronaut,mcet,8,7,SDE-paper,5.434387602930876e-06,0
Astronaut,mcet,8,8,SDE-paper,3.2198030646616744e-06,0
Astronaut,mcet,8,9,SDE-paper,6.5483424983994026e-06,0
Astronaut,mcet,8,0,DE,4.3601887424281904e-07,0
Astronaut,mcet,8,1,DE,2.2902509578488473e-08,0
Astronaut,mcet,8,2,DE,3.318736798876801e-06,0
Astronaut,mcet,8,3,DE,6.446500862845878e-06,0
Astronaut,mcet,8,4,DE,1.461263837544655e-06,0
Astronaut,mcet,8,5,DE,4.20441438509371e-08,0
Astronaut,mcet,8,6,DE,2.536834164462354e-07,0
Astronaut,mcet,8,7,DE,5.162404772555978e-06,0
Astronaut,mcet,8,8,DE,4.20441438509371e-08,0
Astronaut,mcet,8,9,DE,4.6349716380725296e-07,0
Astronaut,mcet,8,0,PSO,8.769279034145135e-06,0
Astronaut,mcet,8,1,PSO,1.0897316303411639e-05,0
Astronaut,mcet,8,2,PSO,3.8098937812020387e-07,0
Astronaut,mcet,8,3,PSO,8.02912889235248e-06,0
Astronaut,mcet,8,4,PSO,6.908254778144164e-06,0
Astronaut,mcet,8,5,PSO,7.908008841662121e-06,0
Astronaut,mcet,8,6,PSO,2.3985928799070395e-05,0
Astronaut,mcet,8,7,PSO,6.227420972861785e-06,0
Astronaut,mcet,8,8,PSO,4.093581849809172e-06,0
Astronaut,mcet,8,9,PSO,7.47076322777242e-06,0
Astronaut,mcet,8,0,RM-MDE,0.0,1
Astronaut,mcet,8,1,RM-MDE,0.0,1
Astronaut,mcet,8,2,RM-MDE,0.0,1
Astronaut,mcet,8,3,RM-MDE,0.0,1
Astronaut,mcet,8,4,RM-MDE,0.0,1
Astronaut,mcet,8,5,RM-MDE,0.0,1
Astronaut,mcet,8,6,RM-MDE,0.0,1
Astronaut,mcet,8,7,RM-MDE,4.9910241682606724e-06,0
Astronaut,mcet,8,8,RM-MDE,0.0,1
Astronaut,mcet,8,9,RM-MDE,0.0,1
Coffee,otsu,6,0,SDE-current,0.0001330155311550638,0
Coffee,otsu,6,1,SDE-current,7.725169572082587e-06,0
Coffee,otsu,6,2,SDE-current,3.357447326979363e-06,0
Coffee,otsu,6,3,SDE-current,1.819353995046367e-06,0
Coffee,otsu,6,4,SDE-current,0.000103383818181872,0
Coffee,otsu,6,5,SDE-current,2.090311296726977e-05,0
Coffee,otsu,6,6,SDE-current,3.4300200857553985e-05,0
Coffee,otsu,6,7,SDE-current,0.00011656196115223396,0
Coffee,otsu,6,8,SDE-current,1.117365470566607e-05,0
Coffee,otsu,6,9,SDE-current,0.00021202605058480713,0
Coffee,otsu,6,0,SDE-fixedF,8.163255516795213e-06,0
Coffee,otsu,6,1,SDE-fixedF,0.0,1
Coffee,otsu,6,2,SDE-fixedF,2.2243812243953117e-05,0
Coffee,otsu,6,3,SDE-fixedF,2.2243812243953117e-05,0
Coffee,otsu,6,4,SDE-fixedF,2.0981929995080578e-06,0
Coffee,otsu,6,5,SDE-fixedF,6.248778692983565e-06,0
Coffee,otsu,6,6,SDE-fixedF,2.0981929995080578e-06,0
Coffee,otsu,6,7,SDE-fixedF,0.0,1
Coffee,otsu,6,8,SDE-fixedF,8.19998576151076e-05,0
Coffee,otsu,6,9,SDE-fixedF,0.0004119016188296267,0
Coffee,otsu,6,0,SDE-paper,0.0,1
Coffee,otsu,6,1,SDE-paper,6.566032342540856e-06,0
Coffee,otsu,6,2,SDE-paper,7.725169572082587e-06,0
Coffee,otsu,6,3,SDE-paper,0.0,1
Coffee,otsu,6,4,SDE-paper,0.00040846841439944916,0
Coffee,otsu,6,5,SDE-paper,0.0,1
Coffee,otsu,6,6,SDE-paper,0.0,1
Coffee,otsu,6,7,SDE-paper,0.0,1
Coffee,otsu,6,8,SDE-paper,0.0,1
Coffee,otsu,6,9,SDE-paper,0.0,1
Coffee,otsu,6,0,DE,1.819353995046367e-06,0
Coffee,otsu,6,1,DE,0.0,1
Coffee,otsu,6,2,DE,0.0,1
Coffee,otsu,6,3,DE,0.00023917668997832807,0
Coffee,otsu,6,4,DE,2.0981929995080578e-06,0
Coffee,otsu,6,5,DE,1.094377393501589e-06,0
Coffee,otsu,6,6,DE,4.391603557342372e-06,0
Coffee,otsu,6,7,DE,2.0981929995080578e-06,0
Coffee,otsu,6,8,DE,0.0,1
Coffee,otsu,6,9,DE,0.0,1
Coffee,otsu,6,0,PSO,8.038904531899853e-06,0
Coffee,otsu,6,1,PSO,7.343156086336221e-06,0
Coffee,otsu,6,2,PSO,1.0297369817331069e-05,0
Coffee,otsu,6,3,PSO,1.819353995046367e-06,0
Coffee,otsu,6,4,PSO,1.926054488595344e-05,0
Coffee,otsu,6,5,PSO,1.0503970840689486e-05,0
Coffee,otsu,6,6,PSO,1.094377393501589e-06,0
Coffee,otsu,6,7,PSO,1.0792617565624477e-05,0
Coffee,otsu,6,8,PSO,1.0297369817331069e-05,0
Coffee,otsu,6,9,PSO,8.007256398729718e-06,0
Coffee,otsu,6,0,RM-MDE,0.0,1
Coffee,otsu,6,1,RM-MDE,0.0,1
Coffee,otsu,6,2,RM-MDE,0.0,1
Coffee,otsu,6,3,RM-MDE,0.0,1
Coffee,otsu,6,4,RM-MDE,0.0,1
Coffee,otsu,6,5,RM-MDE,0.0,1
Coffee,otsu,6,6,RM-MDE,0.0,1
Coffee,otsu,6,7,RM-MDE,0.0,1
Coffee,otsu,6,8,RM-MDE,0.0,1
Coffee,otsu,6,9,RM-MDE,0.0,1
Coffee,otsu,7,0,SDE-current,0.0002680432177830179,0
Coffee,otsu,7,1,SDE-current,7.678890201936401e-06,0
Coffee,otsu,7,2,SDE-current,0.00016895693324142533,0
Coffee,otsu,7,3,SDE-current,0.0001017677678735266,0
Coffee,otsu,7,4,SDE-current,1.5192923335465721e-05,0
Coffee,otsu,7,5,SDE-current,3.321832306406247e-05,0
Coffee,otsu,7,6,SDE-current,0.0001514305579321115,0
Coffee,otsu,7,7,SDE-current,3.619456219150787e-05,0
Coffee,otsu,7,8,SDE-current,7.678890201936401e-06,0
Coffee,otsu,7,9,SDE-current,1.7937097674243657e-05,0
Coffee,otsu,7,0,SDE-fixedF,1.6445006999606188e-06,0
Coffee,otsu,7,1,SDE-fixedF,2.6015941809343537e-05,0
Coffee,otsu,7,2,SDE-fixedF,4.706202384413141e-06,0
Coffee,otsu,7,3,SDE-fixedF,7.156658838377271e-06,0
Coffee,otsu,7,4,SDE-fixedF,2.223739571598814e-06,0
Coffee,otsu,7,5,SDE-fixedF,2.661351169102379e-06,0
Coffee,otsu,7,6,SDE-fixedF,4.706202384413141e-06,0
Coffee,otsu,7,7,SDE-fixedF,1.752075094782368e-06,0
Coffee,otsu,7,8,SDE-fixedF,7.19012512199904e-06,0
Coffee,otsu,7,9,SDE-fixedF,6.080464531635033e-06,0
Coffee,otsu,7,0,SDE-paper,8.568133526564798e-06,0
Coffee,otsu,7,1,SDE-paper,4.019614460321502e-07,0
Coffee,otsu,7,2,SDE-paper,0.0,1
Coffee,otsu,7,3,SDE-paper,2.273215040125816e-07,0
Coffee,otsu,7,4,SDE-paper,1.1454831439136478e-05,0
Coffee,otsu,7,5,SDE-paper,7.016648039782924e-06,0
Coffee,otsu,7,6,SDE-paper,1.6445006999606188e-06,0
Coffee,otsu,7,7,SDE-paper,1.752075094782368e-06,0
Coffee,otsu,7,8,SDE-paper,0.0,1
Coffee,otsu,7,9,SDE-paper,1.6445006999606188e-06,0
Coffee,otsu,7,0,DE,3.633371012091449e-05,0
Coffee,otsu,7,1,DE,2.1540365408145183e-06,0
Coffee,otsu,7,2,DE,1.6445006999606188e-06,0
Coffee,otsu,7,3,DE,5.503445227973345e-06,0
Coffee,otsu,7,4,DE,0.0,1
Coffee,otsu,7,5,DE,0.0,1
Coffee,otsu,7,6,DE,2.8529947799413112e-05,0
Coffee,otsu,7,7,DE,2.223739571598814e-06,0
Coffee,otsu,7,8,DE,0.0,1
Coffee,otsu,7,9,DE,4.9633512065887125e-06,0
Coffee,otsu,7,0,PSO,3.843475035108142e-05,0
Coffee,otsu,7,1,PSO,1.9386516298200614e-05,0
Coffee,otsu,7,2,PSO,8.647045617006627e-06,0
Coffee,otsu,7,3,PSO,3.1513627118293196e-05,0
Coffee,otsu,7,4,PSO,8.919617216778469e-06,0
Coffee,otsu,7,5,PSO,8.714281085154486e-05,0
Coffee,otsu,7,6,PSO,1.5685605644488743e-05,0
Coffee,otsu,7,7,PSO,2.9364492811615137e-05,0
Coffee,otsu,7,8,PSO,3.688830939312177e-05,0
Coffee,otsu,7,9,PSO,4.778426515846978e-05,0
Coffee,otsu,7,0,RM-MDE,0.0,1
Coffee,otsu,7,1,RM-MDE,0.0,1
Coffee,otsu,7,2,RM-MDE,0.0,1
Coffee,otsu,7,3,RM-MDE,0.0,1
Coffee,otsu,7,4,RM-MDE,0.0,1
Coffee,otsu,7,5,RM-MDE,0.0,1
Coffee,otsu,7,6,RM-MDE,0.0,1
Coffee,otsu,7,7,RM-MDE,0.0,1
Coffee,otsu,7,8,RM-MDE,1.6445006999606188e-06,0
Coffee,otsu,7,9,RM-MDE,0.0,1
Coffee,otsu,8,0,SDE-current,0.00011084666775928968,0
Coffee,otsu,8,1,SDE-current,0.00014245329943939986,0
Coffee,otsu,8,2,SDE-current,0.00013233596576286578,0
Coffee,otsu,8,3,SDE-current,4.4281674505532155e-05,0
Coffee,otsu,8,4,SDE-current,0.00030653626026205355,0
Coffee,otsu,8,5,SDE-current,2.1640834964155357e-06,0
Coffee,otsu,8,6,SDE-current,7.3934113754340685e-06,0
Coffee,otsu,8,7,SDE-current,7.494163629691471e-05,0
Coffee,otsu,8,8,SDE-current,0.00034204630303374196,0
Coffee,otsu,8,9,SDE-current,0.0004086801523903975,0
Coffee,otsu,8,0,SDE-fixedF,2.570268153003899e-06,0
Coffee,otsu,8,1,SDE-fixedF,0.0,1
Coffee,otsu,8,2,SDE-fixedF,1.55795537014651e-05,0
Coffee,otsu,8,3,SDE-fixedF,4.636710926899686e-06,0
Coffee,otsu,8,4,SDE-fixedF,6.207270789325824e-05,0
Coffee,otsu,8,5,SDE-fixedF,1.1893219673469429e-05,0
Coffee,otsu,8,6,SDE-fixedF,4.0152698706006644e-07,0
Coffee,otsu,8,7,SDE-fixedF,1.6770654481737557e-05,0
Coffee,otsu,8,8,SDE-fixedF,4.0812891320914565e-05,0
Coffee,otsu,8,9,SDE-fixedF,4.0152698706006644e-07,0
Coffee,otsu,8,0,SDE-paper,2.0546678308768508e-05,0
Coffee,otsu,8,1,SDE-paper,3.6094489569288846e-05,0
Coffee,otsu,8,2,SDE-paper,0.0,1
Coffee,otsu,8,3,SDE-paper,3.954684917628078e-06,0
Coffee,otsu,8,4,SDE-paper,1.7630447736153385e-06,0
Coffee,otsu,8,5,SDE-paper,0.0,1
Coffee,otsu,8,6,SDE-paper,1.1466624950777223e-05,0
Coffee,otsu,8,7,SDE-paper,1.9235410276311473e-06,0
Coffee,otsu,8,8,SDE-paper,4.4442985534435154e-05,0
Coffee,otsu,8,9,SDE-paper,0.0,1
Coffee,otsu,8,0,DE,2.6856392194659044e-06,0
Coffee,otsu,8,1,DE,3.954684917628078e-06,0
Coffee,otsu,8,2,DE,4.0152698706006644e-07,0
Coffee,otsu,8,3,DE,0.0,1
Coffee,otsu,8,4,DE,3.0698871768733372e-06,0
Coffee,otsu,8,5,DE,7.230033503059046e-06,0
Coffee,otsu,8,6,DE,7.920589048696585e-06,0
Coffee,otsu,8,7,DE,3.859456287543994e-06,0
Coffee,otsu,8,8,DE,3.201126429297879e-05,0
Coffee,otsu,8,9,DE,2.0664427741928556e-06,0
Coffee,otsu,8,0,PSO,6.770121726994888e-05,0
Coffee,otsu,8,1,PSO,0.00014368837325361023,0
Coffee,otsu,8,2,PSO,8.247887708144957e-05,0
Coffee,otsu,8,3,PSO,8.968595462380583e-05,0
Coffee,otsu,8,4,PSO,2.0768335547856046e-05,0
Coffee,otsu,8,5,PSO,1.4572919137241732e-05,0
Coffee,otsu,8,6,PSO,1.7232034248553094e-05,0
Coffee,otsu,8,7,PSO,5.0332580840599365e-05,0
Coffee,otsu,8,8,PSO,1.4395452896426127e-05,0
Coffee,otsu,8,9,PSO,1.2067885367693278e-05,0
Coffee,otsu,8,0,RM-MDE,0.0,1
Coffee,otsu,8,1,RM-MDE,0.0,1
Coffee,otsu,8,2,RM-MDE,0.0,1
Coffee,otsu,8,3,RM-MDE,0.0,1
Coffee,otsu,8,4,RM-MDE,0.0,1
Coffee,otsu,8,5,RM-MDE,0.0,1
Coffee,otsu,8,6,RM-MDE,0.0,1
Coffee,otsu,8,7,RM-MDE,6.191964452730486e-07,0
Coffee,otsu,8,8,RM-MDE,0.0,1
Coffee,otsu,8,9,RM-MDE,0.0,1
Coffee,kapur,6,0,SDE-current,0.0011166515256920515,0
Coffee,kapur,6,1,SDE-current,0.00023120493232319718,0
Coffee,kapur,6,2,SDE-current,8.02970667955054e-05,0
Coffee,kapur,6,3,SDE-current,2.085858467907073e-05,0
Coffee,kapur,6,4,SDE-current,0.005238574532459293,0
Coffee,kapur,6,5,SDE-current,1.0335268624202865e-06,0
Coffee,kapur,6,6,SDE-current,1.2307890298973242e-05,0
Coffee,kapur,6,7,SDE-current,0.0008591388369462916,0
Coffee,kapur,6,8,SDE-current,0.0003570166843864165,0
Coffee,kapur,6,9,SDE-current,1.7406839345260933e-05,0
Coffee,kapur,6,0,SDE-fixedF,0.00020966721966172406,0
Coffee,kapur,6,1,SDE-fixedF,0.0,1
Coffee,kapur,6,2,SDE-fixedF,0.00018628157857279747,0
Coffee,kapur,6,3,SDE-fixedF,0.0,1
Coffee,kapur,6,4,SDE-fixedF,5.2235293910414124e-05,0
Coffee,kapur,6,5,SDE-fixedF,1.4687717502793846e-05,0
Coffee,kapur,6,6,SDE-fixedF,0.0006518155519157294,0
Coffee,kapur,6,7,SDE-fixedF,0.0002838914939241096,0
Coffee,kapur,6,8,SDE-fixedF,0.0,1
Coffee,kapur,6,9,SDE-fixedF,0.0,1
Coffee,kapur,6,0,SDE-paper,1.4687717502793846e-05,0
Coffee,kapur,6,1,SDE-paper,0.004616231094377532,0
Coffee,kapur,6,2,SDE-paper,3.394460675879553e-05,0
Coffee,kapur,6,3,SDE-paper,0.0,1
Coffee,kapur,6,4,SDE-paper,0.0,1
Coffee,kapur,6,5,SDE-paper,1.0335268624202865e-06,0
Coffee,kapur,6,6,SDE-paper,5.2829059738025194e-05,0
Coffee,kapur,6,7,SDE-paper,3.394460675879553e-05,0
Coffee,kapur,6,8,SDE-paper,0.0,1
Coffee,kapur,6,9,SDE-paper,0.0,1
Coffee,kapur,6,0,DE,0.0,1
Coffee,kapur,6,1,DE,0.0,1
Coffee,kapur,6,2,DE,0.0,1
Coffee,kapur,6,3,DE,0.0,1
Coffee,kapur,6,4,DE,0.0,1
Coffee,kapur,6,5,DE,0.0,1
Coffee,kapur,6,6,DE,0.0003522304689813828,0
Coffee,kapur,6,7,DE,0.0,1
Coffee,kapur,6,8,DE,0.0,1
Coffee,kapur,6,9,DE,0.0,1
Coffee,kapur,6,0,PSO,0.0001137704097343028,0
Coffee,kapur,6,1,PSO,7.970805041208812e-05,0
Coffee,kapur,6,2,PSO,6.652583133408659e-06,0
Coffee,kapur,6,3,PSO,1.3938875831713558e-05,0
Coffee,kapur,6,4,PSO,0.004628908230974843,0
Coffee,kapur,6,5,PSO,0.0009289063862515585,0
Coffee,kapur,6,6,PSO,0.0006561517465723462,0
Coffee,kapur,6,7,PSO,0.0002107910071049952,0
Coffee,kapur,6,8,PSO,0.0001615577375589206,0
Coffee,kapur,6,9,PSO,0.00011901874242844117,0
Coffee,kapur,6,0,RM-MDE,0.0,1
Coffee,kapur,6,1,RM-MDE,0.0,1
Coffee,kapur,6,2,RM-MDE,0.0,1
Coffee,kapur,6,3,RM-MDE,0.0,1
Coffee,kapur,6,4,RM-MDE,6.652583133408659e-06,0
Coffee,kapur,6,5,RM-MDE,0.0,1
Coffee,kapur,6,6,RM-MDE,0.0,1
Coffee,kapur,6,7,RM-MDE,0.0,1
Coffee,kapur,6,8,RM-MDE,0.0,1
Coffee,kapur,6,9,RM-MDE,0.0,1
Coffee,kapur,7,0,SDE-current,0.00014367292961586708,0
Coffee,kapur,7,1,SDE-current,0.005525723493088008,0
Coffee,kapur,7,2,SDE-current,0.0005134753416185617,0
Coffee,kapur,7,3,SDE-current,0.001081969046194245,0
Coffee,kapur,7,4,SDE-current,0.0011483779036459895,0
Coffee,kapur,7,5,SDE-current,0.00109906675205725,0
Coffee,kapur,7,6,SDE-current,0.0021452009441896313,0
Coffee,kapur,7,7,SDE-current,0.00027246589003078274,0
Coffee,kapur,7,8,SDE-current,0.0024931151283471044,0
Coffee,kapur,7,9,SDE-current,0.0010942948991110983,0
Coffee,kapur,7,0,SDE-fixedF,0.0,1
Coffee,kapur,7,1,SDE-fixedF,0.0004942227406404913,0
Coffee,kapur,7,2,SDE-fixedF,8.8772306318958e-05,0
Coffee,kapur,7,3,SDE-fixedF,0.0,1
Coffee,kapur,7,4,SDE-fixedF,7.014435852676258e-05,0
Coffee,kapur,7,5,SDE-fixedF,0.0053111455030755055,0
Coffee,kapur,7,6,SDE-fixedF,0.0,1
Coffee,kapur,7,7,SDE-fixedF,0.0003002076376624402,0
Coffee,kapur,7,8,SDE-fixedF,0.002290506612288824,0
Coffee,kapur,7,9,SDE-fixedF,0.00033549593699136855,0
Coffee,kapur,7,0,SDE-paper,3.340622739856898e-05,0
Coffee,kapur,7,1,SDE-paper,1.757775884390296e-05,0
Coffee,kapur,7,2,SDE-paper,0.0,1
Coffee,kapur,7,3,SDE-paper,0.0,1
Coffee,kapur,7,4,SDE-paper,1.757775884390296e-05,0
Coffee,kapur,7,5,SDE-paper,7.014435852676258e-05,0
Coffee,kapur,7,6,SDE-paper,2.9162482155738257e-05,0
Coffee,kapur,7,7,SDE-paper,0.0,1
Coffee,kapur,7,8,SDE-paper,0.0,1
Coffee,kapur,7,9,SDE-paper,0.0,1
Coffee,kapur,7,0,DE,0.0,1
Coffee,kapur,7,1,DE,0.0,1
Coffee,kapur,7,2,DE,0.0,1
Coffee,kapur,7,3,DE,0.0,1
Coffee,kapur,7,4,DE,6.593326657233812e-05,0
Coffee,kapur,7,5,DE,0.0,1
Coffee,kapur,7,6,DE,0.0002643013895161823,0
Coffee,kapur,7,7,DE,0.0,1
Coffee,kapur,7,8,DE,0.0,1
Coffee,kapur,7,9,DE,0.0,1
Coffee,kapur,7,0,PSO,8.940283536541257e-05,0
Coffee,kapur,7,1,PSO,0.0005540046985587234,0
Coffee,kapur,7,2,PSO,0.0030416820267864303,0
Coffee,kapur,7,3,PSO,0.0022545270482672883,0
Coffee,kapur,7,4,PSO,2.181760641292638e-05,0
Coffee,kapur,7,5,PSO,0.0007163272026189522,0
Coffee,kapur,7,6,PSO,0.0021901725959136737,0
Coffee,kapur,7,7,PSO,0.00091434415391036,0
Coffee,kapur,7,8,PSO,0.00025292779029884873,0
Coffee,kapur,7,9,PSO,0.0013677834372432186,0
Coffee,kapur,7,0,RM-MDE,0.0,1
Coffee,kapur,7,1,RM-MDE,0.0,1
Coffee,kapur,7,2,RM-MDE,0.0,1
Coffee,kapur,7,3,RM-MDE,0.0,1
Coffee,kapur,7,4,RM-MDE,0.0,1
Coffee,kapur,7,5,RM-MDE,0.0,1
Coffee,kapur,7,6,RM-MDE,0.0,1
Coffee,kapur,7,7,RM-MDE,0.0,1
Coffee,kapur,7,8,RM-MDE,0.0,1
Coffee,kapur,7,9,RM-MDE,1.757775884390296e-05,0
Coffee,kapur,8,0,SDE-current,0.0008387364696459382,0
Coffee,kapur,8,1,SDE-current,0.0023631086499238526,0
Coffee,kapur,8,2,SDE-current,0.009652471876925785,0
Coffee,kapur,8,3,SDE-current,0.0015208782449196744,0
Coffee,kapur,8,4,SDE-current,0.0016891902741040913,0
Coffee,kapur,8,5,SDE-current,0.003387705220839433,0
Coffee,kapur,8,6,SDE-current,0.00022809775088491007,0
Coffee,kapur,8,7,SDE-current,0.0017751019396520739,0
Coffee,kapur,8,8,SDE-current,0.0022391672403248098,0
Coffee,kapur,8,9,SDE-current,0.001083681104976166,0
Coffee,kapur,8,0,SDE-fixedF,0.0005205743246343998,0
Coffee,kapur,8,1,SDE-fixedF,0.00014590101076177782,0
Coffee,kapur,8,2,SDE-fixedF,0.00018318147092603093,0
Coffee,kapur,8,3,SDE-fixedF,1.5838839139765764e-05,0
Coffee,kapur,8,4,SDE-fixedF,0.00012036800946660562,0
Coffee,kapur,8,5,SDE-fixedF,0.00012036800946660562,0
Coffee,kapur,8,6,SDE-fixedF,0.0003321920490356751,0
Coffee,kapur,8,7,SDE-fixedF,0.000191401233637793,0
Coffee,kapur,8,8,SDE-fixedF,0.00019962074281075343,0
Coffee,kapur,8,9,SDE-fixedF,1.5838839139765764e-05,0
Coffee,kapur,8,0,SDE-paper,1.5838839139765764e-05,0
Coffee,kapur,8,1,SDE-paper,6.187148123929444e-05,0
Coffee,kapur,8,2,SDE-paper,3.202401301952568e-05,0
Coffee,kapur,8,3,SDE-paper,6.177453314894461e-05,0
Coffee,kapur,8,4,SDE-paper,0.0,1
Coffee,kapur,8,5,SDE-paper,0.0,1
Coffee,kapur,8,6,SDE-paper,0.00010843612857650638,0
Coffee,kapur,8,7,SDE-paper,0.0,1
Coffee,kapur,8,8,SDE-paper,0.0008270072425231283,0
Coffee,kapur,8,9,SDE-paper,1.5899114793618275e-06,0
Coffee,kapur,8,0,DE,0.0,1
Coffee,kapur,8,1,DE,0.00011006081775793305,0
Coffee,kapur,8,2,DE,0.0005287607262966117,0
Coffee,kapur,8,3,DE,0.0,1
Coffee,kapur,8,4,DE,0.0009985161757866182,0
Coffee,kapur,8,5,DE,5.568368373763853e-05,0
Coffee,kapur,8,6,DE,0.0,1
Coffee,kapur,8,7,DE,0.0006396123091387119,0
Coffee,kapur,8,8,DE,4.781907468955679e-05,0
Coffee,kapur,8,9,DE,4.781907468955679e-05,0
Coffee,kapur,8,0,PSO,0.0006666982596094649,0
Coffee,kapur,8,1,PSO,0.001036909631969598,0
Coffee,kapur,8,2,PSO,0.000299758308110707,0
Coffee,kapur,8,3,PSO,0.0009653468145285647,0
Coffee,kapur,8,4,PSO,0.0011719902658548242,0
Coffee,kapur,8,5,PSO,0.00042259140553238084,0
Coffee,kapur,8,6,PSO,0.0006720722027444142,0
Coffee,kapur,8,7,PSO,0.00019224496669344954,0
Coffee,kapur,8,8,PSO,4.4467278225435535e-05,0
Coffee,kapur,8,9,PSO,0.00024135959273355936,0
Coffee,kapur,8,0,RM-MDE,0.0,1
Coffee,kapur,8,1,RM-MDE,0.0,1
Coffee,kapur,8,2,RM-MDE,0.0,1
Coffee,kapur,8,3,RM-MDE,0.0,1
Coffee,kapur,8,4,RM-MDE,0.0,1
Coffee,kapur,8,5,RM-MDE,0.0,1
Coffee,kapur,8,6,RM-MDE,0.0,1
Coffee,kapur,8,7,RM-MDE,0.0,1
Coffee,kapur,8,8,RM-MDE,0.0,1
Coffee,kapur,8,9,RM-MDE,0.0,1
Coffee,mcet,6,0,SDE-current,2.3870013786632077e-05,0
Coffee,mcet,6,1,SDE-current,7.845731433883976e-05,0
Coffee,mcet,6,2,SDE-current,7.082355728001632e-05,0
Coffee,mcet,6,3,SDE-current,6.000712616255091e-07,0
Coffee,mcet,6,4,SDE-current,0.0001230772174754402,0
Coffee,mcet,6,5,SDE-current,9.091310981228581e-05,0
Coffee,mcet,6,6,SDE-current,0.00018254394984811918,0
Coffee,mcet,6,7,SDE-current,2.18532752623324e-05,0
Coffee,mcet,6,8,SDE-current,5.716897003016167e-05,0
Coffee,mcet,6,9,SDE-current,4.5159251926680915e-06,0
Coffee,mcet,6,0,SDE-fixedF,0.0,1
Coffee,mcet,6,1,SDE-fixedF,8.084801831389833e-06,0
Coffee,mcet,6,2,SDE-fixedF,2.1489916546592007e-07,0
Coffee,mcet,6,3,SDE-fixedF,2.2011572213987174e-06,0
Coffee,mcet,6,4,SDE-fixedF,1.37080533483458e-07,0
Coffee,mcet,6,5,SDE-fixedF,0.0,1
Coffee,mcet,6,6,SDE-fixedF,3.8034530320642224e-06,0
Coffee,mcet,6,7,SDE-fixedF,2.1489916546592007e-07,0
Coffee,mcet,6,8,SDE-fixedF,1.37080533483458e-07,0
Coffee,mcet,6,9,SDE-fixedF,2.744211909894169e-06,0
Coffee,mcet,6,0,SDE-paper,1.37080533483458e-07,0
Coffee,mcet,6,1,SDE-paper,0.0,1
Coffee,mcet,6,2,SDE-paper,0.0,1
Coffee,mcet,6,3,SDE-paper,6.392303055024728e-07,0
Coffee,mcet,6,4,SDE-paper,0.0,1
Coffee,mcet,6,5,SDE-paper,1.1486721155550737e-05,0
Coffee,mcet,6,6,SDE-paper,2.061667614084766e-05,0
Coffee,mcet,6,7,SDE-paper,4.908041322395179e-05,0
Coffee,mcet,6,8,SDE-paper,2.1881784620402883e-05,0
Coffee,mcet,6,9,SDE-paper,0.0,1
Coffee,mcet,6,0,DE,0.0,1
Coffee,mcet,6,1,DE,0.0,1
Coffee,mcet,6,2,DE,1.030205634911206e-06,0
Coffee,mcet,6,3,DE,0.0,1
Coffee,mcet,6,4,DE,0.0,1
Coffee,mcet,6,5,DE,0.0,1
Coffee,mcet,6,6,DE,3.9297830510261307e-07,0
Coffee,mcet,6,7,DE,0.0,1
Coffee,mcet,6,8,DE,0.0,1
Coffee,mcet,6,9,DE,0.0,1
Coffee,mcet,6,0,PSO,0.0,1
Coffee,mcet,6,1,PSO,5.758563129947385e-06,0
Coffee,mcet,6,2,PSO,1.34120790307722e-05,0
Coffee,mcet,6,3,PSO,1.0231012639497917e-05,0
Coffee,mcet,6,4,PSO,1.7495268750657258e-05,0
Coffee,mcet,6,5,PSO,2.410350354831104e-05,0
Coffee,mcet,6,6,PSO,4.60363585084866e-06,0
Coffee,mcet,6,7,PSO,2.2885525970913172e-06,0
Coffee,mcet,6,8,PSO,1.2597069439285862e-05,0
Coffee,mcet,6,9,PSO,7.956685773577245e-07,0
Coffee,mcet,6,0,RM-MDE,1.37080533483458e-07,0
Coffee,mcet,6,1,RM-MDE,0.0,1
Coffee,mcet,6,2,RM-MDE,0.0,1
Coffee,mcet,6,3,RM-MDE,0.0,1
Coffee,mcet,6,4,RM-MDE,0.0,1
Coffee,mcet,6,5,RM-MDE,0.0,1
Coffee,mcet,6,6,RM-MDE,0.0,1
Coffee,mcet,6,7,RM-MDE,0.0,1
Coffee,mcet,6,8,RM-MDE,0.0,1
Coffee,mcet,6,9,RM-MDE,0.0,1
Coffee,mcet,7,0,SDE-current,7.067545646490877e-05,0
Coffee,mcet,7,1,SDE-current,4.543146947804723e-06,0
Coffee,mcet,7,2,SDE-current,1.860065281248543e-05,0
Coffee,mcet,7,3,SDE-current,5.7913620027793986e-05,0
Coffee,mcet,7,4,SDE-current,6.335653124845733e-05,0
Coffee,mcet,7,5,SDE-current,6.660483714755419e-05,0
Coffee,mcet,7,6,SDE-current,7.22694465703966e-06,0
Coffee,mcet,7,7,SDE-current,5.976914593096166e-05,0
Coffee,mcet,7,8,SDE-current,1.2486823850063187e-05,0
Coffee,mcet,7,9,SDE-current,1.7834421985728288e-05,0
Coffee,mcet,7,0,SDE-fixedF,1.921945790151234e-06,0
Coffee,mcet,7,1,SDE-fixedF,1.535929258732015e-05,0
Coffee,mcet,7,2,SDE-fixedF,1.921945790151234e-06,0
Coffee,mcet,7,3,SDE-fixedF,0.0,1
Coffee,mcet,7,4,SDE-fixedF,0.0,1
Coffee,mcet,7,5,SDE-fixedF,0.0,1
Coffee,mcet,7,6,SDE-fixedF,5.807109555687879e-05,0
Coffee,mcet,7,7,SDE-fixedF,6.945057977423278e-05,0
Coffee,mcet,7,8,SDE-fixedF,1.5701488617481356e-06,0
Coffee,mcet,7,9,SDE-fixedF,2.9091392332119717e-05,0
Coffee,mcet,7,0,SDE-paper,5.76886362764322e-05,0
Coffee,mcet,7,1,SDE-paper,8.287804028441739e-07,0
Coffee,mcet,7,2,SDE-paper,3.30849241643759e-05,0
Coffee,mcet,7,3,SDE-paper,1.0824872445699457e-05,0
Coffee,mcet,7,4,SDE-paper,5.506829889904445e-07,0
Coffee,mcet,7,5,SDE-paper,3.291535588551457e-05,0
Coffee,mcet,7,6,SDE-paper,6.44421308940622e-05,0
Coffee,mcet,7,7,SDE-paper,1.2914591705198002e-05,0
Coffee,mcet,7,8,SDE-paper,0.0,1
Coffee,mcet,7,9,SDE-paper,6.801095672362619e-06,0
Coffee,mcet,7,0,DE,3.109707486810318e-05,0
Coffee,mcet,7,1,DE,0.0,1
Coffee,mcet,7,2,DE,4.7178889719109374e-06,0
Coffee,mcet,7,3,DE,0.0,1
Coffee,mcet,7,4,DE,2.7358534063298813e-06,0
Coffee,mcet,7,5,DE,0.0,1
Coffee,mcet,7,6,DE,5.608141253807092e-05,0
Coffee,mcet,7,7,DE,4.7510265550558306e-05,0
Coffee,mcet,7,8,DE,3.2335931728690527e-07,0
Coffee,mcet,7,9,DE,2.7937111752012733e-06,0
Coffee,mcet,7,0,PSO,1.3741692585504607e-05,0
Coffee,mcet,7,1,PSO,1.3609518472085258e-05,0
Coffee,mcet,7,2,PSO,5.171846944156667e-05,0
Coffee,mcet,7,3,PSO,1.1289730587132651e-05,0
Coffee,mcet,7,4,PSO,3.417751061104785e-05,0
Coffee,mcet,7,5,PSO,3.904842275212609e-06,0
Coffee,mcet,7,6,PSO,1.7927912676496346e-05,0
Coffee,mcet,7,7,PSO,3.8474644763756117e-05,0
Coffee,mcet,7,8,PSO,4.384416550822235e-06,0
Coffee,mcet,7,9,PSO,4.783905698727288e-06,0
Coffee,mcet,7,0,RM-MDE,0.0,1
Coffee,mcet,7,1,RM-MDE,0.0,1
Coffee,mcet,7,2,RM-MDE,0.0,1
Coffee,mcet,7,3,RM-MDE,0.0,1
Coffee,mcet,7,4,RM-MDE,0.0,1
Coffee,mcet,7,5,RM-MDE,0.0,1
Coffee,mcet,7,6,RM-MDE,0.0,1
Coffee,mcet,7,7,RM-MDE,0.0,1
Coffee,mcet,7,8,RM-MDE,0.0,1
Coffee,mcet,7,9,RM-MDE,0.0,1
Coffee,mcet,8,0,SDE-current,1.4700318680618046e-05,0
Coffee,mcet,8,1,SDE-current,0.00027016952069249244,0
Coffee,mcet,8,2,SDE-current,2.1925538124573416e-06,0
Coffee,mcet,8,3,SDE-current,7.454756837728386e-06,0
Coffee,mcet,8,4,SDE-current,5.7533533306395714e-05,0
Coffee,mcet,8,5,SDE-current,3.1639596379559716e-05,0
Coffee,mcet,8,6,SDE-current,1.1872313247381856e-05,0
Coffee,mcet,8,7,SDE-current,7.600451529114752e-05,0
Coffee,mcet,8,8,SDE-current,3.6052641605897344e-06,0
Coffee,mcet,8,9,SDE-current,7.642485371589462e-06,0
Coffee,mcet,8,0,SDE-fixedF,6.729212301607301e-07,0
Coffee,mcet,8,1,SDE-fixedF,4.248896294468626e-06,0
Coffee,mcet,8,2,SDE-fixedF,1.9494730654918371e-07,0
Coffee,mcet,8,3,SDE-fixedF,1.9494730654918371e-07,0
Coffee,mcet,8,4,SDE-fixedF,1.5977861018390866e-05,0
Coffee,mcet,8,5,SDE-fixedF,7.434456974331099e-06,0
Coffee,mcet,8,6,SDE-fixedF,4.608149780676587e-06,0
Coffee,mcet,8,7,SDE-fixedF,1.8245053359359937e-06,0
Coffee,mcet,8,8,SDE-fixedF,2.6847637167019517e-06,0
Coffee,mcet,8,9,SDE-fixedF,8.667323880240019e-07,0
Coffee,mcet,8,0,SDE-paper,2.0450912885545994e-05,0
Coffee,mcet,8,1,SDE-paper,1.3774789240768182e-05,0
Coffee,mcet,8,2,SDE-paper,2.986394369557432e-07,0
Coffee,mcet,8,3,SDE-paper,5.477180838074184e-06,0
Coffee,mcet,8,4,SDE-paper,6.118307986743268e-06,0
Coffee,mcet,8,5,SDE-paper,0.0,1
Coffee,mcet,8,6,SDE-paper,3.0563957873441395e-06,0
Coffee,mcet,8,7,SDE-paper,7.114401846114991e-06,0
Coffee,mcet,8,8,SDE-paper,8.743963539769823e-06,0
Coffee,mcet,8,9,SDE-paper,4.0200339230771595e-07,0
Coffee,mcet,8,0,DE,7.1954843186002e-07,0
Coffee,mcet,8,1,DE,1.132601902599287e-05,0
Coffee,mcet,8,2,DE,4.720640043941779e-07,0
Coffee,mcet,8,3,DE,7.871149716653328e-08,0
Coffee,mcet,8,4,DE,1.5439293504930516e-06,0
Coffee,mcet,8,5,DE,7.871149716653328e-08,0
Coffee,mcet,8,6,DE,1.4689204947916808e-07,0
Coffee,mcet,8,7,DE,1.1623580938265043e-07,0
Coffee,mcet,8,8,DE,1.3379505630394985e-06,0
Coffee,mcet,8,9,DE,0.0,1
Coffee,mcet,8,0,PSO,3.6555362706938124e-05,0
Coffee,mcet,8,1,PSO,1.753294153704501e-05,0
Coffee,mcet,8,2,PSO,1.8432457677518873e-06,0
Coffee,mcet,8,3,PSO,3.851110604142466e-06,0
Coffee,mcet,8,4,PSO,3.3114558885281236e-05,0
Coffee,mcet,8,5,PSO,5.39930184200332e-06,0
Coffee,mcet,8,6,PSO,1.8924826961772023e-05,0
Coffee,mcet,8,7,PSO,4.400132689619613e-06,0
Coffee,mcet,8,8,PSO,2.1855162579346036e-05,0
Coffee,mcet,8,9,PSO,3.456937642004486e-05,0
Coffee,mcet,8,0,RM-MDE,0.0,1
Coffee,mcet,8,1,RM-MDE,0.0,1
Coffee,mcet,8,2,RM-MDE,0.0,1
Coffee,mcet,8,3,RM-MDE,0.0,1
Coffee,mcet,8,4,RM-MDE,0.0,1
Coffee,mcet,8,5,RM-MDE,0.0,1
Coffee,mcet,8,6,RM-MDE,0.0,1
Coffee,mcet,8,7,RM-MDE,2.0213030154928179e-07,0
Coffee,mcet,8,8,RM-MDE,0.0,1
Coffee,mcet,8,9,RM-MDE,0.0,1
Cat,otsu,6,0,SDE-current,0.00037860096868856023,0
Cat,otsu,6,1,SDE-current,8.369623208148327e-05,0
Cat,otsu,6,2,SDE-current,4.20971404922193e-05,0
Cat,otsu,6,3,SDE-current,1.9362620158086267e-06,0
Cat,otsu,6,4,SDE-current,0.00029049822405316023,0
Cat,otsu,6,5,SDE-current,2.7369556174802524e-05,0
Cat,otsu,6,6,SDE-current,4.7322020953534594e-05,0
Cat,otsu,6,7,SDE-current,8.787878016873463e-05,0
Cat,otsu,6,8,SDE-current,0.00012719160880010155,0
Cat,otsu,6,9,SDE-current,7.506814349163231e-06,0
Cat,otsu,6,0,SDE-fixedF,7.65946119186916e-06,0
Cat,otsu,6,1,SDE-fixedF,0.0009213364711587792,0
Cat,otsu,6,2,SDE-fixedF,4.863153904822951e-07,0
Cat,otsu,6,3,SDE-fixedF,0.0002481753374886101,0
Cat,otsu,6,4,SDE-fixedF,0.0004247755803342156,0
Cat,otsu,6,5,SDE-fixedF,8.749617438632965e-05,0
Cat,otsu,6,6,SDE-fixedF,4.863153904822951e-07,0
Cat,otsu,6,7,SDE-fixedF,9.367629996097858e-05,0
Cat,otsu,6,8,SDE-fixedF,1.0590320878442864e-05,0
Cat,otsu,6,9,SDE-fixedF,1.9548640190918244e-06,0
Cat,otsu,6,0,SDE-paper,3.0265335354142983e-05,0
Cat,otsu,6,1,SDE-paper,0.0001452923640555374,0
Cat,otsu,6,2,SDE-paper,4.863153904822951e-07,0
Cat,otsu,6,3,SDE-paper,4.863153904822951e-07,0
Cat,otsu,6,4,SDE-paper,4.0928435884749835e-05,0
Cat,otsu,6,5,SDE-paper,0.0,1
Cat,otsu,6,6,SDE-paper,1.9548640190918244e-06,0
Cat,otsu,6,7,SDE-paper,6.0481803789157086e-05,0
Cat,otsu,6,8,SDE-paper,4.863153904822951e-07,0
Cat,otsu,6,9,SDE-paper,1.4038047840121548e-05,0
Cat,otsu,6,0,DE,4.863153904822951e-07,0
Cat,otsu,6,1,DE,4.863153904822951e-07,0
Cat,otsu,6,2,DE,4.713819918366936e-06,0
Cat,otsu,6,3,DE,4.863153904822951e-07,0
Cat,otsu,6,4,DE,4.863153904822951e-07,0
Cat,otsu,6,5,DE,4.863153904822951e-07,0
Cat,otsu,6,6,DE,0.0,1
Cat,otsu,6,7,DE,4.863153904822951e-07,0
Cat,otsu,6,8,DE,4.863153904822951e-07,0
Cat,otsu,6,9,DE,1.892288797669331e-06,0
Cat,otsu,6,0,PSO,0.00012731881676601305,0
Cat,otsu,6,1,PSO,7.067405451617825e-06,0
Cat,otsu,6,2,PSO,0.00010668999261423859,0
Cat,otsu,6,3,PSO,1.922560214317469e-05,0
Cat,otsu,6,4,PSO,0.00018047578649168033,0
Cat,otsu,6,5,PSO,1.8899959554220433e-05,0
Cat,otsu,6,6,PSO,2.0897904795409047e-05,0
Cat,otsu,6,7,PSO,0.00015706694884212982,0
Cat,otsu,6,8,PSO,1.6462675528339002e-05,0
Cat,otsu,6,9,PSO,4.04666239500303e-05,0
Cat,otsu,6,0,RM-MDE,0.0,1
Cat,otsu,6,1,RM-MDE,0.0,1
Cat,otsu,6,2,RM-MDE,0.0,1
Cat,otsu,6,3,RM-MDE,0.0,1
Cat,otsu,6,4,RM-MDE,0.0,1
Cat,otsu,6,5,RM-MDE,0.0,1
Cat,otsu,6,6,RM-MDE,0.0,1
Cat,otsu,6,7,RM-MDE,0.0,1
Cat,otsu,6,8,RM-MDE,0.0,1
Cat,otsu,6,9,RM-MDE,0.0,1
Cat,otsu,7,0,SDE-current,0.00021997821002816116,0
Cat,otsu,7,1,SDE-current,5.5650545572651615e-05,0
Cat,otsu,7,2,SDE-current,0.00035875956077398237,0
Cat,otsu,7,3,SDE-current,4.818538137044261e-05,0
Cat,otsu,7,4,SDE-current,6.506339979192213e-05,0
Cat,otsu,7,5,SDE-current,0.00020316823892159018,0
Cat,otsu,7,6,SDE-current,6.096595402323983e-05,0
Cat,otsu,7,7,SDE-current,0.0006287420980469696,0
Cat,otsu,7,8,SDE-current,1.6760855315914945e-05,0
Cat,otsu,7,9,SDE-current,9.887617204829815e-05,0
Cat,otsu,7,0,SDE-fixedF,1.6656773591778806e-06,0
Cat,otsu,7,1,SDE-fixedF,1.6656773591778806e-06,0
Cat,otsu,7,2,SDE-fixedF,1.0889765653402887e-05,0
Cat,otsu,7,3,SDE-fixedF,2.319537666884698e-06,0
Cat,otsu,7,4,SDE-fixedF,9.676920154783504e-06,0
Cat,otsu,7,5,SDE-fixedF,0.00022520208905578825,0
Cat,otsu,7,6,SDE-fixedF,0.00015240996027944775,0
Cat,otsu,7,7,SDE-fixedF,5.694086429663171e-06,0
Cat,otsu,7,8,SDE-fixedF,1.012487364024999e-05,0
Cat,otsu,7,9,SDE-fixedF,4.121241321985366e-06,0
Cat,otsu,7,0,SDE-paper,4.121241321985366e-06,0
Cat,otsu,7,1,SDE-paper,0.00015482038021632393,0
Cat,otsu,7,2,SDE-paper,3.668993083688189e-06,0
Cat,otsu,7,3,SDE-paper,6.36430785923242e-05,0
Cat,otsu,7,4,SDE-paper,1.8418561621395296e-05,0
Cat,otsu,7,5,SDE-paper,5.009286095469494e-06,0
Cat,otsu,7,6,SDE-paper,0.0006051432215923593,0
Cat,otsu,7,7,SDE-paper,0.0006032081275455357,0
Cat,otsu,7,8,SDE-paper,9.373854813695592e-06,0
Cat,otsu,7,9,SDE-paper,1.1439987115823582e-05,0
Cat,otsu,7,0,DE,0.0001769530894400066,0
Cat,otsu,7,1,DE,2.319537666884698e-06,0
Cat,otsu,7,2,DE,6.778422357447857e-06,0
Cat,otsu,7,3,DE,0.0,1
Cat,otsu,7,4,DE,2.724174645177021e-06,0
Cat,otsu,7,5,DE,1.6340007567398496e-05,0
Cat,otsu,7,6,DE,0.0006036941495866218,0
Cat,otsu,7,7,DE,1.6656773591778806e-06,0
Cat,otsu,7,8,DE,1.8945481773784651e-06,0
Cat,otsu,7,9,DE,0.0006036941495866218,0
Cat,otsu,7,0,PSO,0.00010499401411878927,0
Cat,otsu,7,1,PSO,2.9213053008798126e-05,0
Cat,otsu,7,2,PSO,7.708314822784187e-05,0
Cat,otsu,7,3,PSO,2.659346697550915e-05,0
Cat,otsu,7,4,PSO,1.9217341985768127e-05,0
Cat,otsu,7,5,PSO,1.2496140009721155e-05,0
Cat,otsu,7,6,PSO,0.000609780813677028,0
Cat,otsu,7,7,PSO,6.93103140599421e-05,0
Cat,otsu,7,8,PSO,1.5485814475449102e-05,0
Cat,otsu,7,9,PSO,2.028134982813229e-05,0
Cat,otsu,7,0,RM-MDE,1.60395717301368e-06,0
Cat,otsu,7,1,RM-MDE,0.0,1
Cat,otsu,7,2,RM-MDE,0.0,1
Cat,otsu,7,3,RM-MDE,0.0,1
Cat,otsu,7,4,RM-MDE,0.0,1
Cat,otsu,7,5,RM-MDE,0.0,1
Cat,otsu,7,6,RM-MDE,6.538603075894118e-07,0
Cat,otsu,7,7,RM-MDE,0.0,1
Cat,otsu,7,8,RM-MDE,0.0,1
Cat,otsu,7,9,RM-MDE,0.0,1
Cat,otsu,8,0,SDE-current,0.00026308973197687445,0
Cat,otsu,8,1,SDE-current,0.0002937503002857864,0
Cat,otsu,8,2,SDE-current,0.0001361243288102385,0
Cat,otsu,8,3,SDE-current,6.913668022834769e-05,0
Cat,otsu,8,4,SDE-current,6.699036572023302e-05,0
Cat,otsu,8,5,SDE-current,0.0003130204538690244,0
Cat,otsu,8,6,SDE-current,0.00047236043119281806,0
Cat,otsu,8,7,SDE-current,2.3273870230095287e-06,0
Cat,otsu,8,8,SDE-current,6.491052472041368e-06,0
Cat,otsu,8,9,SDE-current,2.853084696196435e-05,0
Cat,otsu,8,0,SDE-fixedF,2.2266457786618366e-05,0
Cat,otsu,8,1,SDE-fixedF,0.0001789049576173768,0
Cat,otsu,8,2,SDE-fixedF,2.424540919310578e-05,0
Cat,otsu,8,3,SDE-fixedF,2.3964027339422053e-05,0
Cat,otsu,8,4,SDE-fixedF,0.0001359793114596146,0
Cat,otsu,8,5,SDE-fixedF,3.030782887170517e-06,0
Cat,otsu,8,6,SDE-fixedF,1.8441065782813894e-05,0
Cat,otsu,8,7,SDE-fixedF,4.547826883246981e-06,0
Cat,otsu,8,8,SDE-fixedF,4.632448522134262e-05,0
Cat,otsu,8,9,SDE-fixedF,3.030782887170517e-06,0
Cat,otsu,8,0,SDE-paper,9.736293696801234e-07,0
Cat,otsu,8,1,SDE-paper,0.0004500664746877502,0
Cat,otsu,8,2,SDE-paper,7.403430495107829e-06,0
Cat,otsu,8,3,SDE-paper,4.715598584542801e-05,0
Cat,otsu,8,4,SDE-paper,3.865172300177458e-06,0
Cat,otsu,8,5,SDE-paper,6.022423894376712e-06,0
Cat,otsu,8,6,SDE-paper,0.0004957488705334451,0
Cat,otsu,8,7,SDE-paper,3.4251866427715986e-06,0
Cat,otsu,8,8,SDE-paper,9.950686518824339e-06,0
Cat,otsu,8,9,SDE-paper,3.107768425613506e-06,0
Cat,otsu,8,0,DE,0.0004489167194650691,0
Cat,otsu,8,1,DE,2.4136878273135986e-06,0
Cat,otsu,8,2,DE,4.4376438533833995e-06,0
Cat,otsu,8,3,DE,8.315493155632785e-06,0
Cat,otsu,8,4,DE,1.4945894149157488e-05,0
Cat,otsu,8,5,DE,0.00045017719507817113,0
Cat,otsu,8,6,DE,1.0069996442905628e-05,0
Cat,otsu,8,7,DE,8.817961211713736e-06,0
Cat,otsu,8,8,DE,6.663688211757904e-06,0
Cat,otsu,8,9,DE,3.8969843332637826e-05,0
Cat,otsu,8,0,PSO,8.388624894263355e-05,0
Cat,otsu,8,1,PSO,3.1318496733308905e-05,0
Cat,otsu,8,2,PSO,2.843618739733253e-05,0
Cat,otsu,8,3,PSO,1.591127988969834e-05,0
Cat,otsu,8,4,PSO,6.954090689631415e-05,0
Cat,otsu,8,5,PSO,0.0002952420295376296,0
Cat,otsu,8,6,PSO,0.00045991869376859186,0
Cat,otsu,8,7,PSO,0.00015762005249548734,0
Cat,otsu,8,8,PSO,0.00024459563509443983,0
Cat,otsu,8,9,PSO,5.455898650562645e-05,0
Cat,otsu,8,0,RM-MDE,0.0,1
Cat,otsu,8,1,RM-MDE,0.0,1
Cat,otsu,8,2,RM-MDE,0.0,1
Cat,otsu,8,3,RM-MDE,3.107768425613506e-06,0
Cat,otsu,8,4,RM-MDE,0.0,1
Cat,otsu,8,5,RM-MDE,0.0,1
Cat,otsu,8,6,RM-MDE,0.0,1
Cat,otsu,8,7,RM-MDE,0.0,1
Cat,otsu,8,8,RM-MDE,0.0,1
Cat,otsu,8,9,RM-MDE,0.0,1
Cat,kapur,6,0,SDE-current,5.385979625635174e-05,0
Cat,kapur,6,1,SDE-current,0.0013658016590866876,0
Cat,kapur,6,2,SDE-current,0.000561239760454707,0
Cat,kapur,6,3,SDE-current,4.137595482894862e-05,0
Cat,kapur,6,4,SDE-current,0.0,1
Cat,kapur,6,5,SDE-current,0.003302152852455733,0
Cat,kapur,6,6,SDE-current,0.0035758776033422424,0
Cat,kapur,6,7,SDE-current,0.001442823691316858,0
Cat,kapur,6,8,SDE-current,0.003844940138044281,0
Cat,kapur,6,9,SDE-current,0.00319256393660017,0
Cat,kapur,6,0,SDE-fixedF,1.1508493485266767e-05,0
Cat,kapur,6,1,SDE-fixedF,0.00319256393660017,0
Cat,kapur,6,2,SDE-fixedF,0.00319256393660017,0
Cat,kapur,6,3,SDE-fixedF,7.958631343684677e-05,0
Cat,kapur,6,4,SDE-fixedF,0.00319256393660017,0
Cat,kapur,6,5,SDE-fixedF,0.005374590060257176,0
Cat,kapur,6,6,SDE-fixedF,0.00015492846816419196,0
Cat,kapur,6,7,SDE-fixedF,0.00020668853808955272,0
Cat,kapur,6,8,SDE-fixedF,0.00020668853808955272,0
Cat,kapur,6,9,SDE-fixedF,0.00020668853808955272,0
Cat,kapur,6,0,SDE-paper,1.1508493485266767e-05,0
Cat,kapur,6,1,SDE-paper,0.0,1
Cat,kapur,6,2,SDE-paper,1.1508493485266767e-05,0
Cat,kapur,6,3,SDE-paper,0.0,1
Cat,kapur,6,4,SDE-paper,9.325094753892661e-05,0
Cat,kapur,6,5,SDE-paper,0.0,1
Cat,kapur,6,6,SDE-paper,0.0,1
Cat,kapur,6,7,SDE-paper,0.00020668853808955272,0
Cat,kapur,6,8,SDE-paper,4.137595482894862e-05,0
Cat,kapur,6,9,SDE-paper,0.00014541573968548919,0
Cat,kapur,6,0,DE,0.0,1
Cat,kapur,6,1,DE,4.272003838118352e-05,0
Cat,kapur,6,2,DE,0.0005931150904038066,0
Cat,kapur,6,3,DE,0.00012329769723342567,0
Cat,kapur,6,4,DE,8.35803383818285e-05,0
Cat,kapur,6,5,DE,0.0,1
Cat,kapur,6,6,DE,1.1508493485266767e-05,0
Cat,kapur,6,7,DE,0.0,1
Cat,kapur,6,8,DE,1.1508493485266767e-05,0
Cat,kapur,6,9,DE,1.1508493485266767e-05,0
Cat,kapur,6,0,PSO,0.00041407905426828895,0
Cat,kapur,6,1,PSO,0.0005130910110658675,0
Cat,kapur,6,2,PSO,0.003098860158232592,0
Cat,kapur,6,3,PSO,8.518750228754704e-05,0
Cat,kapur,6,4,PSO,0.0014050317317300216,0
Cat,kapur,6,5,PSO,0.002285994419982927,0
Cat,kapur,6,6,PSO,0.0006448833077600273,0
Cat,kapur,6,7,PSO,0.00040397767615519143,0
Cat,kapur,6,8,PSO,0.0041642488568905366,0
Cat,kapur,6,9,PSO,3.084471779776746e-05,0
Cat,kapur,6,0,RM-MDE,0.0,1
Cat,kapur,6,1,RM-MDE,0.0,1
Cat,kapur,6,2,RM-MDE,0.0,1
Cat,kapur,6,3,RM-MDE,0.0,1
Cat,kapur,6,4,RM-MDE,0.0,1
Cat,kapur,6,5,RM-MDE,0.0,1
Cat,kapur,6,6,RM-MDE,0.00020668853808955272,0
Cat,kapur,6,7,RM-MDE,0.0,1
Cat,kapur,6,8,RM-MDE,0.0,1
Cat,kapur,6,9,RM-MDE,0.0,1
Cat,kapur,7,0,SDE-current,0.007860624297835208,0
Cat,kapur,7,1,SDE-current,0.012588781639522215,0
Cat,kapur,7,2,SDE-current,0.0008254701176057012,0
Cat,kapur,7,3,SDE-current,0.002064136972615484,0
Cat,kapur,7,4,SDE-current,0.0002533722477776411,0
Cat,kapur,7,5,SDE-current,0.0022677916070266138,0
Cat,kapur,7,6,SDE-current,0.0021481398452455167,0
Cat,kapur,7,7,SDE-current,0.0018548565269619077,0
Cat,kapur,7,8,SDE-current,7.551794072066876e-05,0
Cat,kapur,7,9,SDE-current,0.0029180158483752,0
Cat,kapur,7,0,SDE-fixedF,0.0004171808420233024,0
Cat,kapur,7,1,SDE-fixedF,7.551794072066876e-05,0
Cat,kapur,7,2,SDE-fixedF,8.876479063927063e-05,0
Cat,kapur,7,3,SDE-fixedF,0.002966753890357624,0
Cat,kapur,7,4,SDE-fixedF,0.00039242298251254964,0
Cat,kapur,7,5,SDE-fixedF,0.0010089624594396677,0
Cat,kapur,7,6,SDE-fixedF,0.00037270675275223033,0
Cat,kapur,7,7,SDE-fixedF,0.0006432437077680459,0
Cat,kapur,7,8,SDE-fixedF,0.00015384588994125386,0
Cat,kapur,7,9,SDE-fixedF,6.829776236140863e-05,0
Cat,kapur,7,0,SDE-paper,0.0,1
Cat,kapur,7,1,SDE-paper,0.0001543245421518061,0
Cat,kapur,7,2,SDE-paper,0.00030939527421430866,0
Cat,kapur,7,3,SDE-paper,0.0,1
Cat,kapur,7,4,SDE-paper,0.00010263864910916239,0
Cat,kapur,7,5,SDE-paper,1.3364357068983928e-05,0
Cat,kapur,7,6,SDE-paper,0.0,1
Cat,kapur,7,7,SDE-paper,6.508109930184036e-05,0
Cat,kapur,7,8,SDE-paper,1.0436841418828404e-05,0
Cat,kapur,7,9,SDE-paper,0.00016964490697744843,0
Cat,kapur,7,0,DE,0.09405022618801334,0
Cat,kapur,7,1,DE,8.088011633803496e-05,0
Cat,kapur,7,2,DE,6.829776236140863e-05,0
Cat,kapur,7,3,DE,7.551794072066876e-05,0
Cat,kapur,7,4,DE,0.00015962758150027772,0
Cat,kapur,7,5,DE,0.0023236442970589813,0
Cat,kapur,7,6,DE,0.00048439172599643856,0
Cat,kapur,7,7,DE,5.7354327065677825e-05,0
Cat,kapur,7,8,DE,1.7489716147746354e-05,0
Cat,kapur,7,9,DE,0.00023458227987779344,0
Cat,kapur,7,0,PSO,0.0016419317804144613,0
Cat,kapur,7,1,PSO,0.0019132033198814855,0
Cat,kapur,7,2,PSO,0.0024600213382783153,0
Cat,kapur,7,3,PSO,0.0038122548835776955,0
Cat,kapur,7,4,PSO,0.0022752930124663355,0
Cat,kapur,7,5,PSO,0.0013440174917106926,0
Cat,kapur,7,6,PSO,0.0009349207007137474,0
Cat,kapur,7,7,PSO,8.257081544958672e-05,0
Cat,kapur,7,8,PSO,0.0007344878072254612,0
Cat,kapur,7,9,PSO,0.00030595920496308916,0
Cat,kapur,7,0,RM-MDE,0.0,1
Cat,kapur,7,1,RM-MDE,1.0436841418828404e-05,0
Cat,kapur,7,2,RM-MDE,0.0,1
Cat,kapur,7,3,RM-MDE,0.0,1
Cat,kapur,7,4,RM-MDE,0.0,1
Cat,kapur,7,5,RM-MDE,0.0,1
Cat,kapur,7,6,RM-MDE,0.0,1
Cat,kapur,7,7,RM-MDE,0.0,1
Cat,kapur,7,8,RM-MDE,0.0,1
Cat,kapur,7,9,RM-MDE,0.0001543245421518061,0
Cat,kapur,8,0,SDE-current,0.0020524500868194713,0
Cat,kapur,8,1,SDE-current,0.004593837134936782,0
Cat,kapur,8,2,SDE-current,0.008917012209587915,0
Cat,kapur,8,3,SDE-current,0.0005725080658188595,0
Cat,kapur,8,4,SDE-current,0.012678628643198525,0
Cat,kapur,8,5,SDE-current,0.00186632411217431,0
Cat,kapur,8,6,SDE-current,0.08069363397924735,0
Cat,kapur,8,7,SDE-current,0.0011909142394771221,0
Cat,kapur,8,8,SDE-current,0.0021826604087505303,0
Cat,kapur,8,9,SDE-current,0.0045218825971823865,0
Cat,kapur,8,0,SDE-fixedF,0.0026970951930812893,0
Cat,kapur,8,1,SDE-fixedF,0.011808362063172219,0
Cat,kapur,8,2,SDE-fixedF,0.0005354704914150759,0
Cat,kapur,8,3,SDE-fixedF,0.0011441197695532701,0
Cat,kapur,8,4,SDE-fixedF,6.691125810000872e-05,0
Cat,kapur,8,5,SDE-fixedF,0.00012391447176653695,0
Cat,kapur,8,6,SDE-fixedF,0.0,1
Cat,kapur,8,7,SDE-fixedF,0.0011681029986511497,0
Cat,kapur,8,8,SDE-fixedF,0.0,1
Cat,kapur,8,9,SDE-fixedF,3.3828053225666064e-05,0
Cat,kapur,8,0,SDE-paper,0.00013994885566710787,0
Cat,kapur,8,1,SDE-paper,0.001431064069375815,0
Cat,kapur,8,2,SDE-paper,0.0,1
Cat,kapur,8,3,SDE-paper,4.604835560415611e-05,0
Cat,kapur,8,4,SDE-paper,0.0017024901255611126,0
Cat,kapur,8,5,SDE-paper,7.476974463218962e-05,0
Cat,kapur,8,6,SDE-paper,0.003547538377467539,0
Cat,kapur,8,7,SDE-paper,0.0008279009952066377,0
Cat,kapur,8,8,SDE-paper,0.0012194416154042442,0
Cat,kapur,8,9,SDE-paper,0.0002412347426181846,0
Cat,kapur,8,0,DE,0.003018278249341329,0
Cat,kapur,8,1,DE,0.0004178314277003046,0
Cat,kapur,8,2,DE,0.0020596480298459828,0
Cat,kapur,8,3,DE,0.000159537776914787,0
Cat,kapur,8,4,DE,0.0010632894767576252,0
Cat,kapur,8,5,DE,0.00011295961370416481,0
Cat,kapur,8,6,DE,0.00010199793139852571,0
Cat,kapur,8,7,DE,0.08050695615520337,0
Cat,kapur,8,8,DE,0.0003686719280811228,0
Cat,kapur,8,9,DE,0.00012391447176653695,0
Cat,kapur,8,0,PSO,0.003658724467369574,0
Cat,kapur,8,1,PSO,0.009919744442668972,0
Cat,kapur,8,2,PSO,0.0012657173558096608,0
Cat,kapur,8,3,PSO,0.0004862189853729283,0
Cat,kapur,8,4,PSO,0.005973891027224879,0
Cat,kapur,8,5,PSO,0.0018457627993427534,0
Cat,kapur,8,6,PSO,0.010066976038119678,0
Cat,kapur,8,7,PSO,0.0038506623531222067,0
Cat,kapur,8,8,PSO,0.0006518049406118478,0
Cat,kapur,8,9,PSO,0.008114144892914963,0
Cat,kapur,8,0,RM-MDE,0.0,1
Cat,kapur,8,1,RM-MDE,0.0,1
Cat,kapur,8,2,RM-MDE,0.0,1
Cat,kapur,8,3,RM-MDE,0.0,1
Cat,kapur,8,4,RM-MDE,0.0,1
Cat,kapur,8,5,RM-MDE,0.0,1
Cat,kapur,8,6,RM-MDE,0.0,1
Cat,kapur,8,7,RM-MDE,0.0,1
Cat,kapur,8,8,RM-MDE,0.0,1
Cat,kapur,8,9,RM-MDE,0.0,1
Cat,mcet,6,0,SDE-current,0.00013036025265907077,0
Cat,mcet,6,1,SDE-current,5.8957754160967926e-05,0
Cat,mcet,6,2,SDE-current,6.8126809506192486e-06,0
Cat,mcet,6,3,SDE-current,3.597150116205198e-05,0
Cat,mcet,6,4,SDE-current,0.0,1
Cat,mcet,6,5,SDE-current,0.00013099762059836105,0
Cat,mcet,6,6,SDE-current,2.0792830539427658e-07,0
Cat,mcet,6,7,SDE-current,2.920359650568447e-06,0
Cat,mcet,6,8,SDE-current,1.581995662272226e-05,0
Cat,mcet,6,9,SDE-current,7.099488162615844e-06,0
Cat,mcet,6,0,SDE-fixedF,3.224790029129681e-07,0
Cat,mcet,6,1,SDE-fixedF,0.0,1
Cat,mcet,6,2,SDE-fixedF,2.497915300189995e-06,0
Cat,mcet,6,3,SDE-fixedF,1.8965095363651636e-05,0
Cat,mcet,6,4,SDE-fixedF,0.0,1
Cat,mcet,6,5,SDE-fixedF,4.090661907793724e-07,0
Cat,mcet,6,6,SDE-fixedF,1.5550110057412618e-06,0
Cat,mcet,6,7,SDE-fixedF,2.0792830539427658e-07,0
Cat,mcet,6,8,SDE-fixedF,2.0792830539427658e-07,0
Cat,mcet,6,9,SDE-fixedF,0.0,1
Cat,mcet,6,0,SDE-paper,3.965355247512236e-06,0
Cat,mcet,6,1,SDE-paper,2.016685592688628e-06,0
Cat,mcet,6,2,SDE-paper,2.0792830539427658e-07,0
Cat,mcet,6,3,SDE-paper,1.8825461688103533e-05,0
Cat,mcet,6,4,SDE-paper,0.0,1
Cat,mcet,6,5,SDE-paper,3.2955947649859937e-06,0
Cat,mcet,6,6,SDE-paper,6.961951303436085e-06,0
Cat,mcet,6,7,SDE-paper,8.280055802791789e-06,0
Cat,mcet,6,8,SDE-paper,0.0,1
Cat,mcet,6,9,SDE-paper,8.580344070949564e-07,0
Cat,mcet,6,0,DE,0.0,1
Cat,mcet,6,1,DE,6.453304296873452e-07,0
Cat,mcet,6,2,DE,2.5412046545877787e-07,0
Cat,mcet,6,3,DE,0.0,1
Cat,mcet,6,4,DE,4.090661907793724e-07,0
Cat,mcet,6,5,DE,0.0,1
Cat,mcet,6,6,DE,0.000129955650420473,0
Cat,mcet,6,7,DE,5.473084976706156e-07,0
Cat,mcet,6,8,DE,1.2802690393905292e-07,0
Cat,mcet,6,9,DE,1.8415376367494946e-06,0
Cat,mcet,6,0,PSO,6.737617265686761e-06,0
Cat,mcet,6,1,PSO,1.3117086852762619e-05,0
Cat,mcet,6,2,PSO,9.17028422465233e-06,0
Cat,mcet,6,3,PSO,9.93369986067669e-07,0
Cat,mcet,6,4,PSO,2.497915300189995e-06,0
Cat,mcet,6,5,PSO,6.878321890766093e-06,0
Cat,mcet,6,6,PSO,2.497881282205747e-06,0
Cat,mcet,6,7,PSO,8.580344070949564e-07,0
Cat,mcet,6,8,PSO,8.0409214794182e-07,0
Cat,mcet,6,9,PSO,8.558049364618958e-06,0
Cat,mcet,6,0,RM-MDE,0.0,1
Cat,mcet,6,1,RM-MDE,0.0,1
Cat,mcet,6,2,RM-MDE,0.0,1
Cat,mcet,6,3,RM-MDE,0.0,1
Cat,mcet,6,4,RM-MDE,0.0,1
Cat,mcet,6,5,RM-MDE,0.0,1
Cat,mcet,6,6,RM-MDE,0.0,1
Cat,mcet,6,7,RM-MDE,0.0,1
Cat,mcet,6,8,RM-MDE,0.0,1
Cat,mcet,6,9,RM-MDE,0.0,1
Cat,mcet,7,0,SDE-current,2.0943100031577672e-05,0
Cat,mcet,7,1,SDE-current,9.464156109966212e-07,0
Cat,mcet,7,2,SDE-current,2.4869529621388834e-05,0
Cat,mcet,7,3,SDE-current,1.915034405460415e-05,0
Cat,mcet,7,4,SDE-current,1.2781195229451395e-05,0
Cat,mcet,7,5,SDE-current,0.00011220498202691675,0
Cat,mcet,7,6,SDE-current,5.168794026187908e-06,0
Cat,mcet,7,7,SDE-current,1.581426879958656e-06,0
Cat,mcet,7,8,SDE-current,5.008873023084346e-07,0
Cat,mcet,7,9,SDE-current,1.236831503272598e-07,0
Cat,mcet,7,0,SDE-fixedF,8.816001115530477e-05,0
Cat,mcet,7,1,SDE-fixedF,6.858462213539518e-06,0
Cat,mcet,7,2,SDE-fixedF,3.2943655947861343e-06,0
Cat,mcet,7,3,SDE-fixedF,3.11984400909337e-05,0
Cat,mcet,7,4,SDE-fixedF,9.262553057001642e-08,0
Cat,mcet,7,5,SDE-fixedF,3.1057619950574354e-08,0
Cat,mcet,7,6,SDE-fixedF,4.296597869490512e-05,0
Cat,mcet,7,7,SDE-fixedF,2.9490136161534e-07,0
Cat,mcet,7,8,SDE-fixedF,4.017443117204264e-06,0
Cat,mcet,7,9,SDE-fixedF,2.60531261061637e-07,0
Cat,mcet,7,0,SDE-paper,3.1057619950574354e-08,0
Cat,mcet,7,1,SDE-paper,1.5557592743459166e-07,0
Cat,mcet,7,2,SDE-paper,2.458982082251668e-07,0
Cat,mcet,7,3,SDE-paper,1.3742648286593426e-05,0
Cat,mcet,7,4,SDE-paper,8.680029854049163e-05,0
Cat,mcet,7,5,SDE-paper,1.3838073317406588e-05,0
Cat,mcet,7,6,SDE-paper,8.907318755221662e-05,0
Cat,mcet,7,7,SDE-paper,2.982056670053535e-06,0
Cat,mcet,7,8,SDE-paper,5.635772550845e-07,0
Cat,mcet,7,9,SDE-paper,3.8582440953022966e-07,0
Cat,mcet,7,0,DE,8.678339881416366e-05,0
Cat,mcet,7,1,DE,1.6606599250788488e-08,0
Cat,mcet,7,2,DE,3.2022181632208583e-07,0
Cat,mcet,7,3,DE,9.262553057001642e-08,0
Cat,mcet,7,4,DE,2.9490136161534e-07,0
Cat,mcet,7,5,DE,4.1284734689210225e-07,0
Cat,mcet,7,6,DE,5.95000280658109e-06,0
Cat,mcet,7,7,DE,3.385237386018522e-07,0
Cat,mcet,7,8,DE,3.1057619950574354e-08,0
Cat,mcet,7,9,DE,8.693367753231697e-05,0
Cat,mcet,7,0,PSO,7.815479395958259e-05,0
Cat,mcet,7,1,PSO,2.3321196097924434e-05,0
Cat,mcet,7,2,PSO,4.365905789550668e-06,0
Cat,mcet,7,3,PSO,3.0266637111028903e-06,0
Cat,mcet,7,4,PSO,8.870257375229648e-05,0
Cat,mcet,7,5,PSO,2.895304468315917e-06,0
Cat,mcet,7,6,PSO,4.3907899682727174e-05,0
Cat,mcet,7,7,PSO,4.1764665967231863e-05,0
Cat,mcet,7,8,PSO,4.3120559922659076e-06,0
Cat,mcet,7,9,PSO,8.51763933273485e-06,0
Cat,mcet,7,0,RM-MDE,0.0,1
Cat,mcet,7,1,RM-MDE,0.0,1
Cat,mcet,7,2,RM-MDE,0.0,1
Cat,mcet,7,3,RM-MDE,1.6606599250788488e-08,0
Cat,mcet,7,4,RM-MDE,0.0,1
Cat,mcet,7,5,RM-MDE,0.0,1
Cat,mcet,7,6,RM-MDE,0.0,1
Cat,mcet,7,7,RM-MDE,1.6606599250788488e-08,0
Cat,mcet,7,8,RM-MDE,3.1057619950574354e-08,0
Cat,mcet,7,9,RM-MDE,0.0,1
Cat,mcet,8,0,SDE-current,2.0345124046777247e-05,0
Cat,mcet,8,1,SDE-current,5.830773155858528e-05,0
Cat,mcet,8,2,SDE-current,1.0392004544997392e-06,0
Cat,mcet,8,3,SDE-current,6.021807938487169e-05,0
Cat,mcet,8,4,SDE-current,1.896858416214406e-05,0
Cat,mcet,8,5,SDE-current,1.0173162262879454e-05,0
Cat,mcet,8,6,SDE-current,7.200016779605727e-05,0
Cat,mcet,8,7,SDE-current,2.01118616079635e-06,0
Cat,mcet,8,8,SDE-current,6.107198135921961e-06,0
Cat,mcet,8,9,SDE-current,6.95528101465792e-06,0
Cat,mcet,8,0,SDE-fixedF,6.473489938433176e-05,0
Cat,mcet,8,1,SDE-fixedF,1.8056981067542037e-07,0
Cat,mcet,8,2,SDE-fixedF,2.6403076370850916e-07,0
Cat,mcet,8,3,SDE-fixedF,1.8056981067542037e-07,0
Cat,mcet,8,4,SDE-fixedF,7.819070345577265e-07,0
Cat,mcet,8,5,SDE-fixedF,5.489682440365692e-07,0
Cat,mcet,8,6,SDE-fixedF,5.670260704462521e-05,0
Cat,mcet,8,7,SDE-fixedF,1.3108227637797763e-06,0
Cat,mcet,8,8,SDE-fixedF,1.2964485450679358e-05,0
Cat,mcet,8,9,SDE-fixedF,5.266059547156198e-07,0
Cat,mcet,8,0,SDE-paper,5.6824815187725804e-05,0
Cat,mcet,8,1,SDE-paper,5.0637419375274325e-06,0
Cat,mcet,8,2,SDE-paper,1.536241880094193e-06,0
Cat,mcet,8,3,SDE-paper,1.1258027891972323e-05,0
Cat,mcet,8,4,SDE-paper,1.7761332878462968e-06,0
Cat,mcet,8,5,SDE-paper,7.333108435814624e-07,0
Cat,mcet,8,6,SDE-paper,6.365194501846031e-05,0
Cat,mcet,8,7,SDE-paper,2.5437397900228394e-06,0
Cat,mcet,8,8,SDE-paper,1.3137880834508808e-06,0
Cat,mcet,8,9,SDE-paper,1.8674710415767537e-07,0
Cat,mcet,8,0,DE,1.2698196028796323e-06,0
Cat,mcet,8,1,DE,1.071091378044549e-06,0
Cat,mcet,8,2,DE,7.798720958069064e-07,0
Cat,mcet,8,3,DE,5.266059547156198e-07,0
Cat,mcet,8,4,DE,1.2875914776777656e-06,0
Cat,mcet,8,5,DE,4.734745506908828e-06,0
Cat,mcet,8,6,DE,1.482392095995314e-06,0
Cat,mcet,8,7,DE,5.687381556856995e-05,0
Cat,mcet,8,8,DE,5.691743547744901e-05,0
Cat,mcet,8,9,DE,9.276762113002018e-07,0
Cat,mcet,8,0,PSO,4.62060325238391e-06,0
Cat,mcet,8,1,PSO,8.383818334354285e-05,0
Cat,mcet,8,2,PSO,7.03947219026086e-06,0
Cat,mcet,8,3,PSO,3.229168047020556e-06,0
Cat,mcet,8,4,PSO,9.894849365251347e-06,0
Cat,mcet,8,5,PSO,5.794540394247437e-07,0
Cat,mcet,8,6,PSO,3.443190619880665e-05,0
Cat,mcet,8,7,PSO,1.746859271730772e-05,0
Cat,mcet,8,8,PSO,1.512881591625726e-05,0
Cat,mcet,8,9,PSO,3.232397301323499e-06,0
Cat,mcet,8,0,RM-MDE,0.0,1
Cat,mcet,8,1,RM-MDE,0.0,1
Cat,mcet,8,2,RM-MDE,0.0,1
Cat,mcet,8,3,RM-MDE,0.0,1
Cat,mcet,8,4,RM-MDE,0.0,1
Cat,mcet,8,5,RM-MDE,1.2905996616215199e-08,0
Cat,mcet,8,6,RM-MDE,2.2691965680382722e-07,0
Cat,mcet,8,7,RM-MDE,0.0,1
Cat,mcet,8,8,RM-MDE,1.2905996616215199e-08,0
Cat,mcet,8,9,RM-MDE,1.2905996616215199e-08,0
Clock,otsu,6,0,SDE-current,0.0002634629110692285,0
Clock,otsu,6,1,SDE-current,0.0002187425394439062,0
Clock,otsu,6,2,SDE-current,0.00020471074530533195,0
Clock,otsu,6,3,SDE-current,7.781341917324847e-05,0
Clock,otsu,6,4,SDE-current,0.00021048035910453387,0
Clock,otsu,6,5,SDE-current,0.00021774362756401985,0
Clock,otsu,6,6,SDE-current,7.531169868340634e-06,0
Clock,otsu,6,7,SDE-current,0.00023138968404592781,0
Clock,otsu,6,8,SDE-current,1.378030660532294e-05,0
Clock,otsu,6,9,SDE-current,2.1587448817327587e-06,0
Clock,otsu,6,0,SDE-fixedF,1.3876084563984318e-06,0
Clock,otsu,6,1,SDE-fixedF,1.1025554495329003e-06,0
Clock,otsu,6,2,SDE-fixedF,1.1025554495329003e-06,0
Clock,otsu,6,3,SDE-fixedF,0.00020412286521225766,0
Clock,otsu,6,4,SDE-fixedF,1.3876084563984318e-06,0
Clock,otsu,6,5,SDE-fixedF,1.1025554495329003e-06,0
Clock,otsu,6,6,SDE-fixedF,5.4089428730810305e-06,0
Clock,otsu,6,7,SDE-fixedF,1.1481694778565348e-06,0
Clock,otsu,6,8,SDE-fixedF,5.152650952644524e-06,0
Clock,otsu,6,9,SDE-fixedF,3.5682790399813614e-05,0
Clock,otsu,6,0,SDE-paper,8.755533885904977e-05,0
Clock,otsu,6,1,SDE-paper,4.203163321481684e-06,0
Clock,otsu,6,2,SDE-paper,1.1481694778565348e-06,0
Clock,otsu,6,3,SDE-paper,0.00020412286521225766,0
Clock,otsu,6,4,SDE-paper,0.00020422621176519382,0
Clock,otsu,6,5,SDE-paper,0.00020412286521225766,0
Clock,otsu,6,6,SDE-paper,0.0,1
Clock,otsu,6,7,SDE-paper,0.00020554420200548238,0
Clock,otsu,6,8,SDE-paper,0.0,1
Clock,otsu,6,9,SDE-paper,0.0,1
Clock,otsu,6,0,DE,1.1025554495329003e-06,0
Clock,otsu,6,1,DE,7.869144657197423e-06,0
Clock,otsu,6,2,DE,1.1025554495329003e-06,0
Clock,otsu,6,3,DE,5.130399349171045e-06,0
Clock,otsu,6,4,DE,1.1025554495329003e-06,0
Clock,otsu,6,5,DE,1.3876084563984318e-06,0
Clock,otsu,6,6,DE,1.0401605695932145e-05,0
Clock,otsu,6,7,DE,1.2345406380283714e-06,0
Clock,otsu,6,8,DE,4.206831506665686e-06,0
Clock,otsu,6,9,DE,1.1025554495329003e-06,0
Clock,otsu,6,0,PSO,1.9513428783919498e-05,0
Clock,otsu,6,1,PSO,7.1503910183233375e-06,0
Clock,otsu,6,2,PSO,1.2854244113916282e-05,0
Clock,otsu,6,3,PSO,1.5625464130955356e-05,0
Clock,otsu,6,4,PSO,0.00020114993112820296,0
Clock,otsu,6,5,PSO,0.00011089195053777389,0
Clock,otsu,6,6,PSO,0.00020571831157416298,0
Clock,otsu,6,7,PSO,1.1040335884142842e-05,0
Clock,otsu,6,8,PSO,4.46174399634561e-05,0
Clock,otsu,6,9,PSO,0.0,1
Clock,otsu,6,0,RM-MDE,0.0,1
Clock,otsu,6,1,RM-MDE,0.0,1
Clock,otsu,6,2,RM-MDE,0.0,1
Clock,otsu,6,3,RM-MDE,0.0,1
Clock,otsu,6,4,RM-MDE,0.0,1
Clock,otsu,6,5,RM-MDE,0.0,1
Clock,otsu,6,6,RM-MDE,0.0,1
Clock,otsu,6,7,RM-MDE,0.0,1
Clock,otsu,6,8,RM-MDE,1.1025554495329003e-06,0
Clock,otsu,6,9,RM-MDE,0.0,1
Clock,otsu,7,0,SDE-current,0.00012260466781552378,0
Clock,otsu,7,1,SDE-current,2.4383374059018403e-05,0
Clock,otsu,7,2,SDE-current,5.022647901306128e-05,0
Clock,otsu,7,3,SDE-current,5.516877204243962e-05,0
Clock,otsu,7,4,SDE-current,3.661044381569397e-05,0
Clock,otsu,7,5,SDE-current,0.00013646380824051369,0
Clock,otsu,7,6,SDE-current,0.00021341824450574515,0
Clock,otsu,7,7,SDE-current,0.00012318932608362966,0
Clock,otsu,7,8,SDE-current,1.441538777315478e-05,0
Clock,otsu,7,9,SDE-current,5.2335741801064896e-05,0
Clock,otsu,7,0,SDE-fixedF,4.332359656608249e-05,0
Clock,otsu,7,1,SDE-fixedF,4.2397333550517143e-07,0
Clock,otsu,7,2,SDE-fixedF,1.042621443863435e-05,0
Clock,otsu,7,3,SDE-fixedF,4.2397333550517143e-07,0
Clock,otsu,7,4,SDE-fixedF,8.922281267617392e-06,0
Clock,otsu,7,5,SDE-fixedF,1.1712898293728504e-05,0
Clock,otsu,7,6,SDE-fixedF,7.550464962036378e-06,0
Clock,otsu,7,7,SDE-fixedF,2.7312797760274387e-06,0
Clock,otsu,7,8,SDE-fixedF,3.4162469793970262e-06,0
Clock,otsu,7,9,SDE-fixedF,3.3765140543726925e-06,0
Clock,otsu,7,0,SDE-paper,0.00012318691595927068,0
Clock,otsu,7,1,SDE-paper,6.910456893826187e-06,0
Clock,otsu,7,2,SDE-paper,0.0,1
Clock,otsu,7,3,SDE-paper,0.00012685161589938177,0
Clock,otsu,7,4,SDE-paper,0.00012303386682810795,0
Clock,otsu,7,5,SDE-paper,0.00032618244008998003,0
Clock,otsu,7,6,SDE-paper,0.0001223695133209763,0
Clock,otsu,7,7,SDE-paper,0.00012208449511466317,0
Clock,otsu,7,8,SDE-paper,0.00012629081303242834,0
Clock,otsu,7,9,SDE-paper,0.00020918715813451563,0
Clock,otsu,7,0,DE,1.990123816846948e-05,0
Clock,otsu,7,1,DE,2.2338877694167564e-07,0
Clock,otsu,7,2,DE,3.157935435410369e-05,0
Clock,otsu,7,3,DE,0.0,1
Clock,otsu,7,4,DE,4.106977481620331e-06,0
Clock,otsu,7,5,DE,0.00012318691595927068,0
Clock,otsu,7,6,DE,1.042621443863435e-05,0
Clock,otsu,7,7,DE,5.611050546188419e-07,0
Clock,otsu,7,8,DE,8.333713957428037e-06,0
Clock,otsu,7,9,DE,1.7818582897974457e-05,0
Clock,otsu,7,0,PSO,2.4152946089043003e-05,0
Clock,otsu,7,1,PSO,0.00012847381602703714,0
Clock,otsu,7,2,PSO,3.846161022783327e-05,0
Clock,otsu,7,3,PSO,6.139923013618763e-05,0
Clock,otsu,7,4,PSO,2.6950197324189775e-05,0
Clock,otsu,7,5,PSO,1.53685575763593e-05,0
Clock,otsu,7,6,PSO,3.252436815581815e-05,0
Clock,otsu,7,7,PSO,1.7571033013398572e-05,0
Clock,otsu,7,8,PSO,0.00029365729601873465,0
Clock,otsu,7,9,PSO,0.00016011871229403005,0
Clock,otsu,7,0,RM-MDE,0.0,1
Clock,otsu,7,1,RM-MDE,0.0,1
Clock,otsu,7,2,RM-MDE,0.0,1
Clock,otsu,7,3,RM-MDE,0.0,1
Clock,otsu,7,4,RM-MDE,2.2338877694167564e-07,0
Clock,otsu,7,5,RM-MDE,2.2338877694167564e-07,0
Clock,otsu,7,6,RM-MDE,6.910456893826187e-06,0
Clock,otsu,7,7,RM-MDE,2.2338877694167564e-07,0
Clock,otsu,7,8,RM-MDE,2.2338877694167564e-07,0
Clock,otsu,7,9,RM-MDE,0.0,1
Clock,otsu,8,0,SDE-current,0.0001510175732633501,0
Clock,otsu,8,1,SDE-current,0.00012723905201953822,0
Clock,otsu,8,2,SDE-current,0.00016361967449548905,0
Clock,otsu,8,3,SDE-current,2.163458726350137e-05,0
Clock,otsu,8,4,SDE-current,5.11887900397846e-05,0
Clock,otsu,8,5,SDE-current,1.1406404444024192e-05,0
Clock,otsu,8,6,SDE-current,6.981268497833243e-05,0
Clock,otsu,8,7,SDE-current,0.0003075786529638225,0
Clock,otsu,8,8,SDE-current,0.00023526928658930966,0
Clock,otsu,8,9,SDE-current,6.361181104204232e-05,0
Clock,otsu,8,0,SDE-fixedF,6.943525576785152e-06,0
Clock,otsu,8,1,SDE-fixedF,1.0891437870032672e-07,0
Clock,otsu,8,2,SDE-fixedF,0.00012145598173003709,0
Clock,otsu,8,3,SDE-fixedF,0.00011393391451052775,0
Clock,otsu,8,4,SDE-fixedF,3.3509873821930654e-05,0
Clock,otsu,8,5,SDE-fixedF,6.691148615097435e-05,0
Clock,otsu,8,6,SDE-fixedF,3.5465553889142444e-05,0
Clock,otsu,8,7,SDE-fixedF,8.855725065624393e-05,0
Clock,otsu,8,8,SDE-fixedF,3.457533526701359e-05,0
Clock,otsu,8,9,SDE-fixedF,4.5179409735570816e-06,0
Clock,otsu,8,0,SDE-paper,0.00023540810203431873,0
Clock,otsu,8,1,SDE-paper,0.00023445883701892165,0
Clock,otsu,8,2,SDE-paper,0.00011937481071508152,0
Clock,otsu,8,3,SDE-paper,0.00011929774298511872,0
Clock,otsu,8,4,SDE-paper,9.38199752582989e-06,0
Clock,otsu,8,5,SDE-paper,0.00011289641258853435,0
Clock,otsu,8,6,SDE-paper,0.00012194770322342338,0
Clock,otsu,8,7,SDE-paper,0.00011940429283331295,0
Clock,otsu,8,8,SDE-paper,0.00011929774298511872,0
Clock,otsu,8,9,SDE-paper,3.3418928467313426e-05,0
Clock,otsu,8,0,DE,7.72816776987869e-05,0
Clock,otsu,8,1,DE,4.8536828890676e-05,0
Clock,otsu,8,2,DE,0.00011267304891782455,0
Clock,otsu,8,3,DE,0.00011979647461241293,0
Clock,otsu,8,4,DE,6.82092660348769e-06,0
Clock,otsu,8,5,DE,5.6419602384489625e-06,0
Clock,otsu,8,6,DE,0.00012587624524499667,0
Clock,otsu,8,7,DE,4.400004835827236e-06,0
Clock,otsu,8,8,DE,0.00015881454049826728,0
Clock,otsu,8,9,DE,1.1624478811758584e-05,0
Clock,otsu,8,0,PSO,8.251916173059052e-05,0
Clock,otsu,8,1,PSO,0.00012218150362796278,0
Clock,otsu,8,2,PSO,2.764797742932489e-05,0
Clock,otsu,8,3,PSO,0.0001432773125985914,0
Clock,otsu,8,4,PSO,4.743209994911326e-06,0
Clock,otsu,8,5,PSO,1.688751047183522e-05,0
Clock,otsu,8,6,PSO,0.00012756747780078167,0
Clock,otsu,8,7,PSO,1.7127214755504253e-05,0
Clock,otsu,8,8,PSO,0.00012880517449847655,0
Clock,otsu,8,9,PSO,6.839429899929483e-06,0
Clock,otsu,8,0,RM-MDE,0.0,1
Clock,otsu,8,1,RM-MDE,0.0,1
Clock,otsu,8,2,RM-MDE,1.537757559229979e-07,0
Clock,otsu,8,3,RM-MDE,0.0,1
Clock,otsu,8,4,RM-MDE,0.0,1
Clock,otsu,8,5,RM-MDE,0.0,1
Clock,otsu,8,6,RM-MDE,0.0,1
Clock,otsu,8,7,RM-MDE,0.0,1
Clock,otsu,8,8,RM-MDE,0.0,1
Clock,otsu,8,9,RM-MDE,0.0,1
Clock,kapur,6,0,SDE-current,0.022556753858989753,0
Clock,kapur,6,1,SDE-current,0.10356228052472856,0
Clock,kapur,6,2,SDE-current,0.012190355842522439,0
Clock,kapur,6,3,SDE-current,0.013309630175292282,0
Clock,kapur,6,4,SDE-current,0.10371350906439186,0
Clock,kapur,6,5,SDE-current,0.012963031599211649,0
Clock,kapur,6,6,SDE-current,0.0020475191461505784,0
Clock,kapur,6,7,SDE-current,0.008048492530374004,0
Clock,kapur,6,8,SDE-current,0.0051482288970081825,0
Clock,kapur,6,9,SDE-current,0.0077691360877461205,0
Clock,kapur,6,0,SDE-fixedF,0.0,1
Clock,kapur,6,1,SDE-fixedF,0.0077691360877461205,0
Clock,kapur,6,2,SDE-fixedF,0.0,1
Clock,kapur,6,3,SDE-fixedF,0.007896677796470065,0
Clock,kapur,6,4,SDE-fixedF,0.007896677796470065,0
Clock,kapur,6,5,SDE-fixedF,0.0077691360877461205,0
Clock,kapur,6,6,SDE-fixedF,0.0,1
Clock,kapur,6,7,SDE-fixedF,0.012575123331473108,0
Clock,kapur,6,8,SDE-fixedF,0.0019001767283792948,0
Clock,kapur,6,9,SDE-fixedF,0.0,1
Clock,kapur,6,0,SDE-paper,0.0,1
Clock,kapur,6,1,SDE-paper,0.10356228052472856,0
Clock,kapur,6,2,SDE-paper,0.0,1
Clock,kapur,6,3,SDE-paper,0.00790651269955032,0
Clock,kapur,6,4,SDE-paper,0.00795110644004111,0
Clock,kapur,6,5,SDE-paper,0.008078400186791743,0
Clock,kapur,6,6,SDE-paper,0.00790651269955032,0
Clock,kapur,6,7,SDE-paper,0.0077691360877461205,0
Clock,kapur,6,8,SDE-paper,0.0077691360877461205,0
Clock,kapur,6,9,SDE-paper,0.0,1
Clock,kapur,6,0,DE,0.005253773792013663,0
Clock,kapur,6,1,DE,0.00023874788775601931,0
Clock,kapur,6,2,DE,0.0004094296963023429,0
Clock,kapur,6,3,DE,0.0,1
Clock,kapur,6,4,DE,0.008267240255784545,0
Clock,kapur,6,5,DE,0.00023874788775601931,0
Clock,kapur,6,6,DE,0.0,1
Clock,kapur,6,7,DE,0.012600519337290977,0
Clock,kapur,6,8,DE,0.0007969924955937844,0
Clock,kapur,6,9,DE,0.012575123331473108,0
Clock,kapur,6,0,PSO,3.950589569382511e-05,0
Clock,kapur,6,1,PSO,0.10356228052472856,0
Clock,kapur,6,2,PSO,0.004496201450396798,0
Clock,kapur,6,3,PSO,0.005036804592911311,0
Clock,kapur,6,4,PSO,0.009756576677958905,0
Clock,kapur,6,5,PSO,2.0932283710410924e-05,0
Clock,kapur,6,6,PSO,3.950589569382511e-05,0
Clock,kapur,6,7,PSO,0.013682454836630923,0
Clock,kapur,6,8,PSO,0.014116057169945838,0
Clock,kapur,6,9,PSO,0.005523249245331874,0
Clock,kapur,6,0,RM-MDE,0.0,1
Clock,kapur,6,1,RM-MDE,0.0,1
Clock,kapur,6,2,RM-MDE,0.0077691360877461205,0
Clock,kapur,6,3,RM-MDE,0.0,1
Clock,kapur,6,4,RM-MDE,0.0,1
Clock,kapur,6,5,RM-MDE,0.0,1
Clock,kapur,6,6,RM-MDE,0.0,1
Clock,kapur,6,7,RM-MDE,0.0,1
Clock,kapur,6,8,RM-MDE,0.0,1
Clock,kapur,6,9,RM-MDE,0.0,1
Clock,kapur,7,0,SDE-current,0.08913262253295776,0
Clock,kapur,7,1,SDE-current,0.005213984168534974,0
Clock,kapur,7,2,SDE-current,0.0026775398356912376,0
Clock,kapur,7,3,SDE-current,0.01579140059808514,0
Clock,kapur,7,4,SDE-current,0.01534382372588783,0
Clock,kapur,7,5,SDE-current,0.008779399891847561,0
Clock,kapur,7,6,SDE-current,0.09899422662853324,0
Clock,kapur,7,7,SDE-current,0.006128489466912633,0
Clock,kapur,7,8,SDE-current,0.006806647295871284,0
Clock,kapur,7,9,SDE-current,0.08743810563801441,0
Clock,kapur,7,0,SDE-fixedF,0.0019703583947133525,0
Clock,kapur,7,1,SDE-fixedF,0.005506138370715433,0
Clock,kapur,7,2,SDE-fixedF,0.004824681991187006,0
Clock,kapur,7,3,SDE-fixedF,0.0003982293925100049,0
Clock,kapur,7,4,SDE-fixedF,0.0014047301269259796,0
Clock,kapur,7,5,SDE-fixedF,0.005715126151203463,0
Clock,kapur,7,6,SDE-fixedF,0.00653912969968892,0
Clock,kapur,7,7,SDE-fixedF,0.00011639213967673607,0
Clock,kapur,7,8,SDE-fixedF,0.004715043205089539,0
Clock,kapur,7,9,SDE-fixedF,0.004385852629326746,0
Clock,kapur,7,0,SDE-paper,0.0,1
Clock,kapur,7,1,SDE-paper,0.0006350599867114401,0
Clock,kapur,7,2,SDE-paper,0.00011639213967673607,0
Clock,kapur,7,3,SDE-paper,0.007748547024138882,0
Clock,kapur,7,4,SDE-paper,0.08741900323368136,0
Clock,kapur,7,5,SDE-paper,0.003826500764561747,0
Clock,kapur,7,6,SDE-paper,0.08992541004475514,0
Clock,kapur,7,7,SDE-paper,0.08886385569185895,0
Clock,kapur,7,8,SDE-paper,0.0,1
Clock,kapur,7,9,SDE-paper,0.000476454590210423,0
Clock,kapur,7,0,DE,0.00326528936402312,0
Clock,kapur,7,1,DE,0.005144901143761136,0
Clock,kapur,7,2,DE,0.000476454590210423,0
Clock,kapur,7,3,DE,0.02960106520987951,0
Clock,kapur,7,4,DE,0.004715043205089539,0
Clock,kapur,7,5,DE,0.00021787678538424127,0
Clock,kapur,7,6,DE,0.005883178417221365,0
Clock,kapur,7,7,DE,0.004409028541629741,0
Clock,kapur,7,8,DE,0.0,1
Clock,kapur,7,9,DE,0.004824681991187006,0
Clock,kapur,7,0,PSO,0.005484046687778502,0
Clock,kapur,7,1,PSO,0.0057261594712446915,0
Clock,kapur,7,2,PSO,0.007465162915890407,0
Clock,kapur,7,3,PSO,0.006833190074597978,0
Clock,kapur,7,4,PSO,0.012507792342746462,0
Clock,kapur,7,5,PSO,0.002898326719356514,0
Clock,kapur,7,6,PSO,0.018365950332205144,0
Clock,kapur,7,7,PSO,0.005989819354270939,0
Clock,kapur,7,8,PSO,0.009561452336086984,0
Clock,kapur,7,9,PSO,0.006310945839702698,0
Clock,kapur,7,0,RM-MDE,0.0,1
Clock,kapur,7,1,RM-MDE,0.0,1
Clock,kapur,7,2,RM-MDE,0.0,1
Clock,kapur,7,3,RM-MDE,0.0,1
Clock,kapur,7,4,RM-MDE,0.0,1
Clock,kapur,7,5,RM-MDE,0.0,1
Clock,kapur,7,6,RM-MDE,0.0,1
Clock,kapur,7,7,RM-MDE,0.0,1
Clock,kapur,7,8,RM-MDE,0.0,1
Clock,kapur,7,9,RM-MDE,0.0,1
Clock,kapur,8,0,SDE-current,0.017907133019679215,0
Clock,kapur,8,1,SDE-current,0.001673697081530831,0
Clock,kapur,8,2,SDE-current,0.006840915528364732,0
Clock,kapur,8,3,SDE-current,0.004327523181662993,0
Clock,kapur,8,4,SDE-current,0.024233696744808974,0
Clock,kapur,8,5,SDE-current,0.01122780008580658,0
Clock,kapur,8,6,SDE-current,0.08255002683952803,0
Clock,kapur,8,7,SDE-current,0.018069420610693006,0
Clock,kapur,8,8,SDE-current,0.0018671364040032286,0
Clock,kapur,8,9,SDE-current,0.000727468072631143,0
Clock,kapur,8,0,SDE-fixedF,0.0008451116676898905,0
Clock,kapur,8,1,SDE-fixedF,0.0,1
Clock,kapur,8,2,SDE-fixedF,0.007965617221510382,0
Clock,kapur,8,3,SDE-fixedF,0.004454786991972254,0
Clock,kapur,8,4,SDE-fixedF,0.000985450288572741,0
Clock,kapur,8,5,SDE-fixedF,0.0011206779265929675,0
Clock,kapur,8,6,SDE-fixedF,0.0010602351763126083,0
Clock,kapur,8,7,SDE-fixedF,0.007233765001291785,0
Clock,kapur,8,8,SDE-fixedF,0.008509102136888807,0
Clock,kapur,8,9,SDE-fixedF,0.08112201602186891,0
Clock,kapur,8,0,SDE-paper,0.0,1
Clock,kapur,8,1,SDE-paper,0.07780909424461824,0
Clock,kapur,8,2,SDE-paper,0.0011895646837128898,0
Clock,kapur,8,3,SDE-paper,0.004579955568285732,0
Clock,kapur,8,4,SDE-paper,0.07666722902989666,0
Clock,kapur,8,5,SDE-paper,0.07666722902989666,0
Clock,kapur,8,6,SDE-paper,0.07677469770674353,0
Clock,kapur,8,7,SDE-paper,0.07666722902989666,0
Clock,kapur,8,8,SDE-paper,0.08071683049119945,0
Clock,kapur,8,9,SDE-paper,0.0,1
Clock,kapur,8,0,DE,0.009757620142506043,0
Clock,kapur,8,1,DE,0.0791307808834899,0
Clock,kapur,8,2,DE,0.006534452791933743,0
Clock,kapur,8,3,DE,0.0025554633729075876,0
Clock,kapur,8,4,DE,0.0022870263282110505,0
Clock,kapur,8,5,DE,0.004800623610015474,0
Clock,kapur,8,6,DE,0.0813694365568628,0
Clock,kapur,8,7,DE,0.004758739438468556,0
Clock,kapur,8,8,DE,0.07847869697631726,0
Clock,kapur,8,9,DE,0.004667505456933181,0
Clock,kapur,8,0,PSO,0.00582910227674277,0
Clock,kapur,8,1,PSO,0.08189179924512963,0
Clock,kapur,8,2,PSO,0.010513716111855444,0
Clock,kapur,8,3,PSO,0.006931700774507796,0
Clock,kapur,8,4,PSO,0.015635412939347035,0
Clock,kapur,8,5,PSO,0.004764980495542159,0
Clock,kapur,8,6,PSO,0.032281324205015,0
Clock,kapur,8,7,PSO,0.010086045364796507,0
Clock,kapur,8,8,PSO,0.08093698275283462,0
Clock,kapur,8,9,PSO,0.0019228942374461013,0
Clock,kapur,8,0,RM-MDE,0.0,1
Clock,kapur,8,1,RM-MDE,0.0,1
Clock,kapur,8,2,RM-MDE,0.0,1
Clock,kapur,8,3,RM-MDE,0.0,1
Clock,kapur,8,4,RM-MDE,0.0,1
Clock,kapur,8,5,RM-MDE,0.0,1
Clock,kapur,8,6,RM-MDE,0.0,1
Clock,kapur,8,7,RM-MDE,0.0,1
Clock,kapur,8,8,RM-MDE,0.0,1
Clock,kapur,8,9,RM-MDE,0.0,1
Clock,mcet,6,0,SDE-current,1.4184101411234609e-06,0
Clock,mcet,6,1,SDE-current,2.2476129060673677e-05,0
Clock,mcet,6,2,SDE-current,2.2963666834896512e-05,0
Clock,mcet,6,3,SDE-current,1.7437982441154154e-06,0
Clock,mcet,6,4,SDE-current,2.9056508466532385e-05,0
Clock,mcet,6,5,SDE-current,2.8493082519753586e-05,0
Clock,mcet,6,6,SDE-current,2.861877036204776e-06,0
Clock,mcet,6,7,SDE-current,2.277553905018653e-05,0
Clock,mcet,6,8,SDE-current,2.0245621504964833e-05,0
Clock,mcet,6,9,SDE-current,5.808862594743897e-07,0
Clock,mcet,6,0,SDE-fixedF,2.1276000918881314e-08,0
Clock,mcet,6,1,SDE-fixedF,2.1276000918881314e-08,0
Clock,mcet,6,2,SDE-fixedF,2.1276000918881314e-08,0
Clock,mcet,6,3,SDE-fixedF,2.4103084745392558e-08,0
Clock,mcet,6,4,SDE-fixedF,3.756503493636395e-07,0
Clock,mcet,6,5,SDE-fixedF,2.4103084745392558e-08,0
Clock,mcet,6,6,SDE-fixedF,4.786522795417494e-07,0
Clock,mcet,6,7,SDE-fixedF,4.608872655228361e-06,0
Clock,mcet,6,8,SDE-fixedF,2.1276000918881314e-08,0
Clock,mcet,6,9,SDE-fixedF,2.8270838265112463e-09,1
Clock,mcet,6,0,SDE-paper,2.4103084745392558e-08,0
Clock,mcet,6,1,SDE-paper,2.442875834384074e-05,0
Clock,mcet,6,2,SDE-paper,3.459887854971592e-08,0
Clock,mcet,6,3,SDE-paper,2.2476129060673677e-05,0
Clock,mcet,6,4,SDE-paper,2.2476129060673677e-05,0
Clock,mcet,6,5,SDE-paper,2.289675762312699e-05,0
Clock,mcet,6,6,SDE-paper,2.8581049114518052e-05,0
Clock,mcet,6,7,SDE-paper,2.2476129060673677e-05,0
Clock,mcet,6,8,SDE-paper,0.0,1
Clock,mcet,6,9,SDE-paper,0.0,1
Clock,mcet,6,0,DE,2.1276000918881314e-08,0
Clock,mcet,6,1,DE,2.4103084745392558e-08,0
Clock,mcet,6,2,DE,2.2559963219780028e-05,0
Clock,mcet,6,3,DE,2.1276000918881314e-08,0
Clock,mcet,6,4,DE,2.2476129060673677e-05,0
Clock,mcet,6,5,DE,2.1276000918881314e-08,0
Clock,mcet,6,6,DE,4.786522795417494e-07,0
Clock,mcet,6,7,DE,2.1276000918881314e-08,0
Clock,mcet,6,8,DE,2.1276000918881314e-08,0
Clock,mcet,6,9,DE,2.4103084745392558e-08,0
Clock,mcet,6,0,PSO,0.0,1
Clock,mcet,6,1,PSO,2.3809221557361516e-06,0
Clock,mcet,6,2,PSO,2.4103084745392558e-08,0
Clock,mcet,6,3,PSO,1.8201233824040166e-06,0
Clock,mcet,6,4,PSO,3.5644321306608737e-06,0
Clock,mcet,6,5,PSO,2.454501344490045e-05,0
Clock,mcet,6,6,PSO,2.2476129060673677e-05,0
Clock,mcet,6,7,PSO,6.638057477395033e-07,0
Clock,mcet,6,8,PSO,1.6411540267821345e-05,0
Clock,mcet,6,9,PSO,1.595170193148141e-08,0
Clock,mcet,6,0,RM-MDE,0.0,1
Clock,mcet,6,1,RM-MDE,0.0,1
Clock,mcet,6,2,RM-MDE,2.8270838265112463e-09,1
Clock,mcet,6,3,RM-MDE,0.0,1
Clock,mcet,6,4,RM-MDE,2.1276000918881314e-08,0
Clock,mcet,6,5,RM-MDE,0.0,1
Clock,mcet,6,6,RM-MDE,0.0,1
Clock,mcet,6,7,RM-MDE,0.0,1
Clock,mcet,6,8,RM-MDE,2.8270838265112463e-09,1
Clock,mcet,6,9,RM-MDE,0.0,1
Clock,mcet,7,0,SDE-current,1.333426773582406e-05,0
Clock,mcet,7,1,SDE-current,1.997913504710111e-06,0
Clock,mcet,7,2,SDE-current,5.108267051979463e-06,0
Clock,mcet,7,3,SDE-current,1.3526853512178144e-05,0
Clock,mcet,7,4,SDE-current,3.7245146666214276e-07,0
Clock,mcet,7,5,SDE-current,3.275859398271987e-05,0
Clock,mcet,7,6,SDE-current,2.1190589248398043e-05,0
Clock,mcet,7,7,SDE-current,1.3407743134214826e-07,0
Clock,mcet,7,8,SDE-current,2.3004494900895485e-06,0
Clock,mcet,7,9,SDE-current,6.203496058367936e-06,0
Clock,mcet,7,0,SDE-fixedF,1.3256217212539254e-06,0
Clock,mcet,7,1,SDE-fixedF,9.008064016708644e-09,1
Clock,mcet,7,2,SDE-fixedF,4.300738261498419e-06,0
Clock,mcet,7,3,SDE-fixedF,1.173902820163439e-07,0
Clock,mcet,7,4,SDE-fixedF,1.4377235613137425e-07,0
Clock,mcet,7,5,SDE-fixedF,0.0,1
Clock,mcet,7,6,SDE-fixedF,9.508152905894998e-08,0
Clock,mcet,7,7,SDE-fixedF,5.8452115079103e-07,0
Clock,mcet,7,8,SDE-fixedF,2.632433021351961e-06,0
Clock,mcet,7,9,SDE-fixedF,4.142789746724272e-07,0
Clock,mcet,7,0,SDE-paper,1.2993220684567318e-05,0
Clock,mcet,7,1,SDE-paper,1.5002892656155002e-07,0
Clock,mcet,7,2,SDE-paper,1.823298282996359e-06,0
Clock,mcet,7,3,SDE-paper,1.297989797958262e-05,0
Clock,mcet,7,4,SDE-paper,1.2958622254371399e-05,0
Clock,mcet,7,5,SDE-paper,4.783112925001622e-07,0
Clock,mcet,7,6,SDE-paper,1.3686002626591613e-05,0
Clock,mcet,7,7,SDE-paper,1.2958622254371399e-05,0
Clock,mcet,7,8,SDE-paper,0.0,1
Clock,mcet,7,9,SDE-paper,1.297989797958262e-05,0
Clock,mcet,7,0,DE,6.465911584090997e-06,0
Clock,mcet,7,1,DE,9.008064016708644e-09,1
Clock,mcet,7,2,DE,1.1190505751214412e-06,0
Clock,mcet,7,3,DE,9.100514837621633e-08,0
Clock,mcet,7,4,DE,0.0,1
Clock,mcet,7,5,DE,1.297989797958262e-05,0
Clock,mcet,7,6,DE,3.411625172486222e-06,0
Clock,mcet,7,7,DE,0.0,1
Clock,mcet,7,8,DE,5.76443526825826e-07,0
Clock,mcet,7,9,DE,4.300738261498419e-06,0
Clock,mcet,7,0,PSO,4.922999356519454e-06,0
Clock,mcet,7,1,PSO,1.2798203099697798e-05,0
Clock,mcet,7,2,PSO,8.469357086277574e-08,0
Clock,mcet,7,3,PSO,1.7749099571875714e-05,0
Clock,mcet,7,4,PSO,6.205825341872153e-06,0
Clock,mcet,7,5,PSO,8.469357086277574e-08,0
Clock,mcet,7,6,PSO,6.074340734620807e-06,0
Clock,mcet,7,7,PSO,8.205798353508001e-07,0
Clock,mcet,7,8,PSO,1.473463411943147e-05,0
Clock,mcet,7,9,PSO,8.045516574830792e-06,0
Clock,mcet,7,0,RM-MDE,0.0,1
Clock,mcet,7,1,RM-MDE,0.0,1
Clock,mcet,7,2,RM-MDE,0.0,1
Clock,mcet,7,3,RM-MDE,0.0,1
Clock,mcet,7,4,RM-MDE,0.0,1
Clock,mcet,7,5,RM-MDE,0.0,1
Clock,mcet,7,6,RM-MDE,0.0,1
Clock,mcet,7,7,RM-MDE,0.0,1
Clock,mcet,7,8,RM-MDE,0.0,1
Clock,mcet,7,9,RM-MDE,0.0,1
Clock,mcet,8,0,SDE-current,2.1693947221954095e-05,0
Clock,mcet,8,1,SDE-current,1.2860028212197822e-05,0
Clock,mcet,8,2,SDE-current,4.4461629617805854e-06,0
Clock,mcet,8,3,SDE-current,1.9047784321603193e-06,0
Clock,mcet,8,4,SDE-current,9.716448836172317e-06,0
Clock,mcet,8,5,SDE-current,7.955936392243332e-06,0
Clock,mcet,8,6,SDE-current,2.3217230049673465e-05,0
Clock,mcet,8,7,SDE-current,2.1455065149636585e-05,0
Clock,mcet,8,8,SDE-current,1.4082747545320367e-06,0
Clock,mcet,8,9,SDE-current,9.191465642130694e-07,0
Clock,mcet,8,0,SDE-fixedF,8.644656877633966e-06,0
Clock,mcet,8,1,SDE-fixedF,2.8210987826278153e-06,0
Clock,mcet,8,2,SDE-fixedF,3.8070721529943015e-07,0
Clock,mcet,8,3,SDE-fixedF,5.705608985610406e-07,0
Clock,mcet,8,4,SDE-fixedF,2.4248869307457285e-07,0
Clock,mcet,8,5,SDE-fixedF,8.961557215671681e-06,0
Clock,mcet,8,6,SDE-fixedF,1.4959172551199586e-07,0
Clock,mcet,8,7,SDE-fixedF,1.474701735520739e-07,0
Clock,mcet,8,8,SDE-fixedF,2.447988577576307e-07,0
Clock,mcet,8,9,SDE-fixedF,6.557099737179047e-07,0
Clock,mcet,8,0,SDE-paper,2.1455065149636585e-05,0
Clock,mcet,8,1,SDE-paper,1.2775978989836667e-05,0
Clock,mcet,8,2,SDE-paper,8.475277178287087e-06,0
Clock,mcet,8,3,SDE-paper,8.783693713183721e-06,0
Clock,mcet,8,4,SDE-paper,2.501066851645669e-06,0
Clock,mcet,8,5,SDE-paper,4.792032707140761e-06,0
Clock,mcet,8,6,SDE-paper,9.342675566189446e-06,0
Clock,mcet,8,7,SDE-paper,1.2775978989836667e-05,0
Clock,mcet,8,8,SDE-paper,1.4338973516705195e-07,0
Clock,mcet,8,9,SDE-paper,1.119974068758574e-07,0
Clock,mcet,8,0,DE,4.9467457061838654e-06,0
Clock,mcet,8,1,DE,9.036786138849108e-06,0
Clock,mcet,8,2,DE,4.437575883987255e-06,0
Clock,mcet,8,3,DE,8.475277178287087e-06,0
Clock,mcet,8,4,DE,2.8524299615447646e-07,0
Clock,mcet,8,5,DE,3.081894481753006e-07,0
Clock,mcet,8,6,DE,8.877658560368719e-06,0
Clock,mcet,8,7,DE,3.334663620115087e-07,0
Clock,mcet,8,8,DE,4.855146389714738e-06,0
Clock,mcet,8,9,DE,2.2841015886417974e-07,0
Clock,mcet,8,0,PSO,8.809666455064112e-06,0
Clock,mcet,8,1,PSO,9.011030891687512e-06,0
Clock,mcet,8,2,PSO,2.3512565455850245e-07,0
Clock,mcet,8,3,PSO,9.446280652100308e-06,0
Clock,mcet,8,4,PSO,1.7784007919689377e-06,0
Clock,mcet,8,5,PSO,1.1054371628667215e-06,0
Clock,mcet,8,6,PSO,1.0734013756636519e-05,0
Clock,mcet,8,7,PSO,5.5404501753245465e-06,0
Clock,mcet,8,8,PSO,1.383135692069728e-05,0
Clock,mcet,8,9,PSO,3.875103937595201e-06,0
Clock,mcet,8,0,RM-MDE,7.310899372769339e-08,0
Clock,mcet,8,1,RM-MDE,0.0,1
Clock,mcet,8,2,RM-MDE,7.310899372769339e-08,0
Clock,mcet,8,3,RM-MDE,7.310899372769339e-08,0
Clock,mcet,8,4,RM-MDE,0.0,1
Clock,mcet,8,5,RM-MDE,0.0,1
Clock,mcet,8,6,RM-MDE,0.0,1
Clock,mcet,8,7,RM-MDE,0.0,1
Clock,mcet,8,8,RM-MDE,7.310899372769339e-08,0
Clock,mcet,8,9,RM-MDE,0.0,1
Histology,otsu,6,0,SDE-current,3.885788398395508e-05,0
Histology,otsu,6,1,SDE-current,9.79647262380683e-05,0
Histology,otsu,6,2,SDE-current,5.160550364192748e-06,0
Histology,otsu,6,3,SDE-current,0.0003114103535439553,0
Histology,otsu,6,4,SDE-current,0.0,1
Histology,otsu,6,5,SDE-current,2.006497197153343e-06,0
Histology,otsu,6,6,SDE-current,2.3962930722630054e-05,0
Histology,otsu,6,7,SDE-current,0.00022717483899308637,0
Histology,otsu,6,8,SDE-current,2.686930621555772e-06,0
Histology,otsu,6,9,SDE-current,0.00019801027477301075,0
Histology,otsu,6,0,SDE-fixedF,1.7104236922597835e-06,0
Histology,otsu,6,1,SDE-fixedF,1.754827739540054e-06,0
Histology,otsu,6,2,SDE-fixedF,8.28731936726374e-07,0
Histology,otsu,6,3,SDE-fixedF,1.6450780581425276e-06,0
Histology,otsu,6,4,SDE-fixedF,1.727045601749006e-07,0
Histology,otsu,6,5,SDE-fixedF,6.560273765514734e-07,0
Histology,otsu,6,6,SDE-fixedF,1.0449054363697595e-06,0
Histology,otsu,6,7,SDE-fixedF,5.8745212782039526e-06,0
Histology,otsu,6,8,SDE-fixedF,0.0,1
Histology,otsu,6,9,SDE-fixedF,2.835038007392641e-06,0
Histology,otsu,6,0,SDE-paper,0.0,1
Histology,otsu,6,1,SDE-paper,2.067695552058718e-05,0
Histology,otsu,6,2,SDE-paper,5.224401925834396e-05,0
Histology,otsu,6,3,SDE-paper,4.953890586947636e-06,0
Histology,otsu,6,4,SDE-paper,4.8386997636242965e-05,0
Histology,otsu,6,5,SDE-paper,0.0,1
Histology,otsu,6,6,SDE-paper,4.314254303321098e-06,0
Histology,otsu,6,7,SDE-paper,9.237269025874739e-05,0
Histology,otsu,6,8,SDE-paper,4.314254303321098e-06,0
Histology,otsu,6,9,SDE-paper,1.727045601749006e-07,0
Histology,otsu,6,0,DE,1.727045601749006e-07,0
Histology,otsu,6,1,DE,0.0,1
Histology,otsu,6,2,DE,0.0,1
Histology,otsu,6,3,DE,1.727045601749006e-07,0
Histology,otsu,6,4,DE,1.173465421100632e-05,0
Histology,otsu,6,5,DE,6.560273765514734e-07,0
Histology,otsu,6,6,DE,8.049480730771361e-07,0
Histology,otsu,6,7,DE,1.727045601749006e-07,0
Histology,otsu,6,8,DE,1.6450780581425276e-06,0
Histology,otsu,6,9,DE,1.6657569282884353e-06,0
Histology,otsu,6,0,PSO,7.352584924224215e-05,0
Histology,otsu,6,1,PSO,3.5151794889253157e-06,0
Histology,otsu,6,2,PSO,4.957244389291902e-06,0
Histology,otsu,6,3,PSO,1.5825884505873253e-05,0
Histology,otsu,6,4,PSO,5.7219058864756935e-06,0
Histology,otsu,6,5,PSO,2.6372197636406133e-06,0
Histology,otsu,6,6,PSO,1.6639100425006e-05,0
Histology,otsu,6,7,PSO,4.557764933565537e-06,0
Histology,otsu,6,8,PSO,2.0709075346991783e-05,0
Histology,otsu,6,9,PSO,1.6450780581425276e-06,0
Histology,otsu,6,0,RM-MDE,0.0,1
Histology,otsu,6,1,RM-MDE,0.0,1
Histology,otsu,6,2,RM-MDE,0.0,1
Histology,otsu,6,3,RM-MDE,0.0,1
Histology,otsu,6,4,RM-MDE,0.0,1
Histology,otsu,6,5,RM-MDE,0.0,1
Histology,otsu,6,6,RM-MDE,1.727045601749006e-07,0
Histology,otsu,6,7,RM-MDE,0.0,1
Histology,otsu,6,8,RM-MDE,0.0,1
Histology,otsu,6,9,RM-MDE,0.0,1
Histology,otsu,7,0,SDE-current,6.778455644572994e-06,0
Histology,otsu,7,1,SDE-current,3.784636164888361e-05,0
Histology,otsu,7,2,SDE-current,2.1274558728091523e-06,0
Histology,otsu,7,3,SDE-current,4.516087299275806e-07,0
Histology,otsu,7,4,SDE-current,2.050851742445284e-05,0
Histology,otsu,7,5,SDE-current,1.1299664217348674e-06,0
Histology,otsu,7,6,SDE-current,4.278418749117327e-05,0
Histology,otsu,7,7,SDE-current,2.7287069940749635e-05,0
Histology,otsu,7,8,SDE-current,3.637474658866822e-05,0
Histology,otsu,7,9,SDE-current,0.00043755802931659294,0
Histology,otsu,7,0,SDE-fixedF,8.412610927639337e-06,0
Histology,otsu,7,1,SDE-fixedF,1.4753079672777133e-05,0
Histology,otsu,7,2,SDE-fixedF,1.4377682639994468e-06,0
Histology,otsu,7,3,SDE-fixedF,1.1523404979316051e-05,0
Histology,otsu,7,4,SDE-fixedF,9.453614333033052e-06,0
Histology,otsu,7,5,SDE-fixedF,1.84548917697198e-06,0
Histology,otsu,7,6,SDE-fixedF,7.628993014019905e-05,0
Histology,otsu,7,7,SDE-fixedF,4.596758676885617e-06,0
Histology,otsu,7,8,SDE-fixedF,7.511112801224949e-08,0
Histology,otsu,7,9,SDE-fixedF,7.511112801224949e-08,0
Histology,otsu,7,0,SDE-paper,1.7127283823024254e-05,0
Histology,otsu,7,1,SDE-paper,7.847414438983991e-07,0
Histology,otsu,7,2,SDE-paper,1.120208706779047e-05,0
Histology,otsu,7,3,SDE-paper,1.7314766737556564e-05,0
Histology,otsu,7,4,SDE-paper,2.7926033014807498e-05,0
Histology,otsu,7,5,SDE-paper,2.868655101326401e-05,0
Histology,otsu,7,6,SDE-paper,2.9258459655865145e-05,0
Histology,otsu,7,7,SDE-paper,7.847414438983991e-07,0
Histology,otsu,7,8,SDE-paper,1.9500424933704384e-05,0
Histology,otsu,7,9,SDE-paper,7.511112801224949e-08,0
Histology,otsu,7,0,DE,7.511112801224949e-08,0
Histology,otsu,7,1,DE,4.641511362679065e-07,0
Histology,otsu,7,2,DE,2.1166814632950269e-07,0
Histology,otsu,7,3,DE,9.806708740378044e-05,0
Histology,otsu,7,4,DE,7.511112801224949e-08,0
Histology,otsu,7,5,DE,2.631853675154148e-07,0
Histology,otsu,7,6,DE,1.2715776226465055e-06,0
Histology,otsu,7,7,DE,2.3101822648513524e-06,0
Histology,otsu,7,8,DE,1.185267098300162e-05,0
Histology,otsu,7,9,DE,1.4614831483906312e-05,0
Histology,otsu,7,0,PSO,2.768821242050653e-05,0
Histology,otsu,7,1,PSO,1.5756859907243708e-05,0
Histology,otsu,7,2,PSO,1.5101517799947159e-05,0
Histology,otsu,7,3,PSO,1.418732808894132e-05,0
Histology,otsu,7,4,PSO,2.4182514960138828e-05,0
Histology,otsu,7,5,PSO,1.3169703425020689e-05,0
Histology,otsu,7,6,PSO,2.1703335392853205e-05,0
Histology,otsu,7,7,PSO,6.623235499799804e-06,0
Histology,otsu,7,8,PSO,1.1874249455259023e-05,0
Histology,otsu,7,9,PSO,5.211460330065231e-06,0
Histology,otsu,7,0,RM-MDE,0.0,1
Histology,otsu,7,1,RM-MDE,0.0,1
Histology,otsu,7,2,RM-MDE,0.0,1
Histology,otsu,7,3,RM-MDE,0.0,1
Histology,otsu,7,4,RM-MDE,0.0,1
Histology,otsu,7,5,RM-MDE,0.0,1
Histology,otsu,7,6,RM-MDE,0.0,1
Histology,otsu,7,7,RM-MDE,7.511112801224949e-08,0
Histology,otsu,7,8,RM-MDE,0.0,1
Histology,otsu,7,9,RM-MDE,0.0,1
Histology,otsu,8,0,SDE-current,4.125390219515552e-05,0
Histology,otsu,8,1,SDE-current,0.00035383112055022836,0
Histology,otsu,8,2,SDE-current,4.5535499634936516e-05,0
Histology,otsu,8,3,SDE-current,1.095104878562918e-05,0
Histology,otsu,8,4,SDE-current,4.047125200005301e-06,0
Histology,otsu,8,5,SDE-current,1.8013817371500384e-05,0
Histology,otsu,8,6,SDE-current,2.956640752616079e-05,0
Histology,otsu,8,7,SDE-current,1.356328739915858e-05,0
Histology,otsu,8,8,SDE-current,5.1063767047773844e-05,0
Histology,otsu,8,9,SDE-current,2.1454264276820068e-05,0
Histology,otsu,8,0,SDE-fixedF,3.160258269264807e-06,0
Histology,otsu,8,1,SDE-fixedF,8.046556932216986e-06,0
Histology,otsu,8,2,SDE-fixedF,5.9273910939315024e-06,0
Histology,otsu,8,3,SDE-fixedF,2.6812822118351433e-05,0
Histology,otsu,8,4,SDE-fixedF,4.232917612337767e-07,0
Histology,otsu,8,5,SDE-fixedF,1.3323628600404241e-06,0
Histology,otsu,8,6,SDE-fixedF,4.818841298174643e-05,0
Histology,otsu,8,7,SDE-fixedF,1.3647853954763161e-05,0
Histology,otsu,8,8,SDE-fixedF,3.452146278078601e-06,0
Histology,otsu,8,9,SDE-fixedF,3.3400191841387642e-06,0
Histology,otsu,8,0,SDE-paper,7.213241173060073e-06,0
Histology,otsu,8,1,SDE-paper,4.4795995645117385e-05,0
Histology,otsu,8,2,SDE-paper,3.894444135352713e-06,0
Histology,otsu,8,3,SDE-paper,3.639324060341646e-06,0
Histology,otsu,8,4,SDE-paper,5.317962454501313e-05,0
Histology,otsu,8,5,SDE-paper,7.949960869611912e-06,0
Histology,otsu,8,6,SDE-paper,2.5305768533156144e-05,0
Histology,otsu,8,7,SDE-paper,6.665580022774119e-05,0
Histology,otsu,8,8,SDE-paper,9.55736458182064e-06,0
Histology,otsu,8,9,SDE-paper,1.0397131773606765e-05,0
Histology,otsu,8,0,DE,0.00016011642401773306,0
Histology,otsu,8,1,DE,4.461179331378799e-05,0
Histology,otsu,8,2,DE,1.620814337093526e-05,0
Histology,otsu,8,3,DE,0.00015107690336760215,0
Histology,otsu,8,4,DE,1.3323628600404241e-06,0
Histology,otsu,8,5,DE,2.169474754935603e-06,0
Histology,otsu,8,6,DE,2.1714850078026294e-05,0
Histology,otsu,8,7,DE,4.49460328215314e-06,0
Histology,otsu,8,8,DE,1.8657513058715068e-05,0
Histology,otsu,8,9,DE,2.060663999094463e-06,0
Histology,otsu,8,0,PSO,1.774165842497127e-05,0
Histology,otsu,8,1,PSO,3.760235913334594e-05,0
Histology,otsu,8,2,PSO,4.556144916913829e-05,0
Histology,otsu,8,3,PSO,0.00030148359770770057,0
Histology,otsu,8,4,PSO,5.700433013366141e-05,0
Histology,otsu,8,5,PSO,7.715121930226024e-06,0
Histology,otsu,8,6,PSO,0.0003130849346784552,0
Histology,otsu,8,7,PSO,2.267124955191661e-05,0
Histology,otsu,8,8,PSO,5.8698238333966304e-05,0
Histology,otsu,8,9,PSO,2.123915425796681e-05,0
Histology,otsu,8,0,RM-MDE,0.0,1
Histology,otsu,8,1,RM-MDE,4.232917612337767e-07,0
Histology,otsu,8,2,RM-MDE,0.0,1
Histology,otsu,8,3,RM-MDE,0.0,1
Histology,otsu,8,4,RM-MDE,0.0,1
Histology,otsu,8,5,RM-MDE,0.0,1
Histology,otsu,8,6,RM-MDE,0.0,1
Histology,otsu,8,7,RM-MDE,0.0,1
Histology,otsu,8,8,RM-MDE,0.0,1
Histology,otsu,8,9,RM-MDE,0.0,1
Histology,kapur,6,0,SDE-current,0.0003737732588774109,0
Histology,kapur,6,1,SDE-current,0.0026432957809608606,0
Histology,kapur,6,2,SDE-current,0.0006615710038427348,0
Histology,kapur,6,3,SDE-current,0.0014150986633509914,0
Histology,kapur,6,4,SDE-current,0.0006564290317726009,0
Histology,kapur,6,5,SDE-current,0.00021629414681652371,0
Histology,kapur,6,6,SDE-current,0.0001698125158523072,0
Histology,kapur,6,7,SDE-current,0.00036755781517086903,0
Histology,kapur,6,8,SDE-current,0.0017139182628173656,0
Histology,kapur,6,9,SDE-current,0.0003120512161751624,0
Histology,kapur,6,0,SDE-fixedF,0.0,1
Histology,kapur,6,1,SDE-fixedF,0.0,1
Histology,kapur,6,2,SDE-fixedF,0.00011699127642467118,0
Histology,kapur,6,3,SDE-fixedF,3.1639448780136086e-05,0
Histology,kapur,6,4,SDE-fixedF,0.0,1
Histology,kapur,6,5,SDE-fixedF,0.0003555079630283669,0
Histology,kapur,6,6,SDE-fixedF,5.505073029249693e-05,0
Histology,kapur,6,7,SDE-fixedF,0.00017271002618020706,0
Histology,kapur,6,8,SDE-fixedF,3.0958458850624316e-05,0
Histology,kapur,6,9,SDE-fixedF,0.0,1
Histology,kapur,6,0,SDE-paper,0.0,1
Histology,kapur,6,1,SDE-paper,5.245394517917612e-05,0
Histology,kapur,6,2,SDE-paper,3.1639448780136086e-05,0
Histology,kapur,6,3,SDE-paper,0.00013113098106777243,0
Histology,kapur,6,4,SDE-paper,0.0,1
Histology,kapur,6,5,SDE-paper,3.0958458850624316e-05,0
Histology,kapur,6,6,SDE-paper,3.810858932614078e-05,0
Histology,kapur,6,7,SDE-paper,2.538033114309478e-05,0
Histology,kapur,6,8,SDE-paper,0.0011698618257089115,0
Histology,kapur,6,9,SDE-paper,2.538033114309478e-05,0
Histology,kapur,6,0,DE,5.505073029249693e-05,0
Histology,kapur,6,1,DE,2.538033114309478e-05,0
Histology,kapur,6,2,DE,3.0958458850624316e-05,0
Histology,kapur,6,3,DE,3.0958458850624316e-05,0
Histology,kapur,6,4,DE,0.0001317039265261664,0
Histology,kapur,6,5,DE,3.1639448780136086e-05,0
Histology,kapur,6,6,DE,2.538033114309478e-05,0
Histology,kapur,6,7,DE,0.00015201506248142243,0
Histology,kapur,6,8,DE,0.0,1
Histology,kapur,6,9,DE,0.0,1
Histology,kapur,6,0,PSO,0.00017764291565524942,0
Histology,kapur,6,1,PSO,3.1639448780136086e-05,0
Histology,kapur,6,2,PSO,3.810858932614078e-05,0
Histology,kapur,6,3,PSO,0.0002360264496649169,0
Histology,kapur,6,4,PSO,0.0003688857715538479,0
Histology,kapur,6,5,PSO,0.001234904005460764,0
Histology,kapur,6,6,PSO,0.00019218016315415552,0
Histology,kapur,6,7,PSO,7.235276473808627e-05,0
Histology,kapur,6,8,PSO,0.00028057500038457256,0
Histology,kapur,6,9,PSO,0.001762974259980275,0
Histology,kapur,6,0,RM-MDE,0.0,1
Histology,kapur,6,1,RM-MDE,0.0,1
Histology,kapur,6,2,RM-MDE,0.0,1
Histology,kapur,6,3,RM-MDE,2.538033114309478e-05,0
Histology,kapur,6,4,RM-MDE,0.0,1
Histology,kapur,6,5,RM-MDE,0.0,1
Histology,kapur,6,6,RM-MDE,0.0,1
Histology,kapur,6,7,RM-MDE,0.0,1
Histology,kapur,6,8,RM-MDE,0.0,1
Histology,kapur,6,9,RM-MDE,0.0,1
Histology,kapur,7,0,SDE-current,0.0025266870614703103,0
Histology,kapur,7,1,SDE-current,0.0012873455179919055,0
Histology,kapur,7,2,SDE-current,0.00116272016440711,0
Histology,kapur,7,3,SDE-current,0.0011562409968931169,0
Histology,kapur,7,4,SDE-current,0.0017009005140480845,0
Histology,kapur,7,5,SDE-current,0.0011600891217128507,0
Histology,kapur,7,6,SDE-current,0.002962754795119566,0
Histology,kapur,7,7,SDE-current,0.0024395192105251522,0
Histology,kapur,7,8,SDE-current,0.00019594671763051522,0
Histology,kapur,7,9,SDE-current,0.004326077387897281,0
Histology,kapur,7,0,SDE-fixedF,8.176656781336019e-05,0
Histology,kapur,7,1,SDE-fixedF,0.00020854929995609895,0
Histology,kapur,7,2,SDE-fixedF,4.042832397063752e-05,0
Histology,kapur,7,3,SDE-fixedF,0.0007162279812166318,0
Histology,kapur,7,4,SDE-fixedF,8.295003304603346e-05,0
Histology,kapur,7,5,SDE-fixedF,0.0001652900963019114,0
Histology,kapur,7,6,SDE-fixedF,0.0011572776948745747,0
Histology,kapur,7,7,SDE-fixedF,6.698036468536062e-05,0
Histology,kapur,7,8,SDE-fixedF,0.0014061043146732252,0
Histology,kapur,7,9,SDE-fixedF,0.0005081789891271639,0
Histology,kapur,7,0,SDE-paper,0.00039517676896980874,0
Histology,kapur,7,1,SDE-paper,0.0006873978386452047,0
Histology,kapur,7,2,SDE-paper,0.0006753944850494819,0
Histology,kapur,7,3,SDE-paper,0.0002735104416853692,0
Histology,kapur,7,4,SDE-paper,0.0007162279812166318,0
Histology,kapur,7,5,SDE-paper,0.0006781503112590538,0
Histology,kapur,7,6,SDE-paper,0.001498661338250811,0
Histology,kapur,7,7,SDE-paper,0.00023951984383611158,0
Histology,kapur,7,8,SDE-paper,0.0010626962037179387,0
Histology,kapur,7,9,SDE-paper,5.349364734932422e-05,0
Histology,kapur,7,0,DE,0.0008422787455842826,0
Histology,kapur,7,1,DE,3.847430226771817e-05,0
Histology,kapur,7,2,DE,0.0007162279812166318,0
Histology,kapur,7,3,DE,4.7854473735839605e-05,0
Histology,kapur,7,4,DE,9.344617722448342e-05,0
Histology,kapur,7,5,DE,0.00043009714715085373,0
Histology,kapur,7,6,DE,0.0008325679624921711,0
Histology,kapur,7,7,DE,3.847430226771817e-05,0
Histology,kapur,7,8,DE,8.176656781336019e-05,0
Histology,kapur,7,9,DE,5.349364734932422e-05,0
Histology,kapur,7,0,PSO,0.0011489257874294004,0
Histology,kapur,7,1,PSO,0.0007126480240032704,0
Histology,kapur,7,2,PSO,0.0013362986331912062,0
Histology,kapur,7,3,PSO,0.001022718073851371,0
Histology,kapur,7,4,PSO,0.0008532765849597413,0
Histology,kapur,7,5,PSO,0.0005304912462364414,0
Histology,kapur,7,6,PSO,0.0010615368226393103,0
Histology,kapur,7,7,PSO,0.0009411509794081762,0
Histology,kapur,7,8,PSO,0.0010828600468138184,0
Histology,kapur,7,9,PSO,0.0011996364149916934,0
Histology,kapur,7,0,RM-MDE,0.0,1
Histology,kapur,7,1,RM-MDE,0.0,1
Histology,kapur,7,2,RM-MDE,0.0,1
Histology,kapur,7,3,RM-MDE,0.0,1
Histology,kapur,7,4,RM-MDE,0.0007162279812166318,0
Histology,kapur,7,5,RM-MDE,0.0,1
Histology,kapur,7,6,RM-MDE,0.0,1
Histology,kapur,7,7,RM-MDE,0.0,1
Histology,kapur,7,8,RM-MDE,0.0,1
Histology,kapur,7,9,RM-MDE,0.0,1
Histology,kapur,8,0,SDE-current,0.0012296193342559733,0
Histology,kapur,8,1,SDE-current,0.003586787264492267,0
Histology,kapur,8,2,SDE-current,0.0013907171591885793,0
Histology,kapur,8,3,SDE-current,0.0009635625396698575,0
Histology,kapur,8,4,SDE-current,0.00345952694310283,0
Histology,kapur,8,5,SDE-current,0.006577437033762795,0
Histology,kapur,8,6,SDE-current,0.003511052303663094,0
Histology,kapur,8,7,SDE-current,0.0017328408777307353,0
Histology,kapur,8,8,SDE-current,0.003303245653242141,0
Histology,kapur,8,9,SDE-current,0.003179690165257577,0
Histology,kapur,8,0,SDE-fixedF,0.003530802304634548,0
Histology,kapur,8,1,SDE-fixedF,0.003161615537122089,0
Histology,kapur,8,2,SDE-fixedF,5.551224892720298e-05,0
Histology,kapur,8,3,SDE-fixedF,0.0,1
Histology,kapur,8,4,SDE-fixedF,0.0033379545116719728,0
Histology,kapur,8,5,SDE-fixedF,0.00435987599951898,0
Histology,kapur,8,6,SDE-fixedF,0.003304187647664442,0
Histology,kapur,8,7,SDE-fixedF,0.003319626426222094,0
Histology,kapur,8,8,SDE-fixedF,0.0,1
Histology,kapur,8,9,SDE-fixedF,0.0035837243283203127,0
Histology,kapur,8,0,SDE-paper,0.0011034576443192197,0
Histology,kapur,8,1,SDE-paper,0.0035030698637135626,0
Histology,kapur,8,2,SDE-paper,0.00023486749636220152,0
Histology,kapur,8,3,SDE-paper,0.0009356166367441198,0
Histology,kapur,8,4,SDE-paper,0.0025078368822829397,0
Histology,kapur,8,5,SDE-paper,0.000813102774560219,0
Histology,kapur,8,6,SDE-paper,0.0034577246476177434,0
Histology,kapur,8,7,SDE-paper,0.0031966916333212685,0
Histology,kapur,8,8,SDE-paper,6.23165211135593e-06,0
Histology,kapur,8,9,SDE-paper,0.0013496810916202703,0
Histology,kapur,8,0,DE,0.00015518092455381685,0
Histology,kapur,8,1,DE,0.00015936377666606242,0
Histology,kapur,8,2,DE,0.00020651010739030913,0
Histology,kapur,8,3,DE,0.0034504889071341692,0
Histology,kapur,8,4,DE,0.0006429401367978955,0
Histology,kapur,8,5,DE,0.0008974372604531646,0
Histology,kapur,8,6,DE,0.0031093015667276753,0
Histology,kapur,8,7,DE,0.001184035937886955,0
Histology,kapur,8,8,DE,0.0,1
Histology,kapur,8,9,DE,0.0032439682433698263,0
Histology,kapur,8,0,PSO,0.00015873849509479118,0
Histology,kapur,8,1,PSO,0.0038799952259015924,0
Histology,kapur,8,2,PSO,0.0012072671322450458,0
Histology,kapur,8,3,PSO,0.0052065088274949834,0
Histology,kapur,8,4,PSO,0.003389165869772278,0
Histology,kapur,8,5,PSO,0.0012797445066319486,0
Histology,kapur,8,6,PSO,0.002593126525701281,0
Histology,kapur,8,7,PSO,0.0005060126628925207,0
Histology,kapur,8,8,PSO,0.0025457994044343546,0
Histology,kapur,8,9,PSO,0.0011598799607153696,0
Histology,kapur,8,0,RM-MDE,0.0,1
Histology,kapur,8,1,RM-MDE,0.0,1
Histology,kapur,8,2,RM-MDE,0.0,1
Histology,kapur,8,3,RM-MDE,0.0,1
Histology,kapur,8,4,RM-MDE,0.0,1
Histology,kapur,8,5,RM-MDE,0.0,1
Histology,kapur,8,6,RM-MDE,0.0,1
Histology,kapur,8,7,RM-MDE,0.0,1
Histology,kapur,8,8,RM-MDE,0.0,1
Histology,kapur,8,9,RM-MDE,0.0,1
Histology,mcet,6,0,SDE-current,9.841810073585781e-07,0
Histology,mcet,6,1,SDE-current,7.848947183124415e-05,0
Histology,mcet,6,2,SDE-current,7.5260625174117e-07,0
Histology,mcet,6,3,SDE-current,4.928883367534428e-05,0
Histology,mcet,6,4,SDE-current,9.30316640197473e-07,0
Histology,mcet,6,5,SDE-current,7.762313235256792e-05,0
Histology,mcet,6,6,SDE-current,4.908942837970374e-06,0
Histology,mcet,6,7,SDE-current,5.714239506881694e-07,0
Histology,mcet,6,8,SDE-current,2.5257491062295166e-05,0
Histology,mcet,6,9,SDE-current,5.600424346794149e-06,0
Histology,mcet,6,0,SDE-fixedF,0.0,1
Histology,mcet,6,1,SDE-fixedF,3.7850567176776216e-08,0
Histology,mcet,6,2,SDE-fixedF,3.7850567176776216e-08,0
Histology,mcet,6,3,SDE-fixedF,2.2479325570858612e-07,0
Histology,mcet,6,4,SDE-fixedF,0.0,1
Histology,mcet,6,5,SDE-fixedF,3.7850567176776216e-08,0
Histology,mcet,6,6,SDE-fixedF,3.7850567176776216e-08,0
Histology,mcet,6,7,SDE-fixedF,0.0,1
Histology,mcet,6,8,SDE-fixedF,3.7850567176776216e-08,0
Histology,mcet,6,9,SDE-fixedF,3.7850567176776216e-08,0
Histology,mcet,6,0,SDE-paper,1.2801557710693608e-06,0
Histology,mcet,6,1,SDE-paper,1.309662738094342e-06,0
Histology,mcet,6,2,SDE-paper,9.786777966695825e-07,0
Histology,mcet,6,3,SDE-paper,0.0,1
Histology,mcet,6,4,SDE-paper,2.5705397846443707e-06,0
Histology,mcet,6,5,SDE-paper,2.688944635439916e-07,0
Histology,mcet,6,6,SDE-paper,3.7850567176776216e-08,0
Histology,mcet,6,7,SDE-paper,2.763295260630239e-07,0
Histology,mcet,6,8,SDE-paper,4.999861037811415e-07,0
Histology,mcet,6,9,SDE-paper,1.564277400494856e-07,0
Histology,mcet,6,0,DE,1.503103530323804e-07,0
Histology,mcet,6,1,DE,1.503103530323804e-07,0
Histology,mcet,6,2,DE,3.7850567176776216e-08,0
Histology,mcet,6,3,DE,2.5559692984893926e-07,0
Histology,mcet,6,4,DE,6.388360130957405e-09,1
Histology,mcet,6,5,DE,0.0,1
Histology,mcet,6,6,DE,6.388360130957405e-09,1
Histology,mcet,6,7,DE,6.388360130957405e-09,1
Histology,mcet,6,8,DE,3.7850567176776216e-08,0
Histology,mcet,6,9,DE,3.7850567176776216e-08,0
Histology,mcet,6,0,PSO,8.663896590078913e-07,0
Histology,mcet,6,1,PSO,6.033865753646511e-07,0
Histology,mcet,6,2,PSO,3.900704300667559e-07,0
Histology,mcet,6,3,PSO,4.6323205082805805e-06,0
Histology,mcet,6,4,PSO,7.841793021539007e-07,0
Histology,mcet,6,5,PSO,3.3587994160255993e-07,0
Histology,mcet,6,6,PSO,6.459324075697889e-07,0
Histology,mcet,6,7,PSO,6.387002757285691e-07,0
Histology,mcet,6,8,PSO,1.1578662252046478e-06,0
Histology,mcet,6,9,PSO,2.688944635439916e-07,0
Histology,mcet,6,0,RM-MDE,6.388360130957405e-09,1
Histology,mcet,6,1,RM-MDE,0.0,1
Histology,mcet,6,2,RM-MDE,0.0,1
Histology,mcet,6,3,RM-MDE,0.0,1
Histology,mcet,6,4,RM-MDE,0.0,1
Histology,mcet,6,5,RM-MDE,0.0,1
Histology,mcet,6,6,RM-MDE,0.0,1
Histology,mcet,6,7,RM-MDE,0.0,1
Histology,mcet,6,8,RM-MDE,0.0,1
Histology,mcet,6,9,RM-MDE,0.0,1
Histology,mcet,7,0,SDE-current,3.5971610796177792e-06,0
Histology,mcet,7,1,SDE-current,5.450441774491687e-07,0
Histology,mcet,7,2,SDE-current,2.614234766975977e-06,0
Histology,mcet,7,3,SDE-current,2.840305722852426e-06,0
Histology,mcet,7,4,SDE-current,7.1996040733799e-07,0
Histology,mcet,7,5,SDE-current,4.433043790339216e-06,0
Histology,mcet,7,6,SDE-current,2.8595297013178537e-08,0
Histology,mcet,7,7,SDE-current,5.903749285741551e-06,0
Histology,mcet,7,8,SDE-current,3.4820935211578202e-06,0
Histology,mcet,7,9,SDE-current,1.846004839811665e-06,0
Histology,mcet,7,0,SDE-fixedF,9.433813208185784e-07,0
Histology,mcet,7,1,SDE-fixedF,1.252236409694589e-07,0
Histology,mcet,7,2,SDE-fixedF,2.1667834917890934e-07,0
Histology,mcet,7,3,SDE-fixedF,5.188319466206586e-09,1
Histology,mcet,7,4,SDE-fixedF,5.188319466206586e-09,1
Histology,mcet,7,5,SDE-fixedF,3.9927691278478945e-07,0
Histology,mcet,7,6,SDE-fixedF,3.5367796068360126e-07,0
Histology,mcet,7,7,SDE-fixedF,8.345401887308545e-07,0
Histology,mcet,7,8,SDE-fixedF,2.8138486668583622e-06,0
Histology,mcet,7,9,SDE-fixedF,2.630720226970254e-06,0
Histology,mcet,7,0,SDE-paper,7.296121376507339e-07,0
Histology,mcet,7,1,SDE-paper,1.1814619277411158e-06,0
Histology,mcet,7,2,SDE-paper,4.85744654861955e-08,0
Histology,mcet,7,3,SDE-paper,3.810097338753964e-07,0
Histology,mcet,7,4,SDE-paper,3.991988851702915e-09,1
Histology,mcet,7,5,SDE-paper,1.1324823938633456e-07,0
Histology,mcet,7,6,SDE-paper,7.537267798486368e-07,0
Histology,mcet,7,7,SDE-paper,1.1324823938633456e-07,0
Histology,mcet,7,8,SDE-paper,3.1983529203779313e-07,0
Histology,mcet,7,9,SDE-paper,2.753118406211558e-07,0
Histology,mcet,7,0,DE,3.991988851702915e-09,1
Histology,mcet,7,1,DE,3.991988851702915e-09,1
Histology,mcet,7,2,DE,0.0,1
Histology,mcet,7,3,DE,3.991988851702915e-09,1
Histology,mcet,7,4,DE,1.1028186427421281e-07,0
Histology,mcet,7,5,DE,3.8545234354224474e-07,0
Histology,mcet,7,6,DE,0.0,1
Histology,mcet,7,7,DE,3.514076896930809e-07,0
Histology,mcet,7,8,DE,2.1667834917890934e-07,0
Histology,mcet,7,9,DE,6.569938763972024e-08,0
Histology,mcet,7,0,PSO,2.3984911616431014e-07,0
Histology,mcet,7,1,PSO,3.1863560449842827e-06,0
Histology,mcet,7,2,PSO,1.4795250740510394e-05,0
Histology,mcet,7,3,PSO,1.1666454711218151e-05,0
Histology,mcet,7,4,PSO,6.297210097141442e-06,0
Histology,mcet,7,5,PSO,2.7997977490112842e-06,0
Histology,mcet,7,6,PSO,1.2610168302461e-06,0
Histology,mcet,7,7,PSO,9.847132361920497e-06,0
Histology,mcet,7,8,PSO,5.26759235574122e-06,0
Histology,mcet,7,9,PSO,4.068801473635431e-06,0
Histology,mcet,7,0,RM-MDE,0.0,1
Histology,mcet,7,1,RM-MDE,0.0,1
Histology,mcet,7,2,RM-MDE,0.0,1
Histology,mcet,7,3,RM-MDE,0.0,1
Histology,mcet,7,4,RM-MDE,0.0,1
Histology,mcet,7,5,RM-MDE,0.0,1
Histology,mcet,7,6,RM-MDE,0.0,1
Histology,mcet,7,7,RM-MDE,0.0,1
Histology,mcet,7,8,RM-MDE,0.0,1
Histology,mcet,7,9,RM-MDE,0.0,1
Histology,mcet,8,0,SDE-current,1.2727105978151158e-05,0
Histology,mcet,8,1,SDE-current,3.423719873724454e-05,0
Histology,mcet,8,2,SDE-current,4.636109837906439e-06,0
Histology,mcet,8,3,SDE-current,5.433587251254615e-06,0
Histology,mcet,8,4,SDE-current,3.999020498244555e-06,0
Histology,mcet,8,5,SDE-current,4.3073794263673965e-06,0
Histology,mcet,8,6,SDE-current,3.610881591353552e-05,0
Histology,mcet,8,7,SDE-current,7.290887642644001e-07,0
Histology,mcet,8,8,SDE-current,1.8997295340503531e-06,0
Histology,mcet,8,9,SDE-current,7.825546990910606e-07,0
Histology,mcet,8,0,SDE-fixedF,9.95958320095102e-07,0
Histology,mcet,8,1,SDE-fixedF,1.556810938351298e-06,0
Histology,mcet,8,2,SDE-fixedF,7.645251840842352e-07,0
Histology,mcet,8,3,SDE-fixedF,4.590413586308454e-07,0
Histology,mcet,8,4,SDE-fixedF,3.879493361098974e-07,0
Histology,mcet,8,5,SDE-fixedF,5.343669110972762e-07,0
Histology,mcet,8,6,SDE-fixedF,3.954710264884694e-07,0
Histology,mcet,8,7,SDE-fixedF,5.191379477368514e-07,0
Histology,mcet,8,8,SDE-fixedF,3.4504484365585255e-07,0
Histology,mcet,8,9,SDE-fixedF,4.590413586308454e-07,0
Histology,mcet,8,0,SDE-paper,3.1059036192540553e-07,0
Histology,mcet,8,1,SDE-paper,4.072127758537656e-06,0
Histology,mcet,8,2,SDE-paper,5.894792767434991e-07,0
Histology,mcet,8,3,SDE-paper,3.6120999633277926e-07,0
Histology,mcet,8,4,SDE-paper,8.509227610171442e-07,0
Histology,mcet,8,5,SDE-paper,5.513934841847577e-07,0
Histology,mcet,8,6,SDE-paper,5.307016474106884e-06,0
Histology,mcet,8,7,SDE-paper,4.663775093327233e-07,0
Histology,mcet,8,8,SDE-paper,1.3967568543640938e-06,0
Histology,mcet,8,9,SDE-paper,4.927927961708105e-07,0
Histology,mcet,8,0,DE,3.5734593240111766e-05,0
Histology,mcet,8,1,DE,1.8211511774783087e-05,0
Histology,mcet,8,2,DE,3.2373403931354025e-07,0
Histology,mcet,8,3,DE,1.2311301336402198e-07,0
Histology,mcet,8,4,DE,9.202436954000815e-07,0
Histology,mcet,8,5,DE,2.3039060805984933e-07,0
Histology,mcet,8,6,DE,7.393930463200404e-07,0
Histology,mcet,8,7,DE,3.7863206222041397e-07,0
Histology,mcet,8,8,DE,1.1704978352205927e-06,0
Histology,mcet,8,9,DE,8.937629115279619e-07,0
Histology,mcet,8,0,PSO,1.4865214851091626e-06,0
Histology,mcet,8,1,PSO,2.1506493119419566e-06,0
Histology,mcet,8,2,PSO,1.8145482597322886e-05,0
Histology,mcet,8,3,PSO,3.8927876460918363e-05,0
Histology,mcet,8,4,PSO,4.303128322791863e-06,0
Histology,mcet,8,5,PSO,4.807463293553209e-06,0
Histology,mcet,8,6,PSO,5.911742246945499e-06,0
Histology,mcet,8,7,PSO,9.448293652157302e-06,0
Histology,mcet,8,8,PSO,9.800769675551205e-06,0
Histology,mcet,8,9,PSO,2.068595842081684e-06,0
Histology,mcet,8,0,RM-MDE,0.0,1
Histology,mcet,8,1,RM-MDE,0.0,1
Histology,mcet,8,2,RM-MDE,0.0,1
Histology,mcet,8,3,RM-MDE,0.0,1
Histology,mcet,8,4,RM-MDE,0.0,1
Histology,mcet,8,5,RM-MDE,0.0,1
Histology,mcet,8,6,RM-MDE,6.87969586523384e-08,0
Histology,mcet,8,7,RM-MDE,0.0,1
Histology,mcet,8,8,RM-MDE,0.0,1
Histology,mcet,8,9,RM-MDE,0.0,1
