image,criterion,n,seed,method,budget_mult,T_target,elapsed_time,objective,objective_gap,success
Cameraman,otsu,6,0,RM-MDE,1,0.13935699994908646,0.13935699994908646,-5837591046.118002,0.00012413636058065242,0
Cameraman,otsu,6,0,PSO,1,0.13935699994908646,0.13948680000612512,-5838269352.911209,7.954431200463868e-06,0
Cameraman,otsu,6,0,PSO,2,0.13935699994908646,0.2790851999889128,-5838312563.78882,5.53173861821107e-07,0
Cameraman,otsu,6,0,PSO,3,0.13935699994908646,0.41835079999873415,-5838312563.78882,5.53173861821107e-07,0
Cameraman,otsu,6,0,DE,1,0.13935699994908646,0.1402724999934435,-5838308287.372364,1.285648193042167e-06,0
Cameraman,otsu,6,0,DE,2,0.13935699994908646,0.2797407999751158,-5838308287.372364,1.285648193042167e-06,0
Cameraman,otsu,6,0,DE,3,0.13935699994908646,0.41827879997435957,-5838308287.372364,1.285648193042167e-06,0
Cameraman,otsu,6,1,RM-MDE,1,0.14968460000818595,0.14968460000818595,-5838315793.392514,0.0,1
Cameraman,otsu,6,1,PSO,1,0.14968460000818595,0.14971289999084547,-5838315793.392514,0.0,1
Cameraman,otsu,6,1,PSO,2,0.14968460000818595,0.2997099999920465,-5838315793.392514,0.0,1
Cameraman,otsu,6,1,PSO,3,0.14968460000818595,0.4491256999899633,-5838315793.392514,0.0,1
Cameraman,otsu,6,1,DE,1,0.14968460000818595,0.15008120000129566,-5838315793.392514,0.0,1
Cameraman,otsu,6,1,DE,2,0.14968460000818595,0.2995472999755293,-5838315793.392514,0.0,1
Cameraman,otsu,6,1,DE,3,0.14968460000818595,0.44926839997060597,-5838315793.392514,0.0,1
Cameraman,otsu,6,2,RM-MDE,1,0.15687519998755306,0.15687519998755306,-5838315793.392514,0.0,1
Cameraman,otsu,6,2,PSO,1,0.15687519998755306,0.15727120003430173,-5838315793.392514,0.0,1
Cameraman,otsu,6,2,PSO,2,0.15687519998755306,0.31420350004918873,-5838315793.392514,0.0,1
Cameraman,otsu,6,2,PSO,3,0.15687519998755306,0.4709429000504315,-5838315793.392514,0.0,1
Cameraman,otsu,6,2,DE,1,0.15687519998755306,0.15742190001765266,-5838295031.847444,3.5560846321716566e-06,0
Cameraman,otsu,6,2,DE,2,0.15687519998755306,0.31424540001899004,-5838295031.847444,3.5560846321716566e-06,0
Cameraman,otsu,6,2,DE,3,0.15687519998755306,0.47150430001784116,-5838295031.847444,3.5560846321716566e-06,0
Cameraman,otsu,6,3,RM-MDE,1,0.13652770000044256,0.13652770000044256,-5838315793.392514,0.0,1
Cameraman,otsu,6,3,PSO,1,0.13652770000044256,0.13685969996731728,-5838315793.392514,0.0,1
Cameraman,otsu,6,3,PSO,2,0.13652770000044256,0.2733784999581985,-5838315793.392514,0.0,1
Cameraman,otsu,6,3,PSO,3,0.13652770000044256,0.40982589998748153,-5838315793.392514,0.0,1
Cameraman,otsu,6,3,DE,1,0.13652770000044256,0.13692919997265562,-5838315793.392514,0.0,1
Cameraman,otsu,6,3,DE,2,0.13652770000044256,0.2737982000107877,-5838315793.392514,0.0,1
Cameraman,otsu,6,3,DE,3,0.13652770000044256,0.410300699993968,-5838315793.392514,0.0,1
Cameraman,otsu,6,4,RM-MDE,1,0.12446030002320185,0.12446030002320185,-5837591046.118002,0.00012413636058065242,0
Cameraman,otsu,6,4,PSO,1,0.12446030002320185,0.1246409000013955,-5838315793.392514,0.0,1
Cameraman,otsu,6,4,PSO,2,0.12446030002320185,0.24937799997860566,-5838315793.392514,0.0,1
Cameraman,otsu,6,4,PSO,3,0.12446030002320185,0.3739569999743253,-5838315793.392514,0.0,1
Cameraman,otsu,6,4,DE,1,0.12446030002320185,0.12479199998779222,-5838315793.392514,0.0,1
Cameraman,otsu,6,4,DE,2,0.12446030002320185,0.24936970003182068,-5838315793.392514,0.0,1
Cameraman,otsu,6,4,DE,3,0.12446030002320185,0.37350029998924583,-5838315793.392514,0.0,1
Cameraman,otsu,6,5,RM-MDE,1,0.14368859998648986,0.14368859998648986,-5838315793.392514,0.0,1
Cameraman,otsu,6,5,PSO,1,0.14368859998648986,0.1436900999979116,-5838311039.918197,8.141858860958465e-07,0
Cameraman,otsu,6,5,PSO,2,0.14368859998648986,0.2876064999727532,-5838315793.392514,0.0,1
Cameraman,otsu,6,5,PSO,3,0.14368859998648986,0.4315045999828726,-5838315793.392514,0.0,1
Cameraman,otsu,6,5,DE,1,0.14368859998648986,0.14397319999989122,-5837552646.159596,0.00013071359274218668,0
Cameraman,otsu,6,5,DE,2,0.14368859998648986,0.2879401000100188,-5837552646.159596,0.00013071359274218668,0
Cameraman,otsu,6,5,DE,3,0.14368859998648986,0.43179980001877993,-5837552646.159596,0.00013071359274218668,0
Cameraman,otsu,6,6,RM-MDE,1,0.12657970003783703,0.12657970003783703,-5837591046.118002,0.00012413636058065242,0
Cameraman,otsu,6,6,PSO,1,0.12657970003783703,0.12675880000460893,-5838315793.392514,0.0,1
Cameraman,otsu,6,6,PSO,2,0.12657970003783703,0.2538718999712728,-5838315793.392514,0.0,1
Cameraman,otsu,6,6,PSO,3,0.12657970003783703,0.3799734999774955,-5838315793.392514,0.0,1
Cameraman,otsu,6,6,DE,1,0.12657970003783703,0.12707620003493503,-5838315793.392514,0.0,1
Cameraman,otsu,6,6,DE,2,0.12657970003783703,0.2534589000279084,-5838315793.392514,0.0,1
Cameraman,otsu,6,6,DE,3,0.12657970003783703,0.37979490001453087,-5838315793.392514,0.0,1
Cameraman,otsu,6,7,RM-MDE,1,0.149184400041122,0.149184400041122,-5838315793.392514,0.0,1
Cameraman,otsu,6,7,PSO,1,0.149184400041122,0.14935000002151355,-5837552646.159596,0.00013071359274218668,0
Cameraman,otsu,6,7,PSO,2,0.149184400041122,0.2983804000541568,-5837552646.159596,0.00013071359274218668,0
Cameraman,otsu,6,7,PSO,3,0.149184400041122,0.4479962000041269,-5837552646.159596,0.00013071359274218668,0
Cameraman,otsu,6,7,DE,1,0.149184400041122,0.14984490000642836,-5837552646.159596,0.00013071359274218668,0
Cameraman,otsu,6,7,DE,2,0.149184400041122,0.2986522999708541,-5837552646.159596,0.00013071359274218668,0
Cameraman,otsu,6,7,DE,3,0.149184400041122,0.448003500001505,-5837552646.159596,0.00013071359274218668,0
Cameraman,otsu,6,8,RM-MDE,1,0.13657839997904375,0.13657839997904375,-5838315793.392514,0.0,1
Cameraman,otsu,6,8,PSO,1,0.13657839997904375,0.1371682999888435,-5838315793.392514,0.0,1
Cameraman,otsu,6,8,PSO,2,0.13657839997904375,0.2736134000006132,-5838315793.392514,0.0,1
Cameraman,otsu,6,8,PSO,3,0.13657839997904375,0.4101686999783851,-5838315793.392514,0.0,1
Cameraman,otsu,6,8,DE,1,0.13657839997904375,0.13785399997141212,-5837552436.705492,0.00013074946851729646,0
Cameraman,otsu,6,8,DE,2,0.13657839997904375,0.2738251999835484,-5837552436.705492,0.00013074946851729646,0
Cameraman,otsu,6,8,DE,3,0.13657839997904375,0.41001829999731854,-5837552436.705492,0.00013074946851729646,0
Cameraman,otsu,6,9,RM-MDE,1,0.12110210000537336,0.12110210000537336,-5838315793.392514,0.0,1
Cameraman,otsu,6,9,PSO,1,0.12110210000537336,0.12123649998102337,-5838315793.392514,0.0,1
Cameraman,otsu,6,9,PSO,2,0.12110210000537336,0.24254479998489842,-5838315793.392514,0.0,1
Cameraman,otsu,6,9,PSO,3,0.12110210000537336,0.36375520000001416,-5838315793.392514,0.0,1
Cameraman,otsu,6,9,DE,1,0.12110210000537336,0.1216302000102587,-5838303193.287751,2.1581745847477303e-06,0
Cameraman,otsu,6,9,DE,2,0.12110210000537336,0.24280539999017492,-5838303193.287751,2.1581745847477303e-06,0
Cameraman,otsu,6,9,DE,3,0.12110210000537336,0.3635455999756232,-5838303193.287751,2.1581745847477303e-06,0
Cameraman,otsu,7,0,RM-MDE,1,0.14811040001222864,0.14811040001222864,-5842565729.1443205,0.0,1
Cameraman,otsu,7,0,PSO,1,0.14811040001222864,0.14873189997160807,-5842565116.187863,1.0491220562234611e-07,0
Cameraman,otsu,7,0,PSO,2,0.14811040001222864,0.2963673999765888,-5842565729.1443205,0.0,1
Cameraman,otsu,7,0,PSO,3,0.14811040001222864,0.4447144999867305,-5842565729.1443205,0.0,1
Cameraman,otsu,7,0,DE,1,0.14811040001222864,0.14825510000810027,-5842565116.187863,1.0491220562234611e-07,0
Cameraman,otsu,7,0,DE,2,0.14811040001222864,0.29679190000751987,-5842565116.187863,1.0491220562234611e-07,0
Cameraman,otsu,7,0,DE,3,0.14811040001222864,0.44463020004332066,-5842565116.187863,1.0491220562234611e-07,0
Cameraman,otsu,7,1,RM-MDE,1,0.16019460000097752,0.16019460000097752,-5842565729.1443205,0.0,1
Cameraman,otsu,7,1,PSO,1,0.16019460000097752,0.1602508999640122,-5842561657.110817,6.969598105195445e-07,0
Cameraman,otsu,7,1,PSO,2,0.16019460000097752,0.3209298999863677,-5842565729.1443205,0.0,1
Cameraman,otsu,7,1,PSO,3,0.16019460000097752,0.4810822999570519,-5842565729.1443205,0.0,1
Cameraman,otsu,7,1,DE,1,0.16019460000097752,0.16076519998023286,-5842565729.1443205,0.0,1
Cameraman,otsu,7,1,DE,2,0.16019460000097752,0.3207479999982752,-5842565729.1443205,0.0,1
Cameraman,otsu,7,1,DE,3,0.16019460000097752,0.48078280000481755,-5842565729.1443205,0.0,1
Cameraman,otsu,7,2,RM-MDE,1,0.1571137999999337,0.1571137999999337,-5842562095.725591,6.21887523088977e-07,0
Cameraman,otsu,7,2,PSO,1,0.1571137999999337,0.1573849000269547,-5842565729.1443205,0.0,1
Cameraman,otsu,7,2,PSO,2,0.1571137999999337,0.3146616999874823,-5842565729.1443205,0.0,1
Cameraman,otsu,7,2,PSO,3,0.1571137999999337,0.47184349998133257,-5842565729.1443205,0.0,1
Cameraman,otsu,7,2,DE,1,0.1571137999999337,0.15799670002888888,-5842565729.1443205,0.0,1
Cameraman,otsu,7,2,DE,2,0.1571137999999337,0.31437620002543554,-5842565729.1443205,0.0,1
Cameraman,otsu,7,2,DE,3,0.1571137999999337,0.47181560000171885,-5842565729.1443205,0.0,1
Cameraman,otsu,7,3,RM-MDE,1,0.158455100026913,0.158455100026913,-5842565729.1443205,0.0,1
Cameraman,otsu,7,3,PSO,1,0.158455100026913,0.1587025999906473,-5842565729.1443205,0.0,1
Cameraman,otsu,7,3,PSO,2,0.158455100026913,0.3170579000143334,-5842565729.1443205,0.0,1
Cameraman,otsu,7,3,PSO,3,0.158455100026913,0.4755758999963291,-5842565729.1443205,0.0,1
Cameraman,otsu,7,3,DE,1,0.158455100026913,0.15856770001119003,-5842565729.1443205,0.0,1
Cameraman,otsu,7,3,DE,2,0.158455100026913,0.3172422000207007,-5842565729.1443205,0.0,1
Cameraman,otsu,7,3,DE,3,0.158455100026913,0.47609060001559556,-5842565729.1443205,0.0,1
Cameraman,otsu,7,4,RM-MDE,1,0.1616317000007257,0.1616317000007257,-5842565729.1443205,0.0,1
Cameraman,otsu,7,4,PSO,1,0.1616317000007257,0.16214320005383343,-5842565729.1443205,0.0,1
Cameraman,otsu,7,4,PSO,2,0.1616317000007257,0.3238238000194542,-5842565729.1443205,0.0,1
Cameraman,otsu,7,4,PSO,3,0.1616317000007257,0.4850370000349358,-5842565729.1443205,0.0,1
Cameraman,otsu,7,4,DE,1,0.1616317000007257,0.1625305999768898,-5842551431.469481,2.447156865980823e-06,0
Cameraman,otsu,7,4,DE,2,0.1616317000007257,0.3236001000041142,-5842551431.469481,2.447156865980823e-06,0
Cameraman,otsu,7,4,DE,3,0.1616317000007257,0.48568809998687357,-5842551431.469481,2.447156865980823e-06,0
Cameraman,otsu,7,5,RM-MDE,1,0.1490940999938175,0.1490940999938175,-5842565729.1443205,0.0,1
Cameraman,otsu,7,5,PSO,1,0.1490940999938175,0.149300699995365,-5842565729.1443205,0.0,1
Cameraman,otsu,7,5,PSO,2,0.1490940999938175,0.29857719998108223,-5842565729.1443205,0.0,1
Cameraman,otsu,7,5,PSO,3,0.1490940999938175,0.4473696000059135,-5842565729.1443205,0.0,1
Cameraman,otsu,7,5,DE,1,0.1490940999938175,0.15015290002338588,-5842562095.725591,6.21887523088977e-07,0
Cameraman,otsu,7,5,DE,2,0.1490940999938175,0.29839730000821874,-5842562095.725591,6.21887523088977e-07,0
Cameraman,otsu,7,5,DE,3,0.1490940999938175,0.4473013000097126,-5842562095.725591,6.21887523088977e-07,0
Cameraman,otsu,7,6,RM-MDE,1,0.15146740002091974,0.15146740002091974,-5840857952.338393,0.00029229911739091225,0
Cameraman,otsu,7,6,PSO,1,0.15146740002091974,0.15155120001873001,-5842565729.1443205,0.0,1
Cameraman,otsu,7,6,PSO,2,0.15146740002091974,0.30318839999381453,-5842565729.1443205,0.0,1
Cameraman,otsu,7,6,PSO,3,0.15146740002091974,0.454578600008972,-5842565729.1443205,0.0,1
Cameraman,otsu,7,6,DE,1,0.15146740002091974,0.15233439998701215,-5842550428.81732,2.6187684845881583e-06,0
Cameraman,otsu,7,6,DE,2,0.15146740002091974,0.3035846999846399,-5842550428.81732,2.6187684845881583e-06,0
Cameraman,otsu,7,6,DE,3,0.15146740002091974,0.4551383000216447,-5842550428.81732,2.6187684845881583e-06,0
Cameraman,otsu,7,7,RM-MDE,1,0.16166709997924045,0.16166709997924045,-5842565729.1443205,0.0,1
Cameraman,otsu,7,7,PSO,1,0.16166709997924045,0.16198289999738336,-5842562095.725591,6.21887523088977e-07,0
Cameraman,otsu,7,7,PSO,2,0.16166709997924045,0.32391669997014105,-5842565729.1443205,0.0,1
Cameraman,otsu,7,7,PSO,3,0.16166709997924045,0.48505680001107976,-5842565729.1443205,0.0,1
Cameraman,otsu,7,7,DE,1,0.16166709997924045,0.16308500000741333,-5842565729.1443205,0.0,1
Cameraman,otsu,7,7,DE,2,0.16166709997924045,0.32432000001426786,-5842565729.1443205,0.0,1
Cameraman,otsu,7,7,DE,3,0.16166709997924045,0.4855157000129111,-5842565729.1443205,0.0,1
Cameraman,otsu,7,8,RM-MDE,1,0.14616340002976358,0.14616340002976358,-5842565729.1443205,0.0,1
Cameraman,otsu,7,8,PSO,1,0.14616340002976358,0.14767689997097477,-5842565729.1443205,0.0,1
Cameraman,otsu,7,8,PSO,2,0.14616340002976358,0.29254369996488094,-5842565729.1443205,0.0,1
Cameraman,otsu,7,8,PSO,3,0.14616340002976358,0.4390782999689691,-5842565729.1443205,0.0,1
Cameraman,otsu,7,8,DE,1,0.14616340002976358,0.14706099999602884,-5842562095.725591,6.21887523088977e-07,0
Cameraman,otsu,7,8,DE,2,0.14616340002976358,0.2927116999635473,-5842562095.725591,6.21887523088977e-07,0
Cameraman,otsu,7,8,DE,3,0.14616340002976358,0.43922969995765015,-5842562095.725591,6.21887523088977e-07,0
Cameraman,otsu,7,9,RM-MDE,1,0.14550080004846677,0.14550080004846677,-5842565729.1443205,0.0,1
Cameraman,otsu,7,9,PSO,1,0.14550080004846677,0.14587700000265613,-5842560545.371298,8.872425682425087e-07,0
Cameraman,otsu,7,9,PSO,2,0.14550080004846677,0.29151559999445453,-5842565729.1443205,0.0,1
Cameraman,otsu,7,9,PSO,3,0.14550080004846677,0.43685880000703037,-5842565729.1443205,0.0,1
Cameraman,otsu,7,9,DE,1,0.14550080004846677,0.14576049998868257,-5842565729.1443205,0.0,1
Cameraman,otsu,7,9,DE,2,0.14550080004846677,0.2916345000267029,-5842565729.1443205,0.0,1
Cameraman,otsu,7,9,DE,3,0.14550080004846677,0.4373440000344999,-5842565729.1443205,0.0,1
Cameraman,otsu,8,0,RM-MDE,1,0.1407930999994278,0.1407930999994278,-5845093730.161653,0.0,1
Cameraman,otsu,8,0,PSO,1,0.1407930999994278,0.14119309996021912,-5845093730.161653,0.0,1
Cameraman,otsu,8,0,PSO,2,0.1407930999994278,0.281711199961137,-5845093730.161653,0.0,1
Cameraman,otsu,8,0,PSO,3,0.1407930999994278,0.4225291999755427,-5845093730.161653,0.0,1
Cameraman,otsu,8,0,DE,1,0.1407930999994278,0.1409641999634914,-5845093730.161653,0.0,1
Cameraman,otsu,8,0,DE,2,0.1407930999994278,0.28253480000421405,-5845093730.161653,0.0,1
Cameraman,otsu,8,0,DE,3,0.1407930999994278,0.42289579997304827,-5845093730.161653,0.0,1
Cameraman,otsu,8,1,RM-MDE,1,0.1618589000427164,0.1618589000427164,-5845093730.161653,0.0,1
Cameraman,otsu,8,1,PSO,1,0.1618589000427164,0.16217980004148558,-5845088222.722432,9.42232832299877e-07,0
Cameraman,otsu,8,1,PSO,2,0.1618589000427164,0.3237853000173345,-5845088222.722432,9.42232832299877e-07,0
Cameraman,otsu,8,1,PSO,3,0.1618589000427164,0.48623600002611056,-5845088222.722432,9.42232832299877e-07,0
Cameraman,otsu,8,1,DE,1,0.1618589000427164,0.16240960004506633,-5845056594.469624,6.353309928525697e-06,0
Cameraman,otsu,8,1,DE,2,0.1618589000427164,0.32372340001165867,-5845056594.469624,6.353309928525697e-06,0
Cameraman,otsu,8,1,DE,3,0.1618589000427164,0.4864660000312142,-5845056594.469624,6.353309928525697e-06,0
Cameraman,otsu,8,2,RM-MDE,1,0.1242849999689497,0.1242849999689497,-5845093730.161653,0.0,1
Cameraman,otsu,8,2,PSO,1,0.1242849999689497,0.1248378999880515,-5845093730.161653,0.0,1
Cameraman,otsu,8,2,PSO,2,0.1242849999689497,0.24896900000749156,-5845093730.161653,0.0,1
Cameraman,otsu,8,2,PSO,3,0.1242849999689497,0.37331659998744726,-5845093730.161653,0.0,1
Cameraman,otsu,8,2,DE,1,0.1242849999689497,0.12438880000263453,-5845059302.787791,5.889960957112101e-06,0
Cameraman,otsu,8,2,DE,2,0.1242849999689497,0.24885020003421232,-5845059302.787791,5.889960957112101e-06,0
Cameraman,otsu,8,2,DE,3,0.1242849999689497,0.37358140002470464,-5845059302.787791,5.889960957112101e-06,0
Cameraman,otsu,8,3,RM-MDE,1,0.15022179996594787,0.15022179996594787,-5845063081.856273,5.243424108276864e-06,0
Cameraman,otsu,8,3,PSO,1,0.15022179996594787,0.15068970003630966,-5845088222.722432,9.42232832299877e-07,0
Cameraman,otsu,8,3,PSO,2,0.15022179996594787,0.30064060003496706,-5845088222.722432,9.42232832299877e-07,0
Cameraman,otsu,8,3,PSO,3,0.15022179996594787,0.4508451000438072,-5845088222.722432,9.42232832299877e-07,0
Cameraman,otsu,8,3,DE,1,0.15022179996594787,0.15047090000007302,-5845063081.856273,5.243424108276864e-06,0
Cameraman,otsu,8,3,DE,2,0.15022179996594787,0.30131660000188276,-5845063081.856273,5.243424108276864e-06,0
Cameraman,otsu,8,3,DE,3,0.15022179996594787,0.45141249999869615,-5845063081.856273,5.243424108276864e-06,0
Cameraman,otsu,8,4,RM-MDE,1,0.12999849999323487,0.12999849999323487,-5845093730.161653,0.0,1
Cameraman,otsu,8,4,PSO,1,0.12999849999323487,0.13015280000399798,-5845067766.150231,4.442017976071968e-06,0
Cameraman,otsu,8,4,PSO,2,0.12999849999323487,0.26055210002232343,-5845067766.150231,4.442017976071968e-06,0
Cameraman,otsu,8,4,PSO,3,0.12999849999323487,0.3903007000335492,-5845067766.150231,4.442017976071968e-06,0
Cameraman,otsu,8,4,DE,1,0.12999849999323487,0.13098539999919012,-5845087688.953692,1.0335519392880134e-06,0
Cameraman,otsu,8,4,DE,2,0.12999849999323487,0.26067290001083165,-5845087688.953692,1.0335519392880134e-06,0
Cameraman,otsu,8,4,DE,3,0.12999849999323487,0.390336100012064,-5845087688.953692,1.0335519392880134e-06,0
Cameraman,otsu,8,5,RM-MDE,1,0.15280719997826964,0.15280719997826964,-5845093730.161653,0.0,1
Cameraman,otsu,8,5,PSO,1,0.15280719997826964,0.1529990000417456,-5845086251.610755,1.2794578227219358e-06,0
Cameraman,otsu,8,5,PSO,2,0.15280719997826964,0.30616290000034496,-5845086251.610755,1.2794578227219358e-06,0
Cameraman,otsu,8,5,PSO,3,0.15280719997826964,0.45869220001623034,-5845086251.610755,1.2794578227219358e-06,0
Cameraman,otsu,8,5,DE,1,0.15280719997826964,0.15283760003512725,-5845063081.856273,5.243424108276864e-06,0
Cameraman,otsu,8,5,DE,2,0.15280719997826964,0.305658700002823,-5845063081.856273,5.243424108276864e-06,0
Cameraman,otsu,8,5,DE,3,0.15280719997826964,0.4590743000153452,-5845063081.856273,5.243424108276864e-06,0
Cameraman,otsu,8,6,RM-MDE,1,0.15526140003930777,0.15526140003930777,-5845093730.161653,0.0,1
Cameraman,otsu,8,6,PSO,1,0.15526140003930777,0.15557010000338778,-5845093730.161653,0.0,1
Cameraman,otsu,8,6,PSO,2,0.15526140003930777,0.3110290999757126,-5845093730.161653,0.0,1
Cameraman,otsu,8,6,PSO,3,0.15526140003930777,0.46633709996240214,-5845093730.161653,0.0,1
Cameraman,otsu,8,6,DE,1,0.15526140003930777,0.15557639999315143,-5845036609.986627,9.772328325752994e-06,0
Cameraman,otsu,8,6,DE,2,0.15526140003930777,0.31094449997181073,-5845036609.986627,9.772328325752994e-06,0
Cameraman,otsu,8,6,DE,3,0.15526140003930777,0.46611189999384806,-5845036609.986627,9.772328325752994e-06,0
Cameraman,otsu,8,7,RM-MDE,1,0.12514130002819002,0.12514130002819002,-5845093730.161653,0.0,1
Cameraman,otsu,8,7,PSO,1,0.12514130002819002,0.12560989998746663,-5845068941.887219,4.240868594668445e-06,0
Cameraman,otsu,8,7,PSO,2,0.12514130002819002,0.2507700999849476,-5845074499.528591,3.290046994828456e-06,0
Cameraman,otsu,8,7,PSO,3,0.12514130002819002,0.3761547000030987,-5845074499.528591,3.290046994828456e-06,0
Cameraman,otsu,8,7,DE,1,0.12514130002819002,0.12603919999673963,-5845087688.953692,1.0335519392880134e-06,0
Cameraman,otsu,8,7,DE,2,0.12514130002819002,0.2506418999982998,-5845087688.953692,1.0335519392880134e-06,0
Cameraman,otsu,8,7,DE,3,0.12514130002819002,0.3764129000483081,-5845087688.953692,1.0335519392880134e-06,0
Cameraman,otsu,8,8,RM-MDE,1,0.11441569996532053,0.11441569996532053,-5845093730.161653,0.0,1
Cameraman,otsu,8,8,PSO,1,0.11441569996532053,0.11453940003411844,-5845084217.279358,1.627498673899239e-06,0
Cameraman,otsu,8,8,PSO,2,0.11441569996532053,0.22942039999179542,-5845084217.279358,1.627498673899239e-06,0
Cameraman,otsu,8,8,PSO,3,0.11441569996532053,0.34377799998037517,-5845084217.279358,1.627498673899239e-06,0
Cameraman,otsu,8,8,DE,1,0.11441569996532053,0.11505449999822304,-5845051691.065875,7.192202164455104e-06,0
Cameraman,otsu,8,8,DE,2,0.11441569996532053,0.2296572999912314,-5845051691.065875,7.192202164455104e-06,0
Cameraman,otsu,8,8,DE,3,0.11441569996532053,0.34326699998928234,-5845051691.065875,7.192202164455104e-06,0
Cameraman,otsu,8,9,RM-MDE,1,0.13544020004337654,0.13544020004337654,-5845093730.161653,0.0,1
Cameraman,otsu,8,9,PSO,1,0.13544020004337654,0.135809600003995,-5845063081.856273,5.243424108276864e-06,0
Cameraman,otsu,8,9,PSO,2,0.13544020004337654,0.27173199999378994,-5845063081.856273,5.243424108276864e-06,0
Cameraman,otsu,8,9,PSO,3,0.13544020004337654,0.40690010000253096,-5845063081.856273,5.243424108276864e-06,0
Cameraman,otsu,8,9,DE,1,0.13544020004337654,0.135498900024686,-5845042130.206846,8.827908873396418e-06,0
Cameraman,otsu,8,9,DE,2,0.13544020004337654,0.27150760003132746,-5845042130.206846,8.827908873396418e-06,0
Cameraman,otsu,8,9,DE,3,0.13544020004337654,0.4065040000132285,-5845042130.206846,8.827908873396418e-06,0
Cameraman,kapur,6,0,RM-MDE,1,0.3710583999636583,0.3710583999636583,-24.086291954736396,0.0,1
Cameraman,kapur,6,0,PSO,1,0.3710583999636583,0.37145869998494163,-24.086291954736396,0.0,1
Cameraman,kapur,6,0,PSO,2,0.3710583999636583,0.7422527999733575,-24.086291954736396,0.0,1
Cameraman,kapur,6,0,PSO,3,0.3710583999636583,1.1137428999645635,-24.086291954736396,0.0,1
Cameraman,kapur,6,0,DE,1,0.3710583999636583,0.37156790000153705,-24.086291954736396,0.0,1
Cameraman,kapur,6,0,DE,2,0.3710583999636583,0.7433743999572471,-24.086291954736396,0.0,1
Cameraman,kapur,6,0,DE,3,0.3710583999636583,1.1142978999996558,-24.086291954736396,0.0,1
Cameraman,kapur,6,1,RM-MDE,1,0.39172750001307577,0.39172750001307577,-24.086291954736396,0.0,1
Cameraman,kapur,6,1,PSO,1,0.39172750001307577,0.39194369997130707,-24.086291954736396,0.0,1
Cameraman,kapur,6,1,PSO,2,0.39172750001307577,0.7838279999559745,-24.086291954736396,0.0,1
Cameraman,kapur,6,1,PSO,3,0.39172750001307577,1.1757468999712728,-24.086291954736396,0.0,1
Cameraman,kapur,6,1,DE,1,0.39172750001307577,0.3925794999813661,-24.086291954736396,0.0,1
Cameraman,kapur,6,1,DE,2,0.39172750001307577,0.784323499945458,-24.086291954736396,0.0,1
Cameraman,kapur,6,1,DE,3,0.39172750001307577,1.1762190999579616,-24.086291954736396,0.0,1
Cameraman,kapur,6,2,RM-MDE,1,0.3406191000249237,0.3406191000249237,-24.086291954736396,0.0,1
Cameraman,kapur,6,2,PSO,1,0.3406191000249237,0.34140540001681075,-24.086291954736396,0.0,1
Cameraman,kapur,6,2,PSO,2,0.3406191000249237,0.6816316000185907,-24.086291954736396,0.0,1
Cameraman,kapur,6,2,PSO,3,0.3406191000249237,1.0226324999821372,-24.086291954736396,0.0,1
Cameraman,kapur,6,2,DE,1,0.3406191000249237,0.34124030004022643,-24.086291954736396,0.0,1
Cameraman,kapur,6,2,DE,2,0.3406191000249237,0.6815938000218011,-24.086291954736396,0.0,1
Cameraman,kapur,6,2,DE,3,0.3406191000249237,1.0229822000255808,-24.086291954736396,0.0,1
Cameraman,kapur,6,3,RM-MDE,1,0.3358545000082813,0.3358545000082813,-24.086291954736396,0.0,1
Cameraman,kapur,6,3,PSO,1,0.3358545000082813,0.33634179999353364,-24.086291954736396,0.0,1
Cameraman,kapur,6,3,PSO,2,0.3358545000082813,0.6723875000025146,-24.086291954736396,0.0,1
Cameraman,kapur,6,3,PSO,3,0.3358545000082813,1.0075923000113107,-24.086291954736396,0.0,1
Cameraman,kapur,6,3,DE,1,0.3358545000082813,0.3369986999896355,-24.086291954736396,0.0,1
Cameraman,kapur,6,3,DE,2,0.3358545000082813,0.6728027999633923,-24.086291954736396,0.0,1
Cameraman,kapur,6,3,DE,3,0.3358545000082813,1.0080867999931797,-24.086291954736396,0.0,1
Cameraman,kapur,6,4,RM-MDE,1,0.29369339998811483,0.29369339998811483,-24.086291954736396,0.0,1
Cameraman,kapur,6,4,PSO,1,0.29369339998811483,0.2944788000313565,-24.086291954736396,0.0,1
Cameraman,kapur,6,4,PSO,2,0.29369339998811483,0.5878339000046253,-24.086291954736396,0.0,1
Cameraman,kapur,6,4,PSO,3,0.29369339998811483,0.8811660999781452,-24.086291954736396,0.0,1
Cameraman,kapur,6,4,DE,1,0.29369339998811483,0.29418620001524687,-24.086291954736396,0.0,1
Cameraman,kapur,6,4,DE,2,0.29369339998811483,0.5879986000363715,-24.086291954736396,0.0,1
Cameraman,kapur,6,4,DE,3,0.29369339998811483,0.8818820000160486,-24.086291954736396,0.0,1
Cameraman,kapur,6,5,RM-MDE,1,0.3586494000046514,0.3586494000046514,-24.086291954736396,0.0,1
Cameraman,kapur,6,5,PSO,1,0.3586494000046514,0.35931149998214096,-24.086291954736396,0.0,1
Cameraman,kapur,6,5,PSO,2,0.3586494000046514,0.7174621999729425,-24.086291954736396,0.0,1
Cameraman,kapur,6,5,PSO,3,0.3586494000046514,1.076137900003232,-24.086291954736396,0.0,1
Cameraman,kapur,6,5,DE,1,0.3586494000046514,0.35876750003080815,-24.086291954736396,0.0,1
Cameraman,kapur,6,5,DE,2,0.3586494000046514,0.7184797000372782,-24.086291954736396,0.0,1
Cameraman,kapur,6,5,DE,3,0.3586494000046514,1.076737800030969,-24.086291954736396,0.0,1
Cameraman,kapur,6,6,RM-MDE,1,0.36696650000521913,0.36696650000521913,-24.086291954736396,0.0,1
Cameraman,kapur,6,6,PSO,1,0.36696650000521913,0.36862500000279397,-24.086291954736396,0.0,1
Cameraman,kapur,6,6,PSO,2,0.36696650000521913,0.7340352000319399,-24.086291954736396,0.0,1
Cameraman,kapur,6,6,PSO,3,0.36696650000521913,1.101553899992723,-24.086291954736396,0.0,1
Cameraman,kapur,6,6,DE,1,0.36696650000521913,0.36731309996685013,-24.086291954736396,0.0,1
Cameraman,kapur,6,6,DE,2,0.36696650000521913,0.7347056000144221,-24.086291954736396,0.0,1
Cameraman,kapur,6,6,DE,3,0.36696650000521913,1.1013273000135086,-24.086291954736396,0.0,1
Cameraman,kapur,6,7,RM-MDE,1,0.35365380003349856,0.35365380003349856,-24.086291954736396,0.0,1
Cameraman,kapur,6,7,PSO,1,0.35365380003349856,0.3540027000126429,-24.086291954736396,0.0,1
Cameraman,kapur,6,7,PSO,2,0.35365380003349856,0.7082089000032283,-24.086291954736396,0.0,1
Cameraman,kapur,6,7,PSO,3,0.35365380003349856,1.0617183999856934,-24.086291954736396,0.0,1
Cameraman,kapur,6,7,DE,1,0.35365380003349856,0.3538062999723479,-24.086291954736396,0.0,1
Cameraman,kapur,6,7,DE,2,0.35365380003349856,0.707378399965819,-24.086291954736396,0.0,1
Cameraman,kapur,6,7,DE,3,0.35365380003349856,1.0615099999704398,-24.086291954736396,0.0,1
Cameraman,kapur,6,8,RM-MDE,1,0.3354655000148341,0.3354655000148341,-24.086291954736396,0.0,1
Cameraman,kapur,6,8,PSO,1,0.3354655000148341,0.3359047999838367,-24.086291954736396,0.0,1
Cameraman,kapur,6,8,PSO,2,0.3354655000148341,0.6715989999938756,-24.086291954736396,0.0,1
Cameraman,kapur,6,8,PSO,3,0.3354655000148341,1.0069648000062443,-24.086291954736396,0.0,1
Cameraman,kapur,6,8,DE,1,0.3354655000148341,0.3362695000250824,-24.086291954736396,0.0,1
Cameraman,kapur,6,8,DE,2,0.3354655000148341,0.6716826000483707,-24.086291954736396,0.0,1
Cameraman,kapur,6,8,DE,3,0.3354655000148341,1.0071154000470415,-24.086291954736396,0.0,1
Cameraman,kapur,6,9,RM-MDE,1,0.3576119000208564,0.3576119000208564,-24.086291954736396,0.0,1
Cameraman,kapur,6,9,PSO,1,0.3576119000208564,0.35828960000071675,-24.086291954736396,0.0,1
Cameraman,kapur,6,9,PSO,2,0.3576119000208564,0.7156361999805085,-24.086291954736396,0.0,1
Cameraman,kapur,6,9,PSO,3,0.3576119000208564,1.0729998999740928,-24.086291954736396,0.0,1
Cameraman,kapur,6,9,DE,1,0.3576119000208564,0.358761899988167,-24.086291954736396,0.0,1
Cameraman,kapur,6,9,DE,2,0.3576119000208564,0.7155101000098512,-24.086291954736396,0.0,1
Cameraman,kapur,6,9,DE,3,0.3576119000208564,1.0728948999894783,-24.086291954736396,0.0,1
Cameraman,kapur,7,0,RM-MDE,1,0.2675042999908328,0.2675042999908328,-26.69072456102377,0.0,1
Cameraman,kapur,7,0,PSO,1,0.2675042999908328,0.26764340000227094,-26.6895541479186,4.385093040451451e-05,0
Cameraman,kapur,7,0,PSO,2,0.2675042999908328,0.5350998999783769,-26.6895541479186,4.385093040451451e-05,0
Cameraman,kapur,7,0,PSO,3,0.2675042999908328,0.8025436999741942,-26.6895541479186,4.385093040451451e-05,0
Cameraman,kapur,7,0,DE,1,0.2675042999908328,0.26817219995427877,-26.69072456102377,0.0,1
Cameraman,kapur,7,0,DE,2,0.2675042999908328,0.5362260999972932,-26.69072456102377,0.0,1
Cameraman,kapur,7,0,DE,3,0.2675042999908328,0.8026191999670118,-26.69072456102377,0.0,1
Cameraman,kapur,7,1,RM-MDE,1,0.325848100008443,0.325848100008443,-26.69072456102377,0.0,1
Cameraman,kapur,7,1,PSO,1,0.325848100008443,0.3267266999464482,-26.689732825376915,3.7156565180119056e-05,0
Cameraman,kapur,7,1,PSO,2,0.325848100008443,0.6524679999565706,-26.689732825376915,3.7156565180119056e-05,0
Cameraman,kapur,7,1,PSO,3,0.325848100008443,0.9775654999539256,-26.689732825376915,3.7156565180119056e-05,0
Cameraman,kapur,7,1,DE,1,0.325848100008443,0.3261752999969758,-26.69072456102377,0.0,1
Cameraman,kapur,7,1,DE,2,0.325848100008443,0.6529176000040025,-26.69072456102377,0.0,1
Cameraman,kapur,7,1,DE,3,0.325848100008443,0.9777115000179037,-26.69072456102377,0.0,1
Cameraman,kapur,7,2,RM-MDE,1,0.31171149999136105,0.31171149999136105,-26.69072456102377,0.0,1
Cameraman,kapur,7,2,PSO,1,0.31171149999136105,0.311837800021749,-26.6895541479186,4.385093040451451e-05,0
Cameraman,kapur,7,2,PSO,2,0.31171149999136105,0.6240711000282317,-26.6895541479186,4.385093040451451e-05,0
Cameraman,kapur,7,2,PSO,3,0.31171149999136105,0.9353811999899335,-26.6895541479186,4.385093040451451e-05,0
Cameraman,kapur,7,2,DE,1,0.31171149999136105,0.3128537000156939,-26.69072456102377,0.0,1
Cameraman,kapur,7,2,DE,2,0.31171149999136105,0.6242512000026181,-26.69072456102377,0.0,1
Cameraman,kapur,7,2,DE,3,0.31171149999136105,0.9363147999974899,-26.69072456102377,0.0,1
Cameraman,kapur,7,3,RM-MDE,1,0.26364530000137165,0.26364530000137165,-26.69072456102377,0.0,1
Cameraman,kapur,7,3,PSO,1,0.26364530000137165,0.26446049998048693,-26.69072456102377,0.0,1
Cameraman,kapur,7,3,PSO,2,0.26364530000137165,0.5280985999852419,-26.69072456102377,0.0,1
Cameraman,kapur,7,3,PSO,3,0.26364530000137165,0.7911802000016905,-26.69072456102377,0.0,1
Cameraman,kapur,7,3,DE,1,0.26364530000137165,0.2637576999841258,-26.6895541479186,4.385093040451451e-05,0
Cameraman,kapur,7,3,DE,2,0.26364530000137165,0.528142300026957,-26.6895541479186,4.385093040451451e-05,0
Cameraman,kapur,7,3,DE,3,0.26364530000137165,0.7916639000177383,-26.6895541479186,4.385093040451451e-05,0
Cameraman,kapur,7,4,RM-MDE,1,0.29465960001107305,0.29465960001107305,-26.69072456102377,0.0,1
Cameraman,kapur,7,4,PSO,1,0.29465960001107305,0.29538319999119267,-26.69072456102377,0.0,1
Cameraman,kapur,7,4,PSO,2,0.29465960001107305,0.5898966999957338,-26.69072456102377,0.0,1
Cameraman,kapur,7,4,PSO,3,0.29465960001107305,0.8841611999669112,-26.69072456102377,0.0,1
Cameraman,kapur,7,4,DE,1,0.29465960001107305,0.2950903999735601,-26.69072456102377,0.0,1
Cameraman,kapur,7,4,DE,2,0.29465960001107305,0.5904178000055254,-26.69072456102377,0.0,1
Cameraman,kapur,7,4,DE,3,0.29465960001107305,0.8841624999768101,-26.69072456102377,0.0,1
Cameraman,kapur,7,5,RM-MDE,1,0.26473519997671247,0.26473519997671247,-26.69072456102377,0.0,1
Cameraman,kapur,7,5,PSO,1,0.26473519997671247,0.26495570002589375,-26.69072456102377,0.0,1
Cameraman,kapur,7,5,PSO,2,0.26473519997671247,0.5302738000173122,-26.69072456102377,0.0,1
Cameraman,kapur,7,5,PSO,3,0.26473519997671247,0.7944811000488698,-26.69072456102377,0.0,1
Cameraman,kapur,7,5,DE,1,0.26473519997671247,0.2656159999896772,-26.68554138012974,0.00019419408724475777,0
Cameraman,kapur,7,5,DE,2,0.26473519997671247,0.5296306000091136,-26.68554138012974,0.00019419408724475777,0
Cameraman,kapur,7,5,DE,3,0.26473519997671247,0.7956326000276022,-26.68554138012974,0.00019419408724475777,0
Cameraman,kapur,7,6,RM-MDE,1,0.3224142999970354,0.3224142999970354,-26.69072456102377,0.0,1
Cameraman,kapur,7,6,PSO,1,0.3224142999970354,0.32268320000730455,-26.69072456102377,0.0,1
Cameraman,kapur,7,6,PSO,2,0.3224142999970354,0.6448918000096455,-26.69072456102377,0.0,1
Cameraman,kapur,7,6,PSO,3,0.3224142999970354,0.9673644999857061,-26.69072456102377,0.0,1
Cameraman,kapur,7,6,DE,1,0.3224142999970354,0.3228260999894701,-26.69072456102377,0.0,1
Cameraman,kapur,7,6,DE,2,0.3224142999970354,0.6458444999880157,-26.69072456102377,0.0,1
Cameraman,kapur,7,6,DE,3,0.3224142999970354,0.9677358999615535,-26.69072456102377,0.0,1
Cameraman,kapur,7,7,RM-MDE,1,0.27228069998091087,0.27228069998091087,-26.69072456102377,0.0,1
Cameraman,kapur,7,7,PSO,1,0.27228069998091087,0.27243469998938963,-26.69072456102377,0.0,1
Cameraman,kapur,7,7,PSO,2,0.27228069998091087,0.5447852999786846,-26.69072456102377,0.0,1
Cameraman,kapur,7,7,PSO,3,0.27228069998091087,0.8170881999540143,-26.69072456102377,0.0,1
Cameraman,kapur,7,7,DE,1,0.27228069998091087,0.2725821000058204,-26.69072456102377,0.0,1
Cameraman,kapur,7,7,DE,2,0.27228069998091087,0.5449230999802239,-26.69072456102377,0.0,1
Cameraman,kapur,7,7,DE,3,0.27228069998091087,0.8181486999965273,-26.69072456102377,0.0,1
Cameraman,kapur,7,8,RM-MDE,1,0.29767289996379986,0.29767289996379986,-26.69072456102377,0.0,1
Cameraman,kapur,7,8,PSO,1,0.29767289996379986,0.29820720001589507,-26.6895541479186,4.385093040451451e-05,0
Cameraman,kapur,7,8,PSO,2,0.29767289996379986,0.5958624000195414,-26.6895541479186,4.385093040451451e-05,0
Cameraman,kapur,7,8,PSO,3,0.29767289996379986,0.8931924000498839,-26.6895541479186,4.385093040451451e-05,0
Cameraman,kapur,7,8,DE,1,0.29767289996379986,0.29826940002385527,-26.690087957788613,2.385110354357081e-05,0
Cameraman,kapur,7,8,DE,2,0.29767289996379986,0.596131400030572,-26.690087957788613,2.385110354357081e-05,0
Cameraman,kapur,7,8,DE,3,0.29767289996379986,0.8945024000131525,-26.690087957788613,2.385110354357081e-05,0
Cameraman,kapur,7,9,RM-MDE,1,0.3651677999878302,0.3651677999878302,-26.69072456102377,0.0,1
Cameraman,kapur,7,9,PSO,1,0.3651677999878302,0.3652303999988362,-26.69072456102377,0.0,1
Cameraman,kapur,7,9,PSO,2,0.3651677999878302,0.7311762000317685,-26.69072456102377,0.0,1
Cameraman,kapur,7,9,PSO,3,0.3651677999878302,1.0955200000316836,-26.69072456102377,0.0,1
Cameraman,kapur,7,9,DE,1,0.3651677999878302,0.36554299999261275,-26.69072456102377,0.0,1
Cameraman,kapur,7,9,DE,2,0.3651677999878302,0.7305860000196844,-26.69072456102377,0.0,1
Cameraman,kapur,7,9,DE,3,0.3651677999878302,1.0965089999954216,-26.69072456102377,0.0,1
Cameraman,kapur,8,0,RM-MDE,1,0.35566939995624125,0.35566939995624125,-29.12665447490945,0.0,1
Cameraman,kapur,8,0,PSO,1,0.35566939995624125,0.3565152999944985,-29.12665447490945,0.0,1
Cameraman,kapur,8,0,PSO,2,0.35566939995624125,0.7117215999751352,-29.12665447490945,0.0,1
Cameraman,kapur,8,0,PSO,3,0.35566939995624125,1.0676933999639004,-29.12665447490945,0.0,1
Cameraman,kapur,8,0,DE,1,0.35566939995624125,0.35667329997522756,-29.124825632279055,6.278931320350637e-05,0
Cameraman,kapur,8,0,DE,2,0.35566939995624125,0.7126215000171214,-29.124825632279055,6.278931320350637e-05,0
Cameraman,kapur,8,0,DE,3,0.35566939995624125,1.0672985999844968,-29.124825632279055,6.278931320350637e-05,0
Cameraman,kapur,8,1,RM-MDE,1,0.38716179999755695,0.38716179999755695,-29.12665447490945,0.0,1
Cameraman,kapur,8,1,PSO,1,0.38716179999755695,0.38798339996719733,-29.12665447490945,0.0,1
Cameraman,kapur,8,1,PSO,2,0.38716179999755695,0.7751094999839552,-29.12665447490945,0.0,1
Cameraman,kapur,8,1,PSO,3,0.38716179999755695,1.1623264999943785,-29.12665447490945,0.0,1
Cameraman,kapur,8,1,DE,1,0.38716179999755695,0.3879626000416465,-29.12381487756607,9.749136639869832e-05,0
Cameraman,kapur,8,1,DE,2,0.38716179999755695,0.774570900015533,-29.12381487756607,9.749136639869832e-05,0
Cameraman,kapur,8,1,DE,3,0.38716179999755695,1.1615512000280432,-29.12381487756607,9.749136639869832e-05,0
Cameraman,kapur,8,2,RM-MDE,1,0.3796534999855794,0.3796534999855794,-29.12665447490945,0.0,1
Cameraman,kapur,8,2,PSO,1,0.3796534999855794,0.38054169999668375,-29.12665447490945,0.0,1
Cameraman,kapur,8,2,PSO,2,0.3796534999855794,0.7600134999956936,-29.12665447490945,0.0,1
Cameraman,kapur,8,2,PSO,3,0.3796534999855794,1.1390228999662213,-29.12665447490945,0.0,1
Cameraman,kapur,8,2,DE,1,0.3796534999855794,0.3801798000349663,-29.124825632279055,6.278931320350637e-05,0
Cameraman,kapur,8,2,DE,2,0.3796534999855794,0.7601566000375897,-29.124825632279055,6.278931320350637e-05,0
Cameraman,kapur,8,2,DE,3,0.3796534999855794,1.1395324000041,-29.124825632279055,6.278931320350637e-05,0
Cameraman,kapur,8,3,RM-MDE,1,0.3961741999955848,0.3961741999955848,-29.12665447490945,0.0,1
Cameraman,kapur,8,3,PSO,1,0.3961741999955848,0.39679639996029437,-29.12665447490945,0.0,1
Cameraman,kapur,8,3,PSO,2,0.3961741999955848,0.7926669999724254,-29.12665447490945,0.0,1
Cameraman,kapur,8,3,PSO,3,0.3961741999955848,1.1886853000032715,-29.12665447490945,0.0,1
Cameraman,kapur,8,3,DE,1,0.3961741999955848,0.39694030000828207,-29.12496051795678,5.815830836770133e-05,0
Cameraman,kapur,8,3,DE,2,0.3961741999955848,0.7932443000026979,-29.12496051795678,5.815830836770133e-05,0
Cameraman,kapur,8,3,DE,3,0.3961741999955848,1.1895458999788389,-29.12496051795678,5.815830836770133e-05,0
Cameraman,kapur,8,4,RM-MDE,1,0.37892119999742135,0.37892119999742135,-29.12665447490945,0.0,1
Cameraman,kapur,8,4,PSO,1,0.37892119999742135,0.3789905000012368,-29.12665447490945,0.0,1
Cameraman,kapur,8,4,PSO,2,0.37892119999742135,0.758378200000152,-29.12665447490945,0.0,1
Cameraman,kapur,8,4,PSO,3,0.37892119999742135,1.1375987000064924,-29.12665447490945,0.0,1
Cameraman,kapur,8,4,DE,1,0.37892119999742135,0.3800152999465354,-29.12665447490945,0.0,1
Cameraman,kapur,8,4,DE,2,0.37892119999742135,0.7582200999604538,-29.12665447490945,0.0,1
Cameraman,kapur,8,4,DE,3,0.37892119999742135,1.1376651999889873,-29.12665447490945,0.0,1
Cameraman,kapur,8,5,RM-MDE,1,0.33770789997652173,0.33770789997652173,-29.12665447490945,0.0,1
Cameraman,kapur,8,5,PSO,1,0.33770789997652173,0.3385028999764472,-29.12665447490945,0.0,1
Cameraman,kapur,8,5,PSO,2,0.33770789997652173,0.6761225999798626,-29.12665447490945,0.0,1
Cameraman,kapur,8,5,PSO,3,0.33770789997652173,1.0139200999983586,-29.12665447490945,0.0,1
Cameraman,kapur,8,5,DE,1,0.33770789997652173,0.3391651000129059,-29.126519589231727,4.631004835805036e-06,0
Cameraman,kapur,8,5,DE,2,0.33770789997652173,0.6759062000201084,-29.126519589231727,4.631004835805036e-06,0
Cameraman,kapur,8,5,DE,3,0.33770789997652173,1.013757499982603,-29.126519589231727,4.631004835805036e-06,0
Cameraman,kapur,8,6,RM-MDE,1,0.3698173000011593,0.3698173000011593,-29.12665447490945,0.0,1
Cameraman,kapur,8,6,PSO,1,0.3698173000011593,0.3706753000151366,-29.12665447490945,0.0,1
Cameraman,kapur,8,6,PSO,2,0.3698173000011593,0.7402326000155881,-29.12665447490945,0.0,1
Cameraman,kapur,8,6,PSO,3,0.3698173000011593,1.1099984000320546,-29.12665447490945,0.0,1
Cameraman,kapur,8,6,DE,1,0.3698173000011593,0.37063099996885285,-29.126519589231727,4.631004835805036e-06,0
Cameraman,kapur,8,6,DE,2,0.3698173000011593,0.7406858999747783,-29.126519589231727,4.631004835805036e-06,0
Cameraman,kapur,8,6,DE,3,0.3698173000011593,1.10992640000768,-29.126519589231727,4.631004835805036e-06,0
Cameraman,kapur,8,7,RM-MDE,1,0.31787850003456697,0.31787850003456697,-29.12665447490945,0.0,1
Cameraman,kapur,8,7,PSO,1,0.31787850003456697,0.31838489999063313,-29.12665447490945,0.0,1
Cameraman,kapur,8,7,PSO,2,0.31787850003456697,0.6362553999642842,-29.12665447490945,0.0,1
Cameraman,kapur,8,7,PSO,3,0.31787850003456697,0.9545293999835849,-29.12665447490945,0.0,1
Cameraman,kapur,8,7,DE,1,0.31787850003456697,0.318059999961406,-29.12665447490945,0.0,1
Cameraman,kapur,8,7,DE,2,0.31787850003456697,0.636393099965062,-29.12665447490945,0.0,1
Cameraman,kapur,8,7,DE,3,0.31787850003456697,0.9547429999802262,-29.12665447490945,0.0,1
Cameraman,kapur,8,8,RM-MDE,1,0.3458340000361204,0.3458340000361204,-29.12665447490945,0.0,1
Cameraman,kapur,8,8,PSO,1,0.3458340000361204,0.346317200048361,-29.126519589231727,4.631004835805036e-06,0
Cameraman,kapur,8,8,PSO,2,0.3458340000361204,0.6921467000502162,-29.126519589231727,4.631004835805036e-06,0
Cameraman,kapur,8,8,PSO,3,0.3458340000361204,1.0382267000386491,-29.126519589231727,4.631004835805036e-06,0
Cameraman,kapur,8,8,DE,1,0.3458340000361204,0.34658349998062477,-29.124825632279055,6.278931320350637e-05,0
Cameraman,kapur,8,8,DE,2,0.3458340000361204,0.6921570000122301,-29.124825632279055,6.278931320350637e-05,0
Cameraman,kapur,8,8,DE,3,0.3458340000361204,1.0384583999984898,-29.124825632279055,6.278931320350637e-05,0
Cameraman,kapur,8,9,RM-MDE,1,0.38168389996280894,0.38168389996280894,-29.12665447490945,0.0,1
Cameraman,kapur,8,9,PSO,1,0.38168389996280894,0.3819325000513345,-29.12665447490945,0.0,1
Cameraman,kapur,8,9,PSO,2,0.38168389996280894,0.7637469000183046,-29.12665447490945,0.0,1
Cameraman,kapur,8,9,PSO,3,0.38168389996280894,1.1456083000521176,-29.12665447490945,0.0,1
Cameraman,kapur,8,9,DE,1,0.38168389996280894,0.3821225000428967,-29.12665447490945,0.0,1
Cameraman,kapur,8,9,DE,2,0.38168389996280894,0.7643058000248857,-29.12665447490945,0.0,1
Cameraman,kapur,8,9,DE,3,0.38168389996280894,1.1456923000514507,-29.12665447490945,0.0,1
Cameraman,mcet,6,0,RM-MDE,1,0.272442499990575,0.272442499990575,-172807242.558218,0.0,1
Cameraman,mcet,6,0,PSO,1,0.272442499990575,0.27318439999362454,-172807242.558218,0.0,1
Cameraman,mcet,6,0,PSO,2,0.272442499990575,0.5453926000045612,-172807242.558218,0.0,1
Cameraman,mcet,6,0,PSO,3,0.272442499990575,0.8179061000118963,-172807242.558218,0.0,1
Cameraman,mcet,6,0,DE,1,0.272442499990575,0.2725526000140235,-172807181.57547748,3.5289458716341796e-07,0
Cameraman,mcet,6,0,DE,2,0.272442499990575,0.5459098999854177,-172807181.57547748,3.5289458716341796e-07,0
Cameraman,mcet,6,0,DE,3,0.272442499990575,0.8181206000153907,-172807181.57547748,3.5289458716341796e-07,0
Cameraman,mcet,6,1,RM-MDE,1,0.3344986999873072,0.3344986999873072,-172807242.558218,0.0,1
Cameraman,mcet,6,1,PSO,1,0.3344986999873072,0.33523650001734495,-172807242.558218,0.0,1
Cameraman,mcet,6,1,PSO,2,0.3344986999873072,0.669640599982813,-172807242.558218,0.0,1
Cameraman,mcet,6,1,PSO,3,0.3344986999873072,1.0035027000121772,-172807242.558218,0.0,1
Cameraman,mcet,6,1,DE,1,0.3344986999873072,0.3347139999968931,-172807231.94330633,6.142631245259914e-08,0
Cameraman,mcet,6,1,DE,2,0.3344986999873072,0.6696070000180043,-172807231.94330633,6.142631245259914e-08,0
Cameraman,mcet,6,1,DE,3,0.3344986999873072,1.0038296999991871,-172807231.94330633,6.142631245259914e-08,0
Cameraman,mcet,6,2,RM-MDE,1,0.29146249999757856,0.29146249999757856,-172807242.558218,0.0,1
Cameraman,mcet,6,2,PSO,1,0.29146249999757856,0.2920885000494309,-172807242.558218,0.0,1
Cameraman,mcet,6,2,PSO,2,0.29146249999757856,0.5830369000323117,-172807242.558218,0.0,1
Cameraman,mcet,6,2,PSO,3,0.29146249999757856,0.8745554000488482,-172807242.558218,0.0,1
Cameraman,mcet,6,2,DE,1,0.29146249999757856,0.2917244000127539,-172807231.94330633,6.142631245259914e-08,0
Cameraman,mcet,6,2,DE,2,0.29146249999757856,0.5835072000045329,-172807231.94330633,6.142631245259914e-08,0
Cameraman,mcet,6,2,DE,3,0.29146249999757856,0.8751264999737032,-172807231.94330633,6.142631245259914e-08,0
Cameraman,mcet,6,3,RM-MDE,1,0.282982999982778,0.282982999982778,-172807242.558218,0.0,1
Cameraman,mcet,6,3,PSO,1,0.282982999982778,0.28347979998216033,-172807242.558218,0.0,1
Cameraman,mcet,6,3,PSO,2,0.282982999982778,0.5666168999741785,-172807242.558218,0.0,1
Cameraman,mcet,6,3,PSO,3,0.282982999982778,0.8495471999631263,-172807242.558218,0.0,1
Cameraman,mcet,6,3,DE,1,0.282982999982778,0.28398319997359067,-172807192.19038913,2.9146827488327875e-07,0
Cameraman,mcet,6,3,DE,2,0.282982999982778,0.5670266000088304,-172807192.19038913,2.9146827488327875e-07,0
Cameraman,mcet,6,3,DE,3,0.282982999982778,0.8501125000184402,-172807192.19038913,2.9146827488327875e-07,0
Cameraman,mcet,6,4,RM-MDE,1,0.2961384999798611,0.2961384999798611,-172807242.558218,0.0,1
Cameraman,mcet,6,4,PSO,1,0.2961384999798611,0.29678739997325465,-172807242.558218,0.0,1
Cameraman,mcet,6,4,PSO,2,0.2961384999798611,0.5927765999804251,-172807242.558218,0.0,1
Cameraman,mcet,6,4,PSO,3,0.2961384999798611,0.8887504999875091,-172807242.558218,0.0,1
Cameraman,mcet,6,4,DE,1,0.2961384999798611,0.296760400000494,-172807231.94330633,6.142631245259914e-08,0
Cameraman,mcet,6,4,DE,2,0.2961384999798611,0.593153900001198,-172807231.94330633,6.142631245259914e-08,0
Cameraman,mcet,6,4,DE,3,0.2961384999798611,0.8885177000192925,-172807231.94330633,6.142631245259914e-08,0
Cameraman,mcet,6,5,RM-MDE,1,0.27899590000743046,0.27899590000743046,-172807242.558218,0.0,1
Cameraman,mcet,6,5,PSO,1,0.27899590000743046,0.2790311999851838,-172807242.558218,0.0,1
Cameraman,mcet,6,5,PSO,2,0.27899590000743046,0.5583040000055917,-172807242.558218,0.0,1
Cameraman,mcet,6,5,PSO,3,0.27899590000743046,0.8375348999979906,-172807242.558218,0.0,1
Cameraman,mcet,6,5,DE,1,0.27899590000743046,0.2792578999651596,-172807192.19038913,2.9146827488327875e-07,0
Cameraman,mcet,6,5,DE,2,0.27899590000743046,0.5594569999957457,-172807192.19038913,2.9146827488327875e-07,0
Cameraman,mcet,6,5,DE,3,0.27899590000743046,0.8379558000015095,-172807192.19038913,2.9146827488327875e-07,0
Cameraman,mcet,6,6,RM-MDE,1,0.3233186000143178,0.3233186000143178,-172807242.558218,0.0,1
Cameraman,mcet,6,6,PSO,1,0.3233186000143178,0.32345660001737997,-172807242.558218,0.0,1
Cameraman,mcet,6,6,PSO,2,0.3233186000143178,0.6472810999839567,-172807242.558218,0.0,1
Cameraman,mcet,6,6,PSO,3,0.3233186000143178,0.970651599986013,-172807242.558218,0.0,1
Cameraman,mcet,6,6,DE,1,0.3233186000143178,0.3236188000300899,-172807231.94330633,6.142631245259914e-08,0
Cameraman,mcet,6,6,DE,2,0.3233186000143178,0.6473007000167854,-172807231.94330633,6.142631245259914e-08,0
Cameraman,mcet,6,6,DE,3,0.3233186000143178,0.9703677000361495,-172807231.94330633,6.142631245259914e-08,0
Cameraman,mcet,6,7,RM-MDE,1,0.31057179998606443,0.31057179998606443,-172807242.558218,0.0,1
Cameraman,mcet,6,7,PSO,1,0.31057179998606443,0.311099499987904,-172807242.558218,0.0,1
Cameraman,mcet,6,7,PSO,2,0.31057179998606443,0.6213424000306986,-172807242.558218,0.0,1
Cameraman,mcet,6,7,PSO,3,0.31057179998606443,0.9323700999957509,-172807242.558218,0.0,1
Cameraman,mcet,6,7,DE,1,0.31057179998606443,0.3110207000281662,-172806861.29418433,2.2062966113630778e-06,0
Cameraman,mcet,6,7,DE,2,0.31057179998606443,0.6212796000181697,-172806861.29418433,2.2062966113630778e-06,0
Cameraman,mcet,6,7,DE,3,0.31057179998606443,0.9320901000173762,-172806861.29418433,2.2062966113630778e-06,0
Cameraman,mcet,6,8,RM-MDE,1,0.2956457000109367,0.2956457000109367,-172807242.558218,0.0,1
Cameraman,mcet,6,8,PSO,1,0.2956457000109367,0.2962299999780953,-172807242.558218,0.0,1
Cameraman,mcet,6,8,PSO,2,0.2956457000109367,0.5917397999437526,-172807242.558218,0.0,1
Cameraman,mcet,6,8,PSO,3,0.2956457000109367,0.8873738999827765,-172807242.558218,0.0,1
Cameraman,mcet,6,8,DE,1,0.2956457000109367,0.2959743000101298,-172807242.558218,0.0,1
Cameraman,mcet,6,8,DE,2,0.2956457000109367,0.5917959999642335,-172807242.558218,0.0,1
Cameraman,mcet,6,8,DE,3,0.2956457000109367,0.8872559999581426,-172807242.558218,0.0,1
Cameraman,mcet,6,9,RM-MDE,1,0.30021939997095615,0.30021939997095615,-172807242.558218,0.0,1
Cameraman,mcet,6,9,PSO,1,0.30021939997095615,0.3004748999956064,-172807242.558218,0.0,1
Cameraman,mcet,6,9,PSO,2,0.30021939997095615,0.6009934000321664,-172807242.558218,0.0,1
Cameraman,mcet,6,9,PSO,3,0.30021939997095615,0.9013293000170961,-172807242.558218,0.0,1
Cameraman,mcet,6,9,DE,1,0.30021939997095615,0.30120099999476224,-172807231.94330633,6.142631245259914e-08,0
Cameraman,mcet,6,9,DE,2,0.30021939997095615,0.6007857999647968,-172807231.94330633,6.142631245259914e-08,0
Cameraman,mcet,6,9,DE,3,0.30021939997095615,0.9008330999640748,-172807231.94330633,6.142631245259914e-08,0
Cameraman,mcet,7,0,RM-MDE,1,0.20581379998475313,0.20581379998475313,-172823085.43381336,0.0,1
Cameraman,mcet,7,0,PSO,1,0.20581379998475313,0.2063017999753356,-172820288.4459568,1.618411018149585e-05,0
Cameraman,mcet,7,0,PSO,2,0.20581379998475313,0.41174579999642447,-172820288.4459568,1.618411018149585e-05,0
Cameraman,mcet,7,0,PSO,3,0.20581379998475313,0.6175833999877796,-172820288.4459568,1.618411018149585e-05,0
Cameraman,mcet,7,0,DE,1,0.20581379998475313,0.20671489997766912,-172819852.705432,1.8705419899493615e-05,0
Cameraman,mcet,7,0,DE,2,0.20581379998475313,0.41220229997998103,-172819852.705432,1.8705419899493615e-05,0
Cameraman,mcet,7,0,DE,3,0.20581379998475313,0.617726499971468,-172819852.705432,1.8705419899493615e-05,0
Cameraman,mcet,7,1,RM-MDE,1,0.22751930000958964,0.22751930000958964,-172823085.43381336,0.0,1
Cameraman,mcet,7,1,PSO,1,0.22751930000958964,0.22820200002752244,-172820309.47256875,1.606244465341438e-05,0
Cameraman,mcet,7,1,PSO,2,0.22751930000958964,0.45516509999288246,-172820309.47256875,1.606244465341438e-05,0
Cameraman,mcet,7,1,PSO,3,0.22751930000958964,0.6829970999970101,-172820309.47256875,1.606244465341438e-05,0
Cameraman,mcet,7,1,DE,1,0.22751930000958964,0.22837039997102693,-172820193.2719505,1.6734812109102232e-05,0
Cameraman,mcet,7,1,DE,2,0.22751930000958964,0.45522750000236556,-172820193.2719505,1.6734812109102232e-05,0
Cameraman,mcet,7,1,DE,3,0.22751930000958964,0.6832581000053324,-172820193.2719505,1.6734812109102232e-05,0
Cameraman,mcet,7,2,RM-MDE,1,0.2772405000287108,0.2772405000287108,-172823085.43381336,0.0,1
Cameraman,mcet,7,2,PSO,1,0.2772405000287108,0.2777483999961987,-172821607.6351334,8.550933321599636e-06,0
Cameraman,mcet,7,2,PSO,2,0.2772405000287108,0.5546294000232592,-172821665.46064216,8.21633966110471e-06,0
Cameraman,mcet,7,2,PSO,3,0.2772405000287108,0.8318854999961331,-172821665.46064216,8.21633966110471e-06,0
Cameraman,mcet,7,2,DE,1,0.2772405000287108,0.2774887999985367,-172820272.16014996,1.62783441595192e-05,0
Cameraman,mcet,7,2,DE,2,0.2772405000287108,0.554998199979309,-172820272.16014996,1.62783441595192e-05,0
Cameraman,mcet,7,2,DE,3,0.2772405000287108,0.8318390999920666,-172820272.16014996,1.62783441595192e-05,0
Cameraman,mcet,7,3,RM-MDE,1,0.23890490003395826,0.23890490003395826,-172823085.43381336,0.0,1
Cameraman,mcet,7,3,PSO,1,0.23890490003395826,0.23896819999208674,-172820288.4459568,1.618411018149585e-05,0
Cameraman,mcet,7,3,PSO,2,0.23890490003395826,0.4781230000080541,-172820288.4459568,1.618411018149585e-05,0
Cameraman,mcet,7,3,PSO,3,0.23890490003395826,0.7173491999856196,-172820288.4459568,1.618411018149585e-05,0
Cameraman,mcet,7,3,DE,1,0.23890490003395826,0.23904859996400774,-172820516.39966923,1.4865109818428749e-05,0
Cameraman,mcet,7,3,DE,2,0.23890490003395826,0.4783132000011392,-172820516.39966923,1.4865109818428749e-05,0
Cameraman,mcet,7,3,DE,3,0.23890490003395826,0.7172116999863647,-172820516.39966923,1.4865109818428749e-05,0
Cameraman,mcet,7,4,RM-MDE,1,0.2686035999795422,0.2686035999795422,-172823085.43381336,0.0,1
Cameraman,mcet,7,4,PSO,1,0.2686035999795422,0.26862099999561906,-172823076.9673018,4.8989471262565964e-08,0
Cameraman,mcet,7,4,PSO,2,0.2686035999795422,0.5375456000328995,-172823076.9673018,4.8989471262565964e-08,0
Cameraman,mcet,7,4,PSO,3,0.2686035999795422,0.8062830000417307,-172823076.9673018,4.8989471262565964e-08,0
Cameraman,mcet,7,4,DE,1,0.2686035999795422,0.26903979998314753,-172820223.5086307,1.65598546946808e-05,0
Cameraman,mcet,7,4,DE,2,0.2686035999795422,0.5375364999636076,-172820223.5086307,1.65598546946808e-05,0
Cameraman,mcet,7,4,DE,3,0.2686035999795422,0.8069522000150755,-172820223.5086307,1.65598546946808e-05,0
Cameraman,mcet,7,5,RM-MDE,1,0.22981450002407655,0.22981450002407655,-172823076.69262776,5.057880770722388e-08,0
Cameraman,mcet,7,5,PSO,1,0.22981450002407655,0.23003700003027916,-172821582.1668646,8.698299448746197e-06,0
Cameraman,mcet,7,5,PSO,2,0.22981450002407655,0.4598746999981813,-172821582.1668646,8.698299448746197e-06,0
Cameraman,mcet,7,5,PSO,3,0.22981450002407655,0.6895388000411913,-172821582.1668646,8.698299448746197e-06,0
Cameraman,mcet,7,5,DE,1,0.22981450002407655,0.22997540002688766,-172820218.9665669,1.6586136275009486e-05,0
Cameraman,mcet,7,5,DE,2,0.22981450002407655,0.46007600001757964,-172820218.9665669,1.6586136275009486e-05,0
Cameraman,mcet,7,5,DE,3,0.22981450002407655,0.6895443000248633,-172820218.9665669,1.6586136275009486e-05,0
Cameraman,mcet,7,6,RM-MDE,1,0.308218999998644,0.308218999998644,-172820288.4459568,1.618411018149585e-05,0
Cameraman,mcet,7,6,PSO,1,0.308218999998644,0.3085146999801509,-172822922.04528627,9.454091545998424e-07,0
Cameraman,mcet,7,6,PSO,2,0.308218999998644,0.6165806999779306,-172822970.30098575,6.661889372057893e-07,0
Cameraman,mcet,7,6,PSO,3,0.308218999998644,0.924680600001011,-172822970.30098575,6.661889372057893e-07,0
Cameraman,mcet,7,6,DE,1,0.308218999998644,0.30836520000593737,-172819987.8629305,1.7923362929677198e-05,0
Cameraman,mcet,7,6,DE,2,0.308218999998644,0.6166927000158466,-172819987.8629305,1.7923362929677198e-05,0
Cameraman,mcet,7,6,DE,3,0.308218999998644,0.9255760000087321,-172819987.8629305,1.7923362929677198e-05,0
Cameraman,mcet,7,7,RM-MDE,1,0.21853010001359507,0.21853010001359507,-172823085.43381336,0.0,1
Cameraman,mcet,7,7,PSO,1,0.21853010001359507,0.21896249998826534,-172823044.1848554,2.386773610612048e-07,0
Cameraman,mcet,7,7,PSO,2,0.21853010001359507,0.4374158999999054,-172823044.1848554,2.386773610612048e-07,0
Cameraman,mcet,7,7,PSO,3,0.21853010001359507,0.6557309000054374,-172823085.43381336,0.0,1
Cameraman,mcet,7,7,DE,1,0.21853010001359507,0.21867299999576062,-172822487.10095644,3.4621118782912095e-06,0
Cameraman,mcet,7,7,DE,2,0.21853010001359507,0.4375480000162497,-172822487.10095644,3.4621118782912095e-06,0
Cameraman,mcet,7,7,DE,3,0.21853010001359507,0.6564294000272639,-172822487.10095644,3.4621118782912095e-06,0
Cameraman,mcet,7,8,RM-MDE,1,0.2718765999889001,0.2718765999889001,-172823085.43381336,0.0,1
Cameraman,mcet,7,8,PSO,1,0.2718765999889001,0.2720405000145547,-172822884.69912702,1.1615038919192195e-06,0
Cameraman,mcet,7,8,PSO,2,0.2718765999889001,0.5443500999826938,-172822884.69912702,1.1615038919192195e-06,0
Cameraman,mcet,7,8,PSO,3,0.2718765999889001,0.8157522000255994,-172822884.69912702,1.1615038919192195e-06,0
Cameraman,mcet,7,8,DE,1,0.2718765999889001,0.2719294000416994,-172822096.14904565,5.724262850844616e-06,0
Cameraman,mcet,7,8,DE,2,0.2718765999889001,0.543872400012333,-172822096.14904565,5.724262850844616e-06,0
Cameraman,mcet,7,8,DE,3,0.2718765999889001,0.8159604000393301,-172822096.14904565,5.724262850844616e-06,0
Cameraman,mcet,7,9,RM-MDE,1,0.24433949997182935,0.24433949997182935,-172823085.43381336,0.0,1
Cameraman,mcet,7,9,PSO,1,0.24433949997182935,0.24480149999726564,-172823076.9673018,4.8989471262565964e-08,0
Cameraman,mcet,7,9,PSO,2,0.24433949997182935,0.4891539000091143,-172823076.9673018,4.8989471262565964e-08,0
Cameraman,mcet,7,9,PSO,3,0.24433949997182935,0.7330736999865621,-172823076.9673018,4.8989471262565964e-08,0
Cameraman,mcet,7,9,DE,1,0.24433949997182935,0.2454524000058882,-172822880.97530478,1.1830509105175375e-06,0
Cameraman,mcet,7,9,DE,2,0.24433949997182935,0.4898755999747664,-172822880.97530478,1.1830509105175375e-06,0
Cameraman,mcet,7,9,DE,3,0.24433949997182935,0.7333057000068948,-172822880.97530478,1.1830509105175375e-06,0
Cameraman,mcet,8,0,RM-MDE,1,0.2743122999672778,0.2743122999672778,-172835982.27178964,0.0,1
Cameraman,mcet,8,0,PSO,1,0.2743122999672778,0.2746245000162162,-172835865.1998405,6.7735865885866e-07,0
Cameraman,mcet,8,0,PSO,2,0.2743122999672778,0.5490021000150591,-172835982.27178964,0.0,1
Cameraman,mcet,8,0,PSO,3,0.2743122999672778,0.8232677999767475,-172835982.27178964,0.0,1
Cameraman,mcet,8,0,DE,1,0.2743122999672778,0.2758693000068888,-172835954.37101176,1.614292204067919e-07,0
Cameraman,mcet,8,0,DE,2,0.2743122999672778,0.5497953000012785,-172835954.37101176,1.614292204067919e-07,0
Cameraman,mcet,8,0,DE,3,0.2743122999672778,0.8232306999852881,-172835954.37101176,1.614292204067919e-07,0
Cameraman,mcet,8,1,RM-MDE,1,0.3497394000296481,0.3497394000296481,-172835982.27178964,0.0,1
Cameraman,mcet,8,1,PSO,1,0.3497394000296481,0.35042269999394193,-172835982.27178964,0.0,1
Cameraman,mcet,8,1,PSO,2,0.3497394000296481,0.6999688000069,-172835982.27178964,0.0,1
Cameraman,mcet,8,1,PSO,3,0.3497394000296481,1.0498537000385113,-172835982.27178964,0.0,1
Cameraman,mcet,8,1,DE,1,0.3497394000296481,0.35058930004015565,-172833917.59741592,1.194585957494288e-05,0
Cameraman,mcet,8,1,DE,2,0.3497394000296481,0.6996884000254795,-172833917.59741592,1.194585957494288e-05,0
Cameraman,mcet,8,1,DE,3,0.3497394000296481,1.0500677000381984,-172833917.59741592,1.194585957494288e-05,0
Cameraman,mcet,8,2,RM-MDE,1,0.2466244999668561,0.2466244999668561,-172835982.27178964,0.0,1
Cameraman,mcet,8,2,PSO,1,0.2466244999668561,0.24727140000322834,-172835741.1346339,1.3951791320991131e-06,0
Cameraman,mcet,8,2,PSO,2,0.2466244999668561,0.49402159999590367,-172835741.1346339,1.3951791320991131e-06,0
Cameraman,mcet,8,2,PSO,3,0.2466244999668561,0.740481799992267,-172835741.1346339,1.3951791320991131e-06,0
Cameraman,mcet,8,2,DE,1,0.2466244999668561,0.24690620001638308,-172835924.4319383,3.3465167721057847e-07,0
Cameraman,mcet,8,2,DE,2,0.2466244999668561,0.4934077999787405,-172835924.4319383,3.3465167721057847e-07,0
Cameraman,mcet,8,2,DE,3,0.2466244999668561,0.740761500026565,-172835924.4319383,3.3465167721057847e-07,0
Cameraman,mcet,8,3,RM-MDE,1,0.3062037999625318,0.3062037999625318,-172835982.27178964,0.0,1
Cameraman,mcet,8,3,PSO,1,0.3062037999625318,0.30679679999593645,-172835636.74743235,1.999145969186721e-06,0
Cameraman,mcet,8,3,PSO,2,0.3062037999625318,0.6127386000007391,-172835982.27178964,0.0,1
Cameraman,mcet,8,3,PSO,3,0.3062037999625318,0.9190495999646373,-172835982.27178964,0.0,1
Cameraman,mcet,8,3,DE,1,0.3062037999625318,0.3071526999701746,-172835428.574446,3.203599947010888e-06,0
Cameraman,mcet,8,3,DE,2,0.3062037999625318,0.6129686000058427,-172835428.574446,3.203599947010888e-06,0
Cameraman,mcet,8,3,DE,3,0.3062037999625318,0.9191868000198156,-172835428.574446,3.203599947010888e-06,0
Cameraman,mcet,8,4,RM-MDE,1,0.2954813999822363,0.2954813999822363,-172835982.27178964,0.0,1
Cameraman,mcet,8,4,PSO,1,0.2954813999822363,0.2962857999955304,-172835658.34794217,1.8741690428635833e-06,0
Cameraman,mcet,8,4,PSO,2,0.2954813999822363,0.5910929000237957,-172835658.34794217,1.8741690428635833e-06,0
Cameraman,mcet,8,4,PSO,3,0.2954813999822363,0.886445400014054,-172835658.34794217,1.8741690428635833e-06,0
Cameraman,mcet,8,4,DE,1,0.2954813999822363,0.2955266999779269,-172835938.35360464,2.5410325106139424e-07,0
Cameraman,mcet,8,4,DE,2,0.2954813999822363,0.5917527999845333,-172835938.35360464,2.5410325106139424e-07,0
Cameraman,mcet,8,4,DE,3,0.2954813999822363,0.8876373000093736,-172835938.35360464,2.5410325106139424e-07,0
Cameraman,mcet,8,5,RM-MDE,1,0.2121721999719739,0.2121721999719739,-172835982.27178964,0.0,1
Cameraman,mcet,8,5,PSO,1,0.2121721999719739,0.2128662000177428,-172835982.27178964,0.0,1
Cameraman,mcet,8,5,PSO,2,0.2121721999719739,0.42538520001107827,-172835982.27178964,0.0,1
Cameraman,mcet,8,5,PSO,3,0.2121721999719739,0.636933300003875,-172835982.27178964,0.0,1
Cameraman,mcet,8,5,DE,1,0.2121721999719739,0.21227059996454045,-172835947.46297115,2.0139798456189083e-07,0
Cameraman,mcet,8,5,DE,2,0.2121721999719739,0.4250234999926761,-172835947.46297115,2.0139798456189083e-07,0
Cameraman,mcet,8,5,DE,3,0.2121721999719739,0.637350199976936,-172835947.46297115,2.0139798456189083e-07,0
Cameraman,mcet,8,6,RM-MDE,1,0.2744777000043541,0.2744777000043541,-172835982.27178964,0.0,1
Cameraman,mcet,8,6,PSO,1,0.2744777000043541,0.2750105999875814,-172835982.27178964,0.0,1
Cameraman,mcet,8,6,PSO,2,0.2744777000043541,0.5491063999943435,-172835982.27178964,0.0,1
Cameraman,mcet,8,6,PSO,3,0.2744777000043541,0.8239762000157498,-172835982.27178964,0.0,1
Cameraman,mcet,8,6,DE,1,0.2744777000043541,0.2753690999816172,-172835205.30534497,4.495397511898602e-06,0
Cameraman,mcet,8,6,DE,2,0.2744777000043541,0.5496909999637865,-172835205.30534497,4.495397511898602e-06,0
Cameraman,mcet,8,6,DE,3,0.2744777000043541,0.8246498999651521,-172835205.30534497,4.495397511898602e-06,0
Cameraman,mcet,8,7,RM-MDE,1,0.24132780003128573,0.24132780003128573,-172835982.27178964,0.0,1
Cameraman,mcet,8,7,PSO,1,0.24132780003128573,0.24210339999990538,-172835678.0039724,1.7604425492289128e-06,0
Cameraman,mcet,8,7,PSO,2,0.24132780003128573,0.4833034999901429,-172835982.27178964,0.0,1
Cameraman,mcet,8,7,PSO,3,0.24132780003128573,0.7242914999951608,-172835982.27178964,0.0,1
Cameraman,mcet,8,7,DE,1,0.24132780003128573,0.24207420001039281,-172835963.1602286,1.1057628613523294e-07,0
Cameraman,mcet,8,7,DE,2,0.24132780003128573,0.4828999000019394,-172835963.1602286,1.1057628613523294e-07,0
Cameraman,mcet,8,7,DE,3,0.24132780003128573,0.7243794999667443,-172835963.1602286,1.1057628613523294e-07,0
Cameraman,mcet,8,8,RM-MDE,1,0.27809310000156984,0.27809310000156984,-172835982.27178964,0.0,1
Cameraman,mcet,8,8,PSO,1,0.27809310000156984,0.2784807999851182,-172835588.80950555,2.2765067720065596e-06,0
Cameraman,mcet,8,8,PSO,2,0.27809310000156984,0.5566440999973565,-172835637.30746314,1.9959057249920685e-06,0
Cameraman,mcet,8,8,PSO,3,0.27809310000156984,0.8347217999980785,-172835982.27178964,0.0,1
Cameraman,mcet,8,8,DE,1,0.27809310000156984,0.27910349995363504,-172835938.35360464,2.5410325106139424e-07,0
Cameraman,mcet,8,8,DE,2,0.27809310000156984,0.5571108000003733,-172835938.35360464,2.5410325106139424e-07,0
Cameraman,mcet,8,8,DE,3,0.27809310000156984,0.835332999995444,-172835938.35360464,2.5410325106139424e-07,0
Cameraman,mcet,8,9,RM-MDE,1,0.26482949999626726,0.26482949999626726,-172835982.27178964,0.0,1
Cameraman,mcet,8,9,PSO,1,0.26482949999626726,0.26489919994492084,-172835966.15348867,9.325778557512723e-08,0
Cameraman,mcet,8,9,PSO,2,0.26482949999626726,0.5308257999713533,-172835966.15348867,9.325778557512723e-08,0
Cameraman,mcet,8,9,PSO,3,0.26482949999626726,0.7950911999796517,-172835966.15348867,9.325778557512723e-08,0
Cameraman,mcet,8,9,DE,1,0.26482949999626726,0.26585299998987466,-172835097.68801954,5.118053303884767e-06,0
Cameraman,mcet,8,9,DE,2,0.26482949999626726,0.529928200005088,-172835097.68801954,5.118053303884767e-06,0
Cameraman,mcet,8,9,DE,3,0.26482949999626726,0.7950395999941975,-172835097.68801954,5.118053303884767e-06,0
Coins,otsu,6,0,RM-MDE,1,0.140084000013303,0.140084000013303,-1431732273.375175,0.0,1
Coins,otsu,6,0,PSO,1,0.140084000013303,0.14062750001903623,-1431727191.322718,3.549582943404446e-06,0
Coins,otsu,6,0,PSO,2,0.140084000013303,0.2803507000207901,-1431732273.375175,0.0,1
Coins,otsu,6,0,PSO,3,0.140084000013303,0.42083089996594936,-1431732273.375175,0.0,1
Coins,otsu,6,0,DE,1,0.140084000013303,0.14013850002083927,-1431732273.375175,0.0,1
Coins,otsu,6,0,DE,2,0.140084000013303,0.2803134000278078,-1431732273.375175,0.0,1
Coins,otsu,6,0,DE,3,0.140084000013303,0.42092390003381297,-1431732273.375175,0.0,1
Coins,otsu,6,1,RM-MDE,1,0.13339740002993494,0.13339740002993494,-1431732273.375175,0.0,1
Coins,otsu,6,1,PSO,1,0.13339740002993494,0.1334182999562472,-1431732273.375175,0.0,1
Coins,otsu,6,1,PSO,2,0.13339740002993494,0.26685319998068735,-1431732273.375175,0.0,1
Coins,otsu,6,1,PSO,3,0.13339740002993494,0.4002796999993734,-1431732273.375175,0.0,1
Coins,otsu,6,1,DE,1,0.13339740002993494,0.13345060002757236,-1431732273.375175,0.0,1
Coins,otsu,6,1,DE,2,0.13339740002993494,0.2669631000026129,-1431732273.375175,0.0,1
Coins,otsu,6,1,DE,3,0.13339740002993494,0.40054840000811964,-1431732273.375175,0.0,1
Coins,otsu,6,2,RM-MDE,1,0.14538119995268062,0.14538119995268062,-1431732273.375175,0.0,1
Coins,otsu,6,2,PSO,1,0.14538119995268062,0.14549769996665418,-1431732273.375175,0.0,1
Coins,otsu,6,2,PSO,2,0.14538119995268062,0.29133370000636205,-1431732273.375175,0.0,1
Coins,otsu,6,2,PSO,3,0.14538119995268062,0.43639789998997003,-1431732273.375175,0.0,1
Coins,otsu,6,2,DE,1,0.14538119995268062,0.145887499966193,-1431725417.9921951,4.788173813885552e-06,0
Coins,otsu,6,2,DE,2,0.14538119995268062,0.2917208999861032,-1431725417.9921951,4.788173813885552e-06,0
Coins,otsu,6,2,DE,3,0.14538119995268062,0.43666849995497614,-1431725417.9921951,4.788173813885552e-06,0
Coins,otsu,6,3,RM-MDE,1,0.14852260000770912,0.14852260000770912,-1431732273.375175,0.0,1
Coins,otsu,6,3,PSO,1,0.14852260000770912,0.14889689994743094,-1431732273.375175,0.0,1
Coins,otsu,6,3,PSO,2,0.14852260000770912,0.2973904999671504,-1431732273.375175,0.0,1
Coins,otsu,6,3,PSO,3,0.14852260000770912,0.44574369996553287,-1431732273.375175,0.0,1
Coins,otsu,6,3,DE,1,0.14852260000770912,0.14941610000096262,-1431732273.375175,0.0,1
Coins,otsu,6,3,DE,2,0.14852260000770912,0.2973539999802597,-1431732273.375175,0.0,1
Coins,otsu,6,3,DE,3,0.14852260000770912,0.4461844000034034,-1431732273.375175,0.0,1
Coins,otsu,6,4,RM-MDE,1,0.13239500002237037,0.13239500002237037,-1431732273.375175,0.0,1
Coins,otsu,6,4,PSO,1,0.13239500002237037,0.13245780003489926,-1431729969.1367478,1.6094059413287818e-06,0
Coins,otsu,6,4,PSO,2,0.13239500002237037,0.26538420002907515,-1431732273.375175,0.0,1
Coins,otsu,6,4,PSO,3,0.13239500002237037,0.39722310000797734,-1431732273.375175,0.0,1
Coins,otsu,6,4,DE,1,0.13239500002237037,0.1330376000260003,-1431725417.9921951,4.788173813885552e-06,0
Coins,otsu,6,4,DE,2,0.13239500002237037,0.2653907000203617,-1431725417.9921951,4.788173813885552e-06,0
Coins,otsu,6,4,DE,3,0.13239500002237037,0.39742110000224784,-1431725417.9921951,4.788173813885552e-06,0
Coins,otsu,6,5,RM-MDE,1,0.12218740000389516,0.12218740000389516,-1431732273.375175,0.0,1
Coins,otsu,6,5,PSO,1,0.12218740000389516,0.12250389996916056,-1431732273.375175,0.0,1
Coins,otsu,6,5,PSO,2,0.12218740000389516,0.24464779999107122,-1431732273.375175,0.0,1
Coins,otsu,6,5,PSO,3,0.12218740000389516,0.36668619996635243,-1431732273.375175,0.0,1
Coins,otsu,6,5,DE,1,0.12218740000389516,0.12254720000782982,-1431729969.1367478,1.6094059413287818e-06,0
Coins,otsu,6,5,DE,2,0.12218740000389516,0.24513569998089224,-1431729969.1367478,1.6094059413287818e-06,0
Coins,otsu,6,5,DE,3,0.12218740000389516,0.3674497000174597,-1431729969.1367478,1.6094059413287818e-06,0
Coins,otsu,6,6,RM-MDE,1,0.1379700999823399,0.1379700999823399,-1431732273.375175,0.0,1
Coins,otsu,6,6,PSO,1,0.1379700999823399,0.13841880002291873,-1431729969.1367478,1.6094059413287818e-06,0
Coins,otsu,6,6,PSO,2,0.1379700999823399,0.2760454000090249,-1431732273.375175,0.0,1
Coins,otsu,6,6,PSO,3,0.1379700999823399,0.4143923000083305,-1431732273.375175,0.0,1
Coins,otsu,6,6,DE,1,0.1379700999823399,0.13890690001426265,-1431727803.2620726,3.1221710829345152e-06,0
Coins,otsu,6,6,DE,2,0.1379700999823399,0.27646299998741597,-1431727803.2620726,3.1221710829345152e-06,0
Coins,otsu,6,6,DE,3,0.1379700999823399,0.4144621000159532,-1431727803.2620726,3.1221710829345152e-06,0
Coins,otsu,6,7,RM-MDE,1,0.1465326999896206,0.1465326999896206,-1431732273.375175,0.0,1
Coins,otsu,6,7,PSO,1,0.1465326999896206,0.14667470002314076,-1431729969.1367478,1.6094059413287818e-06,0
Coins,otsu,6,7,PSO,2,0.1465326999896206,0.2931673999992199,-1431732273.375175,0.0,1
Coins,otsu,6,7,PSO,3,0.1465326999896206,0.43962240003747866,-1431732273.375175,0.0,1
Coins,otsu,6,7,DE,1,0.1465326999896206,0.1468841999885626,-1431732273.375175,0.0,1
Coins,otsu,6,7,DE,2,0.1465326999896206,0.29368519998388365,-1431732273.375175,0.0,1
Coins,otsu,6,7,DE,3,0.1465326999896206,0.4398380999919027,-1431732273.375175,0.0,1
Coins,otsu,6,8,RM-MDE,1,0.1290197999915108,0.1290197999915108,-1431732273.375175,0.0,1
Coins,otsu,6,8,PSO,1,0.1290197999915108,0.12931099999696016,-1431726961.7598476,3.709922187363011e-06,0
Coins,otsu,6,8,PSO,2,0.1290197999915108,0.25825140002416447,-1431729647.2204456,1.834249865147894e-06,0
Coins,otsu,6,8,PSO,3,0.1290197999915108,0.38718319998588413,-1431732273.375175,0.0,1
Coins,otsu,6,8,DE,1,0.1290197999915108,0.13002109999069944,-1431732273.375175,0.0,1
Coins,otsu,6,8,DE,2,0.1290197999915108,0.2587179999682121,-1431732273.375175,0.0,1
Coins,otsu,6,8,DE,3,0.1290197999915108,0.3874063999974169,-1431732273.375175,0.0,1
Coins,otsu,6,9,RM-MDE,1,0.12778780004009604,0.12778780004009604,-1431732273.375175,0.0,1
Coins,otsu,6,9,PSO,1,0.12778780004009604,0.1279113999917172,-1431732273.375175,0.0,1
Coins,otsu,6,9,PSO,2,0.12778780004009604,0.25597719999495894,-1431732273.375175,0.0,1
Coins,otsu,6,9,PSO,3,0.12778780004009604,0.38377650000620633,-1431732273.375175,0.0,1
Coins,otsu,6,9,DE,1,0.12778780004009604,0.12849250005092472,-1431727803.2620726,3.1221710829345152e-06,0
Coins,otsu,6,9,DE,2,0.12778780004009604,0.25653070001862943,-1431727803.2620726,3.1221710829345152e-06,0
Coins,otsu,6,9,DE,3,0.12778780004009604,0.3840158000239171,-1431727803.2620726,3.1221710829345152e-06,0
Coins,otsu,7,0,RM-MDE,1,0.1614941000007093,0.1614941000007093,-1433545467.4191067,0.0,1
Coins,otsu,7,0,PSO,1,0.1614941000007093,0.1617930000065826,-1433544265.1523712,8.386666226347536e-07,0
Coins,otsu,7,0,PSO,2,0.1614941000007093,0.32337970001390204,-1433544265.1523712,8.386666226347536e-07,0
Coins,otsu,7,0,PSO,3,0.1614941000007093,0.4845711000380106,-1433544265.1523712,8.386666226347536e-07,0
Coins,otsu,7,0,DE,1,0.1614941000007093,0.16175280004972592,-1433449001.9719157,6.729151560478386e-05,0
Coins,otsu,7,0,DE,2,0.1614941000007093,0.32390150002902374,-1433449001.9719157,6.729151560478386e-05,0
Coins,otsu,7,0,DE,3,0.1614941000007093,0.48543270002119243,-1433449001.9719157,6.729151560478386e-05,0
Coins,otsu,7,1,RM-MDE,1,0.14925839996431023,0.14925839996431023,-1433545467.4191067,0.0,1
Coins,otsu,7,1,PSO,1,0.14925839996431023,0.1494988999911584,-1433545467.4191067,0.0,1
Coins,otsu,7,1,PSO,2,0.14925839996431023,0.2987526999786496,-1433545467.4191067,0.0,1
Coins,otsu,7,1,PSO,3,0.14925839996431023,0.44838929997058585,-1433545467.4191067,0.0,1
Coins,otsu,7,1,DE,1,0.14925839996431023,0.15011599997524172,-1433545467.4191067,0.0,1
Coins,otsu,7,1,DE,2,0.14925839996431023,0.29875660000834614,-1433545467.4191067,0.0,1
Coins,otsu,7,1,DE,3,0.14925839996431023,0.44822939997538924,-1433545467.4191067,0.0,1
Coins,otsu,7,2,RM-MDE,1,0.13108469999860972,0.13108469999860972,-1433545467.4191067,0.0,1
Coins,otsu,7,2,PSO,1,0.13108469999860972,0.13118979998398572,-1433545467.4191067,0.0,1
Coins,otsu,7,2,PSO,2,0.13108469999860972,0.2627154000219889,-1433545467.4191067,0.0,1
Coins,otsu,7,2,PSO,3,0.13108469999860972,0.39331569999922067,-1433545467.4191067,0.0,1
Coins,otsu,7,2,DE,1,0.13108469999860972,0.13144560001092032,-1433545048.729457,2.920658321177064e-07,0
Coins,otsu,7,2,DE,2,0.13108469999860972,0.26250770001206547,-1433545048.729457,2.920658321177064e-07,0
Coins,otsu,7,2,DE,3,0.13108469999860972,0.3933033000212163,-1433545048.729457,2.920658321177064e-07,0
Coins,otsu,7,3,RM-MDE,1,0.15423200000077486,0.15423200000077486,-1433545467.4191067,0.0,1
Coins,otsu,7,3,PSO,1,0.15423200000077486,0.15437940001720563,-1433544265.1523712,8.386666226347536e-07,0
Coins,otsu,7,3,PSO,2,0.15423200000077486,0.30893660004949197,-1433545467.4191067,0.0,1
Coins,otsu,7,3,PSO,3,0.15423200000077486,0.46284500003093854,-1433545467.4191067,0.0,1
Coins,otsu,7,3,DE,1,0.15423200000077486,0.1544931000098586,-1433544265.1523712,8.386666226347536e-07,0
Coins,otsu,7,3,DE,2,0.15423200000077486,0.3093813000014052,-1433544265.1523712,8.386666226347536e-07,0
Coins,otsu,7,3,DE,3,0.15423200000077486,0.4632837999961339,-1433544265.1523712,8.386666226347536e-07,0
Coins,otsu,7,4,RM-MDE,1,0.14640339999459684,0.14640339999459684,-1433545467.4191067,0.0,1
Coins,otsu,7,4,PSO,1,0.14640339999459684,0.1465336999972351,-1433545467.4191067,0.0,1
Coins,otsu,7,4,PSO,2,0.14640339999459684,0.2933546000276692,-1433545467.4191067,0.0,1
Coins,otsu,7,4,PSO,3,0.14640339999459684,0.4395976000232622,-1433545467.4191067,0.0,1
Coins,otsu,7,4,DE,1,0.14640339999459684,0.14723860000958666,-1433544871.0228126,4.160288652655712e-07,0
Coins,otsu,7,4,DE,2,0.14640339999459684,0.2934240999747999,-1433544871.0228126,4.160288652655712e-07,0
Coins,otsu,7,4,DE,3,0.14640339999459684,0.4393337999936193,-1433544871.0228126,4.160288652655712e-07,0
Coins,otsu,7,5,RM-MDE,1,0.13206189998891205,0.13206189998891205,-1433545467.4191067,0.0,1
Coins,otsu,7,5,PSO,1,0.13206189998891205,0.1325504999840632,-1433542059.4452078,2.377304366232069e-06,0
Coins,otsu,7,5,PSO,2,0.13206189998891205,0.2644379999837838,-1433545467.4191067,0.0,1
Coins,otsu,7,5,PSO,3,0.13206189998891205,0.396543400012888,-1433545467.4191067,0.0,1
Coins,otsu,7,5,DE,1,0.13206189998891205,0.13241139997262508,-1433544265.1523712,8.386666226347536e-07,0
Coins,otsu,7,5,DE,2,0.13206189998891205,0.2649943999713287,-1433544265.1523712,8.386666226347536e-07,0
Coins,otsu,7,5,DE,3,0.13206189998891205,0.3962473999708891,-1433544265.1523712,8.386666226347536e-07,0
Coins,otsu,7,6,RM-MDE,1,0.14265160000650212,0.14265160000650212,-1433545467.4191067,0.0,1
Coins,otsu,7,6,PSO,1,0.14265160000650212,0.143062999995891,-1433539180.0894432,4.385859957992492e-06,0
Coins,otsu,7,6,PSO,2,0.14265160000650212,0.2858062000013888,-1433545467.4191067,0.0,1
Coins,otsu,7,6,PSO,3,0.14265160000650212,0.42845230002421886,-1433545467.4191067,0.0,1
Coins,otsu,7,6,DE,1,0.14265160000650212,0.14295000000856817,-1432776216.7206237,0.0005366071156905236,0
Coins,otsu,7,6,DE,2,0.14265160000650212,0.2855595999862999,-1432776216.7206237,0.0005366071156905236,0
Coins,otsu,7,6,DE,3,0.14265160000650212,0.428602600004524,-1432776216.7206237,0.0005366071156905236,0
Coins,otsu,7,7,RM-MDE,1,0.1451857999782078,0.1451857999782078,-1433545467.4191067,0.0,1
Coins,otsu,7,7,PSO,1,0.1451857999782078,0.14566349994856864,-1433545467.4191067,0.0,1
Coins,otsu,7,7,PSO,2,0.1451857999782078,0.2906935999635607,-1433545467.4191067,0.0,1
Coins,otsu,7,7,PSO,3,0.1451857999782078,0.43562659999588504,-1433545467.4191067,0.0,1
Coins,otsu,7,7,DE,1,0.1451857999782078,0.14551840000785887,-1433544871.0228126,4.160288652655712e-07,0
Coins,otsu,7,7,DE,2,0.1451857999782078,0.29063080000923946,-1433544871.0228126,4.160288652655712e-07,0
Coins,otsu,7,7,DE,3,0.1451857999782078,0.4360735000227578,-1433544871.0228126,4.160288652655712e-07,0
Coins,otsu,7,8,RM-MDE,1,0.13640690001193434,0.13640690001193434,-1433545467.4191067,0.0,1
Coins,otsu,7,8,PSO,1,0.13640690001193434,0.13680610002484173,-1433544265.1523712,8.386666226347536e-07,0
Coins,otsu,7,8,PSO,2,0.13640690001193434,0.27316380001138896,-1433544265.1523712,8.386666226347536e-07,0
Coins,otsu,7,8,PSO,3,0.13640690001193434,0.40978819999145344,-1433544265.1523712,8.386666226347536e-07,0
Coins,otsu,7,8,DE,1,0.13640690001193434,0.13704030000371858,-1433523415.4580295,1.5382812459317863e-05,0
Coins,otsu,7,8,DE,2,0.13640690001193434,0.27309460000833496,-1433523415.4580295,1.5382812459317863e-05,0
Coins,otsu,7,8,DE,3,0.13640690001193434,0.40971560002071783,-1433523415.4580295,1.5382812459317863e-05,0
Coins,otsu,7,9,RM-MDE,1,0.1397622000076808,0.1397622000076808,-1433545467.4191067,0.0,1
Coins,otsu,7,9,PSO,1,0.1397622000076808,0.14028150000376627,-1433544265.1523712,8.386666226347536e-07,0
Coins,otsu,7,9,PSO,2,0.1397622000076808,0.27968440001131967,-1433545467.4191067,0.0,1
Coins,otsu,7,9,PSO,3,0.1397622000076808,0.41960680001648143,-1433545467.4191067,0.0,1
Coins,otsu,7,9,DE,1,0.1397622000076808,0.14052379998611286,-1433545048.729457,2.920658321177064e-07,0
Coins,otsu,7,9,DE,2,0.1397622000076808,0.2800862999865785,-1433545048.729457,2.920658321177064e-07,0
Coins,otsu,7,9,DE,3,0.1397622000076808,0.41986760002328083,-1433545048.729457,2.920658321177064e-07,0
Coins,otsu,8,0,RM-MDE,1,0.14077409997116774,0.14077409997116774,-1434730287.1043723,1.551966950521985e-07,0
Coins,otsu,8,0,PSO,1,0.14077409997116774,0.14080530003411695,-1434727887.2115192,1.8279100280994415e-06,0
Coins,otsu,8,0,PSO,2,0.14077409997116774,0.28165240003727376,-1434727887.2115192,1.8279100280994415e-06,0
Coins,otsu,8,0,PSO,3,0.14077409997116774,0.4228370999917388,-1434727887.2115192,1.8279100280994415e-06,0
Coins,otsu,8,0,DE,1,0.14077409997116774,0.14134220004780218,-1434722781.1303568,5.386823097615151e-06,0
Coins,otsu,8,0,DE,2,0.14077409997116774,0.28179480001563206,-1434722781.1303568,5.386823097615151e-06,0
Coins,otsu,8,0,DE,3,0.14077409997116774,0.4228965000365861,-1434722781.1303568,5.386823097615151e-06,0
Coins,otsu,8,1,RM-MDE,1,0.10288029996445403,0.10288029996445403,-1434730509.7698057,0.0,1
Coins,otsu,8,1,PSO,1,0.10288029996445403,0.10301200003596023,-1434714961.6904068,1.0836933691028198e-05,0
Coins,otsu,8,1,PSO,2,0.10288029996445403,0.20609069999773055,-1434723739.0551004,4.719154335342829e-06,0
Coins,otsu,8,1,PSO,3,0.10288029996445403,0.3091330000315793,-1434727887.2115192,1.8279100280994415e-06,0
Coins,otsu,8,1,DE,1,0.10288029996445403,0.10343289998127148,-1434728455.209108,1.4320185453400476e-06,0
Coins,otsu,8,1,DE,2,0.10288029996445403,0.2062830000068061,-1434728455.209108,1.4320185453400476e-06,0
Coins,otsu,8,1,DE,3,0.10288029996445403,0.3096242999890819,-1434728455.209108,1.4320185453400476e-06,0
Coins,otsu,8,2,RM-MDE,1,0.14519439998548478,0.14519439998548478,-1434728677.8745415,1.276821850287849e-06,0
Coins,otsu,8,2,PSO,1,0.14519439998548478,0.14563230000203475,-1434730509.7698057,0.0,1
Coins,otsu,8,2,PSO,2,0.14519439998548478,0.29099779995158315,-1434730509.7698057,0.0,1
Coins,otsu,8,2,PSO,3,0.14519439998548478,0.435740299988538,-1434730509.7698057,0.0,1
Coins,otsu,8,2,DE,1,0.14519439998548478,0.14539060002425686,-1434726770.4289277,2.6063019170128e-06,0
Coins,otsu,8,2,DE,2,0.14519439998548478,0.29093250003643334,-1434726770.4289277,2.6063019170128e-06,0
Coins,otsu,8,2,DE,3,0.14519439998548478,0.4365760000073351,-1434726770.4289277,2.6063019170128e-06,0
Coins,otsu,8,3,RM-MDE,1,0.12717459996929392,0.12717459996929392,-1434730509.7698057,0.0,1
Coins,otsu,8,3,PSO,1,0.12717459996929392,0.12755400000605732,-1434726720.074667,2.6413985852304002e-06,0
Coins,otsu,8,3,PSO,2,0.12717459996929392,0.2549172999570146,-1434730509.7698057,0.0,1
Coins,otsu,8,3,PSO,3,0.12717459996929392,0.3817399999825284,-1434730509.7698057,0.0,1
Coins,otsu,8,3,DE,1,0.12717459996929392,0.12769359996309504,-1434728677.8745415,1.276821850287849e-06,0
Coins,otsu,8,3,DE,2,0.12717459996929392,0.25474090001080185,-1434728677.8745415,1.276821850287849e-06,0
Coins,otsu,8,3,DE,3,0.12717459996929392,0.3819033000036143,-1434728677.8745415,1.276821850287849e-06,0
Coins,otsu,8,4,RM-MDE,1,0.1324517999892123,0.1324517999892123,-1434729834.3240736,4.707823019844128e-07,0
Coins,otsu,8,4,PSO,1,0.1324517999892123,0.13249889999860898,-1434716765.6468587,9.579585053351086e-06,0
Coins,otsu,8,4,PSO,2,0.1324517999892123,0.2653480999870226,-1434718297.1810346,8.512113381532713e-06,0
Coins,otsu,8,4,PSO,3,0.1324517999892123,0.39789309998741373,-1434718297.1810346,8.512113381532713e-06,0
Coins,otsu,8,4,DE,1,0.1324517999892123,0.13331249996554106,-1434721871.833077,6.020598760461157e-06,0
Coins,otsu,8,4,DE,2,0.1324517999892123,0.2658409000141546,-1434721871.833077,6.020598760461157e-06,0
Coins,otsu,8,4,DE,3,0.1324517999892123,0.3981554000056349,-1434721871.833077,6.020598760461157e-06,0
Coins,otsu,8,5,RM-MDE,1,0.13248710002517328,0.13248710002517328,-1434729834.3240736,4.707823019844128e-07,0
Coins,otsu,8,5,PSO,1,0.13248710002517328,0.1331167999887839,-1434726144.9878368,3.042231233747389e-06,0
Coins,otsu,8,5,PSO,2,0.13248710002517328,0.26504080003360286,-1434728677.8745415,1.276821850287849e-06,0
Coins,otsu,8,5,PSO,3,0.13248710002517328,0.3976130000082776,-1434728677.8745415,1.276821850287849e-06,0
Coins,otsu,8,5,DE,1,0.13248710002517328,0.13292929995805025,-1434714322.3561149,1.1282546499553156e-05,0
Coins,otsu,8,5,DE,2,0.13248710002517328,0.26602689997525886,-1434714322.3561149,1.1282546499553156e-05,0
Coins,otsu,8,5,DE,3,0.13248710002517328,0.39779399998951703,-1434714322.3561149,1.1282546499553156e-05,0
Coins,otsu,8,6,RM-MDE,1,0.13338960002874956,0.13338960002874956,-1434729834.3240736,4.707823019844128e-07,0
Coins,otsu,8,6,PSO,1,0.13338960002874956,0.13358470000093803,-1434727887.2115192,1.8279100280994415e-06,0
Coins,otsu,8,6,PSO,2,0.13338960002874956,0.26721940003335476,-1434729834.3240736,4.707823019844128e-07,0
Coins,otsu,8,6,PSO,3,0.13338960002874956,0.40046600002096966,-1434729834.3240736,4.707823019844128e-07,0
Coins,otsu,8,6,DE,1,0.13338960002874956,0.13370969996321946,-1434728677.8745415,1.276821850287849e-06,0
Coins,otsu,8,6,DE,2,0.13338960002874956,0.2670065999845974,-1434728677.8745415,1.276821850287849e-06,0
Coins,otsu,8,6,DE,3,0.13338960002874956,0.4003668999648653,-1434728677.8745415,1.276821850287849e-06,0
Coins,otsu,8,7,RM-MDE,1,0.13071510003646836,0.13071510003646836,-1434730509.7698057,0.0,1
Coins,otsu,8,7,PSO,1,0.13071510003646836,0.13113530003465712,-1434722761.4913785,5.400511367369744e-06,0
Coins,otsu,8,7,PSO,2,0.13071510003646836,0.26204000000143424,-1434722761.4913785,5.400511367369744e-06,0
Coins,otsu,8,7,PSO,3,0.13071510003646836,0.3924432000494562,-1434728677.8745415,1.276821850287849e-06,0
Coins,otsu,8,7,DE,1,0.13071510003646836,0.13169430004199967,-1434728455.209108,1.4320185453400476e-06,0
Coins,otsu,8,7,DE,2,0.13071510003646836,0.26224150002235547,-1434728455.209108,1.4320185453400476e-06,0
Coins,otsu,8,7,DE,3,0.13071510003646836,0.3925515000009909,-1434728455.209108,1.4320185453400476e-06,0
Coins,otsu,8,8,RM-MDE,1,0.13988189998781309,0.13988189998781309,-1434730287.1043723,1.551966950521985e-07,0
Coins,otsu,8,8,PSO,1,0.13988189998781309,0.14027530001476407,-1434730509.7698057,0.0,1
Coins,otsu,8,8,PSO,2,0.13988189998781309,0.28039690002333373,-1434730509.7698057,0.0,1
Coins,otsu,8,8,PSO,3,0.13988189998781309,0.41991029999917373,-1434730509.7698057,0.0,1
Coins,otsu,8,8,DE,1,0.13988189998781309,0.14014889998361468,-1434721871.833077,6.020598760461157e-06,0
Coins,otsu,8,8,DE,2,0.13988189998781309,0.2803425999591127,-1434721871.833077,6.020598760461157e-06,0
Coins,otsu,8,8,DE,3,0.13988189998781309,0.420332099951338,-1434721871.833077,6.020598760461157e-06,0
Coins,otsu,8,9,RM-MDE,1,0.14086879999376833,0.14086879999376833,-1434729834.3240736,4.707823019844128e-07,0
Coins,otsu,8,9,PSO,1,0.14086879999376833,0.14141989999916404,-1434719214.39606,7.872819089553016e-06,0
Coins,otsu,8,9,PSO,2,0.14086879999376833,0.2820892999880016,-1434723462.2917464,4.9120570109173795e-06,0
Coins,otsu,8,9,PSO,3,0.14086879999376833,0.4227212999830954,-1434723462.2917464,4.9120570109173795e-06,0
Coins,otsu,8,9,DE,1,0.14086879999376833,0.14169519999995828,-1434712306.8163872,1.2687367623773353e-05,0
Coins,otsu,8,9,DE,2,0.14086879999376833,0.28209310001693666,-1434712306.8163872,1.2687367623773353e-05,0
Coins,otsu,8,9,DE,3,0.14086879999376833,0.4236459999810904,-1434712306.8163872,1.2687367623773353e-05,0
Coins,kapur,6,0,RM-MDE,1,0.30068430001847446,0.30068430001847446,-24.000256579055097,0.0,1
Coins,kapur,6,0,PSO,1,0.30068430001847446,0.3021440000156872,-24.000256579055097,0.0,1
Coins,kapur,6,0,PSO,2,0.30068430001847446,0.6017487000208348,-24.000256579055097,0.0,1
Coins,kapur,6,0,PSO,3,0.30068430001847446,0.902372800046578,-24.000256579055097,0.0,1
Coins,kapur,6,0,DE,1,0.30068430001847446,0.3010548999882303,-23.95217085617747,0.002003550367023607,0
Coins,kapur,6,0,DE,2,0.30068430001847446,0.6021742000011727,-23.95217085617747,0.002003550367023607,0
Coins,kapur,6,0,DE,3,0.30068430001847446,0.9031784000108019,-23.95217085617747,0.002003550367023607,0
Coins,kapur,6,1,RM-MDE,1,0.33976880001137033,0.33976880001137033,-24.000256579055097,0.0,1
Coins,kapur,6,1,PSO,1,0.33976880001137033,0.34049910004250705,-24.000089024990025,6.98134474189408e-06,0
Coins,kapur,6,1,PSO,2,0.33976880001137033,0.6798899000277743,-24.000089024990025,6.98134474189408e-06,0
Coins,kapur,6,1,PSO,3,0.33976880001137033,1.0200345000484958,-24.000089024990025,6.98134474189408e-06,0
Coins,kapur,6,1,DE,1,0.33976880001137033,0.3404595000320114,-23.95217085617747,0.002003550367023607,0
Coins,kapur,6,1,DE,2,0.33976880001137033,0.6808292000205256,-23.95217085617747,0.002003550367023607,0
Coins,kapur,6,1,DE,3,0.33976880001137033,1.0195831999881193,-23.95217085617747,0.002003550367023607,0
Coins,kapur,6,2,RM-MDE,1,0.30745720001868904,0.30745720001868904,-24.000256579055097,0.0,1
Coins,kapur,6,2,PSO,1,0.30745720001868904,0.30777960002887994,-24.000256579055097,0.0,1
Coins,kapur,6,2,PSO,2,0.30745720001868904,0.615648000035435,-24.000256579055097,0.0,1
Coins,kapur,6,2,PSO,3,0.30745720001868904,0.9225342000136152,-24.000256579055097,0.0,1
Coins,kapur,6,2,DE,1,0.30745720001868904,0.30858699994860217,-23.94516775986984,0.002295342927014106,0
Coins,kapur,6,2,DE,2,0.30745720001868904,0.6151357999769971,-23.94516775986984,0.002295342927014106,0
Coins,kapur,6,2,DE,3,0.30745720001868904,0.9237541999900714,-23.94516775986984,0.002295342927014106,0
Coins,kapur,6,3,RM-MDE,1,0.2533484000014141,0.2533484000014141,-24.000256579055097,0.0,1
Coins,kapur,6,3,PSO,1,0.2533484000014141,0.25339139997959137,-24.000256579055097,0.0,1
Coins,kapur,6,3,PSO,2,0.2533484000014141,0.5067241999786347,-24.000256579055097,0.0,1
Coins,kapur,6,3,PSO,3,0.2533484000014141,0.7602987000136636,-24.000256579055097,0.0,1
Coins,kapur,6,3,DE,1,0.2533484000014141,0.253620499977842,-24.000256579055097,0.0,1
Coins,kapur,6,3,DE,2,0.2533484000014141,0.5070812999620102,-24.000256579055097,0.0,1
Coins,kapur,6,3,DE,3,0.2533484000014141,0.7606937999953516,-24.000256579055097,0.0,1
Coins,kapur,6,4,RM-MDE,1,0.3402464999817312,0.3402464999817312,-24.000256579055097,0.0,1
Coins,kapur,6,4,PSO,1,0.3402464999817312,0.3408496000338346,-23.99948268200602,3.224536564973764e-05,0
Coins,kapur,6,4,PSO,2,0.3402464999817312,0.6811313999933191,-23.99948268200602,3.224536564973764e-05,0
Coins,kapur,6,4,PSO,3,0.3402464999817312,1.020889800041914,-23.99948268200602,3.224536564973764e-05,0
Coins,kapur,6,4,DE,1,0.3402464999817312,0.34118149999994785,-23.99513284427873,0.00021348666667340158,0
Coins,kapur,6,4,DE,2,0.3402464999817312,0.680786800046917,-23.99513284427873,0.00021348666667340158,0
Coins,kapur,6,4,DE,3,0.3402464999817312,1.0218152000452392,-23.99513284427873,0.00021348666667340158,0
Coins,kapur,6,5,RM-MDE,1,0.26841499999864027,0.26841499999864027,-24.000256579055097,0.0,1
Coins,kapur,6,5,PSO,1,0.26841499999864027,0.2689786999835633,-23.993134699585116,0.0002967418055103721,0
Coins,kapur,6,5,PSO,2,0.26841499999864027,0.5374860999872908,-23.993134699585116,0.0002967418055103721,0
Coins,kapur,6,5,PSO,3,0.26841499999864027,0.8053099999669939,-23.993134699585116,0.0002967418055103721,0
Coins,kapur,6,5,DE,1,0.26841499999864027,0.2685469000134617,-23.994337852507392,0.0002466109696873083,0
Coins,kapur,6,5,DE,2,0.26841499999864027,0.5374816000112332,-23.994337852507392,0.0002466109696873083,0
Coins,kapur,6,5,DE,3,0.26841499999864027,0.8060670000268146,-23.994337852507392,0.0002466109696873083,0
Coins,kapur,6,6,RM-MDE,1,0.36289200000464916,0.36289200000464916,-24.000256579055097,0.0,1
Coins,kapur,6,6,PSO,1,0.36289200000464916,0.36311259999638423,-23.99513284427873,0.00021348666667340158,0
Coins,kapur,6,6,PSO,2,0.36289200000464916,0.7264407000038773,-23.99513284427873,0.00021348666667340158,0
Coins,kapur,6,6,PSO,3,0.36289200000464916,1.0889086000388488,-23.99513284427873,0.00021348666667340158,0
Coins,kapur,6,6,DE,1,0.36289200000464916,0.3633640999905765,-23.95217085617747,0.002003550367023607,0
Coins,kapur,6,6,DE,2,0.36289200000464916,0.725803499983158,-23.95217085617747,0.002003550367023607,0
Coins,kapur,6,6,DE,3,0.36289200000464916,1.0889863999909721,-23.95217085617747,0.002003550367023607,0
Coins,kapur,6,7,RM-MDE,1,0.3363622999750078,0.3363622999750078,-23.95217085617747,0.002003550367023607,0
Coins,kapur,6,7,PSO,1,0.3363622999750078,0.3365934999892488,-23.95217085617747,0.002003550367023607,0
Coins,kapur,6,7,PSO,2,0.3363622999750078,0.673110399977304,-23.95217085617747,0.002003550367023607,0
Coins,kapur,6,7,PSO,3,0.3363622999750078,1.0093563999980688,-23.95217085617747,0.002003550367023607,0
Coins,kapur,6,7,DE,1,0.3363622999750078,0.3365480999927968,-23.95217085617747,0.002003550367023607,0
Coins,kapur,6,7,DE,2,0.3363622999750078,0.6731041999883018,-23.95217085617747,0.002003550367023607,0
Coins,kapur,6,7,DE,3,0.3363622999750078,1.0094160999869928,-23.95217085617747,0.002003550367023607,0
Coins,kapur,6,8,RM-MDE,1,0.36593600001651794,0.36593600001651794,-24.000089024990025,6.98134474189408e-06,0
Coins,kapur,6,8,PSO,1,0.36593600001651794,0.36603289999766275,-24.000256579055097,0.0,1
Coins,kapur,6,8,PSO,2,0.36593600001651794,0.7321085000294261,-24.000256579055097,0.0,1
Coins,kapur,6,8,PSO,3,0.36593600001651794,1.0978308000485413,-24.000256579055097,0.0,1
Coins,kapur,6,8,DE,1,0.36593600001651794,0.36682649998692796,-23.95217085617747,0.002003550367023607,0
Coins,kapur,6,8,DE,2,0.36593600001651794,0.7319170999689959,-23.95217085617747,0.002003550367023607,0
Coins,kapur,6,8,DE,3,0.36593600001651794,1.0978421999607235,-23.95217085617747,0.002003550367023607,0
Coins,kapur,6,9,RM-MDE,1,0.3362896000035107,0.3362896000035107,-24.000256579055097,0.0,1
Coins,kapur,6,9,PSO,1,0.3362896000035107,0.3365777999861166,-24.000256579055097,0.0,1
Coins,kapur,6,9,PSO,2,0.3362896000035107,0.6730282999924384,-24.000256579055097,0.0,1
Coins,kapur,6,9,PSO,3,0.3362896000035107,1.0091970000066794,-24.000256579055097,0.0,1
Coins,kapur,6,9,DE,1,0.3362896000035107,0.33653020003112033,-23.95217085617747,0.002003550367023607,0
Coins,kapur,6,9,DE,2,0.3362896000035107,0.6733057000092231,-23.95217085617747,0.002003550367023607,0
Coins,kapur,6,9,DE,3,0.3362896000035107,1.009522900043521,-23.95217085617747,0.002003550367023607,0
Coins,kapur,7,0,RM-MDE,1,0.26627170003484935,0.26627170003484935,-26.520373781833403,0.0,1
Coins,kapur,7,0,PSO,1,0.26627170003484935,0.2663958000484854,-26.514664482810986,0.0002152797343425044,0
Coins,kapur,7,0,PSO,2,0.26627170003484935,0.5326440000208095,-26.514664482810986,0.0002152797343425044,0
Coins,kapur,7,0,PSO,3,0.26627170003484935,0.7990756999934092,-26.514664482810986,0.0002152797343425044,0
Coins,kapur,7,0,DE,1,0.26627170003484935,0.2669599000364542,-26.520373781833403,0.0,1
Coins,kapur,7,0,DE,2,0.26627170003484935,0.5326493000029586,-26.520373781833403,0.0,1
Coins,kapur,7,0,DE,3,0.26627170003484935,0.7991810000385158,-26.520373781833403,0.0,1
Coins,kapur,7,1,RM-MDE,1,0.3361217000056058,0.3361217000056058,-26.520373781833403,0.0,1
Coins,kapur,7,1,PSO,1,0.3361217000056058,0.336499500030186,-26.52033535025871,1.4491339756497852e-06,0
Coins,kapur,7,1,PSO,2,0.3361217000056058,0.6726196000236087,-26.52033535025871,1.4491339756497852e-06,0
Coins,kapur,7,1,PSO,3,0.3361217000056058,1.0090329999802634,-26.52033535025871,1.4491339756497852e-06,0
Coins,kapur,7,1,DE,1,0.3361217000056058,0.3370415999670513,-26.359659848456822,0.006060017656563751,0
Coins,kapur,7,1,DE,2,0.3361217000056058,0.6730927999597043,-26.359659848456822,0.006060017656563751,0
Coins,kapur,7,1,DE,3,0.3361217000056058,1.009260999970138,-26.359659848456822,0.006060017656563751,0
Coins,kapur,7,2,RM-MDE,1,0.3726158000063151,0.3726158000063151,-26.520147108497813,8.547139548419154e-06,0
Coins,kapur,7,2,PSO,1,0.3726158000063151,0.372882199997548,-26.520373781833403,0.0,1
Coins,kapur,7,2,PSO,2,0.3726158000063151,0.7453979999991134,-26.520373781833403,0.0,1
Coins,kapur,7,2,PSO,3,0.3726158000063151,1.118095500045456,-26.520373781833403,0.0,1
Coins,kapur,7,2,DE,1,0.3726158000063151,0.3736557000083849,-26.520373781833403,0.0,1
Coins,kapur,7,2,DE,2,0.3726158000063151,0.746388699975796,-26.520373781833403,0.0,1
Coins,kapur,7,2,DE,3,0.3726158000063151,1.118180699995719,-26.520373781833403,0.0,1
Coins,kapur,7,3,RM-MDE,1,0.34252880001440644,0.34252880001440644,-26.520373781833403,0.0,1
Coins,kapur,7,3,PSO,1,0.34252880001440644,0.3427123000146821,-26.518601559600175,6.682493421122635e-05,0
Coins,kapur,7,3,PSO,2,0.34252880001440644,0.6854394000256434,-26.520373781833403,0.0,1
Coins,kapur,7,3,PSO,3,0.34252880001440644,1.0278137000277638,-26.520373781833403,0.0,1
Coins,kapur,7,3,DE,1,0.34252880001440644,0.3432694000075571,-26.520373781833403,0.0,1
Coins,kapur,7,3,DE,2,0.34252880001440644,0.6858331999974325,-26.520373781833403,0.0,1
Coins,kapur,7,3,DE,3,0.34252880001440644,1.0280365999788046,-26.520373781833403,0.0,1
Coins,kapur,7,4,RM-MDE,1,0.18617119995178655,0.18617119995178655,-26.520373781833403,0.0,1
Coins,kapur,7,4,PSO,1,0.18617119995178655,0.18630030000349507,-26.520147108497813,8.547139548419154e-06,0
Coins,kapur,7,4,PSO,2,0.18617119995178655,0.3727151000057347,-26.520147108497813,8.547139548419154e-06,0
Coins,kapur,7,4,PSO,3,0.18617119995178655,0.5586819999734871,-26.52033535025871,1.4491339756497852e-06,0
Coins,kapur,7,4,DE,1,0.18617119995178655,0.18624110001837835,-26.360468285627622,0.006029534029996092,0
Coins,kapur,7,4,DE,2,0.18617119995178655,0.3726184000261128,-26.360468285627622,0.006029534029996092,0
Coins,kapur,7,4,DE,3,0.18617119995178655,0.5586572000174783,-26.360468285627622,0.006029534029996092,0
Coins,kapur,7,5,RM-MDE,1,0.2213321999879554,0.2213321999879554,-26.520373781833403,0.0,1
Coins,kapur,7,5,PSO,1,0.2213321999879554,0.22174559999257326,-26.517867538268376,9.450257321573112e-05,0
Coins,kapur,7,5,PSO,2,0.2213321999879554,0.44283310003811494,-26.51963883089593,2.771269151483663e-05,0
Coins,kapur,7,5,PSO,3,0.2213321999879554,0.6642490000231192,-26.520373781833403,0.0,1
Coins,kapur,7,5,DE,1,0.2213321999879554,0.22207869996782392,-26.518707551570653,6.282830990454803e-05,0
Coins,kapur,7,5,DE,2,0.2213321999879554,0.44347879994893447,-26.518707551570653,6.282830990454803e-05,0
Coins,kapur,7,5,DE,3,0.2213321999879554,0.6647948999889195,-26.518707551570653,6.282830990454803e-05,0
Coins,kapur,7,6,RM-MDE,1,0.26029280002694577,0.26029280002694577,-26.520373781833403,0.0,1
Coins,kapur,7,6,PSO,1,0.26029280002694577,0.2608141000382602,-26.51955679246806,3.080610296312803e-05,0
Coins,kapur,7,6,PSO,2,0.26029280002694577,0.5210477000218816,-26.519713678162777,2.489043616262751e-05,0
Coins,kapur,7,6,PSO,3,0.26029280002694577,0.7816815000260249,-26.519713678162777,2.489043616262751e-05,0
Coins,kapur,7,6,DE,1,0.26029280002694577,0.261449400044512,-26.520373781833403,0.0,1
Coins,kapur,7,6,DE,2,0.26029280002694577,0.5211006000172347,-26.520373781833403,0.0,1
Coins,kapur,7,6,DE,3,0.26029280002694577,0.7813767000334337,-26.520373781833403,0.0,1
Coins,kapur,7,7,RM-MDE,1,0.2709490999695845,0.2709490999695845,-26.520373781833403,0.0,1
Coins,kapur,7,7,PSO,1,0.2709490999695845,0.2718089999980293,-26.517243491245925,0.00011803342642261034,0
Coins,kapur,7,7,PSO,2,0.2709490999695845,0.542010500037577,-26.518601559600175,6.682493421122635e-05,0
Coins,kapur,7,7,PSO,3,0.2709490999695845,0.8135417000157759,-26.518601559600175,6.682493421122635e-05,0
Coins,kapur,7,7,DE,1,0.2709490999695845,0.2711583999916911,-26.51116290435217,0.00034731326025062804,0
Coins,kapur,7,7,DE,2,0.2709490999695845,0.5428262999630533,-26.51116290435217,0.00034731326025062804,0
Coins,kapur,7,7,DE,3,0.2709490999695845,0.8135131999733858,-26.51116290435217,0.00034731326025062804,0
Coins,kapur,7,8,RM-MDE,1,0.2271894000004977,0.2271894000004977,-26.520373781833403,0.0,1
Coins,kapur,7,8,PSO,1,0.2271894000004977,0.22795440000481904,-26.519713678162777,2.489043616262751e-05,0
Coins,kapur,7,8,PSO,2,0.2271894000004977,0.4544834000407718,-26.519876519070532,1.875021698264858e-05,0
Coins,kapur,7,8,PSO,3,0.2271894000004977,0.6816937000257894,-26.519876519070532,1.875021698264858e-05,0
Coins,kapur,7,8,DE,1,0.2271894000004977,0.22750959999393672,-26.519876519070532,1.875021698264858e-05,0
Coins,kapur,7,8,DE,2,0.2271894000004977,0.4549686000100337,-26.519876519070532,1.875021698264858e-05,0
Coins,kapur,7,8,DE,3,0.2271894000004977,0.6818446000106633,-26.519876519070532,1.875021698264858e-05,0
Coins,kapur,7,9,RM-MDE,1,0.2682399000041187,0.2682399000041187,-26.520373781833403,0.0,1
Coins,kapur,7,9,PSO,1,0.2682399000041187,0.2683451999910176,-26.514664482810986,0.0002152797343425044,0
Coins,kapur,7,9,PSO,2,0.2682399000041187,0.5370252999709919,-26.514664482810986,0.0002152797343425044,0
Coins,kapur,7,9,PSO,3,0.2682399000041187,0.8055094999726862,-26.514664482810986,0.0002152797343425044,0
Coins,kapur,7,9,DE,1,0.2682399000041187,0.2688493999885395,-26.506900029753286,0.0005080528725181953,0
Coins,kapur,7,9,DE,2,0.2682399000041187,0.5376001999829896,-26.506900029753286,0.0005080528725181953,0
Coins,kapur,7,9,DE,3,0.2682399000041187,0.8047502000117674,-26.506900029753286,0.0005080528725181953,0
Coins,kapur,8,0,RM-MDE,1,0.29018020001240075,0.29018020001240075,-28.921882285508236,0.0,1
Coins,kapur,8,0,PSO,1,0.29018020001240075,0.29100929998094216,-28.920600024490128,4.433532387173642e-05,0
Coins,kapur,8,0,PSO,2,0.29018020001240075,0.5808434999780729,-28.92083799742093,3.610719651640456e-05,0
Coins,kapur,8,0,PSO,3,0.29018020001240075,0.8710160999908112,-28.92083799742093,3.610719651640456e-05,0
Coins,kapur,8,0,DE,1,0.29018020001240075,0.29098119999980554,-28.920600024490128,4.433532387173642e-05,0
Coins,kapur,8,0,DE,2,0.29018020001240075,0.5810205999878235,-28.920600024490128,4.433532387173642e-05,0
Coins,kapur,8,0,DE,3,0.29018020001240075,0.8705660999985412,-28.920600024490128,4.433532387173642e-05,0
Coins,kapur,8,1,RM-MDE,1,0.340368099976331,0.340368099976331,-28.921882285508236,0.0,1
Coins,kapur,8,1,PSO,1,0.340368099976331,0.3408404000219889,-28.921810408770195,2.48520263415078e-06,0
Coins,kapur,8,1,PSO,2,0.340368099976331,0.6809963000123389,-28.921882285508236,0.0,1
Coins,kapur,8,1,PSO,3,0.340368099976331,1.021226100041531,-28.921882285508236,0.0,1
Coins,kapur,8,1,DE,1,0.340368099976331,0.3409100999706425,-28.921658223436804,7.747146925635753e-06,0
Coins,kapur,8,1,DE,2,0.340368099976331,0.6811265999567695,-28.921658223436804,7.747146925635753e-06,0
Coins,kapur,8,1,DE,3,0.340368099976331,1.0216187999467365,-28.921658223436804,7.747146925635753e-06,0
Coins,kapur,8,2,RM-MDE,1,0.3555049000424333,0.3555049000424333,-28.921882285508236,0.0,1
Coins,kapur,8,2,PSO,1,0.3555049000424333,0.3556285999948159,-28.91894071717335,0.00010170736143133006,0
Coins,kapur,8,2,PSO,2,0.3555049000424333,0.7117781999986619,-28.921810408770195,2.48520263415078e-06,0
Coins,kapur,8,2,PSO,3,0.3555049000424333,1.0668788999901153,-28.921810408770195,2.48520263415078e-06,0
Coins,kapur,8,2,DE,1,0.3555049000424333,0.3558774999692105,-28.8474805641821,0.0025725061941565502,0
Coins,kapur,8,2,DE,2,0.3555049000424333,0.7115714999963529,-28.8474805641821,0.0025725061941565502,0
Coins,kapur,8,2,DE,3,0.3555049000424333,1.06754479999654,-28.8474805641821,0.0025725061941565502,0
Coins,kapur,8,3,RM-MDE,1,0.37327079998794943,0.37327079998794943,-28.921882285508236,0.0,1
Coins,kapur,8,3,PSO,1,0.37327079998794943,0.3741182999801822,-28.920907602758422,3.370052959180194e-05,0
Coins,kapur,8,3,PSO,2,0.37327079998794943,0.7470420000026934,-28.920907602758422,3.370052959180194e-05,0
Coins,kapur,8,3,PSO,3,0.37327079998794943,1.120562299969606,-28.920907602758422,3.370052959180194e-05,0
Coins,kapur,8,3,DE,1,0.37327079998794943,0.3741288000019267,-28.921882285508236,0.0,1
Coins,kapur,8,3,DE,2,0.37327079998794943,0.7475635000155307,-28.921882285508236,0.0,1
Coins,kapur,8,3,DE,3,0.37327079998794943,1.1210813000216149,-28.921882285508236,0.0,1
Coins,kapur,8,4,RM-MDE,1,0.342714500031434,0.342714500031434,-28.921882285508236,0.0,1
Coins,kapur,8,4,PSO,1,0.342714500031434,0.3430060999817215,-28.80361890533903,0.004089062357758947,0
Coins,kapur,8,4,PSO,2,0.342714500031434,0.6860542999929748,-28.80361890533903,0.004089062357758947,0
Coins,kapur,8,4,PSO,3,0.342714500031434,1.0288413999951445,-28.80361890533903,0.004089062357758947,0
Coins,kapur,8,4,DE,1,0.342714500031434,0.3435155999613926,-28.921810408770195,2.48520263415078e-06,0
Coins,kapur,8,4,DE,2,0.342714500031434,0.6860212999745272,-28.921810408770195,2.48520263415078e-06,0
Coins,kapur,8,4,DE,3,0.342714500031434,1.0283193999784999,-28.921810408770195,2.48520263415078e-06,0
Coins,kapur,8,5,RM-MDE,1,0.3029165000189096,0.3029165000189096,-28.921882285508236,0.0,1
Coins,kapur,8,5,PSO,1,0.3029165000189096,0.3029779000207782,-28.921810408770195,2.48520263415078e-06,0
Coins,kapur,8,5,PSO,2,0.3029165000189096,0.6064354000263847,-28.921810408770195,2.48520263415078e-06,0
Coins,kapur,8,5,PSO,3,0.3029165000189096,0.9088971000164747,-28.921810408770195,2.48520263415078e-06,0
Coins,kapur,8,5,DE,1,0.3029165000189096,0.3036518000299111,-28.921658223436804,7.747146925635753e-06,0
Coins,kapur,8,5,DE,2,0.3029165000189096,0.6059489999897778,-28.921658223436804,7.747146925635753e-06,0
Coins,kapur,8,5,DE,3,0.3029165000189096,0.9096221000072546,-28.921658223436804,7.747146925635753e-06,0
Coins,kapur,8,6,RM-MDE,1,0.32928240002365783,0.32928240002365783,-28.921882285508236,0.0,1
Coins,kapur,8,6,PSO,1,0.32928240002365783,0.3299636000301689,-28.921882285508236,0.0,1
Coins,kapur,8,6,PSO,2,0.32928240002365783,0.6586272999993525,-28.921882285508236,0.0,1
Coins,kapur,8,6,PSO,3,0.32928240002365783,0.9883740000077523,-28.921882285508236,0.0,1
Coins,kapur,8,6,DE,1,0.32928240002365783,0.32931290002306923,-28.921759325499227,4.251452509025561e-06,0
Coins,kapur,8,6,DE,2,0.32928240002365783,0.6590568000101484,-28.921759325499227,4.251452509025561e-06,0
Coins,kapur,8,6,DE,3,0.32928240002365783,0.9881459000171162,-28.921759325499227,4.251452509025561e-06,0
Coins,kapur,8,7,RM-MDE,1,0.35352860001148656,0.35352860001148656,-28.921882285508236,0.0,1
Coins,kapur,8,7,PSO,1,0.35352860001148656,0.3537720000022091,-28.921882285508236,0.0,1
Coins,kapur,8,7,PSO,2,0.35352860001148656,0.7075751000083983,-28.921882285508236,0.0,1
Coins,kapur,8,7,PSO,3,0.35352860001148656,1.0612222999916412,-28.921882285508236,0.0,1
Coins,kapur,8,7,DE,1,0.35352860001148656,0.35459740000078455,-28.921810408770195,2.48520263415078e-06,0
Coins,kapur,8,7,DE,2,0.35352860001148656,0.7071227999986149,-28.921810408770195,2.48520263415078e-06,0
Coins,kapur,8,7,DE,3,0.35352860001148656,1.0609643000061624,-28.921810408770195,2.48520263415078e-06,0
Coins,kapur,8,8,RM-MDE,1,0.3095731000066735,0.3095731000066735,-28.921882285508236,0.0,1
Coins,kapur,8,8,PSO,1,0.3095731000066735,0.30973889998858795,-28.921882285508236,0.0,1
Coins,kapur,8,8,PSO,2,0.3095731000066735,0.6199740000301972,-28.921882285508236,0.0,1
Coins,kapur,8,8,PSO,3,0.3095731000066735,0.9292809999897145,-28.921882285508236,0.0,1
Coins,kapur,8,8,DE,1,0.3095731000066735,0.3105453999596648,-28.921810408770195,2.48520263415078e-06,0
Coins,kapur,8,8,DE,2,0.3095731000066735,0.6193642999860458,-28.921810408770195,2.48520263415078e-06,0
Coins,kapur,8,8,DE,3,0.3095731000066735,0.92892189999111,-28.921810408770195,2.48520263415078e-06,0
Coins,kapur,8,9,RM-MDE,1,0.3758835999760777,0.3758835999760777,-28.921810408770195,2.48520263415078e-06,0
Coins,kapur,8,9,PSO,1,0.3758835999760777,0.37648819998139516,-28.921882285508236,0.0,1
Coins,kapur,8,9,PSO,2,0.3758835999760777,0.7518004999728873,-28.921882285508236,0.0,1
Coins,kapur,8,9,PSO,3,0.3758835999760777,1.1279089999734424,-28.921882285508236,0.0,1
Coins,kapur,8,9,DE,1,0.3758835999760777,0.37666960002388805,-28.921882285508236,0.0,1
Coins,kapur,8,9,DE,2,0.3758835999760777,0.7519441000185907,-28.921882285508236,0.0,1
Coins,kapur,8,9,DE,3,0.3758835999760777,1.1279294000123627,-28.921882285508236,0.0,1
Coins,mcet,6,0,RM-MDE,1,0.2829156999941915,0.2829156999941915,-53810725.17645357,0.0,1
Coins,mcet,6,0,PSO,1,0.2829156999941915,0.28324149997206405,-53810725.17645357,0.0,1
Coins,mcet,6,0,PSO,2,0.2829156999941915,0.565995600016322,-53810725.17645357,0.0,1
Coins,mcet,6,0,PSO,3,0.2829156999941915,0.8488867999985814,-53810725.17645357,0.0,1
Coins,mcet,6,0,DE,1,0.2829156999941915,0.2836661000037566,-53810725.17645357,0.0,1
Coins,mcet,6,0,DE,2,0.2829156999941915,0.5661911999923177,-53810725.17645357,0.0,1
Coins,mcet,6,0,DE,3,0.2829156999941915,0.8497173999785446,-53810725.17645357,0.0,1
Coins,mcet,6,1,RM-MDE,1,0.2670215999823995,0.2670215999823995,-53810725.17645357,0.0,1
Coins,mcet,6,1,PSO,1,0.2670215999823995,0.2675308000179939,-53810725.17645357,0.0,1
Coins,mcet,6,1,PSO,2,0.2670215999823995,0.5341154999914579,-53810725.17645357,0.0,1
Coins,mcet,6,1,PSO,3,0.2670215999823995,0.8014722000225447,-53810725.17645357,0.0,1
Coins,mcet,6,1,DE,1,0.2670215999823995,0.26715820003300905,-53810725.17645357,0.0,1
Coins,mcet,6,1,DE,2,0.2670215999823995,0.5343395000090823,-53810725.17645357,0.0,1
Coins,mcet,6,1,DE,3,0.2670215999823995,0.801993900036905,-53810725.17645357,0.0,1
Coins,mcet,6,2,RM-MDE,1,0.27105680003296584,0.27105680003296584,-53810725.17645357,0.0,1
Coins,mcet,6,2,PSO,1,0.27105680003296584,0.2721402000170201,-53810725.17645357,0.0,1
Coins,mcet,6,2,PSO,2,0.27105680003296584,0.542154400027357,-53810725.17645357,0.0,1
Coins,mcet,6,2,PSO,3,0.27105680003296584,0.8139052999904379,-53810725.17645357,0.0,1
Coins,mcet,6,2,DE,1,0.27105680003296584,0.2719103000126779,-53810725.17645357,0.0,1
Coins,mcet,6,2,DE,2,0.27105680003296584,0.5430231000063941,-53810725.17645357,0.0,1
Coins,mcet,6,2,DE,3,0.27105680003296584,0.8134459999855608,-53810725.17645357,0.0,1
Coins,mcet,6,3,RM-MDE,1,0.30638820002786815,0.30638820002786815,-53810725.17645357,0.0,1
Coins,mcet,6,3,PSO,1,0.30638820002786815,0.3066768000135198,-53810725.17645357,0.0,1
Coins,mcet,6,3,PSO,2,0.30638820002786815,0.6129243000177667,-53810725.17645357,0.0,1
Coins,mcet,6,3,PSO,3,0.30638820002786815,0.9195988000137731,-53810725.17645357,0.0,1
Coins,mcet,6,3,DE,1,0.30638820002786815,0.3069885999429971,-53810725.17645357,0.0,1
Coins,mcet,6,3,DE,2,0.30638820002786815,0.6135256999987178,-53810725.17645357,0.0,1
Coins,mcet,6,3,DE,3,0.30638820002786815,0.9192732999799773,-53810725.17645357,0.0,1
Coins,mcet,6,4,RM-MDE,1,0.281981399981305,0.281981399981305,-53810725.17645357,0.0,1
Coins,mcet,6,4,PSO,1,0.281981399981305,0.282359299948439,-53810701.26678937,4.4432897197264643e-07,0
Coins,mcet,6,4,PSO,2,0.281981399981305,0.5642208999488503,-53810701.26678937,4.4432897197264643e-07,0
Coins,mcet,6,4,PSO,3,0.281981399981305,0.8461932999780402,-53810701.26678937,4.4432897197264643e-07,0
Coins,mcet,6,4,DE,1,0.281981399981305,0.28219940001145005,-53810624.80287892,1.865307971880827e-06,0
Coins,mcet,6,4,DE,2,0.281981399981305,0.5642757000168785,-53810624.80287892,1.865307971880827e-06,0
Coins,mcet,6,4,DE,3,0.281981399981305,0.8459462000173517,-53810624.80287892,1.865307971880827e-06,0
Coins,mcet,6,5,RM-MDE,1,0.2834127999958582,0.2834127999958582,-53810725.17645357,0.0,1
Coins,mcet,6,5,PSO,1,0.2834127999958582,0.2840108000091277,-53810725.17645357,0.0,1
Coins,mcet,6,5,PSO,2,0.2834127999958582,0.5671172000002116,-53810725.17645357,0.0,1
Coins,mcet,6,5,PSO,3,0.2834127999958582,0.8506804000353441,-53810725.17645357,0.0,1
Coins,mcet,6,5,DE,1,0.2834127999958582,0.2843140999902971,-53810659.37901192,1.222757014158365e-06,0
Coins,mcet,6,5,DE,2,0.2834127999958582,0.56721780000953,-53810659.37901192,1.222757014158365e-06,0
Coins,mcet,6,5,DE,3,0.2834127999958582,0.8506798999733292,-53810659.37901192,1.222757014158365e-06,0
Coins,mcet,6,6,RM-MDE,1,0.25925300002563745,0.25925300002563745,-53810725.17645357,0.0,1
Coins,mcet,6,6,PSO,1,0.25925300002563745,0.2596966000273824,-53810725.17645357,0.0,1
Coins,mcet,6,6,PSO,2,0.25925300002563745,0.5189823000109755,-53810725.17645357,0.0,1
Coins,mcet,6,6,PSO,3,0.25925300002563745,0.7782439999864437,-53810725.17645357,0.0,1
Coins,mcet,6,6,DE,1,0.25925300002563745,0.2603275000001304,-53810601.774000175,2.2932687301293305e-06,0
Coins,mcet,6,6,DE,2,0.25925300002563745,0.5194356000283733,-53810601.774000175,2.2932687301293305e-06,0
Coins,mcet,6,6,DE,3,0.25925300002563745,0.7786787000368349,-53810601.774000175,2.2932687301293305e-06,0
Coins,mcet,6,7,RM-MDE,1,0.2855318999500014,0.2855318999500014,-53810725.17645357,0.0,1
Coins,mcet,6,7,PSO,1,0.2855318999500014,0.2862238999805413,-53810725.17645357,0.0,1
Coins,mcet,6,7,PSO,2,0.2855318999500014,0.5712762999464758,-53810725.17645357,0.0,1
Coins,mcet,6,7,PSO,3,0.2855318999500014,0.8567473999573849,-53810725.17645357,0.0,1
Coins,mcet,6,7,DE,1,0.2855318999500014,0.2861294000176713,-53810701.26678937,4.4432897197264643e-07,0
Coins,mcet,6,7,DE,2,0.2855318999500014,0.5718972000177018,-53810701.26678937,4.4432897197264643e-07,0
Coins,mcet,6,7,DE,3,0.2855318999500014,0.8569570000399835,-53810701.26678937,4.4432897197264643e-07,0
Coins,mcet,6,8,RM-MDE,1,0.25927320000482723,0.25927320000482723,-53810725.17645357,0.0,1
Coins,mcet,6,8,PSO,1,0.25927320000482723,0.2592949999962002,-53810725.17645357,0.0,1
Coins,mcet,6,8,PSO,2,0.25927320000482723,0.5191020999918692,-53810725.17645357,0.0,1
Coins,mcet,6,8,PSO,3,0.25927320000482723,0.7781683999928646,-53810725.17645357,0.0,1
Coins,mcet,6,8,DE,1,0.25927320000482723,0.2599188999738544,-53810725.17645357,0.0,1
Coins,mcet,6,8,DE,2,0.25927320000482723,0.5195026999572292,-53810725.17645357,0.0,1
Coins,mcet,6,8,DE,3,0.25927320000482723,0.778780699998606,-53810725.17645357,0.0,1
Coins,mcet,6,9,RM-MDE,1,0.2995179999852553,0.2995179999852553,-53810725.17645357,0.0,1
Coins,mcet,6,9,PSO,1,0.2995179999852553,0.29997110000113025,-53810725.17645357,0.0,1
Coins,mcet,6,9,PSO,2,0.2995179999852553,0.5992492000223137,-53810725.17645357,0.0,1
Coins,mcet,6,9,PSO,3,0.2995179999852553,0.899119800014887,-53810725.17645357,0.0,1
Coins,mcet,6,9,DE,1,0.2995179999852553,0.2997682999703102,-53810725.17645357,0.0,1
Coins,mcet,6,9,DE,2,0.2995179999852553,0.5993275999790058,-53810725.17645357,0.0,1
Coins,mcet,6,9,DE,3,0.2995179999852553,0.8989577000029385,-53810725.17645357,0.0,1
Coins,mcet,7,0,RM-MDE,1,0.1705159999546595,0.1705159999546595,-53818778.27210942,0.0,1
Coins,mcet,7,0,PSO,1,0.1705159999546595,0.17076929996255785,-53818656.80746953,2.2569193093363195e-06,0
Coins,mcet,7,0,PSO,2,0.1705159999546595,0.34106129995780066,-53818656.80746953,2.2569193093363195e-06,0
Coins,mcet,7,0,PSO,3,0.1705159999546595,0.5116767999716103,-53818656.80746953,2.2569193093363195e-06,0
Coins,mcet,7,0,DE,1,0.1705159999546595,0.17165530001511797,-53818051.3481726,1.3506882916333966e-05,0
Coins,mcet,7,0,DE,2,0.1705159999546595,0.3411953000468202,-53818051.3481726,1.3506882916333966e-05,0
Coins,mcet,7,0,DE,3,0.1705159999546595,0.5126426000497304,-53818051.3481726,1.3506882916333966e-05,0
Coins,mcet,7,1,RM-MDE,1,0.21459429996320978,0.21459429996320978,-53818778.27210942,0.0,1
Coins,mcet,7,1,PSO,1,0.21459429996320978,0.2149172000354156,-53818706.21093147,1.3389597508565427e-06,0
Coins,mcet,7,1,PSO,2,0.21459429996320978,0.4295292000169866,-53818706.21093147,1.3389597508565427e-06,0
Coins,mcet,7,1,PSO,3,0.21459429996320978,0.6441693000379018,-53818755.52203979,4.2271620345320027e-07,0
Coins,mcet,7,1,DE,1,0.21459429996320978,0.21484179998515174,-53818689.50453947,1.6493791349722114e-06,0
Coins,mcet,7,1,DE,2,0.21459429996320978,0.4293490999843925,-53818689.50453947,1.6493791349722114e-06,0
Coins,mcet,7,1,DE,3,0.21459429996320978,0.6449239999637939,-53818689.50453947,1.6493791349722114e-06,0
Coins,mcet,7,2,RM-MDE,1,0.1938897999934852,0.1938897999934852,-53818778.27210942,0.0,1
Coins,mcet,7,2,PSO,1,0.1938897999934852,0.19389890000456944,-53818662.58953192,2.1494835299560768e-06,0
Coins,mcet,7,2,PSO,2,0.1938897999934852,0.38800849998369813,-53818662.58953192,2.1494835299560768e-06,0
Coins,mcet,7,2,PSO,3,0.1938897999934852,0.5817737000179477,-53818662.58953192,2.1494835299560768e-06,0
Coins,mcet,7,2,DE,1,0.1938897999934852,0.1942214000155218,-53818495.72720309,5.249931629757228e-06,0
Coins,mcet,7,2,DE,2,0.1938897999934852,0.38871110003674403,-53818495.72720309,5.249931629757228e-06,0
Coins,mcet,7,2,DE,3,0.1938897999934852,0.5817151000373997,-53818495.72720309,5.249931629757228e-06,0
Coins,mcet,7,3,RM-MDE,1,0.24198380002053455,0.24198380002053455,-53818778.27210942,0.0,1
Coins,mcet,7,3,PSO,1,0.24198380002053455,0.24265530001139268,-53818656.80746953,2.2569193093363195e-06,0
Coins,mcet,7,3,PSO,2,0.24198380002053455,0.4846621000324376,-53818656.80746953,2.2569193093363195e-06,0
Coins,mcet,7,3,PSO,3,0.24198380002053455,0.7259598000091501,-53818656.80746953,2.2569193093363195e-06,0
Coins,mcet,7,3,DE,1,0.24198380002053455,0.2427282999851741,-53818689.50453947,1.6493791349722114e-06,0
Coins,mcet,7,3,DE,2,0.24198380002053455,0.4847394999815151,-53818689.50453947,1.6493791349722114e-06,0
Coins,mcet,7,3,DE,3,0.24198380002053455,0.7266687999945134,-53818689.50453947,1.6493791349722114e-06,0
Coins,mcet,7,4,RM-MDE,1,0.18636490002973005,0.18636490002973005,-53818778.27210942,0.0,1
Coins,mcet,7,4,PSO,1,0.18636490002973005,0.18644140003016219,-53818656.80746953,2.2569193093363195e-06,0
Coins,mcet,7,4,PSO,2,0.18636490002973005,0.3729194000479765,-53818656.80746953,2.2569193093363195e-06,0
Coins,mcet,7,4,PSO,3,0.18636490002973005,0.5595337999984622,-53818656.80746953,2.2569193093363195e-06,0
Coins,mcet,7,4,DE,1,0.18636490002973005,0.18746500002453104,-53818476.76418012,5.602281192232171e-06,0
Coins,mcet,7,4,DE,2,0.18636490002973005,0.37348349997773767,-53818476.76418012,5.602281192232171e-06,0
Coins,mcet,7,4,DE,3,0.18636490002973005,0.5593252999824472,-53818476.76418012,5.602281192232171e-06,0
Coins,mcet,7,5,RM-MDE,1,0.21429600002011284,0.21429600002011284,-53818778.27210942,0.0,1
Coins,mcet,7,5,PSO,1,0.21429600002011284,0.21441849996335804,-53818649.33701834,2.3957268302595346e-06,0
Coins,mcet,7,5,PSO,2,0.21429600002011284,0.42861549998633564,-53818656.80746953,2.2569193093363195e-06,0
Coins,mcet,7,5,PSO,3,0.21429600002011284,0.6434271999751218,-53818656.80746953,2.2569193093363195e-06,0
Coins,mcet,7,5,DE,1,0.21429600002011284,0.2152011999860406,-53818597.67727104,3.355610145360797e-06,0
Coins,mcet,7,5,DE,2,0.21429600002011284,0.42972030001692474,-53818597.67727104,3.355610145360797e-06,0
Coins,mcet,7,5,DE,3,0.21429600002011284,0.6433304999954998,-53818597.67727104,3.355610145360797e-06,0
Coins,mcet,7,6,RM-MDE,1,0.2479316999670118,0.2479316999670118,-53818662.58953192,2.1494835299560768e-06,0
Coins,mcet,7,6,PSO,1,0.2479316999670118,0.24850059999153018,-53818656.80746953,2.2569193093363195e-06,0
Coins,mcet,7,6,PSO,2,0.2479316999670118,0.4958996999775991,-53818656.80746953,2.2569193093363195e-06,0
Coins,mcet,7,6,PSO,3,0.2479316999670118,0.7440404000226408,-53818656.80746953,2.2569193093363195e-06,0
Coins,mcet,7,6,DE,1,0.2479316999670118,0.24887090001720935,-53817029.630271785,3.2491295673657966e-05,0
Coins,mcet,7,6,DE,2,0.2479316999670118,0.49725249997572973,-53817029.630271785,3.2491295673657966e-05,0
Coins,mcet,7,6,DE,3,0.2479316999670118,0.7448127000243403,-53817029.630271785,3.2491295673657966e-05,0
Coins,mcet,7,7,RM-MDE,1,0.18804320000344887,0.18804320000344887,-53818778.27210942,0.0,1
Coins,mcet,7,7,PSO,1,0.18804320000344887,0.18808029999490827,-53818656.80746953,2.2569193093363195e-06,0
Coins,mcet,7,7,PSO,2,0.18804320000344887,0.3764542000135407,-53818656.80746953,2.2569193093363195e-06,0
Coins,mcet,7,7,PSO,3,0.18804320000344887,0.5647818999714218,-53818656.80746953,2.2569193093363195e-06,0
Coins,mcet,7,7,DE,1,0.18804320000344887,0.18846470001153648,-53818769.2866494,1.6695771084157621e-07,0
Coins,mcet,7,7,DE,2,0.18804320000344887,0.37710129999322817,-53818769.2866494,1.6695771084157621e-07,0
Coins,mcet,7,7,DE,3,0.18804320000344887,0.565642100002151,-53818769.2866494,1.6695771084157621e-07,0
Coins,mcet,7,8,RM-MDE,1,0.22392410004977137,0.22392410004977137,-53818778.27210942,0.0,1
Coins,mcet,7,8,PSO,1,0.22392410004977137,0.22461650002514943,-53818656.80746953,2.2569193093363195e-06,0
Coins,mcet,7,8,PSO,2,0.22392410004977137,0.44845909997820854,-53818656.80746953,2.2569193093363195e-06,0
Coins,mcet,7,8,PSO,3,0.22392410004977137,0.6718196999863721,-53818656.80746953,2.2569193093363195e-06,0
Coins,mcet,7,8,DE,1,0.22392410004977137,0.22419539996189997,-53818751.686497495,4.939839360550214e-07,0
Coins,mcet,7,8,DE,2,0.22392410004977137,0.44900139997480437,-53818751.686497495,4.939839360550214e-07,0
Coins,mcet,7,8,DE,3,0.22392410004977137,0.6722598999622278,-53818751.686497495,4.939839360550214e-07,0
Coins,mcet,7,9,RM-MDE,1,0.1829015000257641,0.1829015000257641,-53818778.27210942,0.0,1
Coins,mcet,7,9,PSO,1,0.1829015000257641,0.1830959000508301,-53818733.43255368,8.331581871599956e-07,0
Coins,mcet,7,9,PSO,2,0.1829015000257641,0.36589130002539605,-53818754.16016005,4.480211209440795e-07,0
Coins,mcet,7,9,PSO,3,0.1829015000257641,0.5489590000361204,-53818754.16016005,4.480211209440795e-07,0
Coins,mcet,7,9,DE,1,0.1829015000257641,0.18328830000245944,-53818652.37910242,2.339202245845343e-06,0
Coins,mcet,7,9,DE,2,0.1829015000257641,0.36615899996832013,-53818652.37910242,2.339202245845343e-06,0
Coins,mcet,7,9,DE,3,0.1829015000257641,0.5489709000103176,-53818652.37910242,2.339202245845343e-06,0
Coins,mcet,8,0,RM-MDE,1,0.24434289999771863,0.24434289999771863,-53825612.242427446,0.0,1
Coins,mcet,8,0,PSO,1,0.24434289999771863,0.24494699999922886,-53825581.23759362,5.760238022985897e-07,0
Coins,mcet,8,0,PSO,2,0.24434289999771863,0.4888448999845423,-53825587.99768065,4.5043141706572414e-07,0
Coins,mcet,8,0,PSO,3,0.24434289999771863,0.7337415999500081,-53825587.99768065,4.5043141706572414e-07,0
Coins,mcet,8,0,DE,1,0.24434289999771863,0.24491850001504645,-53825566.68769824,8.463392669492418e-07,0
Coins,mcet,8,0,DE,2,0.24434289999771863,0.48897550004767254,-53825566.68769824,8.463392669492418e-07,0
Coins,mcet,8,0,DE,3,0.24434289999771863,0.7334803999983706,-53825566.68769824,8.463392669492418e-07,0
Coins,mcet,8,1,RM-MDE,1,0.23010240000439808,0.23010240000439808,-53825612.242427446,0.0,1
Coins,mcet,8,1,PSO,1,0.23010240000439808,0.2302118000225164,-53825529.90124585,1.5297769624569025e-06,0
Coins,mcet,8,1,PSO,2,0.23010240000439808,0.46058030001586303,-53825556.00749381,1.0447616161578188e-06,0
Coins,mcet,8,1,PSO,3,0.23010240000439808,0.6910548000014387,-53825556.00749381,1.0447616161578188e-06,0
Coins,mcet,8,1,DE,1,0.23010240000439808,0.23054199997568503,-53825489.198669665,2.2859704266289515e-06,0
Coins,mcet,8,1,DE,2,0.23010240000439808,0.4602096999878995,-53825489.198669665,2.2859704266289515e-06,0
Coins,mcet,8,1,DE,3,0.23010240000439808,0.6907616999815218,-53825489.198669665,2.2859704266289515e-06,0
Coins,mcet,8,2,RM-MDE,1,0.1646387999644503,0.1646387999644503,-53825612.242427446,0.0,1
Coins,mcet,8,2,PSO,1,0.1646387999644503,0.16499720001593232,-53825554.50651698,1.0726475382716369e-06,0
Coins,mcet,8,2,PSO,2,0.1646387999644503,0.33004609995987266,-53825591.6232705,3.8307333795581547e-07,0
Coins,mcet,8,2,PSO,3,0.1646387999644503,0.4948840999859385,-53825591.6232705,3.8307333795581547e-07,0
Coins,mcet,8,2,DE,1,0.1646387999644503,0.16551520000211895,-53825612.242427446,0.0,1
Coins,mcet,8,2,DE,2,0.1646387999644503,0.32976970000891015,-53825612.242427446,0.0,1
Coins,mcet,8,2,DE,3,0.1646387999644503,0.494581000006292,-53825612.242427446,0.0,1
Coins,mcet,8,3,RM-MDE,1,0.24639139999635518,0.24639139999635518,-53825612.242427446,0.0,1
Coins,mcet,8,3,PSO,1,0.24639139999635518,0.24673339998116717,-53825604.697206184,1.4017901417817388e-07,0
Coins,mcet,8,3,PSO,2,0.24639139999635518,0.49360769998747855,-53825604.697206184,1.4017901417817388e-07,0
Coins,mcet,8,3,PSO,3,0.24639139999635518,0.7398336999467574,-53825604.697206184,1.4017901417817388e-07,0
Coins,mcet,8,3,DE,1,0.24639139999635518,0.24645109998527914,-53825612.242427446,0.0,1
Coins,mcet,8,3,DE,2,0.24639139999635518,0.4937146999873221,-53825612.242427446,0.0,1
Coins,mcet,8,3,DE,3,0.24639139999635518,0.739597000007052,-53825612.242427446,0.0,1
Coins,mcet,8,4,RM-MDE,1,0.19044020003639162,0.19044020003639162,-53825612.242427446,0.0,1
Coins,mcet,8,4,PSO,1,0.19044020003639162,0.19073560001561418,-53825612.242427446,0.0,1
Coins,mcet,8,4,PSO,2,0.19044020003639162,0.38092450000112876,-53825612.242427446,0.0,1
Coins,mcet,8,4,PSO,3,0.19044020003639162,0.5720764000434428,-53825612.242427446,0.0,1
Coins,mcet,8,4,DE,1,0.19044020003639162,0.1912414000253193,-53825612.242427446,0.0,1
Coins,mcet,8,4,DE,2,0.19044020003639162,0.3819591000210494,-53825612.242427446,0.0,1
Coins,mcet,8,4,DE,3,0.19044020003639162,0.5723832999938168,-53825612.242427446,0.0,1
Coins,mcet,8,5,RM-MDE,1,0.31569160002982244,0.31569160002982244,-53825612.242427446,0.0,1
Coins,mcet,8,5,PSO,1,0.31569160002982244,0.3163704000180587,-53825601.74735048,1.9498295573484083e-07,0
Coins,mcet,8,5,PSO,2,0.31569160002982244,0.6319985999725759,-53825612.242427446,0.0,1
Coins,mcet,8,5,PSO,3,0.31569160002982244,0.9477633999777026,-53825612.242427446,0.0,1
Coins,mcet,8,5,DE,1,0.31569160002982244,0.3160395000013523,-53825264.76600619,6.455596263249732e-06,0
Coins,mcet,8,5,DE,2,0.31569160002982244,0.6324151000007987,-53825264.76600619,6.455596263249732e-06,0
Coins,mcet,8,5,DE,3,0.31569160002982244,0.9479824000154622,-53825264.76600619,6.455596263249732e-06,0
Coins,mcet,8,6,RM-MDE,1,0.20497630001045763,0.20497630001045763,-53825612.242427446,0.0,1
Coins,mcet,8,6,PSO,1,0.20497630001045763,0.20521479996386915,-53825496.90855837,2.1427321357313723e-06,0
Coins,mcet,8,6,PSO,2,0.20497630001045763,0.41030859999591485,-53825549.689389735,1.1621426139799874e-06,0
Coins,mcet,8,6,PSO,3,0.20497630001045763,0.6149301999830641,-53825549.689389735,1.1621426139799874e-06,0
Coins,mcet,8,6,DE,1,0.20497630001045763,0.20608839998021722,-53825557.443791844,1.0180773300856754e-06,0
Coins,mcet,8,6,DE,2,0.20497630001045763,0.41029620001791045,-53825557.443791844,1.0180773300856754e-06,0
Coins,mcet,8,6,DE,3,0.20497630001045763,0.6150371999829076,-53825557.443791844,1.0180773300856754e-06,0
Coins,mcet,8,7,RM-MDE,1,0.23258190002525225,0.23258190002525225,-53825612.242427446,0.0,1
Coins,mcet,8,7,PSO,1,0.23258190002525225,0.23265229997923598,-53825426.426243275,3.4521889566929364e-06,0
Coins,mcet,8,7,PSO,2,0.23258190002525225,0.4653470999910496,-53825591.6232705,3.8307333795581547e-07,0
Coins,mcet,8,7,PSO,3,0.23258190002525225,0.6979076999705285,-53825592.12670859,3.737202052779978e-07,0
Coins,mcet,8,7,DE,1,0.23258190002525225,0.23279660003026947,-53824378.23138177,2.2926093996321594e-05,0
Coins,mcet,8,7,DE,2,0.23258190002525225,0.4657090000109747,-53824378.23138177,2.2926093996321594e-05,0
Coins,mcet,8,7,DE,3,0.23258190002525225,0.6987959999823943,-53824378.23138177,2.2926093996321594e-05,0
Coins,mcet,8,8,RM-MDE,1,0.19761799997650087,0.19761799997650087,-53825612.242427446,0.0,1
Coins,mcet,8,8,PSO,1,0.19761799997650087,0.19803199998568743,-53825528.87351369,1.548870700798201e-06,0
Coins,mcet,8,8,PSO,2,0.19761799997650087,0.3958773000049405,-53825557.443791844,1.0180773300856754e-06,0
Coins,mcet,8,8,PSO,3,0.19761799997650087,0.5931129999808036,-53825589.38279489,4.2469804999453034e-07,0
Coins,mcet,8,8,DE,1,0.19761799997650087,0.19852789997821674,-53825601.74735048,1.9498295573484083e-07,0
Coins,mcet,8,8,DE,2,0.19761799997650087,0.3959023999632336,-53825601.74735048,1.9498295573484083e-07,0
Coins,mcet,8,8,DE,3,0.19761799997650087,0.5929533999878913,-53825601.74735048,1.9498295573484083e-07,0
Coins,mcet,8,9,RM-MDE,1,0.2208929000189528,0.2208929000189528,-53825612.242427446,0.0,1
Coins,mcet,8,9,PSO,1,0.2208929000189528,0.22116010001627728,-53825408.7905226,3.779834476046131e-06,0
Coins,mcet,8,9,PSO,2,0.2208929000189528,0.4421935999998823,-53825591.6232705,3.8307333795581547e-07,0
Coins,mcet,8,9,PSO,3,0.2208929000189528,0.6631934000179172,-53825599.744011015,2.3220203004762944e-07,0
Coins,mcet,8,9,DE,1,0.2208929000189528,0.22182520001661032,-53825612.242427446,0.0,1
Coins,mcet,8,9,DE,2,0.2208929000189528,0.4426847000140697,-53825612.242427446,0.0,1
Coins,mcet,8,9,DE,3,0.2208929000189528,0.6636963000055403,-53825612.242427446,0.0,1
Moon,otsu,6,0,RM-MDE,1,0.13048170000547543,0.13048170000547543,-3399909671.1162934,0.0,1
Moon,otsu,6,0,PSO,1,0.13048170000547543,0.13091000000713393,-3399909671.1162934,0.0,1
Moon,otsu,6,0,PSO,2,0.13048170000547543,0.26105899998219684,-3399909671.1162934,0.0,1
Moon,otsu,6,0,PSO,3,0.13048170000547543,0.39151290000882,-3399909671.1162934,0.0,1
Moon,otsu,6,0,DE,1,0.13048170000547543,0.13061160000506788,-3399909671.1162934,0.0,1
Moon,otsu,6,0,DE,2,0.13048170000547543,0.2611940000206232,-3399909671.1162934,0.0,1
Moon,otsu,6,0,DE,3,0.13048170000547543,0.39189960004296154,-3399909671.1162934,0.0,1
Moon,otsu,6,1,RM-MDE,1,0.14621450001141056,0.14621450001141056,-3399909671.1162934,0.0,1
Moon,otsu,6,1,PSO,1,0.14621450001141056,0.1464138999581337,-3399909671.1162934,0.0,1
Moon,otsu,6,1,PSO,2,0.14621450001141056,0.29274599999189377,-3399909671.1162934,0.0,1
Moon,otsu,6,1,PSO,3,0.14621450001141056,0.43891500000609085,-3399909671.1162934,0.0,1
Moon,otsu,6,1,DE,1,0.14621450001141056,0.146692999987863,-3399909671.1162934,0.0,1
Moon,otsu,6,1,DE,2,0.14621450001141056,0.293068700004369,-3399909671.1162934,0.0,1
Moon,otsu,6,1,DE,3,0.14621450001141056,0.43866399995749816,-3399909671.1162934,0.0,1
Moon,otsu,6,2,RM-MDE,1,0.1447385000064969,0.1447385000064969,-3399909671.1162934,0.0,1
Moon,otsu,6,2,PSO,1,0.1447385000064969,0.14504730002954602,-3399909671.1162934,0.0,1
Moon,otsu,6,2,PSO,2,0.1447385000064969,0.2895293000037782,-3399909671.1162934,0.0,1
Moon,otsu,6,2,PSO,3,0.1447385000064969,0.4347182000055909,-3399909671.1162934,0.0,1
Moon,otsu,6,2,DE,1,0.1447385000064969,0.1454014999908395,-3399909671.1162934,0.0,1
Moon,otsu,6,2,DE,2,0.1447385000064969,0.29024840000784025,-3399909671.1162934,0.0,1
Moon,otsu,6,2,DE,3,0.1447385000064969,0.4345952000003308,-3399909671.1162934,0.0,1
Moon,otsu,6,3,RM-MDE,1,0.13887359999353066,0.13887359999353066,-3399909671.1162934,0.0,1
Moon,otsu,6,3,PSO,1,0.13887359999353066,0.13908970000920817,-3399909022.568575,1.9075439681078202e-07,0
Moon,otsu,6,3,PSO,2,0.13887359999353066,0.2779743000282906,-3399909022.568575,1.9075439681078202e-07,0
Moon,otsu,6,3,PSO,3,0.13887359999353066,0.41697210003621876,-3399909022.568575,1.9075439681078202e-07,0
Moon,otsu,6,3,DE,1,0.13887359999353066,0.13925700000254437,-3399909671.1162934,0.0,1
Moon,otsu,6,3,DE,2,0.13887359999353066,0.278026600019075,-3399909671.1162934,0.0,1
Moon,otsu,6,3,DE,3,0.13887359999353066,0.41681220004102215,-3399909671.1162934,0.0,1
Moon,otsu,6,4,RM-MDE,1,0.146625800000038,0.146625800000038,-3399909671.1162934,0.0,1
Moon,otsu,6,4,PSO,1,0.146625800000038,0.14702940004644915,-3399896956.244158,3.7397676307866474e-06,0
Moon,otsu,6,4,PSO,2,0.146625800000038,0.29342930001439527,-3399909671.1162934,0.0,1
Moon,otsu,6,4,PSO,3,0.146625800000038,0.4403792000375688,-3399909671.1162934,0.0,1
Moon,otsu,6,4,DE,1,0.146625800000038,0.14726769999833778,-3399909671.1162934,0.0,1
Moon,otsu,6,4,DE,2,0.146625800000038,0.2937157999840565,-3399909671.1162934,0.0,1
Moon,otsu,6,4,DE,3,0.146625800000038,0.44077679998008534,-3399909671.1162934,0.0,1
Moon,otsu,6,5,RM-MDE,1,0.1420835999888368,0.1420835999888368,-3399909671.1162934,0.0,1
Moon,otsu,6,5,PSO,1,0.1420835999888368,0.1423450000002049,-3399909671.1162934,0.0,1
Moon,otsu,6,5,PSO,2,0.1420835999888368,0.28471999999601394,-3399909671.1162934,0.0,1
Moon,otsu,6,5,PSO,3,0.1420835999888368,0.42633079999359325,-3399909671.1162934,0.0,1
Moon,otsu,6,5,DE,1,0.1420835999888368,0.14291940000839531,-3399909012.315581,1.9377006341734513e-07,0
Moon,otsu,6,5,DE,2,0.1420835999888368,0.2846713999751955,-3399909012.315581,1.9377006341734513e-07,0
Moon,otsu,6,5,DE,3,0.1420835999888368,0.426987899991218,-3399909012.315581,1.9377006341734513e-07,0
Moon,otsu,6,6,RM-MDE,1,0.15562100004171953,0.15562100004171953,-3399909671.1162934,0.0,1
Moon,otsu,6,6,PSO,1,0.15562100004171953,0.15605469996808097,-3399909671.1162934,0.0,1
Moon,otsu,6,6,PSO,2,0.15562100004171953,0.31164909998187795,-3399909671.1162934,0.0,1
Moon,otsu,6,6,PSO,3,0.15562100004171953,0.4668892999761738,-3399909671.1162934,0.0,1
Moon,otsu,6,6,DE,1,0.15562100004171953,0.15602950000902638,-3399909671.1162934,0.0,1
Moon,otsu,6,6,DE,2,0.15562100004171953,0.31221850001020357,-3399909671.1162934,0.0,1
Moon,otsu,6,6,DE,3,0.15562100004171953,0.4678138999734074,-3399909671.1162934,0.0,1
Moon,otsu,6,7,RM-MDE,1,0.1440310999751091,0.1440310999751091,-3399909671.1162934,0.0,1
Moon,otsu,6,7,PSO,1,0.1440310999751091,0.1447393000125885,-3399909671.1162934,0.0,1
Moon,otsu,6,7,PSO,2,0.1440310999751091,0.28827839996665716,-3399909671.1162934,0.0,1
Moon,otsu,6,7,PSO,3,0.1440310999751091,0.4322946000029333,-3399909671.1162934,0.0,1
Moon,otsu,6,7,DE,1,0.1440310999751091,0.14489190001040697,-3399909671.1162934,0.0,1
Moon,otsu,6,7,DE,2,0.1440310999751091,0.2884880999918096,-3399909671.1162934,0.0,1
Moon,otsu,6,7,DE,3,0.1440310999751091,0.43245760002173483,-3399909671.1162934,0.0,1
Moon,otsu,6,8,RM-MDE,1,0.15551519999280572,0.15551519999280572,-3399909671.1162934,0.0,1
Moon,otsu,6,8,PSO,1,0.15551519999280572,0.1558661999879405,-3399909671.1162934,0.0,1
Moon,otsu,6,8,PSO,2,0.15551519999280572,0.31143870000960305,-3399909671.1162934,0.0,1
Moon,otsu,6,8,PSO,3,0.15551519999280572,0.46688819996779785,-3399909671.1162934,0.0,1
Moon,otsu,6,8,DE,1,0.15551519999280572,0.15585670003201813,-3399909671.1162934,0.0,1
Moon,otsu,6,8,DE,2,0.15551519999280572,0.3115764000103809,-3399909671.1162934,0.0,1
Moon,otsu,6,8,DE,3,0.15551519999280572,0.46724410000024363,-3399909671.1162934,0.0,1
Moon,otsu,6,9,RM-MDE,1,0.12849370000185445,0.12849370000185445,-3399909671.1162934,0.0,1
Moon,otsu,6,9,PSO,1,0.12849370000185445,0.1286445000441745,-3399909671.1162934,0.0,1
Moon,otsu,6,9,PSO,2,0.12849370000185445,0.2571333000087179,-3399909671.1162934,0.0,1
Moon,otsu,6,9,PSO,3,0.12849370000185445,0.3857611000421457,-3399909671.1162934,0.0,1
Moon,otsu,6,9,DE,1,0.12849370000185445,0.12914919998729602,-3399903389.1134267,1.8476969903386942e-06,0
Moon,otsu,6,9,DE,2,0.12849370000185445,0.2575883999816142,-3399903389.1134267,1.8476969903386942e-06,0
Moon,otsu,6,9,DE,3,0.12849370000185445,0.38610189995961264,-3399903389.1134267,1.8476969903386942e-06,0
Moon,otsu,7,0,RM-MDE,1,0.15731769998092204,0.15731769998092204,-3400925681.5452294,0.0,1
Moon,otsu,7,0,PSO,1,0.15731769998092204,0.15770370000973344,-3400925681.5452294,0.0,1
Moon,otsu,7,0,PSO,2,0.15731769998092204,0.31492259999504313,-3400925681.5452294,0.0,1
Moon,otsu,7,0,PSO,3,0.15731769998092204,0.47240219998639077,-3400925681.5452294,0.0,1
Moon,otsu,7,0,DE,1,0.15731769998092204,0.15744440001435578,-3400925681.5452294,0.0,1
Moon,otsu,7,0,DE,2,0.15731769998092204,0.31489109998801723,-3400925681.5452294,0.0,1
Moon,otsu,7,0,DE,3,0.15731769998092204,0.47306440002284944,-3400925681.5452294,0.0,1
Moon,otsu,7,1,RM-MDE,1,0.1382976999739185,0.1382976999739185,-3400925681.5452294,0.0,1
Moon,otsu,7,1,PSO,1,0.1382976999739185,0.13835890003247187,-3400922267.4902263,1.0038605141218505e-06,0
Moon,otsu,7,1,PSO,2,0.1382976999739185,0.2771078000077978,-3400925681.5452294,0.0,1
Moon,otsu,7,1,PSO,3,0.1382976999739185,0.4153197000268847,-3400925681.5452294,0.0,1
Moon,otsu,7,1,DE,1,0.1382976999739185,0.13833560002967715,-3400880157.019958,1.3385921814889937e-05,0
Moon,otsu,7,1,DE,2,0.1382976999739185,0.2769478000118397,-3400880157.019958,1.3385921814889937e-05,0
Moon,otsu,7,1,DE,3,0.1382976999739185,0.4155214000493288,-3400880157.019958,1.3385921814889937e-05,0
Moon,otsu,7,2,RM-MDE,1,0.13595349999377504,0.13595349999377504,-3400925681.5452294,0.0,1
Moon,otsu,7,2,PSO,1,0.13595349999377504,0.13629240001318976,-3400920297.505859,1.5831099749555644e-06,0
Moon,otsu,7,2,PSO,2,0.13595349999377504,0.272285400016699,-3400925681.5452294,0.0,1
Moon,otsu,7,2,PSO,3,0.13595349999377504,0.40812380000716075,-3400925681.5452294,0.0,1
Moon,otsu,7,2,DE,1,0.13595349999377504,0.13689319998957217,-3400925681.5452294,0.0,1
Moon,otsu,7,2,DE,2,0.13595349999377504,0.27194529998814687,-3400925681.5452294,0.0,1
Moon,otsu,7,2,DE,3,0.13595349999377504,0.40824660001089796,-3400925681.5452294,0.0,1
Moon,otsu,7,3,RM-MDE,1,0.15475859999423847,0.15475859999423847,-3400925681.5452294,0.0,1
Moon,otsu,7,3,PSO,1,0.15475859999423847,0.1548731999937445,-3400925681.5452294,0.0,1
Moon,otsu,7,3,PSO,2,0.15475859999423847,0.3099563999567181,-3400925681.5452294,0.0,1
Moon,otsu,7,3,PSO,3,0.15475859999423847,0.4644520999863744,-3400925681.5452294,0.0,1
Moon,otsu,7,3,DE,1,0.15475859999423847,0.15488769998773932,-3400925681.5452294,0.0,1
Moon,otsu,7,3,DE,2,0.15475859999423847,0.31012989999726415,-3400925681.5452294,0.0,1
Moon,otsu,7,3,DE,3,0.15475859999423847,0.4647068999474868,-3400925681.5452294,0.0,1
Moon,otsu,7,4,RM-MDE,1,0.1610149999614805,0.1610149999614805,-3400925681.5452294,0.0,1
Moon,otsu,7,4,PSO,1,0.1610149999614805,0.161615899996832,-3400922267.4902263,1.0038605141218505e-06,0
Moon,otsu,7,4,PSO,2,0.1610149999614805,0.3220592000288889,-3400922267.4902263,1.0038605141218505e-06,0
Moon,otsu,7,4,PSO,3,0.1610149999614805,0.48320220003370196,-3400922267.4902263,1.0038605141218505e-06,0
Moon,otsu,7,4,DE,1,0.1610149999614805,0.1613433000165969,-3400922267.4902263,1.0038605141218505e-06,0
Moon,otsu,7,4,DE,2,0.1610149999614805,0.32211390003794804,-3400922267.4902263,1.0038605141218505e-06,0
Moon,otsu,7,4,DE,3,0.1610149999614805,0.48372530000051484,-3400922267.4902263,1.0038605141218505e-06,0
Moon,otsu,7,5,RM-MDE,1,0.15347750001819804,0.15347750001819804,-3400925681.5452294,0.0,1
Moon,otsu,7,5,PSO,1,0.15347750001819804,0.15390189999016002,-3400925681.5452294,0.0,1
Moon,otsu,7,5,PSO,2,0.15347750001819804,0.3075627999496646,-3400925681.5452294,0.0,1
Moon,otsu,7,5,PSO,3,0.15347750001819804,0.46096999995643273,-3400925681.5452294,0.0,1
Moon,otsu,7,5,DE,1,0.15347750001819804,0.15362759999698028,-3400924051.442051,4.793116142898138e-07,0
Moon,otsu,7,5,DE,2,0.15347750001819804,0.30777169996872544,-3400924051.442051,4.793116142898138e-07,0
Moon,otsu,7,5,DE,3,0.15347750001819804,0.4613717999891378,-3400924051.442051,4.793116142898138e-07,0
Moon,otsu,7,6,RM-MDE,1,0.15142250002827495,0.15142250002827495,-3400925681.5452294,0.0,1
Moon,otsu,7,6,PSO,1,0.15142250002827495,0.15176090004388243,-3400920637.387048,1.4831721284116643e-06,0
Moon,otsu,7,6,PSO,2,0.15142250002827495,0.3030167000251822,-3400920637.387048,1.4831721284116643e-06,0
Moon,otsu,7,6,PSO,3,0.15142250002827495,0.4544378000427969,-3400920637.387048,1.4831721284116643e-06,0
Moon,otsu,7,6,DE,1,0.15142250002827495,0.152423000021372,-3400920287.2316236,1.5861309863538193e-06,0
Moon,otsu,7,6,DE,2,0.15142250002827495,0.3032952999928966,-3400920287.2316236,1.5861309863538193e-06,0
Moon,otsu,7,6,DE,3,0.15142250002827495,0.4550330000347458,-3400920287.2316236,1.5861309863538193e-06,0
Moon,otsu,7,7,RM-MDE,1,0.14619880000827834,0.14619880000827834,-3400925681.5452294,0.0,1
Moon,otsu,7,7,PSO,1,0.14619880000827834,0.1464034999953583,-3400925681.5452294,0.0,1
Moon,otsu,7,7,PSO,2,0.14619880000827834,0.2925622999900952,-3400925681.5452294,0.0,1
Moon,otsu,7,7,PSO,3,0.14619880000827834,0.4387935000122525,-3400925681.5452294,0.0,1
Moon,otsu,7,7,DE,1,0.14619880000827834,0.14655830000992864,-3400924051.442051,4.793116142898138e-07,0
Moon,otsu,7,7,DE,2,0.14619880000827834,0.29377910000039265,-3400924051.442051,4.793116142898138e-07,0
Moon,otsu,7,7,DE,3,0.14619880000827834,0.43958659999771044,-3400924051.442051,4.793116142898138e-07,0
Moon,otsu,7,8,RM-MDE,1,0.14034340000944212,0.14034340000944212,-3400925681.5452294,0.0,1
Moon,otsu,7,8,PSO,1,0.14034340000944212,0.1406289999722503,-3400925681.5452294,0.0,1
Moon,otsu,7,8,PSO,2,0.14034340000944212,0.28096020000521094,-3400925681.5452294,0.0,1
Moon,otsu,7,8,PSO,3,0.14034340000944212,0.42115150002064183,-3400925681.5452294,0.0,1
Moon,otsu,7,8,DE,1,0.14034340000944212,0.14132799999788404,-3400925286.7121954,1.1609575480612947e-07,0
Moon,otsu,7,8,DE,2,0.14034340000944212,0.2813336999970488,-3400925286.7121954,1.1609575480612947e-07,0
Moon,otsu,7,8,DE,3,0.14034340000944212,0.42119319998892024,-3400925286.7121954,1.1609575480612947e-07,0
Moon,otsu,7,9,RM-MDE,1,0.14666550001129508,0.14666550001129508,-3400925681.5452294,0.0,1
Moon,otsu,7,9,PSO,1,0.14666550001129508,0.14679779997095466,-3400925681.5452294,0.0,1
Moon,otsu,7,9,PSO,2,0.14666550001129508,0.2937881000107154,-3400925681.5452294,0.0,1
Moon,otsu,7,9,PSO,3,0.14666550001129508,0.44005259999539703,-3400925681.5452294,0.0,1
Moon,otsu,7,9,DE,1,0.14666550001129508,0.14743630000157282,-3400920287.2316236,1.5861309863538193e-06,0
Moon,otsu,7,9,DE,2,0.14666550001129508,0.2933410999830812,-3400920287.2316236,1.5861309863538193e-06,0
Moon,otsu,7,9,DE,3,0.14666550001129508,0.4406184999970719,-3400920287.2316236,1.5861309863538193e-06,0
Moon,otsu,8,0,RM-MDE,1,0.12414989998796955,0.12414989998796955,-3401486001.1514874,0.0,1
Moon,otsu,8,0,PSO,1,0.12414989998796955,0.12429720000363886,-3401478020.0232906,2.346365145708228e-06,0
Moon,otsu,8,0,PSO,2,0.12414989998796955,0.24889250000705943,-3401482195.1442156,1.1189248670958031e-06,0
Moon,otsu,8,0,PSO,3,0.12414989998796955,0.3726252000196837,-3401482195.1442156,1.1189248670958031e-06,0
Moon,otsu,8,0,DE,1,0.12414989998796955,0.12506769999163225,-3401471339.727921,4.310299545956722e-06,0
Moon,otsu,8,0,DE,2,0.12414989998796955,0.2489503999822773,-3401471339.727921,4.310299545956722e-06,0
Moon,otsu,8,0,DE,3,0.12414989998796955,0.3733574999496341,-3401471339.727921,4.310299545956722e-06,0
Moon,otsu,8,1,RM-MDE,1,0.1256376999663189,0.1256376999663189,-3401486001.1514874,0.0,1
Moon,otsu,8,1,PSO,1,0.1256376999663189,0.12628940003924072,-3401462202.7739553,6.9964649344283555e-06,0
Moon,otsu,8,1,PSO,2,0.1256376999663189,0.2516751000075601,-3401476118.016959,2.90553438256527e-06,0
Moon,otsu,8,1,PSO,3,0.1256376999663189,0.3769571000011638,-3401476118.016959,2.90553438256527e-06,0
Moon,otsu,8,1,DE,1,0.1256376999663189,0.12598999997135252,-3401415769.313939,2.064739867354465e-05,0
Moon,otsu,8,1,DE,2,0.1256376999663189,0.25179269997170195,-3401415769.313939,2.064739867354465e-05,0
Moon,otsu,8,1,DE,3,0.1256376999663189,0.377477900008671,-3401415769.313939,2.064739867354465e-05,0
Moon,otsu,8,2,RM-MDE,1,0.14668509998591617,0.14668509998591617,-3401486001.1514874,0.0,1
Moon,otsu,8,2,PSO,1,0.14668509998591617,0.14686470001470298,-3401485510.158293,1.4434667507491279e-07,0
Moon,otsu,8,2,PSO,2,0.14668509998591617,0.2937626999919303,-3401485510.158293,1.4434667507491279e-07,0
Moon,otsu,8,2,PSO,3,0.14668509998591617,0.4401824999949895,-3401485510.158293,1.4434667507491279e-07,0
Moon,otsu,8,2,DE,1,0.14668509998591617,0.14671609998913482,-3401486001.1514874,0.0,1
Moon,otsu,8,2,DE,2,0.14668509998591617,0.2938187000108883,-3401486001.1514874,0.0,1
Moon,otsu,8,2,DE,3,0.14668509998591617,0.44021629996132106,-3401486001.1514874,0.0,1
Moon,otsu,8,3,RM-MDE,1,0.13301329995738342,0.13301329995738342,-3401486001.1514874,0.0,1
Moon,otsu,8,3,PSO,1,0.13301329995738342,0.1330920999753289,-3401472354.4717464,4.011975864750295e-06,0
Moon,otsu,8,3,PSO,2,0.13301329995738342,0.2664883999968879,-3401472354.4717464,4.011975864750295e-06,0
Moon,otsu,8,3,PSO,3,0.13301329995738342,0.39950479997787625,-3401472354.4717464,4.011975864750295e-06,0
Moon,otsu,8,3,DE,1,0.13301329995738342,0.1332525999750942,-3401484231.90495,5.201392969454007e-07,0
Moon,otsu,8,3,DE,2,0.13301329995738342,0.26633159996708855,-3401484231.90495,5.201392969454007e-07,0
Moon,otsu,8,3,DE,3,0.13301329995738342,0.40009219996863976,-3401484231.90495,5.201392969454007e-07,0
Moon,otsu,8,4,RM-MDE,1,0.13048410002375022,0.13048410002375022,-3401486001.1514874,0.0,1
Moon,otsu,8,4,PSO,1,0.13048410002375022,0.13078770000720397,-3401472471.4510107,3.977585229533882e-06,0
Moon,otsu,8,4,PSO,2,0.13048410002375022,0.26100930001121014,-3401472471.4510107,3.977585229533882e-06,0
Moon,otsu,8,4,PSO,3,0.13048410002375022,0.39182229997823015,-3401472471.4510107,3.977585229533882e-06,0
Moon,otsu,8,4,DE,1,0.13048410002375022,0.13141469995025545,-3401468497.366002,5.145923128697921e-06,0
Moon,otsu,8,4,DE,2,0.13048410002375022,0.261109699960798,-3401468497.366002,5.145923128697921e-06,0
Moon,otsu,8,4,DE,3,0.13048410002375022,0.3924760999507271,-3401468497.366002,5.145923128697921e-06,0
Moon,otsu,8,5,RM-MDE,1,0.12992969999322668,0.12992969999322668,-3401486001.1514874,0.0,1
Moon,otsu,8,5,PSO,1,0.12992969999322668,0.13018949999241158,-3401476792.3384075,2.7072911888264637e-06,0
Moon,otsu,8,5,PSO,2,0.12992969999322668,0.26015869999537244,-3401477491.1232834,2.501856012661342e-06,0
Moon,otsu,8,5,PSO,3,0.12992969999322668,0.3898463000077754,-3401477491.1232834,2.501856012661342e-06,0
Moon,otsu,8,5,DE,1,0.12992969999322668,0.1307782999938354,-3401485510.158293,1.4434667507491279e-07,0
Moon,otsu,8,5,DE,2,0.12992969999322668,0.260066699993331,-3401485510.158293,1.4434667507491279e-07,0
Moon,otsu,8,5,DE,3,0.12992969999322668,0.3898344000335783,-3401485510.158293,1.4434667507491279e-07,0
Moon,otsu,8,6,RM-MDE,1,0.10466709994943812,0.10466709994943812,-3401486001.1514874,0.0,1
Moon,otsu,8,6,PSO,1,0.10466709994943812,0.1049568000016734,-3401462514.089625,6.904941503365813e-06,0
Moon,otsu,8,6,PSO,2,0.10466709994943812,0.20959210000000894,-3401482723.8238244,9.634987948900383e-07,0
Moon,otsu,8,6,PSO,3,0.10466709994943812,0.3146435000235215,-3401482723.8238244,9.634987948900383e-07,0
Moon,otsu,8,6,DE,1,0.10466709994943812,0.10493970004608855,-3401486001.1514874,0.0,1
Moon,otsu,8,6,DE,2,0.10466709994943812,0.20945980004034936,-3401486001.1514874,0.0,1
Moon,otsu,8,6,DE,3,0.10466709994943812,0.3146299000363797,-3401486001.1514874,0.0,1
Moon,otsu,8,7,RM-MDE,1,0.13210039999103174,0.13210039999103174,-3401485185.503088,2.3979178484841924e-07,0
Moon,otsu,8,7,PSO,1,0.13210039999103174,0.13251690001925454,-3401482103.284085,1.1459307494530432e-06,0
Moon,otsu,8,7,PSO,2,0.13210039999103174,0.26446640002541244,-3401482434.9423623,1.0484268122328628e-06,0
Moon,otsu,8,7,PSO,3,0.13210039999103174,0.3968068000394851,-3401484231.90495,5.201392969454007e-07,0
Moon,otsu,8,7,DE,1,0.13210039999103174,0.13224929996067658,-3401458902.201598,7.966797417366814e-06,0
Moon,otsu,8,7,DE,2,0.13210039999103174,0.26493459998164326,-3401458902.201598,7.966797417366814e-06,0
Moon,otsu,8,7,DE,3,0.13210039999103174,0.3963897000066936,-3401458902.201598,7.966797417366814e-06,0
Moon,otsu,8,8,RM-MDE,1,0.12997990002622828,0.12997990002622828,-3401486001.1514874,0.0,1
Moon,otsu,8,8,PSO,1,0.12997990002622828,0.13061900000320747,-3401469913.9625278,4.729459111151017e-06,0
Moon,otsu,8,8,PSO,2,0.12997990002622828,0.2604672000161372,-3401485185.503088,2.3979178484841924e-07,0
Moon,otsu,8,8,PSO,3,0.12997990002622828,0.39022990001831204,-3401485185.503088,2.3979178484841924e-07,0
Moon,otsu,8,8,DE,1,0.12997990002622828,0.130529000016395,-3401464953.2137733,6.187865452621189e-06,0
Moon,otsu,8,8,DE,2,0.12997990002622828,0.2600644000340253,-3401464953.2137733,6.187865452621189e-06,0
Moon,otsu,8,8,DE,3,0.12997990002622828,0.3908509000320919,-3401464953.2137733,6.187865452621189e-06,0
Moon,otsu,8,9,RM-MDE,1,0.1503779999911785,0.1503779999911785,-3401486001.1514874,0.0,1
Moon,otsu,8,9,PSO,1,0.1503779999911785,0.1509012999595143,-3401472471.4510107,3.977585229533882e-06,0
Moon,otsu,8,9,PSO,2,0.1503779999911785,0.30115429998841137,-3401472471.4510107,3.977585229533882e-06,0
Moon,otsu,8,9,PSO,3,0.1503779999911785,0.45149089995538816,-3401472471.4510107,3.977585229533882e-06,0
Moon,otsu,8,9,DE,1,0.1503779999911785,0.15106860001105815,-3401486001.1514874,0.0,1
Moon,otsu,8,9,DE,2,0.1503779999911785,0.3017684000078589,-3401486001.1514874,0.0,1
Moon,otsu,8,9,DE,3,0.1503779999911785,0.4525734999915585,-3401486001.1514874,0.0,1
Moon,kapur,6,0,RM-MDE,1,0.31424340000376105,0.31424340000376105,-21.471876980091757,0.0,1
Moon,kapur,6,0,PSO,1,0.31424340000376105,0.31479810003656894,-21.471876980091757,0.0,1
Moon,kapur,6,0,PSO,2,0.31424340000376105,0.6289616000140086,-21.471876980091757,0.0,1
Moon,kapur,6,0,PSO,3,0.31424340000376105,0.9430193000007421,-21.471876980091757,0.0,1
Moon,kapur,6,0,DE,1,0.31424340000376105,0.31511970004066825,-21.471876980091757,0.0,1
Moon,kapur,6,0,DE,2,0.31424340000376105,0.6289272999856621,-21.471876980091757,0.0,1
Moon,kapur,6,0,DE,3,0.31424340000376105,0.9429337999899872,-21.471876980091757,0.0,1
Moon,kapur,6,1,RM-MDE,1,0.3124276000307873,0.3124276000307873,-21.471876980091757,0.0,1
Moon,kapur,6,1,PSO,1,0.3124276000307873,0.3127536000101827,-21.471876980091757,0.0,1
Moon,kapur,6,1,PSO,2,0.3124276000307873,0.624975299986545,-21.471876980091757,0.0,1
Moon,kapur,6,1,PSO,3,0.3124276000307873,0.9373470999998972,-21.471876980091757,0.0,1
Moon,kapur,6,1,DE,1,0.3124276000307873,0.31281750003108755,-21.471876980091757,0.0,1
Moon,kapur,6,1,DE,2,0.3124276000307873,0.6255909000174142,-21.471876980091757,0.0,1
Moon,kapur,6,1,DE,3,0.3124276000307873,0.937520699982997,-21.471876980091757,0.0,1
Moon,kapur,6,2,RM-MDE,1,0.29112870001699775,0.29112870001699775,-21.471876980091757,0.0,1
Moon,kapur,6,2,PSO,1,0.29112870001699775,0.29167649999726564,-21.471876980091757,0.0,1
Moon,kapur,6,2,PSO,2,0.29112870001699775,0.5825116999913007,-21.471876980091757,0.0,1
Moon,kapur,6,2,PSO,3,0.29112870001699775,0.8738084999495186,-21.471876980091757,0.0,1
Moon,kapur,6,2,DE,1,0.29112870001699775,0.29194080003071576,-21.471876980091757,0.0,1
Moon,kapur,6,2,DE,2,0.29112870001699775,0.5824396000243723,-21.471876980091757,0.0,1
Moon,kapur,6,2,DE,3,0.29112870001699775,0.8741416000411846,-21.471876980091757,0.0,1
Moon,kapur,6,3,RM-MDE,1,0.2725312000256963,0.2725312000256963,-21.471876980091757,0.0,1
Moon,kapur,6,3,PSO,1,0.2725312000256963,0.27256509999278933,-21.471876980091757,0.0,1
Moon,kapur,6,3,PSO,2,0.2725312000256963,0.5455452000023797,-21.471876980091757,0.0,1
Moon,kapur,6,3,PSO,3,0.2725312000256963,0.8181428000098094,-21.471876980091757,0.0,1
Moon,kapur,6,3,DE,1,0.2725312000256963,0.2734632000210695,-21.471876980091757,0.0,1
Moon,kapur,6,3,DE,2,0.2725312000256963,0.5453947000205517,-21.471876980091757,0.0,1
Moon,kapur,6,3,DE,3,0.2725312000256963,0.8179309999686666,-21.471876980091757,0.0,1
Moon,kapur,6,4,RM-MDE,1,0.2716336000012234,0.2716336000012234,-21.471876980091757,0.0,1
Moon,kapur,6,4,PSO,1,0.2716336000012234,0.271714799979236,-21.471876980091757,0.0,1
Moon,kapur,6,4,PSO,2,0.2716336000012234,0.5439001999911852,-21.471876980091757,0.0,1
Moon,kapur,6,4,PSO,3,0.2716336000012234,0.8153161000227556,-21.471876980091757,0.0,1
Moon,kapur,6,4,DE,1,0.2716336000012234,0.27327150001656264,-21.471876980091757,0.0,1
Moon,kapur,6,4,DE,2,0.2716336000012234,0.544127400033176,-21.471876980091757,0.0,1
Moon,kapur,6,4,DE,3,0.2716336000012234,0.8157570000039414,-21.471876980091757,0.0,1
Moon,kapur,6,5,RM-MDE,1,0.27957479999167845,0.27957479999167845,-21.471876980091757,0.0,1
Moon,kapur,6,5,PSO,1,0.27957479999167845,0.2802351000136696,-21.471876980091757,0.0,1
Moon,kapur,6,5,PSO,2,0.27957479999167845,0.5597637000028044,-21.471876980091757,0.0,1
Moon,kapur,6,5,PSO,3,0.27957479999167845,0.8393570000189357,-21.471876980091757,0.0,1
Moon,kapur,6,5,DE,1,0.27957479999167845,0.27991969999857247,-21.471876980091757,0.0,1
Moon,kapur,6,5,DE,2,0.27957479999167845,0.5596365999663249,-21.471876980091757,0.0,1
Moon,kapur,6,5,DE,3,0.27957479999167845,0.8390931999892928,-21.471876980091757,0.0,1
Moon,kapur,6,6,RM-MDE,1,0.29108500003349036,0.29108500003349036,-21.471876980091757,0.0,1
Moon,kapur,6,6,PSO,1,0.29108500003349036,0.29125099995872006,-21.471876980091757,0.0,1
Moon,kapur,6,6,PSO,2,0.29108500003349036,0.5825495999888517,-21.471876980091757,0.0,1
Moon,kapur,6,6,PSO,3,0.29108500003349036,0.8733045000117272,-21.471876980091757,0.0,1
Moon,kapur,6,6,DE,1,0.29108500003349036,0.2913082999875769,-21.466785722815537,0.0002371128188253203,0
Moon,kapur,6,6,DE,2,0.29108500003349036,0.5825366000062786,-21.466785722815537,0.0002371128188253203,0
Moon,kapur,6,6,DE,3,0.29108500003349036,0.8734573000110686,-21.466785722815537,0.0002371128188253203,0
Moon,kapur,6,7,RM-MDE,1,0.3046572000021115,0.3046572000021115,-21.471876980091757,0.0,1
Moon,kapur,6,7,PSO,1,0.3046572000021115,0.30532929999753833,-21.471876980091757,0.0,1
Moon,kapur,6,7,PSO,2,0.3046572000021115,0.6095916000194848,-21.471876980091757,0.0,1
Moon,kapur,6,7,PSO,3,0.3046572000021115,0.9147120999987237,-21.471876980091757,0.0,1
Moon,kapur,6,7,DE,1,0.3046572000021115,0.3057225000229664,-21.471876980091757,0.0,1
Moon,kapur,6,7,DE,2,0.3046572000021115,0.6094456000137143,-21.471876980091757,0.0,1
Moon,kapur,6,7,DE,3,0.3046572000021115,0.9143607000005431,-21.471876980091757,0.0,1
Moon,kapur,6,8,RM-MDE,1,0.31254039995837957,0.31254039995837957,-21.471876980091757,0.0,1
Moon,kapur,6,8,PSO,1,0.31254039995837957,0.3132427000091411,-21.471876980091757,0.0,1
Moon,kapur,6,8,PSO,2,0.31254039995837957,0.6251583999837749,-21.471876980091757,0.0,1
Moon,kapur,6,8,PSO,3,0.31254039995837957,0.9380134000093676,-21.471876980091757,0.0,1
Moon,kapur,6,8,DE,1,0.31254039995837957,0.31333849998191,-21.471876980091757,0.0,1
Moon,kapur,6,8,DE,2,0.31254039995837957,0.6254417999880388,-21.471876980091757,0.0,1
Moon,kapur,6,8,DE,3,0.31254039995837957,0.9382614999776706,-21.471876980091757,0.0,1
Moon,kapur,6,9,RM-MDE,1,0.30787319998489693,0.30787319998489693,-21.471876980091757,0.0,1
Moon,kapur,6,9,PSO,1,0.30787319998489693,0.30851579998852685,-21.471876980091757,0.0,1
Moon,kapur,6,9,PSO,2,0.30787319998489693,0.6165577000356279,-21.471876980091757,0.0,1
Moon,kapur,6,9,PSO,3,0.30787319998489693,0.9241422000341117,-21.471876980091757,0.0,1
Moon,kapur,6,9,DE,1,0.30787319998489693,0.30797290004557,-21.471876980091757,0.0,1
Moon,kapur,6,9,DE,2,0.30787319998489693,0.6166993000078946,-21.471876980091757,0.0,1
Moon,kapur,6,9,DE,3,0.30787319998489693,0.9238177000079304,-21.471876980091757,0.0,1
Moon,kapur,7,0,RM-MDE,1,0.24991910002427176,0.24991910002427176,-23.558406862321313,0.00025984519308274264,0
Moon,kapur,7,0,PSO,1,0.24991910002427176,0.2503193999873474,-23.563165216618586,5.791651897573452e-05,0
Moon,kapur,7,0,PSO,2,0.24991910002427176,0.5005151000223123,-23.563165216618586,5.791651897573452e-05,0
Moon,kapur,7,0,PSO,3,0.24991910002427176,0.749933700019028,-23.563165216618586,5.791651897573452e-05,0
Moon,kapur,7,0,DE,1,0.24991910002427176,0.2502865999704227,-23.55597937996972,0.00036285944171826856,0
Moon,kapur,7,0,DE,2,0.24991910002427176,0.5000221999944188,-23.55597937996972,0.00036285944171826856,0
Moon,kapur,7,0,DE,3,0.24991910002427176,0.7497809999622405,-23.55597937996972,0.00036285944171826856,0
Moon,kapur,7,1,RM-MDE,1,0.18981569999596104,0.18981569999596104,-23.56452999216703,0.0,1
Moon,kapur,7,1,PSO,1,0.18981569999596104,0.19002560002263635,-23.56452999216703,0.0,1
Moon,kapur,7,1,PSO,2,0.18981569999596104,0.379956700024195,-23.56452999216703,0.0,1
Moon,kapur,7,1,PSO,3,0.18981569999596104,0.5695396999944933,-23.56452999216703,0.0,1
Moon,kapur,7,1,DE,1,0.18981569999596104,0.19001640001079068,-23.557262930856652,0.00030838982626834406,0
Moon,kapur,7,1,DE,2,0.18981569999596104,0.3797113000182435,-23.557262930856652,0.00030838982626834406,0
Moon,kapur,7,1,DE,3,0.18981569999596104,0.5702379000140354,-23.557262930856652,0.00030838982626834406,0
Moon,kapur,7,2,RM-MDE,1,0.30467340000905097,0.30467340000905097,-23.563165216618586,5.791651897573452e-05,0
Moon,kapur,7,2,PSO,1,0.30467340000905097,0.3054484000313096,-23.558406862321313,0.00025984519308274264,0
Moon,kapur,7,2,PSO,2,0.30467340000905097,0.6098193000070751,-23.558406862321313,0.00025984519308274264,0
Moon,kapur,7,2,PSO,3,0.30467340000905097,0.9146184000419453,-23.558406862321313,0.00025984519308274264,0
Moon,kapur,7,2,DE,1,0.30467340000905097,0.3052675999933854,-23.425121175148355,0.005916044880378112,0
Moon,kapur,7,2,DE,2,0.30467340000905097,0.6096097000408918,-23.425121175148355,0.005916044880378112,0
Moon,kapur,7,2,DE,3,0.30467340000905097,0.9141862000105903,-23.425121175148355,0.005916044880378112,0
Moon,kapur,7,3,RM-MDE,1,0.24592309998115525,0.24592309998115525,-23.56452999216703,0.0,1
Moon,kapur,7,3,PSO,1,0.24592309998115525,0.2464380000019446,-23.552491993358004,0.0005108524894419399,0
Moon,kapur,7,3,PSO,2,0.24592309998115525,0.4918852999689989,-23.56452999216703,0.0,1
Moon,kapur,7,3,PSO,3,0.24592309998115525,0.7383739000069909,-23.56452999216703,0.0,1
Moon,kapur,7,3,DE,1,0.24592309998115525,0.2464443999924697,-23.563165216618586,5.791651897573452e-05,0
Moon,kapur,7,3,DE,2,0.24592309998115525,0.4931013999739662,-23.563165216618586,5.791651897573452e-05,0
Moon,kapur,7,3,DE,3,0.24592309998115525,0.7387564000091515,-23.563165216618586,5.791651897573452e-05,0
Moon,kapur,7,4,RM-MDE,1,0.2299731999519281,0.2299731999519281,-23.56452999216703,0.0,1
Moon,kapur,7,4,PSO,1,0.2299731999519281,0.23012129997368902,-23.431715690264618,0.00563619566978684,0
Moon,kapur,7,4,PSO,2,0.2299731999519281,0.46031310001853853,-23.43213786061103,0.005618280169390632,0
Moon,kapur,7,4,PSO,3,0.2299731999519281,0.690418399986811,-23.43213786061103,0.005618280169390632,0
Moon,kapur,7,4,DE,1,0.2299731999519281,0.23112890002084896,-23.563165216618586,5.791651897573452e-05,0
Moon,kapur,7,4,DE,2,0.2299731999519281,0.4600399999762885,-23.563165216618586,5.791651897573452e-05,0
Moon,kapur,7,4,DE,3,0.2299731999519281,0.690411799994763,-23.563165216618586,5.791651897573452e-05,0
Moon,kapur,7,5,RM-MDE,1,0.2550971999880858,0.2550971999880858,-23.56452999216703,0.0,1
Moon,kapur,7,5,PSO,1,0.2550971999880858,0.2558161000488326,-23.558406862321313,0.00025984519308274264,0
Moon,kapur,7,5,PSO,2,0.2550971999880858,0.5106496000080369,-23.558406862321313,0.00025984519308274264,0
Moon,kapur,7,5,PSO,3,0.2550971999880858,0.7658778000040911,-23.558406862321313,0.00025984519308274264,0
Moon,kapur,7,5,DE,1,0.2550971999880858,0.25607489998219535,-23.43213786061103,0.005618280169390632,0
Moon,kapur,7,5,DE,2,0.2550971999880858,0.5105022999923676,-23.43213786061103,0.005618280169390632,0
Moon,kapur,7,5,DE,3,0.2550971999880858,0.765661999990698,-23.43213786061103,0.005618280169390632,0
Moon,kapur,7,6,RM-MDE,1,0.2681334000080824,0.2681334000080824,-23.56452999216703,0.0,1
Moon,kapur,7,6,PSO,1,0.2681334000080824,0.26863519998732954,-23.54926542226353,0.0006477773971547312,0
Moon,kapur,7,6,PSO,2,0.2681334000080824,0.5364081999869086,-23.55063019781197,0.0005898608781792982,0
Moon,kapur,7,6,PSO,3,0.2681334000080824,0.805090400041081,-23.55063019781197,0.0005898608781792982,0
Moon,kapur,7,6,DE,1,0.2681334000080824,0.2683804999687709,-23.418291228331682,0.006205885026519076,0
Moon,kapur,7,6,DE,2,0.2681334000080824,0.537875099980738,-23.418291228331682,0.006205885026519076,0
Moon,kapur,7,6,DE,3,0.2681334000080824,0.8052928000106476,-23.418291228331682,0.006205885026519076,0
Moon,kapur,7,7,RM-MDE,1,0.2823144000140019,0.2823144000140019,-23.56452999216703,0.0,1
Moon,kapur,7,7,PSO,1,0.2823144000140019,0.2824329000432044,-23.558406862321313,0.00025984519308274264,0
Moon,kapur,7,7,PSO,2,0.2823144000140019,0.5649950000224635,-23.558406862321313,0.00025984519308274264,0
Moon,kapur,7,7,PSO,3,0.2823144000140019,0.8470765000092797,-23.558406862321313,0.00025984519308274264,0
Moon,kapur,7,7,DE,1,0.2823144000140019,0.28298820002237335,-23.43213786061103,0.005618280169390632,0
Moon,kapur,7,7,DE,2,0.2823144000140019,0.565072700032033,-23.43213786061103,0.005618280169390632,0
Moon,kapur,7,7,DE,3,0.2823144000140019,0.8481404000194743,-23.43213786061103,0.005618280169390632,0
Moon,kapur,7,8,RM-MDE,1,0.18748929997673258,0.18748929997673258,-23.56452999216703,0.0,1
Moon,kapur,7,8,PSO,1,0.18748929997673258,0.1880650999955833,-23.56452999216703,0.0,1
Moon,kapur,7,8,PSO,2,0.18748929997673258,0.3755916000227444,-23.56452999216703,0.0,1
Moon,kapur,7,8,PSO,3,0.18748929997673258,0.563257000001613,-23.56452999216703,0.0,1
Moon,kapur,7,8,DE,1,0.18748929997673258,0.18874499999219552,-23.50497309133483,0.002527396084369149,0
Moon,kapur,7,8,DE,2,0.18748929997673258,0.37524910003412515,-23.50497309133483,0.002527396084369149,0
Moon,kapur,7,8,DE,3,0.18748929997673258,0.5631580000044778,-23.50497309133483,0.002527396084369149,0
Moon,kapur,7,9,RM-MDE,1,0.2685240000137128,0.2685240000137128,-23.563165216618586,5.791651897573452e-05,0
Moon,kapur,7,9,PSO,1,0.2685240000137128,0.26857870002277195,-23.506337866883268,0.002469479565393716,0
Moon,kapur,7,9,PSO,2,0.2685240000137128,0.5372619000263512,-23.506337866883268,0.002469479565393716,0
Moon,kapur,7,9,PSO,3,0.2685240000137128,0.8056397000327706,-23.506337866883268,0.002469479565393716,0
Moon,kapur,7,9,DE,1,0.2685240000137128,0.2692135999677703,-23.542809399410068,0.0009217494583674587,0
Moon,kapur,7,9,DE,2,0.2685240000137128,0.5378515999764204,-23.542809399410068,0.0009217494583674587,0
Moon,kapur,7,9,DE,3,0.2685240000137128,0.8065440999926068,-23.542809399410068,0.0009217494583674587,0
Moon,kapur,8,0,RM-MDE,1,0.2996992000262253,0.2996992000262253,-25.518667742840577,0.00022692908332505045,0
Moon,kapur,8,0,PSO,1,0.2996992000262253,0.3005288999993354,-25.51077606364805,0.0005361101275908609,0
Moon,kapur,8,0,PSO,2,0.2996992000262253,0.6000187000026926,-25.518324272100287,0.0002403856164109669,0
Moon,kapur,8,0,PSO,3,0.2996992000262253,0.8997660999884829,-25.518324272100287,0.0002403856164109669,0
Moon,kapur,8,0,DE,1,0.2996992000262253,0.3003578000352718,-25.517902101753876,0.0002569254510110635,0
Moon,kapur,8,0,DE,2,0.2996992000262253,0.6005651000305079,-25.517902101753876,0.0002569254510110635,0
Moon,kapur,8,0,DE,3,0.2996992000262253,0.9000362000078894,-25.517902101753876,0.0002569254510110635,0
Moon,kapur,8,1,RM-MDE,1,0.2620664000278339,0.2620664000278339,-25.524459985147374,0.0,1
Moon,kapur,8,1,PSO,1,0.2620664000278339,0.262252599990461,-25.4717751962639,0.002064090245753772,0
Moon,kapur,8,1,PSO,2,0.2620664000278339,0.5244984999881126,-25.514831063359622,0.00037724291888464076,0
Moon,kapur,8,1,PSO,3,0.2620664000278339,0.7867489000200294,-25.523095209598928,5.346932116251497e-05,0
Moon,kapur,8,1,DE,1,0.2620664000278339,0.2627321999752894,-25.523095209598928,5.346932116251497e-05,0
Moon,kapur,8,1,DE,2,0.2620664000278339,0.5249999999650754,-25.523095209598928,5.346932116251497e-05,0
Moon,kapur,8,1,DE,3,0.2620664000278339,0.7869323999620974,-25.523095209598928,5.346932116251497e-05,0
Moon,kapur,8,2,RM-MDE,1,0.21421180001925677,0.21421180001925677,-25.523095209598928,5.346932116251497e-05,0
Moon,kapur,8,2,PSO,1,0.21421180001925677,0.2143742999760434,-25.432735954291868,0.003593573807590047,0
Moon,kapur,8,2,PSO,2,0.21421180001925677,0.4286930999951437,-25.474674508315832,0.0019505006907300443,0
Moon,kapur,8,2,PSO,3,0.21421180001925677,0.6432550000026822,-25.474674508315832,0.0019505006907300443,0
Moon,kapur,8,2,DE,1,0.21421180001925677,0.2150279000052251,-25.503364926270322,0.0008264644536780292,0
Moon,kapur,8,2,DE,2,0.21421180001925677,0.428548600000795,-25.503364926270322,0.0008264644536780292,0
Moon,kapur,8,2,DE,3,0.21421180001925677,0.6439158000284806,-25.503364926270322,0.0008264644536780292,0
Moon,kapur,8,3,RM-MDE,1,0.23193770000943914,0.23193770000943914,-25.524459985147374,0.0,1
Moon,kapur,8,3,PSO,1,0.23193770000943914,0.23200099996756762,-25.503364926270322,0.0008264644536780292,0
Moon,kapur,8,3,PSO,2,0.23193770000943914,0.46432869997806847,-25.503364926270322,0.0008264644536780292,0
Moon,kapur,8,3,PSO,3,0.23193770000943914,0.6962784999632277,-25.52183650414777,0.00010278301680541849,0
Moon,kapur,8,3,DE,1,0.23193770000943914,0.2330204999889247,-25.50998471095131,0.0005671138274614015,0
Moon,kapur,8,3,DE,2,0.23193770000943914,0.4653872000053525,-25.50998471095131,0.0005671138274614015,0
Moon,kapur,8,3,DE,3,0.23193770000943914,0.6968594000209123,-25.50998471095131,0.0005671138274614015,0
Moon,kapur,8,4,RM-MDE,1,0.21564010001020506,0.21564010001020506,-25.524459985147374,0.0,1
Moon,kapur,8,4,PSO,1,0.21564010001020506,0.21640299999853596,-25.517831207735828,0.00025970294436799656,0
Moon,kapur,8,4,PSO,2,0.21564010001020506,0.431727499992121,-25.518667742840577,0.00022692908332505045,0
Moon,kapur,8,4,PSO,3,0.21564010001020506,0.6475900000077672,-25.518667742840577,0.00022692908332505045,0
Moon,kapur,8,4,DE,1,0.21564010001020506,0.21666199999162927,-25.507890131578666,0.0006491754802393364,0
Moon,kapur,8,4,DE,2,0.21564010001020506,0.43180999998003244,-25.507890131578666,0.0006491754802393364,0
Moon,kapur,8,4,DE,3,0.21564010001020506,0.648120799975004,-25.507890131578666,0.0006491754802393364,0
Moon,kapur,8,5,RM-MDE,1,0.2880027000210248,0.2880027000210248,-25.524459985147374,0.0,1
Moon,kapur,8,5,PSO,1,0.2880027000210248,0.2880122999777086,-25.50912744641509,0.0006006998283688052,0
Moon,kapur,8,5,PSO,2,0.2880027000210248,0.5768309999839403,-25.50941128809961,0.0005895794487530974,0
Moon,kapur,8,5,PSO,3,0.2880027000210248,0.8640900999889709,-25.50941128809961,0.0005895794487530974,0
Moon,kapur,8,5,DE,1,0.2880027000210248,0.2891622000024654,-25.523095209598928,5.346932116251497e-05,0
Moon,kapur,8,5,DE,2,0.2880027000210248,0.5762180000310764,-25.523095209598928,5.346932116251497e-05,0
Moon,kapur,8,5,DE,3,0.2880027000210248,0.8649349000188522,-25.523095209598928,5.346932116251497e-05,0
Moon,kapur,8,6,RM-MDE,1,0.31329849996836856,0.31329849996836856,-25.524459985147374,0.0,1
Moon,kapur,8,6,PSO,1,0.31329849996836856,0.31410309998318553,-25.518245572494173,0.00024346891792486868,0
Moon,kapur,8,6,PSO,2,0.31329849996836856,0.6267268999945372,-25.518667742840577,0.00022692908332505045,0
Moon,kapur,8,6,PSO,3,0.31329849996836856,0.9404471999732777,-25.518667742840577,0.00022692908332505045,0
Moon,kapur,8,6,DE,1,0.31329849996836856,0.3137013999512419,-25.502537492482602,0.0008588817423572467,0
Moon,kapur,8,6,DE,2,0.31329849996836856,0.6276483999681659,-25.502537492482602,0.0008588817423572467,0
Moon,kapur,8,6,DE,3,0.31329849996836856,0.9407215999672189,-25.502537492482602,0.0008588817423572467,0
Moon,kapur,8,7,RM-MDE,1,0.2609974999795668,0.2609974999795668,-25.524459985147374,0.0,1
Moon,kapur,8,7,PSO,1,0.2609974999795668,0.2615457000210881,-25.524459985147374,0.0,1
Moon,kapur,8,7,PSO,2,0.2609974999795668,0.52207870001439,-25.524459985147374,0.0,1
Moon,kapur,8,7,PSO,3,0.2609974999795668,0.783484400017187,-25.524459985147374,0.0,1
Moon,kapur,8,7,DE,1,0.2609974999795668,0.26201269996818155,-25.50998471095131,0.0005671138274614015,0
Moon,kapur,8,7,DE,2,0.2609974999795668,0.5225961999967694,-25.50998471095131,0.0005671138274614015,0
Moon,kapur,8,7,DE,3,0.2609974999795668,0.7830362999811769,-25.50998471095131,0.0005671138274614015,0
Moon,kapur,8,8,RM-MDE,1,0.17401649995008484,0.17401649995008484,-25.524459985147374,0.0,1
Moon,kapur,8,8,PSO,1,0.17401649995008484,0.17413759999908507,-25.50375615384861,0.0008111368981287635,0
Moon,kapur,8,8,PSO,2,0.17401649995008484,0.3484296000096947,-25.50375615384861,0.0008111368981287635,0
Moon,kapur,8,8,PSO,3,0.17401649995008484,0.522505100001581,-25.50375615384861,0.0008111368981287635,0
Moon,kapur,8,8,DE,1,0.17401649995008484,0.17498619999969378,-25.52100063022629,0.00013553097394017143,0
Moon,kapur,8,8,DE,2,0.17401649995008484,0.3482322999625467,-25.52100063022629,0.00013553097394017143,0
Moon,kapur,8,8,DE,3,0.17401649995008484,0.522594099980779,-25.52100063022629,0.00013553097394017143,0
Moon,kapur,8,9,RM-MDE,1,0.24881449999520555,0.24881449999520555,-25.523095209598928,5.346932116251497e-05,0
Moon,kapur,8,9,PSO,1,0.24881449999520555,0.24903500004438683,-25.52100063022629,0.00013553097394017143,0
Moon,kapur,8,9,PSO,2,0.24881449999520555,0.4982259999960661,-25.523095209598928,5.346932116251497e-05,0
Moon,kapur,8,9,PSO,3,0.24881449999520555,0.746712899999693,-25.523095209598928,5.346932116251497e-05,0
Moon,kapur,8,9,DE,1,0.24881449999520555,0.24966710002627224,-25.471871886712485,0.002060302097105665,0
Moon,kapur,8,9,DE,2,0.24881449999520555,0.49868630000855774,-25.471871886712485,0.002060302097105665,0
Moon,kapur,8,9,DE,3,0.24881449999520555,0.7471930999890901,-25.471871886712485,0.002060302097105665,0
Moon,mcet,6,0,RM-MDE,1,0.2048884999821894,0.2048884999821894,-140515568.22904932,0.0,1
Moon,mcet,6,0,PSO,1,0.2048884999821894,0.2055633999989368,-140515568.22904932,0.0,1
Moon,mcet,6,0,PSO,2,0.2048884999821894,0.41045199998188764,-140515568.22904932,0.0,1
Moon,mcet,6,0,PSO,3,0.2048884999821894,0.615167299984023,-140515568.22904932,0.0,1
Moon,mcet,6,0,DE,1,0.2048884999821894,0.20582470000954345,-140515564.54615635,2.620985720377991e-08,0
Moon,mcet,6,0,DE,2,0.2048884999821894,0.41030400001909584,-140515564.54615635,2.620985720377991e-08,0
Moon,mcet,6,0,DE,3,0.2048884999821894,0.6152085000067018,-140515564.54615635,2.620985720377991e-08,0
Moon,mcet,6,1,RM-MDE,1,0.20148500002687797,0.20148500002687797,-140515568.22904932,0.0,1
Moon,mcet,6,1,PSO,1,0.20148500002687797,0.2018225999781862,-140515564.54615635,2.620985720377991e-08,0
Moon,mcet,6,1,PSO,2,0.20148500002687797,0.402973500022199,-140515564.54615635,2.620985720377991e-08,0
Moon,mcet,6,1,PSO,3,0.20148500002687797,0.6047003000276163,-140515564.54615635,2.620985720377991e-08,0
Moon,mcet,6,1,DE,1,0.20148500002687797,0.20196739997481927,-140515549.80021548,1.3115154480418393e-07,0
Moon,mcet,6,1,DE,2,0.20148500002687797,0.4030192999634892,-140515549.80021548,1.3115154480418393e-07,0
Moon,mcet,6,1,DE,3,0.20148500002687797,0.6049414000008255,-140515549.80021548,1.3115154480418393e-07,0
Moon,mcet,6,2,RM-MDE,1,0.2592670999583788,0.2592670999583788,-140515568.22904932,0.0,1
Moon,mcet,6,2,PSO,1,0.2592670999583788,0.2597574000246823,-140515549.80021548,1.3115154480418393e-07,0
Moon,mcet,6,2,PSO,2,0.2592670999583788,0.5190302000264637,-140515568.22904932,0.0,1
Moon,mcet,6,2,PSO,3,0.2592670999583788,0.7783618000103161,-140515568.22904932,0.0,1
Moon,mcet,6,2,DE,1,0.2592670999583788,0.26002809999044985,-140515516.69398236,3.6675699078579455e-07,0
Moon,mcet,6,2,DE,2,0.2592670999583788,0.5187415000400506,-140515516.69398236,3.6675699078579455e-07,0
Moon,mcet,6,2,DE,3,0.2592670999583788,0.7778612999827601,-140515516.69398236,3.6675699078579455e-07,0
Moon,mcet,6,3,RM-MDE,1,0.2716012000455521,0.2716012000455521,-140515568.22904932,0.0,1
Moon,mcet,6,3,PSO,1,0.2716012000455521,0.27179259998956695,-140515549.80021548,1.3115154480418393e-07,0
Moon,mcet,6,3,PSO,2,0.2716012000455521,0.5437910999753512,-140515564.54615635,2.620985720377991e-08,0
Moon,mcet,6,3,PSO,3,0.2716012000455521,0.815097099984996,-140515568.22904932,0.0,1
Moon,mcet,6,3,DE,1,0.2716012000455521,0.27260570001089945,-140515564.54615635,2.620985720377991e-08,0
Moon,mcet,6,3,DE,2,0.2716012000455521,0.5432970999972895,-140515564.54615635,2.620985720377991e-08,0
Moon,mcet,6,3,DE,3,0.2716012000455521,0.8149984000483528,-140515564.54615635,2.620985720377991e-08,0
Moon,mcet,6,4,RM-MDE,1,0.24796800001058728,0.24796800001058728,-140515568.22904932,0.0,1
Moon,mcet,6,4,PSO,1,0.24796800001058728,0.24829669995233417,-140515568.22904932,0.0,1
Moon,mcet,6,4,PSO,2,0.24796800001058728,0.49618289998034015,-140515568.22904932,0.0,1
Moon,mcet,6,4,PSO,3,0.24796800001058728,0.7444419999956153,-140515568.22904932,0.0,1
Moon,mcet,6,4,DE,1,0.24796800001058728,0.24884080002084374,-140515562.459036,4.1063160510168195e-08,0
Moon,mcet,6,4,DE,2,0.24796800001058728,0.4967209000024013,-140515562.459036,4.1063160510168195e-08,0
Moon,mcet,6,4,DE,3,0.24796800001058728,0.7446043000090867,-140515562.459036,4.1063160510168195e-08,0
Moon,mcet,6,5,RM-MDE,1,0.2204928999999538,0.2204928999999538,-140515568.22904932,0.0,1
Moon,mcet,6,5,PSO,1,0.2204928999999538,0.221181400003843,-140515564.54615635,2.620985720377991e-08,0
Moon,mcet,6,5,PSO,2,0.2204928999999538,0.44137219997355714,-140515564.54615635,2.620985720377991e-08,0
Moon,mcet,6,5,PSO,3,0.2204928999999538,0.6618385000037961,-140515564.54615635,2.620985720377991e-08,0
Moon,mcet,6,5,DE,1,0.2204928999999538,0.22084550000727177,-140515497.597697,5.026585539623696e-07,0
Moon,mcet,6,5,DE,2,0.2204928999999538,0.44147909997263923,-140515497.597697,5.026585539623696e-07,0
Moon,mcet,6,5,DE,3,0.2204928999999538,0.6617146999924444,-140515497.597697,5.026585539623696e-07,0
Moon,mcet,6,6,RM-MDE,1,0.2609140999848023,0.2609140999848023,-140515564.54615635,2.620985720377991e-08,0
Moon,mcet,6,6,PSO,1,0.2609140999848023,0.2609985999879427,-140515417.7314052,1.0710389320071248e-06,0
Moon,mcet,6,6,PSO,2,0.2609140999848023,0.522525799984578,-140515549.80021548,1.3115154480418393e-07,0
Moon,mcet,6,6,PSO,3,0.2609140999848023,0.7831617000047117,-140515549.80021548,1.3115154480418393e-07,0
Moon,mcet,6,6,DE,1,0.2609140999848023,0.2616124000051059,-140515564.54615635,2.620985720377991e-08,0
Moon,mcet,6,6,DE,2,0.2609140999848023,0.5226844000280835,-140515564.54615635,2.620985720377991e-08,0
Moon,mcet,6,6,DE,3,0.2609140999848023,0.782857000012882,-140515564.54615635,2.620985720377991e-08,0
Moon,mcet,6,7,RM-MDE,1,0.2255707000149414,0.2255707000149414,-140515568.22904932,0.0,1
Moon,mcet,6,7,PSO,1,0.2255707000149414,0.22599510004511103,-140515568.22904932,0.0,1
Moon,mcet,6,7,PSO,2,0.2255707000149414,0.45150160003686324,-140515568.22904932,0.0,1
Moon,mcet,6,7,PSO,3,0.2255707000149414,0.676908600027673,-140515568.22904932,0.0,1
Moon,mcet,6,7,DE,1,0.2255707000149414,0.2256078000064008,-140515549.80021548,1.3115154480418393e-07,0
Moon,mcet,6,7,DE,2,0.2255707000149414,0.4520736000267789,-140515549.80021548,1.3115154480418393e-07,0
Moon,mcet,6,7,DE,3,0.2255707000149414,0.6774387999903411,-140515549.80021548,1.3115154480418393e-07,0
Moon,mcet,6,8,RM-MDE,1,0.21989320003194734,0.21989320003194734,-140515568.22904932,0.0,1
Moon,mcet,6,8,PSO,1,0.21989320003194734,0.2203144999803044,-140515516.69398236,3.6675699078579455e-07,0
Moon,mcet,6,8,PSO,2,0.21989320003194734,0.43995929998345673,-140515568.22904932,0.0,1
Moon,mcet,6,8,PSO,3,0.21989320003194734,0.6601261000032537,-140515568.22904932,0.0,1
Moon,mcet,6,8,DE,1,0.21989320003194734,0.22035399999003857,-140515564.54615635,2.620985720377991e-08,0
Moon,mcet,6,8,DE,2,0.21989320003194734,0.44016900000860915,-140515564.54615635,2.620985720377991e-08,0
Moon,mcet,6,8,DE,3,0.21989320003194734,0.6599853000370786,-140515564.54615635,2.620985720377991e-08,0
Moon,mcet,6,9,RM-MDE,1,0.2605333999963477,0.2605333999963477,-140515568.22904932,0.0,1
Moon,mcet,6,9,PSO,1,0.2605333999963477,0.26089760003378615,-140515549.80021548,1.3115154480418393e-07,0
Moon,mcet,6,9,PSO,2,0.2605333999963477,0.5211044000461698,-140515549.80021548,1.3115154480418393e-07,0
Moon,mcet,6,9,PSO,3,0.2605333999963477,0.7822333000367507,-140515549.80021548,1.3115154480418393e-07,0
Moon,mcet,6,9,DE,1,0.2605333999963477,0.2614506999962032,-140515549.80021548,1.3115154480418393e-07,0
Moon,mcet,6,9,DE,2,0.2605333999963477,0.5212456000153907,-140515549.80021548,1.3115154480418393e-07,0
Moon,mcet,6,9,DE,3,0.2605333999963477,0.7822886999929324,-140515549.80021548,1.3115154480418393e-07,0
Moon,mcet,7,0,RM-MDE,1,0.21796169999288395,0.21796169999288395,-140520584.76795024,0.0,1
Moon,mcet,7,0,PSO,1,0.21796169999288395,0.2184514999971725,-140520129.68123755,3.2385768493613845e-06,0
Moon,mcet,7,0,PSO,2,0.21796169999288395,0.4363541000057012,-140520129.68123755,3.2385768493613845e-06,0
Moon,mcet,7,0,PSO,3,0.21796169999288395,0.6542418000171892,-140520129.68123755,3.2385768493613845e-06,0
Moon,mcet,7,0,DE,1,0.21796169999288395,0.21844689996214584,-140520173.73844525,2.9250483526194687e-06,0
Moon,mcet,7,0,DE,2,0.21796169999288395,0.4366722999839112,-140520173.73844525,2.9250483526194687e-06,0
Moon,mcet,7,0,DE,3,0.21796169999288395,0.6545152000035159,-140520173.73844525,2.9250483526194687e-06,0
Moon,mcet,7,1,RM-MDE,1,0.21832470002118498,0.21832470002118498,-140520584.76795024,0.0,1
Moon,mcet,7,1,PSO,1,0.21832470002118498,0.2189492000034079,-140520177.42133823,2.8988394310990157e-06,0
Moon,mcet,7,1,PSO,2,0.21832470002118498,0.437428799981717,-140520177.42133823,2.8988394310990157e-06,0
Moon,mcet,7,1,PSO,3,0.21832470002118498,0.6550561999902129,-140520177.42133823,2.8988394310990157e-06,0
Moon,mcet,7,1,DE,1,0.21832470002118498,0.2192046000272967,-140520076.62723017,3.6161301271876327e-06,0
Moon,mcet,7,1,DE,2,0.21832470002118498,0.4373994000488892,-140520076.62723017,3.6161301271876327e-06,0
Moon,mcet,7,1,DE,3,0.21832470002118498,0.6560727000469342,-140520076.62723017,3.6161301271876327e-06,0
Moon,mcet,7,2,RM-MDE,1,0.1990784999798052,0.1990784999798052,-140520584.76795024,0.0,1
Moon,mcet,7,2,PSO,1,0.1990784999798052,0.19963390001794323,-140520177.42133823,2.8988394310990157e-06,0
Moon,mcet,7,2,PSO,2,0.1990784999798052,0.39889640000183135,-140520177.42133823,2.8988394310990157e-06,0
Moon,mcet,7,2,PSO,3,0.1990784999798052,0.5978159000515006,-140520177.42133823,2.8988394310990157e-06,0
Moon,mcet,7,2,DE,1,0.1990784999798052,0.19909559999359772,-140520019.09019718,4.02558638647279e-06,0
Moon,mcet,7,2,DE,2,0.1990784999798052,0.39923999999882653,-140520019.09019718,4.02558638647279e-06,0
Moon,mcet,7,2,DE,3,0.1990784999798052,0.5982811000430956,-140520019.09019718,4.02558638647279e-06,0
Moon,mcet,7,3,RM-MDE,1,0.1951880999840796,0.1951880999840796,-140520584.76795024,0.0,1
Moon,mcet,7,3,PSO,1,0.1951880999840796,0.19542900001397356,-140520545.79623783,2.7733810298901205e-07,0
Moon,mcet,7,3,PSO,2,0.1951880999840796,0.3909350000321865,-140520545.79623783,2.7733810298901205e-07,0
Moon,mcet,7,3,PSO,3,0.1951880999840796,0.5856239999993704,-140520545.79623783,2.7733810298901205e-07,0
Moon,mcet,7,3,DE,1,0.1951880999840796,0.19627680000849068,-140520584.76795024,0.0,1
Moon,mcet,7,3,DE,2,0.1951880999840796,0.39138599997386336,-140520584.76795024,0.0,1
Moon,mcet,7,3,DE,3,0.1951880999840796,0.5862253999803215,-140520584.76795024,0.0,1
Moon,mcet,7,4,RM-MDE,1,0.21790779998991638,0.21790779998991638,-140520364.732936,1.5658560957833356e-06,0
Moon,mcet,7,4,PSO,1,0.21790779998991638,0.21827439998742193,-140520177.42133823,2.8988394310990157e-06,0
Moon,mcet,7,4,PSO,2,0.21790779998991638,0.43628959998022765,-140520177.42133823,2.8988394310990157e-06,0
Moon,mcet,7,4,PSO,3,0.21790779998991638,0.6537637999863364,-140520177.42133823,2.8988394310990157e-06,0
Moon,mcet,7,4,DE,1,0.21790779998991638,0.2188800000003539,-140520177.42133823,2.8988394310990157e-06,0
Moon,mcet,7,4,DE,2,0.21790779998991638,0.43668019998585805,-140520177.42133823,2.8988394310990157e-06,0
Moon,mcet,7,4,DE,3,0.21790779998991638,0.6543850000016391,-140520177.42133823,2.8988394310990157e-06,0
Moon,mcet,7,5,RM-MDE,1,0.2086911000078544,0.2086911000078544,-140520584.76795024,0.0,1
Moon,mcet,7,5,PSO,1,0.2086911000078544,0.20896419999189675,-140520584.76795024,0.0,1
Moon,mcet,7,5,PSO,2,0.2086911000078544,0.418128399993293,-140520584.76795024,0.0,1
Moon,mcet,7,5,PSO,3,0.2086911000078544,0.6264620999572799,-140520584.76795024,0.0,1
Moon,mcet,7,5,DE,1,0.2086911000078544,0.2092230999842286,-140520177.42133823,2.8988394310990157e-06,0
Moon,mcet,7,5,DE,2,0.2086911000078544,0.4175397999933921,-140520177.42133823,2.8988394310990157e-06,0
Moon,mcet,7,5,DE,3,0.2086911000078544,0.6269355000113137,-140520177.42133823,2.8988394310990157e-06,0
Moon,mcet,7,6,RM-MDE,1,0.23759169998811558,0.23759169998811558,-140520177.42133823,2.8988394310990157e-06,0
Moon,mcet,7,6,PSO,1,0.23759169998811558,0.23813049995806068,-140520177.42133823,2.8988394310990157e-06,0
Moon,mcet,7,6,PSO,2,0.23759169998811558,0.47545139997964725,-140520177.42133823,2.8988394310990157e-06,0
Moon,mcet,7,6,PSO,3,0.23759169998811558,0.7132653999724425,-140520177.42133823,2.8988394310990157e-06,0
Moon,mcet,7,6,DE,1,0.23759169998811558,0.23874110000906512,-140520093.55621678,3.495656769942942e-06,0
Moon,mcet,7,6,DE,2,0.23759169998811558,0.47538359998725355,-140520093.55621678,3.495656769942942e-06,0
Moon,mcet,7,6,DE,3,0.23759169998811558,0.713090099976398,-140520093.55621678,3.495656769942942e-06,0
Moon,mcet,7,7,RM-MDE,1,0.19818740000482649,0.19818740000482649,-140520584.76795024,0.0,1
Moon,mcet,7,7,PSO,1,0.19818740000482649,0.1985403000144288,-140520177.42133823,2.8988394310990157e-06,0
Moon,mcet,7,7,PSO,2,0.19818740000482649,0.3964327999856323,-140520177.42133823,2.8988394310990157e-06,0
Moon,mcet,7,7,PSO,3,0.19818740000482649,0.5947562999790534,-140520177.42133823,2.8988394310990157e-06,0
Moon,mcet,7,7,DE,1,0.19818740000482649,0.19910590001381934,-140520567.12311646,1.2556760849317907e-07,0
Moon,mcet,7,7,DE,2,0.19818740000482649,0.39669349999167025,-140520567.12311646,1.2556760849317907e-07,0
Moon,mcet,7,7,DE,3,0.19818740000482649,0.5955432999762706,-140520567.12311646,1.2556760849317907e-07,0
Moon,mcet,7,8,RM-MDE,1,0.19889150001108646,0.19889150001108646,-140520584.76795024,0.0,1
Moon,mcet,7,8,PSO,1,0.19889150001108646,0.19900729996152222,-140520177.42133823,2.8988394310990157e-06,0
Moon,mcet,7,8,PSO,2,0.19889150001108646,0.3980879999580793,-140520177.42133823,2.8988394310990157e-06,0
Moon,mcet,7,8,PSO,3,0.19889150001108646,0.5970796999754384,-140520177.42133823,2.8988394310990157e-06,0
Moon,mcet,7,8,DE,1,0.19889150001108646,0.19972279999637976,-140520386.3755809,1.4118384837178563e-06,0
Moon,mcet,7,8,DE,2,0.19889150001108646,0.39861700002802536,-140520386.3755809,1.4118384837178563e-06,0
Moon,mcet,7,8,DE,3,0.19889150001108646,0.5977758000371978,-140520386.3755809,1.4118384837178563e-06,0
Moon,mcet,7,9,RM-MDE,1,0.20958589995279908,0.20958589995279908,-140520584.76795024,0.0,1
Moon,mcet,7,9,PSO,1,0.20958589995279908,0.20987100002821535,-140520584.76795024,0.0,1
Moon,mcet,7,9,PSO,2,0.20958589995279908,0.4198045000084676,-140520584.76795024,0.0,1
Moon,mcet,7,9,PSO,3,0.20958589995279908,0.6294585000141524,-140520584.76795024,0.0,1
Moon,mcet,7,9,DE,1,0.20958589995279908,0.2098878999822773,-140519980.01183262,4.303683468232019e-06,0
Moon,mcet,7,9,DE,2,0.20958589995279908,0.4198409999953583,-140519980.01183262,4.303683468232019e-06,0
Moon,mcet,7,9,DE,3,0.20958589995279908,0.6292998000280932,-140519980.01183262,4.303683468232019e-06,0
Moon,mcet,8,0,RM-MDE,1,0.30748389998916537,0.30748389998916537,-140525050.37989533,0.0,1
Moon,mcet,8,0,PSO,1,0.30748389998916537,0.30764680000720546,-140525050.37989533,0.0,1
Moon,mcet,8,0,PSO,2,0.30748389998916537,0.6152719999663532,-140525050.37989533,0.0,1
Moon,mcet,8,0,PSO,3,0.30748389998916537,0.9231426999904215,-140525050.37989533,0.0,1
Moon,mcet,8,0,DE,1,0.30748389998916537,0.30853989999741316,-140525050.37989533,0.0,1
Moon,mcet,8,0,DE,2,0.30748389998916537,0.6151457999949344,-140525050.37989533,0.0,1
Moon,mcet,8,0,DE,3,0.30748389998916537,0.9234624999808148,-140525050.37989533,0.0,1
Moon,mcet,8,1,RM-MDE,1,0.3237592999939807,0.3237592999939807,-140525050.37989533,0.0,1
Moon,mcet,8,1,PSO,1,0.3237592999939807,0.3239150000154041,-140525050.37989533,0.0,1
Moon,mcet,8,1,PSO,2,0.3237592999939807,0.6479552000528201,-140525050.37989533,0.0,1
Moon,mcet,8,1,PSO,3,0.3237592999939807,0.9717688000528142,-140525050.37989533,0.0,1
Moon,mcet,8,1,DE,1,0.3237592999939807,0.32469270000001416,-140525050.37989533,0.0,1
Moon,mcet,8,1,DE,2,0.3237592999939807,0.6478519000229426,-140525050.37989533,0.0,1
Moon,mcet,8,1,DE,3,0.3237592999939807,0.9721237000194378,-140525050.37989533,0.0,1
Moon,mcet,8,2,RM-MDE,1,0.2876577000133693,0.2876577000133693,-140525050.37989533,0.0,1
Moon,mcet,8,2,PSO,1,0.2876577000133693,0.2881531000020914,-140525050.37989533,0.0,1
Moon,mcet,8,2,PSO,2,0.2876577000133693,0.5758143000421114,-140525050.37989533,0.0,1
Moon,mcet,8,2,PSO,3,0.2876577000133693,0.8633589000091888,-140525050.37989533,0.0,1
Moon,mcet,8,2,DE,1,0.2876577000133693,0.2888184000039473,-140524999.60073534,3.6135308157269417e-07,0
Moon,mcet,8,2,DE,2,0.2876577000133693,0.5756846999865957,-140524999.60073534,3.6135308157269417e-07,0
Moon,mcet,8,2,DE,3,0.2876577000133693,0.8633269999991171,-140524999.60073534,3.6135308157269417e-07,0
Moon,mcet,8,3,RM-MDE,1,0.306540000019595,0.306540000019595,-140525050.37989533,0.0,1
Moon,mcet,8,3,PSO,1,0.306540000019595,0.3068273000535555,-140525050.37989533,0.0,1
Moon,mcet,8,3,PSO,2,0.306540000019595,0.6135449000285007,-140525050.37989533,0.0,1
Moon,mcet,8,3,PSO,3,0.306540000019595,0.9203198000323027,-140525050.37989533,0.0,1
Moon,mcet,8,3,DE,1,0.306540000019595,0.3070076999720186,-140524999.60073534,3.6135308157269417e-07,0
Moon,mcet,8,3,DE,2,0.306540000019595,0.6137833999819122,-140524999.60073534,3.6135308157269417e-07,0
Moon,mcet,8,3,DE,3,0.306540000019595,0.920432599959895,-140524999.60073534,3.6135308157269417e-07,0
Moon,mcet,8,4,RM-MDE,1,0.3307012000004761,0.3307012000004761,-140525050.37989533,0.0,1
Moon,mcet,8,4,PSO,1,0.3307012000004761,0.33103589998790994,-140525050.37989533,0.0,1
Moon,mcet,8,4,PSO,2,0.3307012000004761,0.6620444000000134,-140525050.37989533,0.0,1
Moon,mcet,8,4,PSO,3,0.3307012000004761,0.9929045999888331,-140525050.37989533,0.0,1
Moon,mcet,8,4,DE,1,0.3307012000004761,0.33185219997540116,-140525050.37989533,0.0,1
Moon,mcet,8,4,DE,2,0.3307012000004761,0.6622729999944568,-140525050.37989533,0.0,1
Moon,mcet,8,4,DE,3,0.3307012000004761,0.9928844999521971,-140525050.37989533,0.0,1
Moon,mcet,8,5,RM-MDE,1,0.2710217999992892,0.2710217999992892,-140525050.37989533,0.0,1
Moon,mcet,8,5,PSO,1,0.2710217999992892,0.2712601000093855,-140525050.37989533,0.0,1
Moon,mcet,8,5,PSO,2,0.2710217999992892,0.5426252000033855,-140525050.37989533,0.0,1
Moon,mcet,8,5,PSO,3,0.2710217999992892,0.8132180999964476,-140525050.37989533,0.0,1
Moon,mcet,8,5,DE,1,0.2710217999992892,0.27120499999728054,-140524999.60073534,3.6135308157269417e-07,0
Moon,mcet,8,5,DE,2,0.2710217999992892,0.5428577999700792,-140524999.60073534,3.6135308157269417e-07,0
Moon,mcet,8,5,DE,3,0.2710217999992892,0.8132490999996662,-140524999.60073534,3.6135308157269417e-07,0
Moon,mcet,8,6,RM-MDE,1,0.2774040999938734,0.2774040999938734,-140525050.37989533,0.0,1
Moon,mcet,8,6,PSO,1,0.2774040999938734,0.2776227999711409,-140525050.37989533,0.0,1
Moon,mcet,8,6,PSO,2,0.2774040999938734,0.5549274999648333,-140525050.37989533,0.0,1
Moon,mcet,8,6,PSO,3,0.2774040999938734,0.8328390999813564,-140525050.37989533,0.0,1
Moon,mcet,8,6,DE,1,0.2774040999938734,0.27784960001008585,-140525050.37989533,0.0,1
Moon,mcet,8,6,DE,2,0.2774040999938734,0.5556948999874294,-140525050.37989533,0.0,1
Moon,mcet,8,6,DE,3,0.2774040999938734,0.8325742000015453,-140525050.37989533,0.0,1
Moon,mcet,8,7,RM-MDE,1,0.2694167000008747,0.2694167000008747,-140525050.37989533,0.0,1
Moon,mcet,8,7,PSO,1,0.2694167000008747,0.26986309996573254,-140525050.37989533,0.0,1
Moon,mcet,8,7,PSO,2,0.2694167000008747,0.5393697000108659,-140525050.37989533,0.0,1
Moon,mcet,8,7,PSO,3,0.2694167000008747,0.8087078999960795,-140525050.37989533,0.0,1
Moon,mcet,8,7,DE,1,0.2694167000008747,0.2695630000089295,-140525050.37989533,0.0,1
Moon,mcet,8,7,DE,2,0.2694167000008747,0.5395994000136852,-140525050.37989533,0.0,1
Moon,mcet,8,7,DE,3,0.2694167000008747,0.8092501999926753,-140525050.37989533,0.0,1
Moon,mcet,8,8,RM-MDE,1,0.287140799977351,0.287140799977351,-140525050.37989533,0.0,1
Moon,mcet,8,8,PSO,1,0.287140799977351,0.28749350004363805,-140525050.37989533,0.0,1
Moon,mcet,8,8,PSO,2,0.287140799977351,0.5746060000383295,-140525050.37989533,0.0,1
Moon,mcet,8,8,PSO,3,0.287140799977351,0.861960000009276,-140525050.37989533,0.0,1
Moon,mcet,8,8,DE,1,0.287140799977351,0.2880280000390485,-140525047.37394902,2.1390821780516226e-08,0
Moon,mcet,8,8,DE,2,0.287140799977351,0.5752737000002526,-140525047.37394902,2.1390821780516226e-08,0
Moon,mcet,8,8,DE,3,0.287140799977351,0.8624826000304893,-140525047.37394902,2.1390821780516226e-08,0
Moon,mcet,8,9,RM-MDE,1,0.2803221999784,0.2803221999784,-140525050.37989533,0.0,1
Moon,mcet,8,9,PSO,1,0.2803221999784,0.28063140000449494,-140525050.37989533,0.0,1
Moon,mcet,8,9,PSO,2,0.2803221999784,0.5608950000023469,-140525050.37989533,0.0,1
Moon,mcet,8,9,PSO,3,0.2803221999784,0.8412470999755897,-140525050.37989533,0.0,1
Moon,mcet,8,9,DE,1,0.2803221999784,0.28124969999771565,-140523915.75626573,8.07417344119407e-06,0
Moon,mcet,8,9,DE,2,0.2803221999784,0.5613718999666162,-140523915.75626573,8.07417344119407e-06,0
Moon,mcet,8,9,DE,3,0.2803221999784,0.8413770999759436,-140523915.75626573,8.07417344119407e-06,0
Astronaut,otsu,6,0,RM-MDE,1,0.1250741999829188,0.1250741999829188,-4850420667.592925,0.0,1
Astronaut,otsu,6,0,PSO,1,0.1250741999829188,0.12548639997839928,-4850420208.101491,9.47322852154425e-08,0
Astronaut,otsu,6,0,PSO,2,0.1250741999829188,0.2506133000133559,-4850420208.101491,9.47322852154425e-08,0
Astronaut,otsu,6,0,PSO,3,0.1250741999829188,0.37542220001341775,-4850420208.101491,9.47322852154425e-08,0
Astronaut,otsu,6,0,DE,1,0.1250741999829188,0.1254901000065729,-4850420208.101491,9.47322852154425e-08,0
Astronaut,otsu,6,0,DE,2,0.1250741999829188,0.2501866000238806,-4850420208.101491,9.47322852154425e-08,0
Astronaut,otsu,6,0,DE,3,0.1250741999829188,0.3753965999931097,-4850420208.101491,9.47322852154425e-08,0
Astronaut,otsu,6,1,RM-MDE,1,0.14853449998190627,0.14853449998190627,-4850420208.101491,9.47322852154425e-08,0
Astronaut,otsu,6,1,PSO,1,0.14853449998190627,0.1486424000468105,-4850401020.291795,4.0506385892597206e-06,0
Astronaut,otsu,6,1,PSO,2,0.14853449998190627,0.2975717000081204,-4850401020.291795,4.0506385892597206e-06,0
Astronaut,otsu,6,1,PSO,3,0.14853449998190627,0.4456064000260085,-4850407046.441437,2.8082412684967766e-06,0
Astronaut,otsu,6,1,DE,1,0.14853449998190627,0.14866750000510365,-4850420667.592925,0.0,1
Astronaut,otsu,6,1,DE,2,0.14853449998190627,0.2978337000240572,-4850420667.592925,0.0,1
Astronaut,otsu,6,1,DE,3,0.14853449998190627,0.4461970000411384,-4850420667.592925,0.0,1
Astronaut,otsu,6,2,RM-MDE,1,0.15679340000497177,0.15679340000497177,-4850420667.592925,0.0,1
Astronaut,otsu,6,2,PSO,1,0.15679340000497177,0.15701009996701032,-4850420667.592925,0.0,1
Astronaut,otsu,6,2,PSO,2,0.15679340000497177,0.3137890999787487,-4850420667.592925,0.0,1
Astronaut,otsu,6,2,PSO,3,0.15679340000497177,0.4705826999852434,-4850420667.592925,0.0,1
Astronaut,otsu,6,2,DE,1,0.15679340000497177,0.15693380002630875,-4850420667.592925,0.0,1
Astronaut,otsu,6,2,DE,2,0.15679340000497177,0.31361310003558174,-4850420667.592925,0.0,1
Astronaut,otsu,6,2,DE,3,0.15679340000497177,0.4713680000277236,-4850420667.592925,0.0,1
Astronaut,otsu,6,3,RM-MDE,1,0.15565510001033545,0.15565510001033545,-4850420667.592925,0.0,1
Astronaut,otsu,6,3,PSO,1,0.15565510001033545,0.15593569999327883,-4850420667.592925,0.0,1
Astronaut,otsu,6,3,PSO,2,0.15565510001033545,0.3113160000066273,-4850420667.592925,0.0,1
Astronaut,otsu,6,3,PSO,3,0.15565510001033545,0.4673225000151433,-4850420667.592925,0.0,1
Astronaut,otsu,6,3,DE,1,0.15565510001033545,0.1564481999957934,-4850420667.592925,0.0,1
Astronaut,otsu,6,3,DE,2,0.15565510001033545,0.3119330999907106,-4850420667.592925,0.0,1
Astronaut,otsu,6,3,DE,3,0.15565510001033545,0.4670707000186667,-4850420667.592925,0.0,1
Astronaut,otsu,6,4,RM-MDE,1,0.1394908000365831,0.1394908000365831,-4850420667.592925,0.0,1
Astronaut,otsu,6,4,PSO,1,0.1394908000365831,0.13999460003105924,-4850420667.592925,0.0,1
Astronaut,otsu,6,4,PSO,2,0.1394908000365831,0.27908500004559755,-4850420667.592925,0.0,1
Astronaut,otsu,6,4,PSO,3,0.1394908000365831,0.41894450003746897,-4850420667.592925,0.0,1
Astronaut,otsu,6,4,DE,1,0.1394908000365831,0.13991490000626072,-4850420667.592925,0.0,1
Astronaut,otsu,6,4,DE,2,0.1394908000365831,0.2791242000530474,-4850420667.592925,0.0,1
Astronaut,otsu,6,4,DE,3,0.1394908000365831,0.4186883000074886,-4850420667.592925,0.0,1
Astronaut,otsu,6,5,RM-MDE,1,0.15136379998875782,0.15136379998875782,-4850420667.592925,0.0,1
Astronaut,otsu,6,5,PSO,1,0.15136379998875782,0.15172879997408018,-4850420667.592925,0.0,1
Astronaut,otsu,6,5,PSO,2,0.15136379998875782,0.30281969998031855,-4850420667.592925,0.0,1
Astronaut,otsu,6,5,PSO,3,0.15136379998875782,0.4542824999662116,-4850420667.592925,0.0,1
Astronaut,otsu,6,5,DE,1,0.15136379998875782,0.15172279998660088,-4850420667.592925,0.0,1
Astronaut,otsu,6,5,DE,2,0.15136379998875782,0.30320189998019487,-4850420667.592925,0.0,1
Astronaut,otsu,6,5,DE,3,0.15136379998875782,0.45446899998933077,-4850420667.592925,0.0,1
Astronaut,otsu,6,6,RM-MDE,1,0.16356860002269968,0.16356860002269968,-4850420667.592925,0.0,1
Astronaut,otsu,6,6,PSO,1,0.16356860002269968,0.16395389998797327,-4850420667.592925,0.0,1
Astronaut,otsu,6,6,PSO,2,0.16356860002269968,0.32740810001268983,-4850420667.592925,0.0,1
Astronaut,otsu,6,6,PSO,3,0.16356860002269968,0.4916710000252351,-4850420667.592925,0.0,1
Astronaut,otsu,6,6,DE,1,0.16356860002269968,0.16442849999293685,-4850420667.592925,0.0,1
Astronaut,otsu,6,6,DE,2,0.16356860002269968,0.32752490002894774,-4850420667.592925,0.0,1
Astronaut,otsu,6,6,DE,3,0.16356860002269968,0.4911259000073187,-4850420667.592925,0.0,1
Astronaut,otsu,6,7,RM-MDE,1,0.13329550001071766,0.13329550001071766,-4850420667.592925,0.0,1
Astronaut,otsu,6,7,PSO,1,0.13329550001071766,0.13352420000592247,-4850420667.592925,0.0,1
Astronaut,otsu,6,7,PSO,2,0.13329550001071766,0.2670055999769829,-4850420667.592925,0.0,1
Astronaut,otsu,6,7,PSO,3,0.13329550001071766,0.40016710001509637,-4850420667.592925,0.0,1
Astronaut,otsu,6,7,DE,1,0.13329550001071766,0.13419390004128218,-4850420667.592925,0.0,1
Astronaut,otsu,6,7,DE,2,0.13329550001071766,0.26711020001675934,-4850420667.592925,0.0,1
Astronaut,otsu,6,7,DE,3,0.13329550001071766,0.3998871000367217,-4850420667.592925,0.0,1
Astronaut,otsu,6,8,RM-MDE,1,0.13317730004200712,0.13317730004200712,-4850420667.592925,0.0,1
Astronaut,otsu,6,8,PSO,1,0.13317730004200712,0.13372939999680966,-4850420667.592925,0.0,1
Astronaut,otsu,6,8,PSO,2,0.13317730004200712,0.266488199995365,-4850420667.592925,0.0,1
Astronaut,otsu,6,8,PSO,3,0.13317730004200712,0.3998194999876432,-4850420667.592925,0.0,1
Astronaut,otsu,6,8,DE,1,0.13317730004200712,0.13392620004015043,-4850420667.592925,0.0,1
Astronaut,otsu,6,8,DE,2,0.13317730004200712,0.26727090001804754,-4850420667.592925,0.0,1
Astronaut,otsu,6,8,DE,3,0.13317730004200712,0.400171399989631,-4850420667.592925,0.0,1
Astronaut,otsu,6,9,RM-MDE,1,0.13204700005007908,0.13204700005007908,-4850420667.592925,0.0,1
Astronaut,otsu,6,9,PSO,1,0.13204700005007908,0.13257289998000488,-4850420208.101491,9.47322852154425e-08,0
Astronaut,otsu,6,9,PSO,2,0.13204700005007908,0.26455119997262955,-4850420208.101491,9.47322852154425e-08,0
Astronaut,otsu,6,9,PSO,3,0.13204700005007908,0.3962811999954283,-4850420208.101491,9.47322852154425e-08,0
Astronaut,otsu,6,9,DE,1,0.13204700005007908,0.13213089999044314,-4850420208.101491,9.47322852154425e-08,0
Astronaut,otsu,6,9,DE,2,0.13204700005007908,0.2650038999854587,-4850420208.101491,9.47322852154425e-08,0
Astronaut,otsu,6,9,DE,3,0.13204700005007908,0.39670449995901436,-4850420208.101491,9.47322852154425e-08,0
Astronaut,otsu,7,0,RM-MDE,1,0.16618870000820607,0.16618870000820607,-4858006518.511109,0.0,1
Astronaut,otsu,7,0,PSO,1,0.16618870000820607,0.16676410002401099,-4858006518.511109,0.0,1
Astronaut,otsu,7,0,PSO,2,0.16618870000820607,0.3326709999819286,-4858006518.511109,0.0,1
Astronaut,otsu,7,0,PSO,3,0.16618870000820607,0.49863489996641874,-4858006518.511109,0.0,1
Astronaut,otsu,7,0,DE,1,0.16618870000820607,0.16650240001035854,-4858006518.511109,0.0,1
Astronaut,otsu,7,0,DE,2,0.16618870000820607,0.3326771999709308,-4858006518.511109,0.0,1
Astronaut,otsu,7,0,DE,3,0.16618870000820607,0.498791899997741,-4858006518.511109,0.0,1
Astronaut,otsu,7,1,RM-MDE,1,0.15427090000594035,0.15427090000594035,-4858006518.511109,0.0,1
Astronaut,otsu,7,1,PSO,1,0.15427090000594035,0.15462839999236166,-4858006518.511109,0.0,1
Astronaut,otsu,7,1,PSO,2,0.15427090000594035,0.30900609999662265,-4858006518.511109,0.0,1
Astronaut,otsu,7,1,PSO,3,0.15427090000594035,0.4633060999913141,-4858006518.511109,0.0,1
Astronaut,otsu,7,1,DE,1,0.15427090000594035,0.15509229997405782,-4858006518.511109,0.0,1
Astronaut,otsu,7,1,DE,2,0.15427090000594035,0.30929860001197085,-4858006518.511109,0.0,1
Astronaut,otsu,7,1,DE,3,0.15427090000594035,0.46327529998961836,-4858006518.511109,0.0,1
Astronaut,otsu,7,2,RM-MDE,1,0.17354769998928532,0.17354769998928532,-4858006518.511109,0.0,1
Astronaut,otsu,7,2,PSO,1,0.17354769998928532,0.17380889999913052,-4858006518.511109,0.0,1
Astronaut,otsu,7,2,PSO,2,0.17354769998928532,0.34716270002536476,-4858006518.511109,0.0,1
Astronaut,otsu,7,2,PSO,3,0.17354769998928532,0.5210609000059776,-4858006518.511109,0.0,1
Astronaut,otsu,7,2,DE,1,0.17354769998928532,0.17380839999532327,-4858006518.511109,0.0,1
Astronaut,otsu,7,2,DE,2,0.17354769998928532,0.3473580999998376,-4858006518.511109,0.0,1
Astronaut,otsu,7,2,DE,3,0.17354769998928532,0.5212935999734327,-4858006518.511109,0.0,1
Astronaut,otsu,7,3,RM-MDE,1,0.15591649996349588,0.15591649996349588,-4858006518.511109,0.0,1
Astronaut,otsu,7,3,PSO,1,0.15591649996349588,0.15628570003900677,-4858006518.511109,0.0,1
Astronaut,otsu,7,3,PSO,2,0.15591649996349588,0.31197229999816045,-4858006518.511109,0.0,1
Astronaut,otsu,7,3,PSO,3,0.15591649996349588,0.46814330003689975,-4858006518.511109,0.0,1
Astronaut,otsu,7,3,DE,1,0.15591649996349588,0.15661109995562583,-4857988222.591327,3.766137347268508e-06,0
Astronaut,otsu,7,3,DE,2,0.15591649996349588,0.3124971999786794,-4857988222.591327,3.766137347268508e-06,0
Astronaut,otsu,7,3,DE,3,0.15591649996349588,0.4685532999574207,-4857988222.591327,3.766137347268508e-06,0
Astronaut,otsu,7,4,RM-MDE,1,0.14864219998707995,0.14864219998707995,-4858006518.511109,0.0,1
Astronaut,otsu,7,4,PSO,1,0.14864219998707995,0.1488989000208676,-4858006518.511109,0.0,1
Astronaut,otsu,7,4,PSO,2,0.14864219998707995,0.2977019000099972,-4858006518.511109,0.0,1
Astronaut,otsu,7,4,PSO,3,0.14864219998707995,0.44602400000439957,-4858006518.511109,0.0,1
Astronaut,otsu,7,4,DE,1,0.14864219998707995,0.1488757999613881,-4858006518.511109,0.0,1
Astronaut,otsu,7,4,DE,2,0.14864219998707995,0.297317499993369,-4858006518.511109,0.0,1
Astronaut,otsu,7,4,DE,3,0.14864219998707995,0.44651139999041334,-4858006518.511109,0.0,1
Astronaut,otsu,7,5,RM-MDE,1,0.15439649997279048,0.15439649997279048,-4858006518.511109,0.0,1
Astronaut,otsu,7,5,PSO,1,0.15439649997279048,0.15466110000852495,-4858006518.511109,0.0,1
Astronaut,otsu,7,5,PSO,2,0.15439649997279048,0.3093485000426881,-4858006518.511109,0.0,1
Astronaut,otsu,7,5,PSO,3,0.15439649997279048,0.46368360001361,-4858006518.511109,0.0,1
Astronaut,otsu,7,5,DE,1,0.15439649997279048,0.15446610003709793,-4858006518.511109,0.0,1
Astronaut,otsu,7,5,DE,2,0.15439649997279048,0.30982540000695735,-4858006518.511109,0.0,1
Astronaut,otsu,7,5,DE,3,0.15439649997279048,0.4636301000136882,-4858006518.511109,0.0,1
Astronaut,otsu,7,6,RM-MDE,1,0.15685849997680634,0.15685849997680634,-4858006518.511109,0.0,1
Astronaut,otsu,7,6,PSO,1,0.15685849997680634,0.1573723999899812,-4858006518.511109,0.0,1
Astronaut,otsu,7,6,PSO,2,0.15685849997680634,0.31419539998751134,-4858006518.511109,0.0,1
Astronaut,otsu,7,6,PSO,3,0.15685849997680634,0.4706233000033535,-4858006518.511109,0.0,1
Astronaut,otsu,7,6,DE,1,0.15685849997680634,0.15735659998608753,-4858006518.511109,0.0,1
Astronaut,otsu,7,6,DE,2,0.15685849997680634,0.3140590999973938,-4858006518.511109,0.0,1
Astronaut,otsu,7,6,DE,3,0.15685849997680634,0.4708069000043906,-4858006518.511109,0.0,1
Astronaut,otsu,7,7,RM-MDE,1,0.14490329998079687,0.14490329998079687,-4858006518.511109,0.0,1
Astronaut,otsu,7,7,PSO,1,0.14490329998079687,0.1453036000020802,-4857998809.07592,1.5869544760532625e-06,0
Astronaut,otsu,7,7,PSO,2,0.14490329998079687,0.29028690000995994,-4857998809.07592,1.5869544760532625e-06,0
Astronaut,otsu,7,7,PSO,3,0.14490329998079687,0.43529639998450875,-4857998809.07592,1.5869544760532625e-06,0
Astronaut,otsu,7,7,DE,1,0.14490329998079687,0.14554990001488477,-4857995257.840115,2.31796127729565e-06,0
Astronaut,otsu,7,7,DE,2,0.14490329998079687,0.29050209996057674,-4857995257.840115,2.31796127729565e-06,0
Astronaut,otsu,7,7,DE,3,0.14490329998079687,0.435645499965176,-4857995257.840115,2.31796127729565e-06,0
Astronaut,otsu,7,8,RM-MDE,1,0.15841360000194982,0.15841360000194982,-4858006518.511109,0.0,1
Astronaut,otsu,7,8,PSO,1,0.15841360000194982,0.15852469997480512,-4858006518.511109,0.0,1
Astronaut,otsu,7,8,PSO,2,0.15841360000194982,0.3172105999547057,-4858006518.511109,0.0,1
Astronaut,otsu,7,8,PSO,3,0.15841360000194982,0.4755093999556266,-4858006518.511109,0.0,1
Astronaut,otsu,7,8,DE,1,0.15841360000194982,0.15900689997943118,-4857887833.884654,2.4430726060796167e-05,0
Astronaut,otsu,7,8,DE,2,0.15841360000194982,0.3177010000217706,-4857887833.884654,2.4430726060796167e-05,0
Astronaut,otsu,7,8,DE,3,0.15841360000194982,0.4757984000025317,-4857887833.884654,2.4430726060796167e-05,0
Astronaut,otsu,7,9,RM-MDE,1,0.14870630000950769,0.14870630000950769,-4858006518.511109,0.0,1
Astronaut,otsu,7,9,PSO,1,0.14870630000950769,0.14892219996545464,-4858006518.511109,0.0,1
Astronaut,otsu,7,9,PSO,2,0.14870630000950769,0.2976906999829225,-4858006518.511109,0.0,1
Astronaut,otsu,7,9,PSO,3,0.14870630000950769,0.44640829996205866,-4858006518.511109,0.0,1
Astronaut,otsu,7,9,DE,1,0.14870630000950769,0.14946849999250844,-4857983135.001338,4.813396129100639e-06,0
Astronaut,otsu,7,9,DE,2,0.14870630000950769,0.298418499995023,-4857983135.001338,4.813396129100639e-06,0
Astronaut,otsu,7,9,DE,3,0.14870630000950769,0.44659429998137057,-4857983135.001338,4.813396129100639e-06,0
Astronaut,otsu,8,0,RM-MDE,1,0.14353970001684502,0.14353970001684502,-4861762852.287766,0.0,1
Astronaut,otsu,8,0,PSO,1,0.14353970001684502,0.14363599999342114,-4861579334.84182,3.774709946215021e-05,0
Astronaut,otsu,8,0,PSO,2,0.14353970001684502,0.28712130000349134,-4861579334.84182,3.774709946215021e-05,0
Astronaut,otsu,8,0,PSO,3,0.14353970001684502,0.4308974000159651,-4861579334.84182,3.774709946215021e-05,0
Astronaut,otsu,8,0,DE,1,0.14353970001684502,0.14359509997302666,-4861762852.287766,0.0,1
Astronaut,otsu,8,0,DE,2,0.14353970001684502,0.28764850000152364,-4861762852.287766,0.0,1
Astronaut,otsu,8,0,DE,3,0.14353970001684502,0.4308430000091903,-4861762852.287766,0.0,1
Astronaut,otsu,8,1,RM-MDE,1,0.1299029000219889,0.1299029000219889,-4861627241.126795,2.7893413375320833e-05,0
Astronaut,otsu,8,1,PSO,1,0.1299029000219889,0.1302024000324309,-4861762607.295528,5.039164712228908e-08,0
Astronaut,otsu,8,1,PSO,2,0.1299029000219889,0.260377700033132,-4861762607.295528,5.039164712228908e-08,0
Astronaut,otsu,8,1,PSO,3,0.1299029000219889,0.3900714000337757,-4861762607.295528,5.039164712228908e-08,0
Astronaut,otsu,8,1,DE,1,0.1299029000219889,0.13014749996364117,-4861762554.963671,6.115561469356808e-08,0
Astronaut,otsu,8,1,DE,2,0.1299029000219889,0.26050049997866154,-4861762554.963671,6.115561469356808e-08,0
Astronaut,otsu,8,1,DE,3,0.1299029000219889,0.39034339995123446,-4861762554.963671,6.115561469356808e-08,0
Astronaut,otsu,8,2,RM-MDE,1,0.15008409996517003,0.15008409996517003,-4861762852.287766,0.0,1
Astronaut,otsu,8,2,PSO,1,0.15008409996517003,0.15070389996981248,-4861753539.846196,1.915445457381758e-06,0
Astronaut,otsu,8,2,PSO,2,0.15008409996517003,0.30070109997177497,-4861762852.287766,0.0,1
Astronaut,otsu,8,2,PSO,3,0.15008409996517003,0.45066519995452836,-4861762852.287766,0.0,1
Astronaut,otsu,8,2,DE,1,0.15008409996517003,0.15045409998856485,-4861738362.640176,5.037195012322183e-06,0
Astronaut,otsu,8,2,DE,2,0.15008409996517003,0.30100399994989857,-4861738362.640176,5.037195012322183e-06,0
Astronaut,otsu,8,2,DE,3,0.15008409996517003,0.4507298999815248,-4861738362.640176,5.037195012322183e-06,0
Astronaut,otsu,8,3,RM-MDE,1,0.14705180004239082,0.14705180004239082,-4861762852.287766,0.0,1
Astronaut,otsu,8,3,PSO,1,0.14705180004239082,0.14717209996888414,-4861761975.750126,1.802921424189022e-07,0
Astronaut,otsu,8,3,PSO,2,0.14705180004239082,0.2944156000157818,-4861762607.295528,5.039164712228908e-08,0
Astronaut,otsu,8,3,PSO,3,0.14705180004239082,0.4417706999811344,-4861762607.295528,5.039164712228908e-08,0
Astronaut,otsu,8,3,DE,1,0.14705180004239082,0.14800769998691976,-4861756961.557145,1.211644993865945e-06,0
Astronaut,otsu,8,3,DE,2,0.14705180004239082,0.2948152999742888,-4861756961.557145,1.211644993865945e-06,0
Astronaut,otsu,8,3,DE,3,0.14705180004239082,0.44209059997228906,-4861756961.557145,1.211644993865945e-06,0
Astronaut,otsu,8,4,RM-MDE,1,0.17062109999824315,0.17062109999824315,-4861762852.287766,0.0,1
Astronaut,otsu,8,4,PSO,1,0.17062109999824315,0.1709996000281535,-4861752302.795096,2.1698904266988263e-06,0
Astronaut,otsu,8,4,PSO,2,0.17062109999824315,0.34135530004277825,-4861752302.795096,2.1698904266988263e-06,0
Astronaut,otsu,8,4,PSO,3,0.17062109999824315,0.5123926000087522,-4861752302.795096,2.1698904266988263e-06,0
Astronaut,otsu,8,4,DE,1,0.17062109999824315,0.1714512999751605,-4861762852.287766,0.0,1
Astronaut,otsu,8,4,DE,2,0.17062109999824315,0.34247919998597354,-4861762852.287766,0.0,1
Astronaut,otsu,8,4,DE,3,0.17062109999824315,0.512640199973248,-4861762852.287766,0.0,1
Astronaut,otsu,8,5,RM-MDE,1,0.13955369999166578,0.13955369999166578,-4861762852.287766,0.0,1
Astronaut,otsu,8,5,PSO,1,0.13955369999166578,0.13983340002596378,-4861758673.2693615,8.595685416852737e-07,0
Astronaut,otsu,8,5,PSO,2,0.13955369999166578,0.2794211000436917,-4861758673.2693615,8.595685416852737e-07,0
Astronaut,otsu,8,5,PSO,3,0.13955369999166578,0.4189489000127651,-4861759304.814763,7.296680465848188e-07,0
Astronaut,otsu,8,5,DE,1,0.13955369999166578,0.14041729999007657,-4861762852.287766,0.0,1
Astronaut,otsu,8,5,DE,2,0.13955369999166578,0.27953970001544803,-4861762852.287766,0.0,1
Astronaut,otsu,8,5,DE,3,0.13955369999166578,0.41932919999817386,-4861762852.287766,0.0,1
Astronaut,otsu,8,6,RM-MDE,1,0.12839839997468516,0.12839839997468516,-4861762852.287766,0.0,1
Astronaut,otsu,8,6,PSO,1,0.12839839997468516,0.12893879995681345,-4861620393.57989,2.930186276139932e-05,0
Astronaut,otsu,8,6,PSO,2,0.12839839997468516,0.2569832999724895,-4861620393.57989,2.930186276139932e-05,0
Astronaut,otsu,8,6,PSO,3,0.12839839997468516,0.3857746999710798,-4861620393.57989,2.930186276139932e-05,0
Astronaut,otsu,8,6,DE,1,0.12839839997468516,0.1285881000221707,-4861542458.910187,4.533198847327159e-05,0
Astronaut,otsu,8,6,DE,2,0.12839839997468516,0.2572146000456996,-4861542458.910187,4.533198847327159e-05,0
Astronaut,otsu,8,6,DE,3,0.12839839997468516,0.3859404000104405,-4861542458.910187,4.533198847327159e-05,0
Astronaut,otsu,8,7,RM-MDE,1,0.10571289999643341,0.10571289999643341,-4861762852.287766,0.0,1
Astronaut,otsu,8,7,PSO,1,0.10571289999643341,0.10615569999208674,-4861737783.426631,5.156331540047517e-06,0
Astronaut,otsu,8,7,PSO,2,0.10571289999643341,0.21161290002055466,-4861762607.295528,5.039164712228908e-08,0
Astronaut,otsu,8,7,PSO,3,0.10571289999643341,0.3172410000115633,-4861762607.295528,5.039164712228908e-08,0
Astronaut,otsu,8,7,DE,1,0.10571289999643341,0.10658660001354292,-4861726010.209039,7.577925918452737e-06,0
Astronaut,otsu,8,7,DE,2,0.10571289999643341,0.21182530000805855,-4861726010.209039,7.577925918452737e-06,0
Astronaut,otsu,8,7,DE,3,0.10571289999643341,0.3181349000078626,-4861726010.209039,7.577925918452737e-06,0
Astronaut,otsu,8,8,RM-MDE,1,0.15081790002295747,0.15081790002295747,-4861762852.287766,0.0,1
Astronaut,otsu,8,8,PSO,1,0.15081790002295747,0.1512559999828227,-4861701381.774372,1.2643667587659076e-05,0
Astronaut,otsu,8,8,PSO,2,0.15081790002295747,0.3018817999982275,-4861701381.774372,1.2643667587659076e-05,0
Astronaut,otsu,8,8,PSO,3,0.15081790002295747,0.4526165000279434,-4861701381.774372,1.2643667587659076e-05,0
Astronaut,otsu,8,8,DE,1,0.15081790002295747,0.1516084000468254,-4861762852.287766,0.0,1
Astronaut,otsu,8,8,DE,2,0.15081790002295747,0.30244200001470745,-4861762852.287766,0.0,1
Astronaut,otsu,8,8,DE,3,0.15081790002295747,0.45290950004709885,-4861762852.287766,0.0,1
Astronaut,otsu,8,9,RM-MDE,1,0.14345750003121793,0.14345750003121793,-4861762852.287766,0.0,1
Astronaut,otsu,8,9,PSO,1,0.14345750003121793,0.14375529997050762,-4861762607.295528,5.039164712228908e-08,0
Astronaut,otsu,8,9,PSO,2,0.14345750003121793,0.2871550999698229,-4861762607.295528,5.039164712228908e-08,0
Astronaut,otsu,8,9,PSO,3,0.14345750003121793,0.4309872000012547,-4861762607.295528,5.039164712228908e-08,0
Astronaut,otsu,8,9,DE,1,0.14345750003121793,0.14361420000204816,-4861762852.287766,0.0,1
Astronaut,otsu,8,9,DE,2,0.14345750003121793,0.28724960004910827,-4861762852.287766,0.0,1
Astronaut,otsu,8,9,DE,3,0.14345750003121793,0.43077269999776036,-4861762852.287766,0.0,1
Astronaut,kapur,6,0,RM-MDE,1,0.32333879999350756,0.32333879999350756,-23.969891323425227,0.0,1
Astronaut,kapur,6,0,PSO,1,0.32333879999350756,0.3235730999731459,-23.969891323425227,0.0,1
Astronaut,kapur,6,0,PSO,2,0.32333879999350756,0.647220799990464,-23.969891323425227,0.0,1
Astronaut,kapur,6,0,PSO,3,0.32333879999350756,0.970701799960807,-23.969891323425227,0.0,1
Astronaut,kapur,6,0,DE,1,0.32333879999350756,0.3239762000157498,-23.968976467829087,3.816686458004534e-05,0
Astronaut,kapur,6,0,DE,2,0.32333879999350756,0.6467904000310227,-23.968976467829087,3.816686458004534e-05,0
Astronaut,kapur,6,0,DE,3,0.32333879999350756,0.970472700020764,-23.968976467829087,3.816686458004534e-05,0
Astronaut,kapur,6,1,RM-MDE,1,0.3335603000014089,0.3335603000014089,-23.969891323425227,0.0,1
Astronaut,kapur,6,1,PSO,1,0.3335603000014089,0.3342109000077471,-23.969891323425227,0.0,1
Astronaut,kapur,6,1,PSO,2,0.3335603000014089,0.6676444999757223,-23.969891323425227,0.0,1
Astronaut,kapur,6,1,PSO,3,0.3335603000014089,1.0010716000106186,-23.969891323425227,0.0,1
Astronaut,kapur,6,1,DE,1,0.3335603000014089,0.3338052000035532,-23.969891323425227,0.0,1
Astronaut,kapur,6,1,DE,2,0.3335603000014089,0.6671366000082344,-23.969891323425227,0.0,1
Astronaut,kapur,6,1,DE,3,0.3335603000014089,1.0014483000268228,-23.969891323425227,0.0,1
Astronaut,kapur,6,2,RM-MDE,1,0.32796250004321337,0.32796250004321337,-23.969891323425227,0.0,1
Astronaut,kapur,6,2,PSO,1,0.32796250004321337,0.32867329998407513,-23.969722845298918,7.028739681604787e-06,0
Astronaut,kapur,6,2,PSO,2,0.32796250004321337,0.6560113999876194,-23.969722845298918,7.028739681604787e-06,0
Astronaut,kapur,6,2,PSO,3,0.32796250004321337,0.9840830999892205,-23.969722845298918,7.028739681604787e-06,0
Astronaut,kapur,6,2,DE,1,0.32796250004321337,0.32913700002245605,-23.969722845298918,7.028739681604787e-06,0
Astronaut,kapur,6,2,DE,2,0.32796250004321337,0.6567540999967605,-23.969722845298918,7.028739681604787e-06,0
Astronaut,kapur,6,2,DE,3,0.32796250004321337,0.9845832000137307,-23.969722845298918,7.028739681604787e-06,0
Astronaut,kapur,6,3,RM-MDE,1,0.31584809999912977,0.31584809999912977,-23.969891323425227,0.0,1
Astronaut,kapur,6,3,PSO,1,0.31584809999912977,0.31631599995307624,-23.969891323425227,0.0,1
Astronaut,kapur,6,3,PSO,2,0.31584809999912977,0.6320206999662332,-23.969891323425227,0.0,1
Astronaut,kapur,6,3,PSO,3,0.31584809999912977,0.9481374999741092,-23.969891323425227,0.0,1
Astronaut,kapur,6,3,DE,1,0.31584809999912977,0.31659729999955744,-23.968749074586995,4.765348423233185e-05,0
Astronaut,kapur,6,3,DE,2,0.31584809999912977,0.6321580000221729,-23.968749074586995,4.765348423233185e-05,0
Astronaut,kapur,6,3,DE,3,0.31584809999912977,0.9479278000071645,-23.968749074586995,4.765348423233185e-05,0
Astronaut,kapur,6,4,RM-MDE,1,0.33738280000397936,0.33738280000397936,-23.969891323425227,0.0,1
Astronaut,kapur,6,4,PSO,1,0.33738280000397936,0.33801790000870824,-23.969891323425227,0.0,1
Astronaut,kapur,6,4,PSO,2,0.33738280000397936,0.6749285000259988,-23.969891323425227,0.0,1
Astronaut,kapur,6,4,PSO,3,0.33738280000397936,1.0129560000495985,-23.969891323425227,0.0,1
Astronaut,kapur,6,4,DE,1,0.33738280000397936,0.33769780001603067,-23.96823842660894,6.895720944174171e-05,0
Astronaut,kapur,6,4,DE,2,0.33738280000397936,0.6747866999940015,-23.96823842660894,6.895720944174171e-05,0
Astronaut,kapur,6,4,DE,3,0.33738280000397936,1.0125304000102915,-23.96823842660894,6.895720944174171e-05,0
Astronaut,kapur,6,5,RM-MDE,1,0.3721091999905184,0.3721091999905184,-23.969891323425227,0.0,1
Astronaut,kapur,6,5,PSO,1,0.3721091999905184,0.3727069000015035,-23.969891323425227,0.0,1
Astronaut,kapur,6,5,PSO,2,0.3721091999905184,0.7442713000345975,-23.969891323425227,0.0,1
Astronaut,kapur,6,5,PSO,3,0.3721091999905184,1.116836000001058,-23.969891323425227,0.0,1
Astronaut,kapur,6,5,DE,1,0.3721091999905184,0.3725960999727249,-23.96830416621215,6.62146186506033e-05,0
Astronaut,kapur,6,5,DE,2,0.3721091999905184,0.7453344999812543,-23.96830416621215,6.62146186506033e-05,0
Astronaut,kapur,6,5,DE,3,0.3721091999905184,1.1169225000194274,-23.96830416621215,6.62146186506033e-05,0
Astronaut,kapur,6,6,RM-MDE,1,0.34761410002829507,0.34761410002829507,-23.969891323425227,0.0,1
Astronaut,kapur,6,6,PSO,1,0.34761410002829507,0.34766600001603365,-23.968527128660643,5.691284729566206e-05,0
Astronaut,kapur,6,6,PSO,2,0.34761410002829507,0.6952377000125125,-23.968527128660643,5.691284729566206e-05,0
Astronaut,kapur,6,6,PSO,3,0.34761410002829507,1.0431530000059865,-23.968527128660643,5.691284729566206e-05,0
Astronaut,kapur,6,6,DE,1,0.34761410002829507,0.34881370002403855,-23.969891323425227,0.0,1
Astronaut,kapur,6,6,DE,2,0.34761410002829507,0.6957004999858327,-23.969891323425227,0.0,1
Astronaut,kapur,6,6,DE,3,0.34761410002829507,1.043293199967593,-23.969891323425227,0.0,1
Astronaut,kapur,6,7,RM-MDE,1,0.3539610000443645,0.3539610000443645,-23.969891323425227,0.0,1
Astronaut,kapur,6,7,PSO,1,0.3539610000443645,0.35438400000566617,-23.969722845298918,7.028739681604787e-06,0
Astronaut,kapur,6,7,PSO,2,0.3539610000443645,0.7079418000066653,-23.969722845298918,7.028739681604787e-06,0
Astronaut,kapur,6,7,PSO,3,0.3539610000443645,1.0622170999995433,-23.969722845298918,7.028739681604787e-06,0
Astronaut,kapur,6,7,DE,1,0.3539610000443645,0.3543354999856092,-23.969891323425227,0.0,1
Astronaut,kapur,6,7,DE,2,0.3539610000443645,0.7081102999509312,-23.969891323425227,0.0,1
Astronaut,kapur,6,7,DE,3,0.3539610000443645,1.0626057999907061,-23.969891323425227,0.0,1
Astronaut,kapur,6,8,RM-MDE,1,0.25248010002542287,0.25248010002542287,-23.969891323425227,0.0,1
Astronaut,kapur,6,8,PSO,1,0.25248010002542287,0.25289230002090335,-23.969891323425227,0.0,1
Astronaut,kapur,6,8,PSO,2,0.25248010002542287,0.5053089000284672,-23.969891323425227,0.0,1
Astronaut,kapur,6,8,PSO,3,0.25248010002542287,0.7578644999885,-23.969891323425227,0.0,1
Astronaut,kapur,6,8,DE,1,0.25248010002542287,0.25349610002012923,-23.969891323425227,0.0,1
Astronaut,kapur,6,8,DE,2,0.25248010002542287,0.5055621999781579,-23.969891323425227,0.0,1
Astronaut,kapur,6,8,DE,3,0.25248010002542287,0.7577275999938138,-23.969891323425227,0.0,1
Astronaut,kapur,6,9,RM-MDE,1,0.3735774999950081,0.3735774999950081,-23.969891323425227,0.0,1
Astronaut,kapur,6,9,PSO,1,0.3735774999950081,0.3740652000415139,-23.969891323425227,0.0,1
Astronaut,kapur,6,9,PSO,2,0.3735774999950081,0.7475788000156172,-23.969891323425227,0.0,1
Astronaut,kapur,6,9,PSO,3,0.3735774999950081,1.1209786999970675,-23.969891323425227,0.0,1
Astronaut,kapur,6,9,DE,1,0.3735774999950081,0.3746638000011444,-23.969891323425227,0.0,1
Astronaut,kapur,6,9,DE,2,0.3735774999950081,0.7478338000364602,-23.969891323425227,0.0,1
Astronaut,kapur,6,9,DE,3,0.3735774999950081,1.1214385000057518,-23.969891323425227,0.0,1
Astronaut,kapur,7,0,RM-MDE,1,0.3874072000035085,0.3874072000035085,-26.432286915810703,0.0,1
Astronaut,kapur,7,0,PSO,1,0.3874072000035085,0.38785310002276674,-26.432286915810703,0.0,1
Astronaut,kapur,7,0,PSO,2,0.3874072000035085,0.775424399995245,-26.432286915810703,0.0,1
Astronaut,kapur,7,0,PSO,3,0.3874072000035085,1.1629348000278696,-26.432286915810703,0.0,1
Astronaut,kapur,7,0,DE,1,0.3874072000035085,0.38782579998951405,-26.428263986836864,0.00015219753730173104,0
Astronaut,kapur,7,0,DE,2,0.3874072000035085,0.774934499990195,-26.428263986836864,0.00015219753730173104,0
Astronaut,kapur,7,0,DE,3,0.3874072000035085,1.16273669997463,-26.428263986836864,0.00015219753730173104,0
Astronaut,kapur,7,1,RM-MDE,1,0.32386180001776665,0.32386180001776665,-26.432286915810703,0.0,1
Astronaut,kapur,7,1,PSO,1,0.32386180001776665,0.32397269998909906,-26.432286915810703,0.0,1
Astronaut,kapur,7,1,PSO,2,0.32386180001776665,0.6483520999900065,-26.432286915810703,0.0,1
Astronaut,kapur,7,1,PSO,3,0.32386180001776665,0.9724188999971375,-26.432286915810703,0.0,1
Astronaut,kapur,7,1,DE,1,0.32386180001776665,0.32491129997652024,-26.432263207192598,8.969567476587809e-07,0
Astronaut,kapur,7,1,DE,2,0.32386180001776665,0.6482152999960817,-26.432263207192598,8.969567476587809e-07,0
Astronaut,kapur,7,1,DE,3,0.32386180001776665,0.9716314999968745,-26.432263207192598,8.969567476587809e-07,0
Astronaut,kapur,7,2,RM-MDE,1,0.30524719995446503,0.30524719995446503,-26.432286915810703,0.0,1
Astronaut,kapur,7,2,PSO,1,0.30524719995446503,0.30582979996688664,-26.432286915810703,0.0,1
Astronaut,kapur,7,2,PSO,2,0.30524719995446503,0.6105763000086881,-26.432286915810703,0.0,1
Astronaut,kapur,7,2,PSO,3,0.30524719995446503,0.9158100999775343,-26.432286915810703,0.0,1
Astronaut,kapur,7,2,DE,1,0.30524719995446503,0.30561739997938275,-26.432263207192598,8.969567476587809e-07,0
Astronaut,kapur,7,2,DE,2,0.30524719995446503,0.6109272000030614,-26.432263207192598,8.969567476587809e-07,0
Astronaut,kapur,7,2,DE,3,0.30524719995446503,0.9160728999995627,-26.432263207192598,8.969567476587809e-07,0
Astronaut,kapur,7,3,RM-MDE,1,0.3071135000209324,0.3071135000209324,-26.432286915810703,0.0,1
Astronaut,kapur,7,3,PSO,1,0.3071135000209324,0.30782849999377504,-26.432286915810703,0.0,1
Astronaut,kapur,7,3,PSO,2,0.3071135000209324,0.6150363000342622,-26.432286915810703,0.0,1
Astronaut,kapur,7,3,PSO,3,0.3071135000209324,0.9217150000040419,-26.432286915810703,0.0,1
Astronaut,kapur,7,3,DE,1,0.3071135000209324,0.3082050000084564,-26.432194952939295,3.4791870904541385e-06,0
Astronaut,kapur,7,3,DE,2,0.3071135000209324,0.6148357999627478,-26.432194952939295,3.4791870904541385e-06,0
Astronaut,kapur,7,3,DE,3,0.3071135000209324,0.9221055999514647,-26.432194952939295,3.4791870904541385e-06,0
Astronaut,kapur,7,4,RM-MDE,1,0.3230565000558272,0.3230565000558272,-26.432286915810703,0.0,1
Astronaut,kapur,7,4,PSO,1,0.3230565000558272,0.3230701999855228,-26.432286915810703,0.0,1
Astronaut,kapur,7,4,PSO,2,0.3230565000558272,0.6468381999875419,-26.432286915810703,0.0,1
Astronaut,kapur,7,4,PSO,3,0.3230565000558272,0.9697287000017241,-26.432286915810703,0.0,1
Astronaut,kapur,7,4,DE,1,0.3230565000558272,0.3233172000036575,-26.432263207192598,8.969567476587809e-07,0
Astronaut,kapur,7,4,DE,2,0.3230565000558272,0.6471862000180408,-26.432263207192598,8.969567476587809e-07,0
Astronaut,kapur,7,4,DE,3,0.3230565000558272,0.9695502000395209,-26.432263207192598,8.969567476587809e-07,0
Astronaut,kapur,7,5,RM-MDE,1,0.3184519999776967,0.3184519999776967,-26.432286915810703,0.0,1
Astronaut,kapur,7,5,PSO,1,0.3184519999776967,0.31870209996122867,-26.432286915810703,0.0,1
Astronaut,kapur,7,5,PSO,2,0.3184519999776967,0.6376474999706261,-26.432286915810703,0.0,1
Astronaut,kapur,7,5,PSO,3,0.3184519999776967,0.9561186999781057,-26.432286915810703,0.0,1
Astronaut,kapur,7,5,DE,1,0.3184519999776967,0.31952100002672523,-26.431945879911638,1.2902247170359337e-05,0
Astronaut,kapur,7,5,DE,2,0.3184519999776967,0.636959100025706,-26.431945879911638,1.2902247170359337e-05,0
Astronaut,kapur,7,5,DE,3,0.3184519999776967,0.9560429999837652,-26.431945879911638,1.2902247170359337e-05,0
Astronaut,kapur,7,6,RM-MDE,1,0.2978088000090793,0.2978088000090793,-26.432286915810703,0.0,1
Astronaut,kapur,7,6,PSO,1,0.2978088000090793,0.29819369997130707,-26.432194952939295,3.4791870904541385e-06,0
Astronaut,kapur,7,6,PSO,2,0.2978088000090793,0.595758699986618,-26.432194952939295,3.4791870904541385e-06,0
Astronaut,kapur,7,6,PSO,3,0.2978088000090793,0.8934452999965288,-26.432194952939295,3.4791870904541385e-06,0
Astronaut,kapur,7,6,DE,1,0.2978088000090793,0.2984783000429161,-26.432263207192598,8.969567476587809e-07,0
Astronaut,kapur,7,6,DE,2,0.2978088000090793,0.5959170000278391,-26.432263207192598,8.969567476587809e-07,0
Astronaut,kapur,7,6,DE,3,0.2978088000090793,0.8943011000519618,-26.432263207192598,8.969567476587809e-07,0
Astronaut,kapur,7,7,RM-MDE,1,0.30478750000474975,0.30478750000474975,-26.432286915810703,0.0,1
Astronaut,kapur,7,7,PSO,1,0.30478750000474975,0.30507740000030026,-26.432286915810703,0.0,1
Astronaut,kapur,7,7,PSO,2,0.30478750000474975,0.6098980000242591,-26.432286915810703,0.0,1
Astronaut,kapur,7,7,PSO,3,0.30478750000474975,0.9150076000369154,-26.432286915810703,0.0,1
Astronaut,kapur,7,7,DE,1,0.30478750000474975,0.3059992999769747,-26.432194952939295,3.4791870904541385e-06,0
Astronaut,kapur,7,7,DE,2,0.30478750000474975,0.6095920999650843,-26.432194952939295,3.4791870904541385e-06,0
Astronaut,kapur,7,7,DE,3,0.30478750000474975,0.9152158999931999,-26.432194952939295,3.4791870904541385e-06,0
Astronaut,kapur,7,8,RM-MDE,1,0.27988280000863597,0.27988280000863597,-26.432286915810703,0.0,1
Astronaut,kapur,7,8,PSO,1,0.27988280000863597,0.2801768999779597,-26.432286915810703,0.0,1
Astronaut,kapur,7,8,PSO,2,0.27988280000863597,0.5598173000034876,-26.432286915810703,0.0,1
Astronaut,kapur,7,8,PSO,3,0.27988280000863597,0.8399294000118971,-26.432286915810703,0.0,1
Astronaut,kapur,7,8,DE,1,0.27988280000863597,0.28034980001393706,-26.432056114128574,8.73180905095276e-06,0
Astronaut,kapur,7,8,DE,2,0.27988280000863597,0.5605670000077225,-26.432056114128574,8.73180905095276e-06,0
Astronaut,kapur,7,8,DE,3,0.27988280000863597,0.8405237999977544,-26.432056114128574,8.73180905095276e-06,0
Astronaut,kapur,7,9,RM-MDE,1,0.31010390003211796,0.31010390003211796,-26.432286915810703,0.0,1
Astronaut,kapur,7,9,PSO,1,0.31010390003211796,0.3105801999918185,-26.432286915810703,0.0,1
Astronaut,kapur,7,9,PSO,2,0.31010390003211796,0.6202760000014678,-26.432286915810703,0.0,1
Astronaut,kapur,7,9,PSO,3,0.31010390003211796,0.9308064000215381,-26.432286915810703,0.0,1
Astronaut,kapur,7,9,DE,1,0.31010390003211796,0.3101872999686748,-26.430888422297112,5.2908532585365196e-05,0
Astronaut,kapur,7,9,DE,2,0.31010390003211796,0.6206755999592133,-26.430888422297112,5.2908532585365196e-05,0
Astronaut,kapur,7,9,DE,3,0.31010390003211796,0.9304660999914631,-26.430888422297112,5.2908532585365196e-05,0
Astronaut,kapur,8,0,RM-MDE,1,0.327301399956923,0.327301399956923,-28.742046310319804,0.0,1
Astronaut,kapur,8,0,PSO,1,0.327301399956923,0.32803630002308637,-28.741920202711018,4.387565430247451e-06,0
Astronaut,kapur,8,0,PSO,2,0.327301399956923,0.6546248000231571,-28.7419799664892,2.3082500768090034e-06,0
Astronaut,kapur,8,0,PSO,3,0.327301399956923,0.9819294000044465,-28.7419799664892,2.3082500768090034e-06,0
Astronaut,kapur,8,0,DE,1,0.327301399956923,0.32750239997403696,-28.7419156820469,4.544849433898987e-06,0
Astronaut,kapur,8,0,DE,2,0.327301399956923,0.6551508999546058,-28.7419156820469,4.544849433898987e-06,0
Astronaut,kapur,8,0,DE,3,0.327301399956923,0.9823308999766596,-28.7419156820469,4.544849433898987e-06,0
Astronaut,kapur,8,1,RM-MDE,1,0.24895939999260008,0.24895939999260008,-28.742046310319804,0.0,1
Astronaut,kapur,8,1,PSO,1,0.24895939999260008,0.24932820000685751,-28.742046310319804,0.0,1
Astronaut,kapur,8,1,PSO,2,0.24895939999260008,0.49867410003207624,-28.742046310319804,0.0,1
Astronaut,kapur,8,1,PSO,3,0.24895939999260008,0.7477075000060722,-28.742046310319804,0.0,1
Astronaut,kapur,8,1,DE,1,0.24895939999260008,0.24900159996468574,-28.739345634770302,9.39625355948272e-05,0
Astronaut,kapur,8,1,DE,2,0.24895939999260008,0.4987870999611914,-28.739345634770302,9.39625355948272e-05,0
Astronaut,kapur,8,1,DE,3,0.24895939999260008,0.7477722999756224,-28.739345634770302,9.39625355948272e-05,0
Astronaut,kapur,8,2,RM-MDE,1,0.31526070000836626,0.31526070000836626,-28.742046310319804,0.0,1
Astronaut,kapur,8,2,PSO,1,0.31526070000836626,0.31562049995409325,-28.7419156820469,4.544849433898987e-06,0
Astronaut,kapur,8,2,PSO,2,0.31526070000836626,0.6309133999748155,-28.7419156820469,4.544849433898987e-06,0
Astronaut,kapur,8,2,PSO,3,0.31526070000836626,0.9462348999804817,-28.7419156820469,4.544849433898987e-06,0
Astronaut,kapur,8,2,DE,1,0.31526070000836626,0.3164161000167951,-28.742046310319804,0.0,1
Astronaut,kapur,8,2,DE,2,0.31526070000836626,0.63162800000282,-28.742046310319804,0.0,1
Astronaut,kapur,8,2,DE,3,0.31526070000836626,0.946408900024835,-28.742046310319804,0.0,1
Astronaut,kapur,8,3,RM-MDE,1,0.2853725000168197,0.2853725000168197,-28.742046310319804,0.0,1
Astronaut,kapur,8,3,PSO,1,0.2853725000168197,0.28571379999630153,-28.742046310319804,0.0,1
Astronaut,kapur,8,3,PSO,2,0.2853725000168197,0.5712629000190645,-28.742046310319804,0.0,1
Astronaut,kapur,8,3,PSO,3,0.2853725000168197,0.8567626000149176,-28.742046310319804,0.0,1
Astronaut,kapur,8,3,DE,1,0.2853725000168197,0.2857215999974869,-28.74189589290675,5.233357828078452e-06,0
Astronaut,kapur,8,3,DE,2,0.2853725000168197,0.5713020000257529,-28.74189589290675,5.233357828078452e-06,0
Astronaut,kapur,8,3,DE,3,0.2853725000168197,0.8567863000207581,-28.74189589290675,5.233357828078452e-06,0
Astronaut,kapur,8,4,RM-MDE,1,0.25809830002253875,0.25809830002253875,-28.742046310319804,0.0,1
Astronaut,kapur,8,4,PSO,1,0.25809830002253875,0.25823619996663183,-28.741920202711018,4.387565430247451e-06,0
Astronaut,kapur,8,4,PSO,2,0.25809830002253875,0.5164155999664217,-28.742046310319804,0.0,1
Astronaut,kapur,8,4,PSO,3,0.25809830002253875,0.7750859999796376,-28.742046310319804,0.0,1
Astronaut,kapur,8,4,DE,1,0.25809830002253875,0.25853739999001846,-28.737873711835636,0.00014517402272326918,0
Astronaut,kapur,8,4,DE,2,0.25809830002253875,0.5171136999852024,-28.737873711835636,0.00014517402272326918,0
Astronaut,kapur,8,4,DE,3,0.25809830002253875,0.7746875999728218,-28.737873711835636,0.00014517402272326918,0
Astronaut,kapur,8,5,RM-MDE,1,0.29673729999922216,0.29673729999922216,-28.742046310319804,0.0,1
Astronaut,kapur,8,5,PSO,1,0.29673729999922216,0.296803200035356,-28.74120212260292,2.9371176560232137e-05,0
Astronaut,kapur,8,5,PSO,2,0.29673729999922216,0.5943316000048071,-28.74120212260292,2.9371176560232137e-05,0
Astronaut,kapur,8,5,PSO,3,0.29673729999922216,0.8907550000003539,-28.741361970045688,2.3809726932017797e-05,0
Astronaut,kapur,8,5,DE,1,0.29673729999922216,0.2969213000033051,-28.737948558567524,0.000142569937715551,0
Astronaut,kapur,8,5,DE,2,0.29673729999922216,0.5936273999977857,-28.737948558567524,0.000142569937715551,0
Astronaut,kapur,8,5,DE,3,0.29673729999922216,0.8911631000228226,-28.737948558567524,0.000142569937715551,0
Astronaut,kapur,8,6,RM-MDE,1,0.33397320000221953,0.33397320000221953,-28.742046310319804,0.0,1
Astronaut,kapur,8,6,PSO,1,0.33397320000221953,0.3342092999955639,-28.741237852465385,2.8128054825666487e-05,0
Astronaut,kapur,8,6,PSO,2,0.33397320000221953,0.6682900000014342,-28.741337660241424,2.465551932972519e-05,0
Astronaut,kapur,8,6,PSO,3,0.33397320000221953,1.002288400020916,-28.741361970045688,2.3809726932017797e-05,0
Astronaut,kapur,8,6,DE,1,0.33397320000221953,0.33520080003654584,-28.74189589290675,5.233357828078452e-06,0
Astronaut,kapur,8,6,DE,2,0.33397320000221953,0.6679730000323616,-28.74189589290675,5.233357828078452e-06,0
Astronaut,kapur,8,6,DE,3,0.33397320000221953,1.0029919000226073,-28.74189589290675,5.233357828078452e-06,0
Astronaut,kapur,8,7,RM-MDE,1,0.27763260004576296,0.27763260004576296,-28.742046310319804,0.0,1
Astronaut,kapur,8,7,PSO,1,0.27763260004576296,0.27835040003992617,-28.741488077654473,1.9422161501770346e-05,0
Astronaut,kapur,8,7,PSO,2,0.27763260004576296,0.555647500033956,-28.741488077654473,1.9422161501770346e-05,0
Astronaut,kapur,8,7,PSO,3,0.27763260004576296,0.833431200007908,-28.741488077654473,1.9422161501770346e-05,0
Astronaut,kapur,8,7,DE,1,0.27763260004576296,0.2787318000337109,-28.635440687191444,0.0037090477823801637,0
Astronaut,kapur,8,7,DE,2,0.27763260004576296,0.5570736000081524,-28.635440687191444,0.0037090477823801637,0
Astronaut,kapur,8,7,DE,3,0.27763260004576296,0.832916000043042,-28.635440687191444,0.0037090477823801637,0
Astronaut,kapur,8,8,RM-MDE,1,0.30848489998606965,0.30848489998606965,-28.742046310319804,0.0,1
Astronaut,kapur,8,8,PSO,1,0.30848489998606965,0.3092468999675475,-28.732021306159606,0.0003487922902900156,0
Astronaut,kapur,8,8,PSO,2,0.30848489998606965,0.6173323999973945,-28.73839440402102,0.00012705797838318024,0
Astronaut,kapur,8,8,PSO,3,0.30848489998606965,0.9263658999698237,-28.73839440402102,0.00012705797838318024,0
Astronaut,kapur,8,8,DE,1,0.30848489998606965,0.30875600001309067,-28.71422934933727,0.0009678142148336322,0
Astronaut,kapur,8,8,DE,2,0.30848489998606965,0.6173905999748968,-28.71422934933727,0.0009678142148336322,0
Astronaut,kapur,8,8,DE,3,0.30848489998606965,0.9256528000114486,-28.71422934933727,0.0009678142148336322,0
Astronaut,kapur,8,9,RM-MDE,1,0.24775969999609515,0.24775969999609515,-28.742046310319804,0.0,1
Astronaut,kapur,8,9,PSO,1,0.24775969999609515,0.24788249999983236,-28.742046310319804,0.0,1
Astronaut,kapur,8,9,PSO,2,0.24775969999609515,0.49561039998661727,-28.742046310319804,0.0,1
Astronaut,kapur,8,9,PSO,3,0.24775969999609515,0.7437143999850377,-28.742046310319804,0.0,1
Astronaut,kapur,8,9,DE,1,0.24775969999609515,0.24859250005101785,-28.741864683571205,6.319200332441728e-06,0
Astronaut,kapur,8,9,DE,2,0.24775969999609515,0.4964410000247881,-28.741864683571205,6.319200332441728e-06,0
Astronaut,kapur,8,9,DE,3,0.24775969999609515,0.7445970000117086,-28.741864683571205,6.319200332441728e-06,0
Astronaut,mcet,6,0,RM-MDE,1,0.4817611000034958,0.4817611000034958,-149428837.09712836,0.0,1
Astronaut,mcet,6,0,PSO,1,0.4817611000034958,0.4821326000383124,-149428837.09712836,0.0,1
Astronaut,mcet,6,0,PSO,2,0.4817611000034958,0.9640110000036657,-149428837.09712836,0.0,1
Astronaut,mcet,6,0,PSO,3,0.4817611000034958,1.4456837000325322,-149428837.09712836,0.0,1
Astronaut,mcet,6,0,DE,1,0.4817611000034958,0.48281519999727607,-149428837.09712836,0.0,1
Astronaut,mcet,6,0,DE,2,0.4817611000034958,0.9637858999776654,-149428837.09712836,0.0,1
Astronaut,mcet,6,0,DE,3,0.4817611000034958,1.4456920999800786,-149428837.09712836,0.0,1
Astronaut,mcet,6,1,RM-MDE,1,0.27650470001390204,0.27650470001390204,-149428837.09712836,0.0,1
Astronaut,mcet,6,1,PSO,1,0.27650470001390204,0.2772444000001997,-149428837.09712836,0.0,1
Astronaut,mcet,6,1,PSO,2,0.27650470001390204,0.5535194999538362,-149428837.09712836,0.0,1
Astronaut,mcet,6,1,PSO,3,0.27650470001390204,0.8299845999572426,-149428837.09712836,0.0,1
Astronaut,mcet,6,1,DE,1,0.27650470001390204,0.2773494999855757,-149428837.09712836,0.0,1
Astronaut,mcet,6,1,DE,2,0.27650470001390204,0.5539263000246137,-149428837.09712836,0.0,1
Astronaut,mcet,6,1,DE,3,0.27650470001390204,0.8296590000391006,-149428837.09712836,0.0,1
Astronaut,mcet,6,2,RM-MDE,1,0.36772320000454783,0.36772320000454783,-149428837.09712836,0.0,1
Astronaut,mcet,6,2,PSO,1,0.36772320000454783,0.3677685000002384,-149428837.09712836,0.0,1
Astronaut,mcet,6,2,PSO,2,0.36772320000454783,0.7355958999833092,-149428837.09712836,0.0,1
Astronaut,mcet,6,2,PSO,3,0.36772320000454783,1.1035746000125073,-149428837.09712836,0.0,1
Astronaut,mcet,6,2,DE,1,0.36772320000454783,0.36875849997159094,-149428837.09712836,0.0,1
Astronaut,mcet,6,2,DE,2,0.36772320000454783,0.7356794999795966,-149428837.09712836,0.0,1
Astronaut,mcet,6,2,DE,3,0.36772320000454783,1.1038142999750562,-149428837.09712836,0.0,1
Astronaut,mcet,6,3,RM-MDE,1,0.33259510004427284,0.33259510004427284,-149428837.09712836,0.0,1
Astronaut,mcet,6,3,PSO,1,0.33259510004427284,0.33339430001797155,-149428837.09712836,0.0,1
Astronaut,mcet,6,3,PSO,2,0.33259510004427284,0.6657097999705002,-149428837.09712836,0.0,1
Astronaut,mcet,6,3,PSO,3,0.33259510004427284,0.9980291000101715,-149428837.09712836,0.0,1
Astronaut,mcet,6,3,DE,1,0.33259510004427284,0.3329824000247754,-149428798.27894607,2.5977704868551345e-07,0
Astronaut,mcet,6,3,DE,2,0.33259510004427284,0.6654837999958545,-149428798.27894607,2.5977704868551345e-07,0
Astronaut,mcet,6,3,DE,3,0.33259510004427284,0.9986149999895133,-149428798.27894607,2.5977704868551345e-07,0
Astronaut,mcet,6,4,RM-MDE,1,0.341122500016354,0.341122500016354,-149428837.09712836,0.0,1
Astronaut,mcet,6,4,PSO,1,0.341122500016354,0.3415333000011742,-149428837.09712836,0.0,1
Astronaut,mcet,6,4,PSO,2,0.341122500016354,0.6828896999941207,-149428837.09712836,0.0,1
Astronaut,mcet,6,4,PSO,3,0.341122500016354,1.0234908999991603,-149428837.09712836,0.0,1
Astronaut,mcet,6,4,DE,1,0.341122500016354,0.34222690004389733,-149428837.09712836,0.0,1
Astronaut,mcet,6,4,DE,2,0.341122500016354,0.6827239000122063,-149428837.09712836,0.0,1
Astronaut,mcet,6,4,DE,3,0.341122500016354,1.0236992000136524,-149428837.09712836,0.0,1
Astronaut,mcet,6,5,RM-MDE,1,0.2487760999938473,0.2487760999938473,-149428837.09712836,0.0,1
Astronaut,mcet,6,5,PSO,1,0.2487760999938473,0.24949129996821284,-149428837.09712836,0.0,1
Astronaut,mcet,6,5,PSO,2,0.2487760999938473,0.4983284999616444,-149428837.09712836,0.0,1
Astronaut,mcet,6,5,PSO,3,0.2487760999938473,0.7463969999807887,-149428837.09712836,0.0,1
Astronaut,mcet,6,5,DE,1,0.2487760999938473,0.24964309995993972,-149428837.09712836,0.0,1
Astronaut,mcet,6,5,DE,2,0.2487760999938473,0.49817219999386,-149428837.09712836,0.0,1
Astronaut,mcet,6,5,DE,3,0.2487760999938473,0.7472810999606736,-149428837.09712836,0.0,1
Astronaut,mcet,6,6,RM-MDE,1,0.2894588999915868,0.2894588999915868,-149428837.09712836,0.0,1
Astronaut,mcet,6,6,PSO,1,0.2894588999915868,0.2901016999967396,-149428837.09712836,0.0,1
Astronaut,mcet,6,6,PSO,2,0.2894588999915868,0.5800665999995545,-149428837.09712836,0.0,1
Astronaut,mcet,6,6,PSO,3,0.2894588999915868,0.868767999985721,-149428837.09712836,0.0,1
Astronaut,mcet,6,6,DE,1,0.2894588999915868,0.2902198000228964,-149428837.09712836,0.0,1
Astronaut,mcet,6,6,DE,2,0.2894588999915868,0.579511400021147,-149428837.09712836,0.0,1
Astronaut,mcet,6,6,DE,3,0.2894588999915868,0.8698657000204548,-149428837.09712836,0.0,1
Astronaut,mcet,6,7,RM-MDE,1,0.37434149999171495,0.37434149999171495,-149428837.09712836,0.0,1
Astronaut,mcet,6,7,PSO,1,0.37434149999171495,0.37453610001830384,-149428837.09712836,0.0,1
Astronaut,mcet,6,7,PSO,2,0.37434149999171495,0.7489885000395589,-149428837.09712836,0.0,1
Astronaut,mcet,6,7,PSO,3,0.37434149999171495,1.1235301000415348,-149428837.09712836,0.0,1
Astronaut,mcet,6,7,DE,1,0.37434149999171495,0.3754135000053793,-149428771.99698535,4.3565983835549594e-07,0
Astronaut,mcet,6,7,DE,2,0.37434149999171495,0.7496095999958925,-149428771.99698535,4.3565983835549594e-07,0
Astronaut,mcet,6,7,DE,3,0.37434149999171495,1.1239724999759346,-149428771.99698535,4.3565983835549594e-07,0
Astronaut,mcet,6,8,RM-MDE,1,0.33151759998872876,0.33151759998872876,-149428837.09712836,0.0,1
Astronaut,mcet,6,8,PSO,1,0.33151759998872876,0.33199779997812584,-149428837.09712836,0.0,1
Astronaut,mcet,6,8,PSO,2,0.33151759998872876,0.663444499950856,-149428837.09712836,0.0,1
Astronaut,mcet,6,8,PSO,3,0.33151759998872876,0.9957251999876462,-149428837.09712836,0.0,1
Astronaut,mcet,6,8,DE,1,0.33151759998872876,0.3324830000055954,-149428792.8353079,2.9620668490216676e-07,0
Astronaut,mcet,6,8,DE,2,0.33151759998872876,0.6636334999930114,-149428792.8353079,2.9620668490216676e-07,0
Astronaut,mcet,6,8,DE,3,0.33151759998872876,0.994588700006716,-149428792.8353079,2.9620668490216676e-07,0
Astronaut,mcet,6,9,RM-MDE,1,0.3505229000002146,0.3505229000002146,-149428837.09712836,0.0,1
Astronaut,mcet,6,9,PSO,1,0.3505229000002146,0.3508315000217408,-149428837.09712836,0.0,1
Astronaut,mcet,6,9,PSO,2,0.3505229000002146,0.7014112999895588,-149428837.09712836,0.0,1
Astronaut,mcet,6,9,PSO,3,0.3505229000002146,1.0517895999946631,-149428837.09712836,0.0,1
Astronaut,mcet,6,9,DE,1,0.3505229000002146,0.351269900042098,-149428771.99698535,4.3565983835549594e-07,0
Astronaut,mcet,6,9,DE,2,0.3505229000002146,0.7010503000346944,-149428771.99698535,4.3565983835549594e-07,0
Astronaut,mcet,6,9,DE,3,0.3505229000002146,1.052229900029488,-149428771.99698535,4.3565983835549594e-07,0
Astronaut,mcet,7,0,RM-MDE,1,0.3066934000235051,0.3066934000235051,-149470940.93687743,0.0,1
Astronaut,mcet,7,0,PSO,1,0.3066934000235051,0.30719919997500256,-149470926.61332852,9.58283183555454e-08,0
Astronaut,mcet,7,0,PSO,2,0.3066934000235051,0.6136185999494046,-149470926.61332852,9.58283183555454e-08,0
Astronaut,mcet,7,0,PSO,3,0.3066934000235051,0.9208043999969959,-149470926.61332852,9.58283183555454e-08,0
Astronaut,mcet,7,0,DE,1,0.3066934000235051,0.3078650999814272,-149470940.93687743,0.0,1
Astronaut,mcet,7,0,DE,2,0.3066934000235051,0.6139889999758452,-149470940.93687743,0.0,1
Astronaut,mcet,7,0,DE,3,0.3066934000235051,0.9206403999705799,-149470940.93687743,0.0,1
Astronaut,mcet,7,1,RM-MDE,1,0.2889842999866232,0.2889842999866232,-149470940.93687743,0.0,1
Astronaut,mcet,7,1,PSO,1,0.2889842999866232,0.2895356999943033,-149470940.93687743,0.0,1
Astronaut,mcet,7,1,PSO,2,0.2889842999866232,0.5790851999772713,-149470940.93687743,0.0,1
Astronaut,mcet,7,1,PSO,3,0.2889842999866232,0.8670646999962628,-149470940.93687743,0.0,1
Astronaut,mcet,7,1,DE,1,0.2889842999866232,0.28968109999550506,-149470149.48098814,5.295048551402696e-06,0
Astronaut,mcet,7,1,DE,2,0.2889842999866232,0.5783981999848038,-149470149.48098814,5.295048551402696e-06,0
Astronaut,mcet,7,1,DE,3,0.2889842999866232,0.8674818000290543,-149470149.48098814,5.295048551402696e-06,0
Astronaut,mcet,7,2,RM-MDE,1,0.33686639997176826,0.33686639997176826,-149470940.93687743,0.0,1
Astronaut,mcet,7,2,PSO,1,0.33686639997176826,0.33725600002799183,-149470940.93687743,0.0,1
Astronaut,mcet,7,2,PSO,2,0.33686639997176826,0.674218500033021,-149470940.93687743,0.0,1
Astronaut,mcet,7,2,PSO,3,0.33686639997176826,1.012133200012613,-149470940.93687743,0.0,1
Astronaut,mcet,7,2,DE,1,0.33686639997176826,0.3379385999869555,-149470870.0614952,4.7417499194519535e-07,0
Astronaut,mcet,7,2,DE,2,0.33686639997176826,0.6740443999879062,-149470870.0614952,4.7417499194519535e-07,0
Astronaut,mcet,7,2,DE,3,0.33686639997176826,1.011401800031308,-149470870.0614952,4.7417499194519535e-07,0
Astronaut,mcet,7,3,RM-MDE,1,0.3783244999940507,0.3783244999940507,-149470940.93687743,0.0,1
Astronaut,mcet,7,3,PSO,1,0.3783244999940507,0.37834719999227673,-149470940.93687743,0.0,1
Astronaut,mcet,7,3,PSO,2,0.3783244999940507,0.7570345000131056,-149470940.93687743,0.0,1
Astronaut,mcet,7,3,PSO,3,0.3783244999940507,1.135635500017088,-149470940.93687743,0.0,1
Astronaut,mcet,7,3,DE,1,0.3783244999940507,0.378924900025595,-149470836.9693387,6.955702432362246e-07,0
Astronaut,mcet,7,3,DE,2,0.3783244999940507,0.7573949000216089,-149470836.9693387,6.955702432362246e-07,0
Astronaut,mcet,7,3,DE,3,0.3783244999940507,1.1355263000004925,-149470836.9693387,6.955702432362246e-07,0
Astronaut,mcet,7,4,RM-MDE,1,0.32221539999591187,0.32221539999591187,-149470940.93687743,0.0,1
Astronaut,mcet,7,4,PSO,1,0.32221539999591187,0.3222177000134252,-149470940.93687743,0.0,1
Astronaut,mcet,7,4,PSO,2,0.32221539999591187,0.6446846000035293,-149470940.93687743,0.0,1
Astronaut,mcet,7,4,PSO,3,0.32221539999591187,0.9671195999835618,-149470940.93687743,0.0,1
Astronaut,mcet,7,4,DE,1,0.32221539999591187,0.3222855000058189,-149470926.61332852,9.58283183555454e-08,0
Astronaut,mcet,7,4,DE,2,0.32221539999591187,0.6461341999820434,-149470926.61332852,9.58283183555454e-08,0
Astronaut,mcet,7,4,DE,3,0.32221539999591187,0.9674947999883443,-149470926.61332852,9.58283183555454e-08,0
Astronaut,mcet,7,5,RM-MDE,1,0.4000687000225298,0.4000687000225298,-149470940.93687743,0.0,1
Astronaut,mcet,7,5,PSO,1,0.4000687000225298,0.40032869996502995,-149470940.93687743,0.0,1
Astronaut,mcet,7,5,PSO,2,0.4000687000225298,0.800589399994351,-149470940.93687743,0.0,1
Astronaut,mcet,7,5,PSO,3,0.4000687000225298,1.2006828999728896,-149470940.93687743,0.0,1
Astronaut,mcet,7,5,DE,1,0.4000687000225298,0.40104550000978634,-149470940.93687743,0.0,1
Astronaut,mcet,7,5,DE,2,0.4000687000225298,0.8016805999795906,-149470940.93687743,0.0,1
Astronaut,mcet,7,5,DE,3,0.4000687000225298,1.2011327999643981,-149470940.93687743,0.0,1
Astronaut,mcet,7,6,RM-MDE,1,0.27579960000002757,0.27579960000002757,-149470940.93687743,0.0,1
Astronaut,mcet,7,6,PSO,1,0.27579960000002757,0.27608199999667704,-149470940.93687743,0.0,1
Astronaut,mcet,7,6,PSO,2,0.27579960000002757,0.5520855000359006,-149470940.93687743,0.0,1
Astronaut,mcet,7,6,PSO,3,0.27579960000002757,0.8280713999993168,-149470940.93687743,0.0,1
Astronaut,mcet,7,6,DE,1,0.27579960000002757,0.27644230000441894,-149470940.93687743,0.0,1
Astronaut,mcet,7,6,DE,2,0.27579960000002757,0.5531284000026062,-149470940.93687743,0.0,1
Astronaut,mcet,7,6,DE,3,0.27579960000002757,0.8280924999853596,-149470940.93687743,0.0,1
Astronaut,mcet,7,7,RM-MDE,1,0.3170318999909796,0.3170318999909796,-149470940.93687743,0.0,1
Astronaut,mcet,7,7,PSO,1,0.3170318999909796,0.3174292999901809,-149470940.93687743,0.0,1
Astronaut,mcet,7,7,PSO,2,0.3170318999909796,0.6344187999493442,-149470940.93687743,0.0,1
Astronaut,mcet,7,7,PSO,3,0.3170318999909796,0.9515428000013344,-149470940.93687743,0.0,1
Astronaut,mcet,7,7,DE,1,0.3170318999909796,0.31716650002636015,-149468778.21258897,1.4469195650390168e-05,0
Astronaut,mcet,7,7,DE,2,0.3170318999909796,0.634737300046254,-149468778.21258897,1.4469195650390168e-05,0
Astronaut,mcet,7,7,DE,3,0.3170318999909796,0.9516798999975435,-149468778.21258897,1.4469195650390168e-05,0
Astronaut,mcet,7,8,RM-MDE,1,0.30056050000712276,0.30056050000712276,-149470940.93687743,0.0,1
Astronaut,mcet,7,8,PSO,1,0.30056050000712276,0.3012108000111766,-149470940.93687743,0.0,1
Astronaut,mcet,7,8,PSO,2,0.30056050000712276,0.6021345999906771,-149470940.93687743,0.0,1
Astronaut,mcet,7,8,PSO,3,0.30056050000712276,0.9020703000132926,-149470940.93687743,0.0,1
Astronaut,mcet,7,8,DE,1,0.30056050000712276,0.30139219999546185,-149470917.57964268,1.5626605813688992e-07,0
Astronaut,mcet,7,8,DE,2,0.30056050000712276,0.6018160000094213,-149470917.57964268,1.5626605813688992e-07,0
Astronaut,mcet,7,8,DE,3,0.30056050000712276,0.9020694000064395,-149470917.57964268,1.5626605813688992e-07,0
Astronaut,mcet,7,9,RM-MDE,1,0.31924420001450926,0.31924420001450926,-149470940.93687743,0.0,1
Astronaut,mcet,7,9,PSO,1,0.31924420001450926,0.3197888000286184,-149470940.93687743,0.0,1
Astronaut,mcet,7,9,PSO,2,0.31924420001450926,0.6388480000314303,-149470940.93687743,0.0,1
Astronaut,mcet,7,9,PSO,3,0.31924420001450926,0.9583520000451244,-149470940.93687743,0.0,1
Astronaut,mcet,7,9,DE,1,0.31924420001450926,0.3192525000195019,-149470940.93687743,0.0,1
Astronaut,mcet,7,9,DE,2,0.31924420001450926,0.6392423000070266,-149470940.93687743,0.0,1
Astronaut,mcet,7,9,DE,3,0.31924420001450926,0.9588278000010177,-149470940.93687743,0.0,1
Astronaut,mcet,8,0,RM-MDE,1,0.22703589999582618,0.22703589999582618,-149493500.56290442,0.0,1
Astronaut,mcet,8,0,PSO,1,0.22703589999582618,0.2277231000480242,-149492740.68325448,5.083028005069745e-06,0
Astronaut,mcet,8,0,PSO,2,0.22703589999582618,0.45458880002843216,-149492740.68325448,5.083028005069745e-06,0
Astronaut,mcet,8,0,PSO,3,0.22703589999582618,0.6815541000105441,-149492740.68325448,5.083028005069745e-06,0
Astronaut,mcet,8,0,DE,1,0.22703589999582618,0.2280579000362195,-149493466.4248383,2.2835819607174433e-07,0
Astronaut,mcet,8,0,DE,2,0.22703589999582618,0.4546178000164218,-149493466.4248383,2.2835819607174433e-07,0
Astronaut,mcet,8,0,DE,3,0.22703589999582618,0.6812115000211634,-149493466.4248383,2.2835819607174433e-07,0
Astronaut,mcet,8,1,RM-MDE,1,0.26042710000183433,0.26042710000183433,-149493500.56290442,0.0,1
Astronaut,mcet,8,1,PSO,1,0.26042710000183433,0.26090480003040284,-149492754.4372301,4.9910241682606724e-06,0
Astronaut,mcet,8,1,PSO,2,0.26042710000183433,0.5216131000197493,-149492754.4372301,4.9910241682606724e-06,0
Astronaut,mcet,8,1,PSO,3,0.26042710000183433,0.7813444000203162,-149492754.4372301,4.9910241682606724e-06,0
Astronaut,mcet,8,1,DE,1,0.26042710000183433,0.2608662000275217,-149493497.1391281,2.2902509578488473e-08,0
Astronaut,mcet,8,1,DE,2,0.26042710000183433,0.521194499975536,-149493497.1391281,2.2902509578488473e-08,0
Astronaut,mcet,8,1,DE,3,0.26042710000183433,0.7815093999961391,-149493497.1391281,2.2902509578488473e-08,0
Astronaut,mcet,8,2,RM-MDE,1,0.2552771999617107,0.2552771999617107,-149493500.56290442,0.0,1
Astronaut,mcet,8,2,PSO,1,0.2552771999617107,0.2557661000173539,-149493500.56290442,0.0,1
Astronaut,mcet,8,2,PSO,2,0.2552771999617107,0.5109869000152685,-149493500.56290442,0.0,1
Astronaut,mcet,8,2,PSO,3,0.2552771999617107,0.7661297000013292,-149493500.56290442,0.0,1
Astronaut,mcet,8,2,DE,1,0.2552771999617107,0.25655440002446994,-149493201.31473958,2.001746990376169e-06,0
Astronaut,mcet,8,2,DE,2,0.2552771999617107,0.5120302999857813,-149493201.31473958,2.001746990376169e-06,0
Astronaut,mcet,8,2,DE,3,0.2552771999617107,0.766629500023555,-149493201.31473958,2.001746990376169e-06,0
Astronaut,mcet,8,3,RM-MDE,1,0.26596480002626777,0.26596480002626777,-149493500.56290442,0.0,1
Astronaut,mcet,8,3,PSO,1,0.26596480002626777,0.2669192000175826,-149493474.5600978,1.7393937867530893e-07,0
Astronaut,mcet,8,3,PSO,2,0.26596480002626777,0.5322319000260904,-149493482.72039393,1.1935308508012184e-07,0
Astronaut,mcet,8,3,PSO,3,0.26596480002626777,0.7984953999985009,-149493482.72039393,1.1935308508012184e-07,0
Astronaut,mcet,8,3,DE,1,0.26596480002626777,0.2668279999634251,-149492754.4372301,4.9910241682606724e-06,0
Astronaut,mcet,8,3,DE,2,0.26596480002626777,0.5328384999884292,-149492754.4372301,4.9910241682606724e-06,0
Astronaut,mcet,8,3,DE,3,0.26596480002626777,0.7984358999528922,-149492754.4372301,4.9910241682606724e-06,0
Astronaut,mcet,8,4,RM-MDE,1,0.255360999959521,0.255360999959521,-149493500.56290442,0.0,1
Astronaut,mcet,8,4,PSO,1,0.255360999959521,0.25550379999913275,-149492740.68325448,5.083028005069745e-06,0
Astronaut,mcet,8,4,PSO,2,0.255360999959521,0.5120816000271589,-149492740.68325448,5.083028005069745e-06,0
Astronaut,mcet,8,4,PSO,3,0.255360999959521,0.7664926000288688,-149492740.68325448,5.083028005069745e-06,0
Astronaut,mcet,8,4,DE,1,0.255360999959521,0.2561285000410862,-149493490.1102246,6.992063048593779e-08,0
Astronaut,mcet,8,4,DE,2,0.255360999959521,0.5115093000349589,-149493490.1102246,6.992063048593779e-08,0
Astronaut,mcet,8,4,DE,3,0.255360999959521,0.7668821000261232,-149493490.1102246,6.992063048593779e-08,0
Astronaut,mcet,8,5,RM-MDE,1,0.18118849996244535,0.18118849996244535,-149493500.56290442,0.0,1
Astronaut,mcet,8,5,PSO,1,0.18118849996244535,0.1812501000240445,-149492740.68325448,5.083028005069745e-06,0
Astronaut,mcet,8,5,PSO,2,0.18118849996244535,0.36243029998149723,-149492740.68325448,5.083028005069745e-06,0
Astronaut,mcet,8,5,PSO,3,0.18118849996244535,0.5436075999750756,-149492740.68325448,5.083028005069745e-06,0
Astronaut,mcet,8,5,DE,1,0.18118849996244535,0.1813341000233777,-149493500.56290442,0.0,1
Astronaut,mcet,8,5,DE,2,0.18118849996244535,0.3637641000095755,-149493500.56290442,0.0,1
Astronaut,mcet,8,5,DE,3,0.18118849996244535,0.5443161000148393,-149493500.56290442,0.0,1
Astronaut,mcet,8,6,RM-MDE,1,0.31845429999521,0.31845429999521,-149493500.56290442,0.0,1
Astronaut,mcet,8,6,PSO,1,0.31845429999521,0.3185306999948807,-149492710.84560105,5.2826196482914574e-06,0
Astronaut,mcet,8,6,PSO,2,0.31845429999521,0.6373854000121355,-149492710.84560105,5.2826196482914574e-06,0
Astronaut,mcet,8,6,PSO,3,0.31845429999521,0.9558961999719031,-149492710.84560105,5.2826196482914574e-06,0
Astronaut,mcet,8,6,DE,1,0.31845429999521,0.3187970000435598,-149493469.6982267,2.0646166964452807e-07,0
Astronaut,mcet,8,6,DE,2,0.31845429999521,0.6374718000297435,-149493469.6982267,2.0646166964452807e-07,0
Astronaut,mcet,8,6,DE,3,0.31845429999521,0.9564991000224836,-149493469.6982267,2.0646166964452807e-07,0
Astronaut,mcet,8,7,RM-MDE,1,0.30743589997291565,0.30743589997291565,-149492754.4372301,4.9910241682606724e-06,0
Astronaut,mcet,8,7,PSO,1,0.30743589997291565,0.3078979999991134,-149493500.56290442,0.0,1
Astronaut,mcet,8,7,PSO,2,0.30743589997291565,0.6151633000117727,-149493500.56290442,0.0,1
Astronaut,mcet,8,7,PSO,3,0.30743589997291565,0.9230725999805145,-149493500.56290442,0.0,1
Astronaut,mcet,8,7,DE,1,0.30743589997291565,0.30826379999052733,-149492728.81694365,5.162404772555978e-06,0
Astronaut,mcet,8,7,DE,2,0.30743589997291565,0.6157379999640398,-149492728.81694365,5.162404772555978e-06,0
Astronaut,mcet,8,7,DE,3,0.30743589997291565,0.9229936999618076,-149492728.81694365,5.162404772555978e-06,0
Astronaut,mcet,8,8,RM-MDE,1,0.20426289999159053,0.20426289999159053,-149493500.56290442,0.0,1
Astronaut,mcet,8,8,PSO,1,0.20426289999159053,0.2043034000089392,-149493396.63845006,6.951770743870609e-07,0
Astronaut,mcet,8,8,PSO,2,0.20426289999159053,0.4085719000431709,-149493426.8521801,4.930697591964655e-07,0
Astronaut,mcet,8,8,PSO,3,0.20426289999159053,0.613500900042709,-149493426.8521801,4.930697591964655e-07,0
Astronaut,mcet,8,8,DE,1,0.20426289999159053,0.20489890000317246,-149493497.55096656,2.014761742372084e-08,0
Astronaut,mcet,8,8,DE,2,0.20426289999159053,0.4106284999870695,-149493497.55096656,2.014761742372084e-08,0
Astronaut,mcet,8,8,DE,3,0.20426289999159053,0.614835900021717,-149493497.55096656,2.014761742372084e-08,0
Astronaut,mcet,8,9,RM-MDE,1,0.5246005000080913,0.5246005000080913,-149493500.56290442,0.0,1
Astronaut,mcet,8,9,PSO,1,0.5246005000080913,0.5261317999684252,-149492754.4372301,4.9910241682606724e-06,0
Astronaut,mcet,8,9,PSO,2,0.5246005000080913,1.049693099979777,-149492754.4372301,4.9910241682606724e-06,0
Astronaut,mcet,8,9,PSO,3,0.5246005000080913,1.5741721999947913,-149492754.4372301,4.9910241682606724e-06,0
Astronaut,mcet,8,9,DE,1,0.5246005000080913,0.5252348000067286,-149493483.0508804,1.1714237708828983e-07,0
Astronaut,mcet,8,9,DE,2,0.5246005000080913,1.0494546000263654,-149493483.0508804,1.1714237708828983e-07,0
Astronaut,mcet,8,9,DE,3,0.5246005000080913,1.574333700002171,-149493483.0508804,1.1714237708828983e-07,0
Coffee,otsu,6,0,RM-MDE,1,0.13309730001492426,0.13309730001492426,-3201671703.2107673,0.0,1
Coffee,otsu,6,0,PSO,1,0.13309730001492426,0.1333392999949865,-3201671703.2107673,0.0,1
Coffee,otsu,6,0,PSO,2,0.13309730001492426,0.2667208000202663,-3201671703.2107673,0.0,1
Coffee,otsu,6,0,PSO,3,0.13309730001492426,0.399862700025551,-3201671703.2107673,0.0,1
Coffee,otsu,6,0,DE,1,0.13309730001492426,0.13375790003919974,-3201665878.236563,1.819353995046367e-06,0
Coffee,otsu,6,0,DE,2,0.13309730001492426,0.2667951000039466,-3201665878.236563,1.819353995046367e-06,0
Coffee,otsu,6,0,DE,3,0.13309730001492426,0.39995360001921654,-3201665878.236563,1.819353995046367e-06,0
Coffee,otsu,6,1,RM-MDE,1,0.16072949999943376,0.16072949999943376,-3201671703.2107673,0.0,1
Coffee,otsu,6,1,PSO,1,0.16072949999943376,0.16101889999117702,-3201671703.2107673,0.0,1
Coffee,otsu,6,1,PSO,2,0.16072949999943376,0.3220168999978341,-3201671703.2107673,0.0,1
Coffee,otsu,6,1,PSO,3,0.16072949999943376,0.4822318000369705,-3201671703.2107673,0.0,1
Coffee,otsu,6,1,DE,1,0.16072949999943376,0.1611477000406012,-3201671703.2107673,0.0,1
Coffee,otsu,6,1,DE,2,0.16072949999943376,0.3219262000056915,-3201671703.2107673,0.0,1
Coffee,otsu,6,1,DE,3,0.16072949999943376,0.48233299999265,-3201671703.2107673,0.0,1
Coffee,otsu,6,2,RM-MDE,1,0.16504900000290945,0.16504900000290945,-3201671703.2107673,0.0,1
Coffee,otsu,6,2,PSO,1,0.16504900000290945,0.1655274000368081,-3201671703.2107673,0.0,1
Coffee,otsu,6,2,PSO,2,0.16504900000290945,0.3303775999811478,-3201671703.2107673,0.0,1
Coffee,otsu,6,2,PSO,3,0.16504900000290945,0.4952628000173718,-3201671703.2107673,0.0,1
Coffee,otsu,6,2,DE,1,0.16504900000290945,0.165328600036446,-3201671703.2107673,0.0,1
Coffee,otsu,6,2,DE,2,0.16504900000290945,0.3308040000265464,-3201671703.2107673,0.0,1
Coffee,otsu,6,2,DE,3,0.16504900000290945,0.49603350000688806,-3201671703.2107673,0.0,1
Coffee,otsu,6,3,RM-MDE,1,0.14413500000955537,0.14413500000955537,-3201671703.2107673,0.0,1
Coffee,otsu,6,3,PSO,1,0.14413500000955537,0.14467519999016076,-3201671703.2107673,0.0,1
Coffee,otsu,6,3,PSO,2,0.14413500000955537,0.2886875999975018,-3201671703.2107673,0.0,1
Coffee,otsu,6,3,PSO,3,0.14413500000955537,0.43256709998240694,-3201671703.2107673,0.0,1
Coffee,otsu,6,3,DE,1,0.14413500000955537,0.14444010000443086,-3200905937.970396,0.00023917668997832807,0
Coffee,otsu,6,3,DE,2,0.14413500000955537,0.2888076000381261,-3200905937.970396,0.00023917668997832807,0
Coffee,otsu,6,3,DE,3,0.14413500000955537,0.43269950000103563,-3200905937.970396,0.00023917668997832807,0
Coffee,otsu,6,4,RM-MDE,1,0.14325850002933294,0.14325850002933294,-3201671703.2107673,0.0,1
Coffee,otsu,6,4,PSO,1,0.14325850002933294,0.14351910003460944,-3201671703.2107673,0.0,1
Coffee,otsu,6,4,PSO,2,0.14325850002933294,0.28682770003797486,-3201671703.2107673,0.0,1
Coffee,otsu,6,4,PSO,3,0.14325850002933294,0.43014180002501234,-3201671703.2107673,0.0,1
Coffee,otsu,6,4,DE,1,0.14325850002933294,0.14390910003567114,-3201664985.485613,2.0981929995080578e-06,0
Coffee,otsu,6,4,DE,2,0.14325850002933294,0.28713160002371296,-3201664985.485613,2.0981929995080578e-06,0
Coffee,otsu,6,4,DE,3,0.14325850002933294,0.42996770003810525,-3201664985.485613,2.0981929995080578e-06,0
Coffee,otsu,6,5,RM-MDE,1,0.14504540001507849,0.14504540001507849,-3201671703.2107673,0.0,1
Coffee,otsu,6,5,PSO,1,0.14504540001507849,0.1457759999902919,-3201671703.2107673,0.0,1
Coffee,otsu,6,5,PSO,2,0.14504540001507849,0.29052159999264404,-3201671703.2107673,0.0,1
Coffee,otsu,6,5,PSO,3,0.14504540001507849,0.4356456000241451,-3201671703.2107673,0.0,1
Coffee,otsu,6,5,DE,1,0.14504540001507849,0.14552419999381527,-3201671703.2107673,0.0,1
Coffee,otsu,6,5,DE,2,0.14504540001507849,0.29023540002526715,-3201671703.2107673,0.0,1
Coffee,otsu,6,5,DE,3,0.14504540001507849,0.4351880000322126,-3201671703.2107673,0.0,1
Coffee,otsu,6,6,RM-MDE,1,0.14909239998087287,0.14909239998087287,-3201671703.2107673,0.0,1
Coffee,otsu,6,6,PSO,1,0.14909239998087287,0.14949609996983781,-3201671703.2107673,0.0,1
Coffee,otsu,6,6,PSO,2,0.14909239998087287,0.2985515999607742,-3201671703.2107673,0.0,1
Coffee,otsu,6,6,PSO,3,0.14909239998087287,0.44736459996784106,-3201671703.2107673,0.0,1
Coffee,otsu,6,6,DE,1,0.14909239998087287,0.1491964000160806,-3201657642.737926,4.391603557342372e-06,0
Coffee,otsu,6,6,DE,2,0.14909239998087287,0.29880240000784397,-3201657642.737926,4.391603557342372e-06,0
Coffee,otsu,6,6,DE,3,0.14909239998087287,0.4473676000488922,-3201657642.737926,4.391603557342372e-06,0
Coffee,otsu,6,7,RM-MDE,1,0.13071080000372604,0.13071080000372604,-3201671703.2107673,0.0,1
Coffee,otsu,6,7,PSO,1,0.13071080000372604,0.13118839997332543,-3201671703.2107673,0.0,1
Coffee,otsu,6,7,PSO,2,0.13071080000372604,0.2618351000128314,-3201671703.2107673,0.0,1
Coffee,otsu,6,7,PSO,3,0.13071080000372604,0.3923264999757521,-3201671703.2107673,0.0,1
Coffee,otsu,6,7,DE,1,0.13071080000372604,0.13089309999486431,-3201664985.485613,2.0981929995080578e-06,0
Coffee,otsu,6,7,DE,2,0.13071080000372604,0.2620446999790147,-3201664985.485613,2.0981929995080578e-06,0
Coffee,otsu,6,7,DE,3,0.13071080000372604,0.39225039997836575,-3201664985.485613,2.0981929995080578e-06,0
Coffee,otsu,6,8,RM-MDE,1,0.13784079998731613,0.13784079998731613,-3201671703.2107673,0.0,1
Coffee,otsu,6,8,PSO,1,0.13784079998731613,0.13834780000615865,-3201671703.2107673,0.0,1
Coffee,otsu,6,8,PSO,2,0.13784079998731613,0.27620959997875616,-3201671703.2107673,0.0,1
Coffee,otsu,6,8,PSO,3,0.13784079998731613,0.4138092999928631,-3201671703.2107673,0.0,1
Coffee,otsu,6,8,DE,1,0.13784079998731613,0.1383172000059858,-3201671703.2107673,0.0,1
Coffee,otsu,6,8,DE,2,0.13784079998731613,0.27615470002638176,-3201671703.2107673,0.0,1
Coffee,otsu,6,8,DE,3,0.13784079998731613,0.41417070000898093,-3201671703.2107673,0.0,1
Coffee,otsu,6,9,RM-MDE,1,0.16579330002423376,0.16579330002423376,-3201671703.2107673,0.0,1
Coffee,otsu,6,9,PSO,1,0.16579330002423376,0.1664314999943599,-3201665878.236563,1.819353995046367e-06,0
Coffee,otsu,6,9,PSO,2,0.16579330002423376,0.3318851999938488,-3201665878.236563,1.819353995046367e-06,0
Coffee,otsu,6,9,PSO,3,0.16579330002423376,0.49799020000500605,-3201665878.236563,1.819353995046367e-06,0
Coffee,otsu,6,9,DE,1,0.16579330002423376,0.1661053000134416,-3201671703.2107673,0.0,1
Coffee,otsu,6,9,DE,2,0.16579330002423376,0.33220930001698434,-3201671703.2107673,0.0,1
Coffee,otsu,6,9,DE,3,0.16579330002423376,0.4982732000062242,-3201671703.2107673,0.0,1
Coffee,otsu,7,0,RM-MDE,1,0.16047090000938624,0.16047090000938624,-3207059090.470672,0.0,1
Coffee,otsu,7,0,PSO,1,0.16047090000938624,0.16088959999615327,-3207053816.459753,1.6445006999606188e-06,0
Coffee,otsu,7,0,PSO,2,0.16047090000938624,0.32095689995912835,-3207053816.459753,1.6445006999606188e-06,0
Coffee,otsu,7,0,PSO,3,0.16047090000938624,0.481836499995552,-3207053816.459753,1.6445006999606188e-06,0
Coffee,otsu,7,0,DE,1,0.16047090000938624,0.16160360001958907,-3206942566.1153383,3.633371012091449e-05,0
Coffee,otsu,7,0,DE,2,0.16047090000938624,0.3218219000264071,-3206942566.1153383,3.633371012091449e-05,0
Coffee,otsu,7,0,DE,3,0.16047090000938624,0.4823014999856241,-3206942566.1153383,3.633371012091449e-05,0
Coffee,otsu,7,1,RM-MDE,1,0.15909740002825856,0.15909740002825856,-3207059090.470672,0.0,1
Coffee,otsu,7,1,PSO,1,0.15909740002825856,0.1595005999552086,-3207059090.470672,0.0,1
Coffee,otsu,7,1,PSO,2,0.15909740002825856,0.3183606999809854,-3207059090.470672,0.0,1
Coffee,otsu,7,1,PSO,3,0.15909740002825856,0.47761860000900924,-3207059090.470672,0.0,1
Coffee,otsu,7,1,DE,1,0.15909740002825856,0.15933739999309182,-3207053816.459753,1.6445006999606188e-06,0
Coffee,otsu,7,1,DE,2,0.15909740002825856,0.3188712000264786,-3207053816.459753,1.6445006999606188e-06,0
Coffee,otsu,7,1,DE,3,0.15909740002825856,0.47750450001331046,-3207053816.459753,1.6445006999606188e-06,0
Coffee,otsu,7,2,RM-MDE,1,0.14627130003646016,0.14627130003646016,-3207059090.470672,0.0,1
Coffee,otsu,7,2,PSO,1,0.14627130003646016,0.14653179998276755,-3207058361.437176,2.273215040125816e-07,0
Coffee,otsu,7,2,PSO,2,0.14627130003646016,0.29295360000105575,-3207059090.470672,0.0,1
Coffee,otsu,7,2,PSO,3,0.14627130003646016,0.43910459999460727,-3207059090.470672,0.0,1
Coffee,otsu,7,2,DE,1,0.14627130003646016,0.14681830001063645,-3207053816.459753,1.6445006999606188e-06,0
Coffee,otsu,7,2,DE,2,0.14627130003646016,0.2927141999825835,-3207053816.459753,1.6445006999606188e-06,0
Coffee,otsu,7,2,DE,3,0.14627130003646016,0.43947330000810325,-3207053816.459753,1.6445006999606188e-06,0
Coffee,otsu,7,3,RM-MDE,1,0.16203659999882802,0.16203659999882802,-3207059090.470672,0.0,1
Coffee,otsu,7,3,PSO,1,0.16203659999882802,0.16245130001334473,-3207053816.459753,1.6445006999606188e-06,0
Coffee,otsu,7,3,PSO,2,0.16203659999882802,0.3242776999832131,-3207053816.459753,1.6445006999606188e-06,0
Coffee,otsu,7,3,PSO,3,0.16203659999882802,0.4867208999930881,-3207053816.459753,1.6445006999606188e-06,0
Coffee,otsu,7,3,DE,1,0.16203659999882802,0.1626302000368014,-3207041440.596625,5.503445227973345e-06,0
Coffee,otsu,7,3,DE,2,0.16203659999882802,0.3244018999976106,-3207041440.596625,5.503445227973345e-06,0
Coffee,otsu,7,3,DE,3,0.16203659999882802,0.48653039999771863,-3207041440.596625,5.503445227973345e-06,0
Coffee,otsu,7,4,RM-MDE,1,0.16669159999582916,0.16669159999582916,-3207059090.470672,0.0,1
Coffee,otsu,7,4,PSO,1,0.16669159999582916,0.16686500003561378,-3207055100.337636,1.244171973005658e-06,0
Coffee,otsu,7,4,PSO,2,0.16669159999582916,0.33389499998884276,-3207059090.470672,0.0,1
Coffee,otsu,7,4,PSO,3,0.16669159999582916,0.5001884000375867,-3207059090.470672,0.0,1
Coffee,otsu,7,4,DE,1,0.16669159999582916,0.1670905000064522,-3207059090.470672,0.0,1
Coffee,otsu,7,4,DE,2,0.16669159999582916,0.3337433999986388,-3207059090.470672,0.0,1
Coffee,otsu,7,4,DE,3,0.16669159999582916,0.5004534000181593,-3207059090.470672,0.0,1
Coffee,otsu,7,5,RM-MDE,1,0.17092190001858398,0.17092190001858398,-3207059090.470672,0.0,1
Coffee,otsu,7,5,PSO,1,0.17092190001858398,0.17149949999293312,-3207058361.437176,2.273215040125816e-07,0
Coffee,otsu,7,5,PSO,2,0.17092190001858398,0.3428144000354223,-3207058361.437176,2.273215040125816e-07,0
Coffee,otsu,7,5,PSO,3,0.17092190001858398,0.5127823000075296,-3207058361.437176,2.273215040125816e-07,0
Coffee,otsu,7,5,DE,1,0.17092190001858398,0.1711067000287585,-3207059090.470672,0.0,1
Coffee,otsu,7,5,DE,2,0.17092190001858398,0.34259100002236664,-3207059090.470672,0.0,1
Coffee,otsu,7,5,DE,3,0.17092190001858398,0.5130197000107728,-3207059090.470672,0.0,1
Coffee,otsu,7,6,RM-MDE,1,0.1814441999886185,0.1814441999886185,-3207059090.470672,0.0,1
Coffee,otsu,7,6,PSO,1,0.1814441999886185,0.18157710001105443,-3207059090.470672,0.0,1
Coffee,otsu,7,6,PSO,2,0.1814441999886185,0.36344099999405444,-3207059090.470672,0.0,1
Coffee,otsu,7,6,PSO,3,0.1814441999886185,0.5448615000350401,-3207059090.470672,0.0,1
Coffee,otsu,7,6,DE,1,0.1814441999886185,0.1814680999959819,-3206967593.2422314,2.8529947799413112e-05,0
Coffee,otsu,7,6,DE,2,0.1814441999886185,0.36349640000844374,-3206967593.2422314,2.8529947799413112e-05,0
Coffee,otsu,7,6,DE,3,0.1814441999886185,0.5446021999814548,-3206967593.2422314,2.8529947799413112e-05,0
Coffee,otsu,7,7,RM-MDE,1,0.14300049998564646,0.14300049998564646,-3207059090.470672,0.0,1
Coffee,otsu,7,7,PSO,1,0.14300049998564646,0.14344399998662993,-3207059090.470672,0.0,1
Coffee,otsu,7,7,PSO,2,0.14300049998564646,0.2864576000138186,-3207059090.470672,0.0,1
Coffee,otsu,7,7,PSO,3,0.14300049998564646,0.4290336999692954,-3207059090.470672,0.0,1
Coffee,otsu,7,7,DE,1,0.14300049998564646,0.1440213000169024,-3207053471.462312,1.752075094782368e-06,0
Coffee,otsu,7,7,DE,2,0.14300049998564646,0.2865140999783762,-3207053471.462312,1.752075094782368e-06,0
Coffee,otsu,7,7,DE,3,0.14300049998564646,0.4294372000149451,-3207053471.462312,1.752075094782368e-06,0
Coffee,otsu,7,8,RM-MDE,1,0.15242890000808984,0.15242890000808984,-3207053816.459753,1.6445006999606188e-06,0
Coffee,otsu,7,8,PSO,1,0.15242890000808984,0.152451999951154,-3207059090.470672,0.0,1
Coffee,otsu,7,8,PSO,2,0.15242890000808984,0.3054972999962047,-3207059090.470672,0.0,1
Coffee,otsu,7,8,PSO,3,0.15242890000808984,0.45766199997160584,-3207059090.470672,0.0,1
Coffee,otsu,7,8,DE,1,0.15242890000808984,0.1525201000040397,-3207059090.470672,0.0,1
Coffee,otsu,7,8,DE,2,0.15242890000808984,0.3056893000029959,-3207059090.470672,0.0,1
Coffee,otsu,7,8,DE,3,0.15242890000808984,0.45740130002377555,-3207059090.470672,0.0,1
Coffee,otsu,7,9,RM-MDE,1,0.15548220003256574,0.15548220003256574,-3207059090.470672,0.0,1
Coffee,otsu,7,9,PSO,1,0.15548220003256574,0.1559405999723822,-3207058361.437176,2.273215040125816e-07,0
Coffee,otsu,7,9,PSO,2,0.15548220003256574,0.3111231999937445,-3207058361.437176,2.273215040125816e-07,0
Coffee,otsu,7,9,PSO,3,0.15548220003256574,0.46657569997478276,-3207058361.437176,2.273215040125816e-07,0
Coffee,otsu,7,9,DE,1,0.15548220003256574,0.15648990002227947,-3207053816.459753,1.6445006999606188e-06,0
Coffee,otsu,7,9,DE,2,0.15548220003256574,0.31165109999710694,-3207053816.459753,1.6445006999606188e-06,0
Coffee,otsu,7,9,DE,3,0.15548220003256574,0.4669185999664478,-3207053816.459753,1.6445006999606188e-06,0
Coffee,otsu,8,0,RM-MDE,1,0.18637380003929138,0.18637380003929138,-3210284555.942582,0.0,1
Coffee,otsu,8,0,PSO,1,0.18637380003929138,0.18702560005476698,-3210281279.1299114,1.020723432333115e-06,0
Coffee,otsu,8,0,PSO,2,0.18637380003929138,0.37341640004888177,-3210284555.942582,0.0,1
Coffee,otsu,8,0,PSO,3,0.18637380003929138,0.5595992000307888,-3210284555.942582,0.0,1
Coffee,otsu,8,0,DE,1,0.18637380003929138,0.18672140000853688,-3210284555.942582,0.0,1
Coffee,otsu,8,0,DE,2,0.18637380003929138,0.3731091999798082,-3210284555.942582,0.0,1
Coffee,otsu,8,0,DE,3,0.18637380003929138,0.5598441999754868,-3210284555.942582,0.0,1
Coffee,otsu,8,1,RM-MDE,1,0.1684557999833487,0.1684557999833487,-3210284555.942582,0.0,1
Coffee,otsu,8,1,PSO,1,0.1684557999833487,0.16908550000516698,-3210282568.145797,6.191964452730486e-07,0
Coffee,otsu,8,1,PSO,2,0.1684557999833487,0.33790400001453236,-3210282568.145797,6.191964452730486e-07,0
Coffee,otsu,8,1,PSO,3,0.1684557999833487,0.5055394999799319,-3210282568.145797,6.191964452730486e-07,0
Coffee,otsu,8,1,DE,1,0.1684557999833487,0.1694128999952227,-3210282568.145797,6.191964452730486e-07,0
Coffee,otsu,8,1,DE,2,0.1684557999833487,0.33787519996985793,-3210282568.145797,6.191964452730486e-07,0
Coffee,otsu,8,1,DE,3,0.1684557999833487,0.5055391999776475,-3210282568.145797,6.191964452730486e-07,0
Coffee,otsu,8,2,RM-MDE,1,0.14698319998569787,0.14698319998569787,-3210284555.942582,0.0,1
Coffee,otsu,8,2,PSO,1,0.14698319998569787,0.14741699997102842,-3210281279.1299114,1.020723432333115e-06,0
Coffee,otsu,8,2,PSO,2,0.14698319998569787,0.2945264999871142,-3210282568.145797,6.191964452730486e-07,0
Coffee,otsu,8,2,PSO,3,0.14698319998569787,0.441639699973166,-3210284555.942582,0.0,1
Coffee,otsu,8,2,DE,1,0.14698319998569787,0.1480654999613762,-3210283266.926697,4.0152698706006644e-07,0
Coffee,otsu,8,2,DE,2,0.14698319998569787,0.29438249999657273,-3210283266.926697,4.0152698706006644e-07,0
Coffee,otsu,8,2,DE,3,0.14698319998569787,0.4412789999623783,-3210283266.926697,4.0152698706006644e-07,0
Coffee,otsu,8,3,RM-MDE,1,0.1454212999669835,0.1454212999669835,-3210284555.942582,0.0,1
Coffee,otsu,8,3,PSO,1,0.1454212999669835,0.14578880002954975,-3210284555.942582,0.0,1
Coffee,otsu,8,3,PSO,2,0.1454212999669835,0.29123020003316924,-3210284555.942582,0.0,1
Coffee,otsu,8,3,PSO,3,0.1454212999669835,0.436847300035879,-3210284555.942582,0.0,1
Coffee,otsu,8,3,DE,1,0.1454212999669835,0.145936899993103,-3210284555.942582,0.0,1
Coffee,otsu,8,3,DE,2,0.1454212999669835,0.2916179000167176,-3210284555.942582,0.0,1
Coffee,otsu,8,3,DE,3,0.1454212999669835,0.4372966000228189,-3210284555.942582,0.0,1
Coffee,otsu,8,4,RM-MDE,1,0.14250040001934394,0.14250040001934394,-3210284555.942582,0.0,1
Coffee,otsu,8,4,PSO,1,0.14250040001934394,0.14303219999419525,-3210284555.942582,0.0,1
Coffee,otsu,8,4,PSO,2,0.14250040001934394,0.28544350003357977,-3210284555.942582,0.0,1
Coffee,otsu,8,4,PSO,3,0.14250040001934394,0.4281202999991365,-3210284555.942582,0.0,1
Coffee,otsu,8,4,DE,1,0.14250040001934394,0.14251430000877008,-3210284555.942582,0.0,1
Coffee,otsu,8,4,DE,2,0.14250040001934394,0.28506699996069074,-3210284555.942582,0.0,1
Coffee,otsu,8,4,DE,3,0.14250040001934394,0.42772219999460503,-3210284555.942582,0.0,1
Coffee,otsu,8,5,RM-MDE,1,0.14420889999018982,0.14420889999018982,-3210284555.942582,0.0,1
Coffee,otsu,8,5,PSO,1,0.14420889999018982,0.1446466000052169,-3210284555.942582,0.0,1
Coffee,otsu,8,5,PSO,2,0.14420889999018982,0.28863209998235106,-3210284555.942582,0.0,1
Coffee,otsu,8,5,PSO,3,0.14420889999018982,0.43275869998615235,-3210284555.942582,0.0,1
Coffee,otsu,8,5,DE,1,0.14420889999018982,0.1442731999559328,-3210261345.4776883,7.230033503059046e-06,0
Coffee,otsu,8,5,DE,2,0.14420889999018982,0.28879859996959567,-3210261345.4776883,7.230033503059046e-06,0
Coffee,otsu,8,5,DE,3,0.14420889999018982,0.43305939994752407,-3210261345.4776883,7.230033503059046e-06,0
Coffee,otsu,8,6,RM-MDE,1,0.14202919998206198,0.14202919998206198,-3210284555.942582,0.0,1
Coffee,otsu,8,6,PSO,1,0.14202919998206198,0.14245519996620715,-3210284555.942582,0.0,1
Coffee,otsu,8,6,PSO,2,0.14202919998206198,0.28427549998741597,-3210284555.942582,0.0,1
Coffee,otsu,8,6,PSO,3,0.14202919998206198,0.42626899998867884,-3210284555.942582,0.0,1
Coffee,otsu,8,6,DE,1,0.14202919998206198,0.14295500004664063,-3210273848.075452,3.335488472652098e-06,0
Coffee,otsu,8,6,DE,2,0.14202919998206198,0.28454369999235496,-3210273848.075452,3.335488472652098e-06,0
Coffee,otsu,8,6,DE,3,0.14202919998206198,0.4264503000304103,-3210273848.075452,3.335488472652098e-06,0
Coffee,otsu,8,7,RM-MDE,1,0.24940499995136634,0.24940499995136634,-3210282568.145797,6.191964452730486e-07,0
Coffee,otsu,8,7,PSO,1,0.24940499995136634,0.24983029998838902,-3210284555.942582,0.0,1
Coffee,otsu,8,7,PSO,2,0.24940499995136634,0.4993922000285238,-3210284555.942582,0.0,1
Coffee,otsu,8,7,PSO,3,0.24940499995136634,0.7484069000347517,-3210284555.942582,0.0,1
Coffee,otsu,8,7,DE,1,0.24940499995136634,0.249836899980437,-3210284555.942582,0.0,1
Coffee,otsu,8,7,DE,2,0.24940499995136634,0.500198099995032,-3210284555.942582,0.0,1
Coffee,otsu,8,7,DE,3,0.24940499995136634,0.7486275000264868,-3210284555.942582,0.0,1
Coffee,otsu,8,8,RM-MDE,1,0.2588644999777898,0.2588644999777898,-3210284555.942582,0.0,1
Coffee,otsu,8,8,PSO,1,0.2588644999777898,0.2594355000182986,-3210282568.145797,6.191964452730486e-07,0
Coffee,otsu,8,8,PSO,2,0.2588644999777898,0.5181328000035137,-3210284555.942582,0.0,1
Coffee,otsu,8,8,PSO,3,0.2588644999777898,0.7770646999706514,-3210284555.942582,0.0,1
Coffee,otsu,8,8,DE,1,0.2588644999777898,0.25942710001254454,-3210278380.8285284,1.9235410276311473e-06,0
Coffee,otsu,8,8,DE,2,0.2588644999777898,0.5184898000443354,-3210278380.8285284,1.9235410276311473e-06,0
Coffee,otsu,8,8,DE,3,0.2588644999777898,0.7769184000208043,-3210278380.8285284,1.9235410276311473e-06,0
Coffee,otsu,8,9,RM-MDE,1,0.14041039999574423,0.14041039999574423,-3210284555.942582,0.0,1
Coffee,otsu,8,9,PSO,1,0.14041039999574423,0.14063869998790324,-3210282568.145797,6.191964452730486e-07,0
Coffee,otsu,8,9,PSO,2,0.14041039999574423,0.28091989998938516,-3210284555.942582,0.0,1
Coffee,otsu,8,9,PSO,3,0.14041039999574423,0.421380199957639,-3210284555.942582,0.0,1
Coffee,otsu,8,9,DE,1,0.14041039999574423,0.14118579996284097,-3210284555.942582,0.0,1
Coffee,otsu,8,9,DE,2,0.14041039999574423,0.2809455000096932,-3210284555.942582,0.0,1
Coffee,otsu,8,9,DE,3,0.14041039999574423,0.4212415000074543,-3210284555.942582,0.0,1
Coffee,kapur,6,0,RM-MDE,1,0.23820099997101352,0.23820099997101352,-24.53724016336429,0.0,1
Coffee,kapur,6,0,PSO,1,0.23820099997101352,0.2385848000412807,-24.53724016336429,0.0,1
Coffee,kapur,6,0,PSO,2,0.23820099997101352,0.47687860002042726,-24.53724016336429,0.0,1
Coffee,kapur,6,0,PSO,3,0.23820099997101352,0.7152157000382431,-24.53724016336429,0.0,1
Coffee,kapur,6,0,DE,1,0.23820099997101352,0.23911629995564,-24.53724016336429,0.0,1
Coffee,kapur,6,0,DE,2,0.23820099997101352,0.47647229995345697,-24.53724016336429,0.0,1
Coffee,kapur,6,0,DE,3,0.23820099997101352,0.714728599996306,-24.53724016336429,0.0,1
Coffee,kapur,6,1,RM-MDE,1,0.371146299992688,0.371146299992688,-24.53724016336429,0.0,1
Coffee,kapur,6,1,PSO,1,0.371146299992688,0.37177989998599514,-24.53724016336429,0.0,1
Coffee,kapur,6,1,PSO,2,0.371146299992688,0.7426080999430269,-24.53724016336429,0.0,1
Coffee,kapur,6,1,PSO,3,0.371146299992688,1.1135226999758743,-24.53724016336429,0.0,1
Coffee,kapur,6,1,DE,1,0.371146299992688,0.3713145999936387,-24.53724016336429,0.0,1
Coffee,kapur,6,1,DE,2,0.371146299992688,0.7429225000087172,-24.53724016336429,0.0,1
Coffee,kapur,6,1,DE,3,0.371146299992688,1.11346850002883,-24.53724016336429,0.0,1
Coffee,kapur,6,2,RM-MDE,1,0.3800167999579571,0.3800167999579571,-24.53724016336429,0.0,1
Coffee,kapur,6,2,PSO,1,0.3800167999579571,0.38021929998649284,-24.53724016336429,0.0,1
Coffee,kapur,6,2,PSO,2,0.3800167999579571,0.760748100001365,-24.53724016336429,0.0,1
Coffee,kapur,6,2,PSO,3,0.3800167999579571,1.1402821999508888,-24.53724016336429,0.0,1
Coffee,kapur,6,2,DE,1,0.3800167999579571,0.380416999978479,-24.53724016336429,0.0,1
Coffee,kapur,6,2,DE,2,0.3800167999579571,0.7609577999683097,-24.53724016336429,0.0,1
Coffee,kapur,6,2,DE,3,0.3800167999579571,1.1401190999895334,-24.53724016336429,0.0,1
Coffee,kapur,6,3,RM-MDE,1,0.3473651999956928,0.3473651999956928,-24.53724016336429,0.0,1
Coffee,kapur,6,3,PSO,1,0.3473651999956928,0.34739780001109466,-24.53724016336429,0.0,1
Coffee,kapur,6,3,PSO,2,0.3473651999956928,0.6952588999993168,-24.53724016336429,0.0,1
Coffee,kapur,6,3,PSO,3,0.3473651999956928,1.0421544999699108,-24.53724016336429,0.0,1
Coffee,kapur,6,3,DE,1,0.3473651999956928,0.3480752999894321,-24.53724016336429,0.0,1
Coffee,kapur,6,3,DE,2,0.3473651999956928,0.6951419999822974,-24.53724016336429,0.0,1
Coffee,kapur,6,3,DE,3,0.3473651999956928,1.0428776000044309,-24.53724016336429,0.0,1
Coffee,kapur,6,4,RM-MDE,1,0.3338769000256434,0.3338769000256434,-24.53707692733424,6.652583133408659e-06,0
Coffee,kapur,6,4,PSO,1,0.3338769000256434,0.3338806999963708,-24.42397059235196,0.004616231094377532,0
Coffee,kapur,6,4,PSO,2,0.3338769000256434,0.6685087999794632,-24.42397059235196,0.004616231094377532,0
Coffee,kapur,6,4,PSO,3,0.3338769000256434,1.002234400017187,-24.42397059235196,0.004616231094377532,0
Coffee,kapur,6,4,DE,1,0.3338769000256434,0.33474540000315756,-24.53724016336429,0.0,1
Coffee,kapur,6,4,DE,2,0.3338769000256434,0.6680596999940462,-24.53724016336429,0.0,1
Coffee,kapur,6,4,DE,3,0.3338769000256434,1.002096200012602,-24.53724016336429,0.0,1
Coffee,kapur,6,5,RM-MDE,1,0.2979066999978386,0.2979066999978386,-24.53724016336429,0.0,1
Coffee,kapur,6,5,PSO,1,0.2979066999978386,0.2985405999934301,-24.53724016336429,0.0,1
Coffee,kapur,6,5,PSO,2,0.2979066999978386,0.5962603999651037,-24.53724016336429,0.0,1
Coffee,kapur,6,5,PSO,3,0.2979066999978386,0.8941963000106625,-24.53724016336429,0.0,1
Coffee,kapur,6,5,DE,1,0.2979066999978386,0.29894440004136413,-24.53724016336429,0.0,1
Coffee,kapur,6,5,DE,2,0.2979066999978386,0.5966175000066869,-24.53724016336429,0.0,1
Coffee,kapur,6,5,DE,3,0.2979066999978386,0.8940929000382312,-24.53724016336429,0.0,1
Coffee,kapur,6,6,RM-MDE,1,0.33174729999154806,0.33174729999154806,-24.53724016336429,0.0,1
Coffee,kapur,6,6,PSO,1,0.33174729999154806,0.33191319997422397,-24.53724016336429,0.0,1
Coffee,kapur,6,6,PSO,2,0.33174729999154806,0.6636393999797292,-24.53724016336429,0.0,1
Coffee,kapur,6,6,PSO,3,0.33174729999154806,0.995396799989976,-24.53724016336429,0.0,1
Coffee,kapur,6,6,DE,1,0.33174729999154806,0.3324261999805458,-24.53017812579113,0.00028780896001923335,0
Coffee,kapur,6,6,DE,2,0.33174729999154806,0.6637783999904059,-24.53017812579113,0.00028780896001923335,0
Coffee,kapur,6,6,DE,3,0.33174729999154806,0.9956976000103168,-24.53017812579113,0.00028780896001923335,0
Coffee,kapur,6,7,RM-MDE,1,0.3330572000122629,0.3330572000122629,-24.53724016336429,0.0,1
Coffee,kapur,6,7,PSO,1,0.3330572000122629,0.33323180000297725,-24.53724016336429,0.0,1
Coffee,kapur,6,7,PSO,2,0.3330572000122629,0.66677820001496,-24.53724016336429,0.0,1
Coffee,kapur,6,7,PSO,3,0.3330572000122629,0.9994436000124551,-24.53724016336429,0.0,1
Coffee,kapur,6,7,DE,1,0.3330572000122629,0.3330893000238575,-24.53724016336429,0.0,1
Coffee,kapur,6,7,DE,2,0.3330572000122629,0.6666120000299998,-24.53724016336429,0.0,1
Coffee,kapur,6,7,DE,3,0.3330572000122629,0.9996323000523262,-24.53724016336429,0.0,1
Coffee,kapur,6,8,RM-MDE,1,0.3169353000121191,0.3169353000121191,-24.53724016336429,0.0,1
Coffee,kapur,6,8,PSO,1,0.3169353000121191,0.3175339999725111,-24.53724016336429,0.0,1
Coffee,kapur,6,8,PSO,2,0.3169353000121191,0.6338807999854907,-24.53724016336429,0.0,1
Coffee,kapur,6,8,PSO,3,0.3169353000121191,0.9514191999915056,-24.53724016336429,0.0,1
Coffee,kapur,6,8,DE,1,0.3169353000121191,0.3171590999700129,-24.53724016336429,0.0,1
Coffee,kapur,6,8,DE,2,0.3169353000121191,0.6343287999625318,-24.53724016336429,0.0,1
Coffee,kapur,6,8,DE,3,0.3169353000121191,0.9515592000097968,-24.53724016336429,0.0,1
Coffee,kapur,6,9,RM-MDE,1,0.3710539999883622,0.3710539999883622,-24.53724016336429,0.0,1
Coffee,kapur,6,9,PSO,1,0.3710539999883622,0.3713265999685973,-24.53724016336429,0.0,1
Coffee,kapur,6,9,PSO,2,0.3710539999883622,0.7421787999919616,-24.53724016336429,0.0,1
Coffee,kapur,6,9,PSO,3,0.3710539999883622,1.1132690999656916,-24.53724016336429,0.0,1
Coffee,kapur,6,9,DE,1,0.3710539999883622,0.37206419999711215,-24.53724016336429,0.0,1
Coffee,kapur,6,9,DE,2,0.3710539999883622,0.7432273000013083,-24.53724016336429,0.0,1
Coffee,kapur,6,9,DE,3,0.3710539999883622,1.1141190999769606,-24.53724016336429,0.0,1
Coffee,kapur,7,0,RM-MDE,1,0.43342169997049496,0.43342169997049496,-27.0850540594787,0.0,1
Coffee,kapur,7,0,PSO,1,0.43342169997049496,0.43416209996212274,-27.0850540594787,0.0,1
Coffee,kapur,7,0,PSO,2,0.43342169997049496,0.8677537000039592,-27.0850540594787,0.0,1
Coffee,kapur,7,0,PSO,3,0.43342169997049496,1.3008674999582581,-27.0850540594787,0.0,1
Coffee,kapur,7,0,DE,1,0.43342169997049496,0.43368349998490885,-27.0850540594787,0.0,1
Coffee,kapur,7,0,DE,2,0.43342169997049496,0.8678501999820583,-27.0850540594787,0.0,1
Coffee,kapur,7,0,DE,3,0.43342169997049496,1.3013449999853037,-27.0850540594787,0.0,1
Coffee,kapur,7,1,RM-MDE,1,0.3211774999508634,0.3211774999508634,-27.0850540594787,0.0,1
Coffee,kapur,7,1,PSO,1,0.3211774999508634,0.3213708000257611,-27.0850540594787,0.0,1
Coffee,kapur,7,1,PSO,2,0.3211774999508634,0.6431167999980971,-27.0850540594787,0.0,1
Coffee,kapur,7,1,PSO,3,0.3211774999508634,0.9640478999936022,-27.0850540594787,0.0,1
Coffee,kapur,7,1,DE,1,0.3211774999508634,0.32160740002291277,-27.0850540594787,0.0,1
Coffee,kapur,7,1,DE,2,0.3211774999508634,0.6430974000249989,-27.0850540594787,0.0,1
Coffee,kapur,7,1,DE,3,0.3211774999508634,0.9637815000023693,-27.0850540594787,0.0,1
Coffee,kapur,7,2,RM-MDE,1,0.36200759996427223,0.36200759996427223,-27.0850540594787,0.0,1
Coffee,kapur,7,2,PSO,1,0.36200759996427223,0.3626552000059746,-27.0850540594787,0.0,1
Coffee,kapur,7,2,PSO,2,0.36200759996427223,0.7242773000034504,-27.0850540594787,0.0,1
Coffee,kapur,7,2,PSO,3,0.36200759996427223,1.086169600021094,-27.0850540594787,0.0,1
Coffee,kapur,7,2,DE,1,0.36200759996427223,0.36313830001745373,-27.0850540594787,0.0,1
Coffee,kapur,7,2,DE,2,0.36200759996427223,0.7250295000267215,-27.0850540594787,0.0,1
Coffee,kapur,7,2,DE,3,0.36200759996427223,1.086126099980902,-27.0850540594787,0.0,1
Coffee,kapur,7,3,RM-MDE,1,0.4091751999803819,0.4091751999803819,-27.0850540594787,0.0,1
Coffee,kapur,7,3,PSO,1,0.4091751999803819,0.40961069997865707,-27.0850540594787,0.0,1
Coffee,kapur,7,3,PSO,2,0.4091751999803819,0.8187444999930449,-27.0850540594787,0.0,1
Coffee,kapur,7,3,PSO,3,0.4091751999803819,1.2279983999906108,-27.0850540594787,0.0,1
Coffee,kapur,7,3,DE,1,0.4091751999803819,0.4092683999915607,-27.0850540594787,0.0,1
Coffee,kapur,7,3,DE,2,0.4091751999803819,0.8194353000144474,-27.0850540594787,0.0,1
Coffee,kapur,7,3,DE,3,0.4091751999803819,1.2275941999978386,-27.0850540594787,0.0,1
Coffee,kapur,7,4,RM-MDE,1,0.35280489997239783,0.35280489997239783,-27.0850540594787,0.0,1
Coffee,kapur,7,4,PSO,1,0.35280489997239783,0.35302639997098595,-27.08456417095021,1.8087042669947767e-05,0
Coffee,kapur,7,4,PSO,2,0.35280489997239783,0.7056483999476768,-27.08456417095021,1.8087042669947767e-05,0
Coffee,kapur,7,4,PSO,3,0.35280489997239783,1.0591412999783643,-27.08456417095021,1.8087042669947767e-05,0
Coffee,kapur,7,4,DE,1,0.35280489997239783,0.3534425999969244,-27.08326825338927,6.593326657233812e-05,0
Coffee,kapur,7,4,DE,2,0.35280489997239783,0.7062760000117123,-27.08326825338927,6.593326657233812e-05,0
Coffee,kapur,7,4,DE,3,0.35280489997239783,1.0593055000063032,-27.08326825338927,6.593326657233812e-05,0
Coffee,kapur,7,5,RM-MDE,1,0.3014393000048585,0.3014393000048585,-27.0850540594787,0.0,1
Coffee,kapur,7,5,PSO,1,0.3014393000048585,0.30227319995174184,-27.0850540594787,0.0,1
Coffee,kapur,7,5,PSO,2,0.3014393000048585,0.6033259999821894,-27.0850540594787,0.0,1
Coffee,kapur,7,5,PSO,3,0.3014393000048585,0.9048355999984778,-27.0850540594787,0.0,1
Coffee,kapur,7,5,DE,1,0.3014393000048585,0.30257100000744686,-27.0850540594787,0.0,1
Coffee,kapur,7,5,DE,2,0.3014393000048585,0.6034629000350833,-27.0850540594787,0.0,1
Coffee,kapur,7,5,DE,3,0.3014393000048585,0.9050237000337802,-27.0850540594787,0.0,1
Coffee,kapur,7,6,RM-MDE,1,0.32952660002047196,0.32952660002047196,-27.0850540594787,0.0,1
Coffee,kapur,7,6,PSO,1,0.32952660002047196,0.3303118000039831,-27.0850540594787,0.0,1
Coffee,kapur,7,6,PSO,2,0.32952660002047196,0.659647100022994,-27.0850540594787,0.0,1
Coffee,kapur,7,6,PSO,3,0.32952660002047196,0.9891810999833979,-27.0850540594787,0.0,1
Coffee,kapur,7,6,DE,1,0.32952660002047196,0.3302817000076175,-27.07789544205566,0.0002643013895161823,0
Coffee,kapur,7,6,DE,2,0.32952660002047196,0.6599700000369921,-27.07789544205566,0.0002643013895161823,0
Coffee,kapur,7,6,DE,3,0.32952660002047196,0.9890536000020802,-27.07789544205566,0.0002643013895161823,0
Coffee,kapur,7,7,RM-MDE,1,0.3536284000147134,0.3536284000147134,-27.0850540594787,0.0,1
Coffee,kapur,7,7,PSO,1,0.3536284000147134,0.3540052999742329,-27.0850540594787,0.0,1
Coffee,kapur,7,7,PSO,2,0.3536284000147134,0.7074866999755614,-27.0850540594787,0.0,1
Coffee,kapur,7,7,PSO,3,0.3536284000147134,1.0611083999974653,-27.0850540594787,0.0,1
Coffee,kapur,7,7,DE,1,0.3536284000147134,0.3536619000369683,-27.0850540594787,0.0,1
Coffee,kapur,7,7,DE,2,0.3536284000147134,0.7079493000055663,-27.0850540594787,0.0,1
Coffee,kapur,7,7,DE,3,0.3536284000147134,1.0610234000487253,-27.0850540594787,0.0,1
Coffee,kapur,7,8,RM-MDE,1,0.3499240999808535,0.3499240999808535,-27.0850540594787,0.0,1
Coffee,kapur,7,8,PSO,1,0.3499240999808535,0.3506850000121631,-27.0850540594787,0.0,1
Coffee,kapur,7,8,PSO,2,0.3499240999808535,0.6999805999803357,-27.0850540594787,0.0,1
Coffee,kapur,7,8,PSO,3,0.3499240999808535,1.0498264000052586,-27.0850540594787,0.0,1
Coffee,kapur,7,8,DE,1,0.3499240999808535,0.3510293000144884,-27.0850540594787,0.0,1
Coffee,kapur,7,8,DE,2,0.3499240999808535,0.7007595999748446,-27.0850540594787,0.0,1
Coffee,kapur,7,8,DE,3,0.3499240999808535,1.05063389998395,-27.0850540594787,0.0,1
Coffee,kapur,7,9,RM-MDE,1,0.36116340005537495,0.36116340005537495,-27.08457796493017,1.757775884390296e-05,0
Coffee,kapur,7,9,PSO,1,0.36116340005537495,0.3618895999970846,-27.0850540594787,0.0,1
Coffee,kapur,7,9,PSO,2,0.36116340005537495,0.7226728999521583,-27.0850540594787,0.0,1
Coffee,kapur,7,9,PSO,3,0.36116340005537495,1.083550399984233,-27.0850540594787,0.0,1
Coffee,kapur,7,9,DE,1,0.36116340005537495,0.3611836999771185,-27.0850540594787,0.0,1
Coffee,kapur,7,9,DE,2,0.36116340005537495,0.7232419999781996,-27.0850540594787,0.0,1
Coffee,kapur,7,9,DE,3,0.36116340005537495,1.0845875999657437,-27.0850540594787,0.0,1
Coffee,kapur,8,0,RM-MDE,1,0.3488238000427373,0.3488238000427373,-29.46997912597513,0.0,1
Coffee,kapur,8,0,PSO,1,0.3488238000427373,0.34938179998425767,-29.46997912597513,0.0,1
Coffee,kapur,8,0,PSO,2,0.3488238000427373,0.6983364999759942,-29.46997912597513,0.0,1
Coffee,kapur,8,0,PSO,3,0.3488238000427373,1.0469863999751396,-29.46997912597513,0.0,1
Coffee,kapur,8,0,DE,1,0.3488238000427373,0.3488634999957867,-29.46997912597513,0.0,1
Coffee,kapur,8,0,DE,2,0.3488238000427373,0.6989992000162601,-29.46997912597513,0.0,1
Coffee,kapur,8,0,DE,3,0.3488238000427373,1.0473817000165582,-29.46997912597513,0.0,1
Coffee,kapur,8,1,RM-MDE,1,0.2995562999858521,0.2995562999858521,-29.46997912597513,0.0,1
Coffee,kapur,8,1,PSO,1,0.2995562999858521,0.3002934000105597,-29.46997912597513,0.0,1
Coffee,kapur,8,1,PSO,2,0.2995562999858521,0.6000410999986343,-29.46997912597513,0.0,1
Coffee,kapur,8,1,PSO,3,0.2995562999858521,0.899093099986203,-29.46997912597513,0.0,1
Coffee,kapur,8,1,DE,1,0.2995562999858521,0.3005215000011958,-29.468158631772713,6.177453314894461e-05,0
Coffee,kapur,8,1,DE,2,0.2995562999858521,0.6000591000192799,-29.468158631772713,6.177453314894461e-05,0
Coffee,kapur,8,1,DE,3,0.2995562999858521,0.8994350000284612,-29.468158631772713,6.177453314894461e-05,0
Coffee,kapur,8,2,RM-MDE,1,0.3473935999791138,0.3473935999791138,-29.46997912597513,0.0,1
Coffee,kapur,8,2,PSO,1,0.3473935999791138,0.34777350001968443,-29.4695123557163,1.5838839139765764e-05,0
Coffee,kapur,8,2,PSO,2,0.3473935999791138,0.695592200034298,-29.4695123557163,1.5838839139765764e-05,0
Coffee,kapur,8,2,PSO,3,0.3473935999791138,1.0426779999979772,-29.4695123557163,1.5838839139765764e-05,0
Coffee,kapur,8,2,DE,1,0.3473935999791138,0.34757729998091236,-29.454396558408533,0.0005287607262966117,0
Coffee,kapur,8,2,DE,2,0.3473935999791138,0.6949099999619648,-29.454396558408533,0.0005287607262966117,0
Coffee,kapur,8,2,DE,3,0.3473935999791138,1.043155899969861,-29.454396558408533,0.0005287607262966117,0
Coffee,kapur,8,3,RM-MDE,1,0.33109689998673275,0.33109689998673275,-29.46997912597513,0.0,1
Coffee,kapur,8,3,PSO,1,0.33109689998673275,0.33136320003541186,-29.46997912597513,0.0,1
Coffee,kapur,8,3,PSO,2,0.33109689998673275,0.6628422000212595,-29.46997912597513,0.0,1
Coffee,kapur,8,3,PSO,3,0.33109689998673275,0.9939921000041068,-29.46997912597513,0.0,1
Coffee,kapur,8,3,DE,1,0.33109689998673275,0.3311709999688901,-29.46997912597513,0.0,1
Coffee,kapur,8,3,DE,2,0.33109689998673275,0.6626009999890812,-29.46997912597513,0.0,1
Coffee,kapur,8,3,DE,3,0.33109689998673275,0.9940605000010692,-29.46997912597513,0.0,1
Coffee,kapur,8,4,RM-MDE,1,0.34906239999691024,0.34906239999691024,-29.46997912597513,0.0,1
Coffee,kapur,8,4,PSO,1,0.34906239999691024,0.3495019999681972,-29.46997912597513,0.0,1
Coffee,kapur,8,4,PSO,2,0.34906239999691024,0.6983513999730349,-29.46997912597513,0.0,1
Coffee,kapur,8,4,PSO,3,0.34906239999691024,1.0479149000020698,-29.46997912597513,0.0,1
Coffee,kapur,8,4,DE,1,0.34906239999691024,0.3497221000143327,-29.4430038779316,0.0009153466966576352,0
Coffee,kapur,8,4,DE,2,0.34906239999691024,0.6990923000266775,-29.4430038779316,0.0009153466966576352,0
Coffee,kapur,8,4,DE,3,0.34906239999691024,1.0475455000414513,-29.4430038779316,0.0009153466966576352,0
Coffee,kapur,8,5,RM-MDE,1,0.34250400000019,0.34250400000019,-29.46997912597513,0.0,1
Coffee,kapur,8,5,PSO,1,0.34250400000019,0.3431139999884181,-29.469317997783445,2.2433955207699227e-05,0
Coffee,kapur,8,5,PSO,2,0.34250400000019,0.6856616999721155,-29.469317997783445,2.2433955207699227e-05,0
Coffee,kapur,8,5,PSO,3,0.34250400000019,1.027964799955953,-29.469317997783445,2.2433955207699227e-05,0
Coffee,kapur,8,5,DE,1,0.34250400000019,0.34342429996468127,-29.468338128977724,5.568368373763853e-05,0
Coffee,kapur,8,5,DE,2,0.34250400000019,0.686233899963554,-29.468338128977724,5.568368373763853e-05,0
Coffee,kapur,8,5,DE,3,0.34250400000019,1.0279787000035867,-29.468338128977724,5.568368373763853e-05,0
Coffee,kapur,8,6,RM-MDE,1,0.3326263999915682,0.3326263999915682,-29.46997912597513,0.0,1
Coffee,kapur,8,6,PSO,1,0.3326263999915682,0.33340869995299727,-29.46997912597513,0.0,1
Coffee,kapur,8,6,PSO,2,0.3326263999915682,0.6654748999862932,-29.46997912597513,0.0,1
Coffee,kapur,8,6,PSO,3,0.3326263999915682,0.9987537999986671,-29.46997912597513,0.0,1
Coffee,kapur,8,6,DE,1,0.3326263999915682,0.3335293999989517,-29.46997912597513,0.0,1
Coffee,kapur,8,6,DE,2,0.3326263999915682,0.6664158999919891,-29.46997912597513,0.0,1
Coffee,kapur,8,6,DE,3,0.3326263999915682,0.9991007000207901,-29.46997912597513,0.0,1
Coffee,kapur,8,7,RM-MDE,1,0.3355845999903977,0.3355845999903977,-29.46997912597513,0.0,1
Coffee,kapur,8,7,PSO,1,0.3355845999903977,0.3357094999519177,-29.46997912597513,0.0,1
Coffee,kapur,8,7,PSO,2,0.3355845999903977,0.6719364999444224,-29.46997912597513,0.0,1
Coffee,kapur,8,7,PSO,3,0.3355845999903977,1.0068872999981977,-29.46997912597513,0.0,1
Coffee,kapur,8,7,DE,1,0.3355845999903977,0.3362862999783829,-29.452370708533998,0.0005975035600079973,0
Coffee,kapur,8,7,DE,2,0.3355845999903977,0.6724115000106394,-29.452370708533998,0.0005975035600079973,0
Coffee,kapur,8,7,DE,3,0.3355845999903977,1.0079407999874093,-29.452370708533998,0.0005975035600079973,0
Coffee,kapur,8,8,RM-MDE,1,0.3524887000094168,0.3524887000094168,-29.46997912597513,0.0,1
Coffee,kapur,8,8,PSO,1,0.3524887000094168,0.35278980003204197,-29.46997912597513,0.0,1
Coffee,kapur,8,8,PSO,2,0.3524887000094168,0.7051652999944054,-29.46997912597513,0.0,1
Coffee,kapur,8,8,PSO,3,0.3524887000094168,1.0580869000405073,-29.46997912597513,0.0,1
Coffee,kapur,8,8,DE,1,0.3524887000094168,0.3531548000173643,-29.468569898842205,4.781907468955679e-05,0
Coffee,kapur,8,8,DE,2,0.3524887000094168,0.7052060000132769,-29.468569898842205,4.781907468955679e-05,0
Coffee,kapur,8,8,DE,3,0.3524887000094168,1.0578805000404827,-29.468569898842205,4.781907468955679e-05,0
Coffee,kapur,8,9,RM-MDE,1,0.3728046999895014,0.3728046999895014,-29.46997912597513,0.0,1
Coffee,kapur,8,9,PSO,1,0.3728046999895014,0.37359019997529685,-29.46997912597513,0.0,1
Coffee,kapur,8,9,PSO,2,0.3728046999895014,0.7461824999772944,-29.46997912597513,0.0,1
Coffee,kapur,8,9,PSO,3,0.3728046999895014,1.1188010000041686,-29.46997912597513,0.0,1
Coffee,kapur,8,9,DE,1,0.3728046999895014,0.3731176999863237,-29.468569898842205,4.781907468955679e-05,0
Coffee,kapur,8,9,DE,2,0.3728046999895014,0.7465420999797061,-29.468569898842205,4.781907468955679e-05,0
Coffee,kapur,8,9,DE,3,0.3728046999895014,1.119562699983362,-29.468569898842205,4.781907468955679e-05,0
Coffee,mcet,6,0,RM-MDE,1,0.274703299975954,0.274703299975954,-114675065.87303956,1.37080533483458e-07,0
Coffee,mcet,6,0,PSO,1,0.274703299975954,0.2748932999675162,-114675081.59276092,0.0,1
Coffee,mcet,6,0,PSO,2,0.274703299975954,0.5494727999903262,-114675081.59276092,0.0,1
Coffee,mcet,6,0,PSO,3,0.274703299975954,0.8244575999560766,-114675081.59276092,0.0,1
Coffee,mcet,6,0,DE,1,0.274703299975954,0.2752316000405699,-114675081.59276092,0.0,1
Coffee,mcet,6,0,DE,2,0.274703299975954,0.5494561000377871,-114675081.59276092,0.0,1
Coffee,mcet,6,0,DE,3,0.274703299975954,0.8249317000154406,-114675081.59276092,0.0,1
Coffee,mcet,6,1,RM-MDE,1,0.293108600017149,0.293108600017149,-114675081.59276092,0.0,1
Coffee,mcet,6,1,PSO,1,0.293108600017149,0.2935958000016399,-114675081.59276092,0.0,1
Coffee,mcet,6,1,PSO,2,0.293108600017149,0.586689000017941,-114675081.59276092,0.0,1
Coffee,mcet,6,1,PSO,3,0.293108600017149,0.8795870000030845,-114675081.59276092,0.0,1
Coffee,mcet,6,1,DE,1,0.293108600017149,0.29317630000878125,-114675081.59276092,0.0,1
Coffee,mcet,6,1,DE,2,0.293108600017149,0.5865586000145413,-114675081.59276092,0.0,1
Coffee,mcet,6,1,DE,3,0.293108600017149,0.8800797999720089,-114675081.59276092,0.0,1
Coffee,mcet,6,2,RM-MDE,1,0.2805827999836765,0.2805827999836765,-114675081.59276092,0.0,1
Coffee,mcet,6,2,PSO,1,0.2805827999836765,0.28085330000612885,-114675081.59276092,0.0,1
Coffee,mcet,6,2,PSO,2,0.2805827999836765,0.5613568999688141,-114675081.59276092,0.0,1
Coffee,mcet,6,2,PSO,3,0.2805827999836765,0.8426390999811701,-114675081.59276092,0.0,1
Coffee,mcet,6,2,DE,1,0.2805827999836765,0.2812141999602318,-114674963.45384568,1.030205634911206e-06,0
Coffee,mcet,6,2,DE,2,0.2805827999836765,0.5619160999776796,-114674963.45384568,1.030205634911206e-06,0
Coffee,mcet,6,2,DE,3,0.2805827999836765,0.8418664999771863,-114674963.45384568,1.030205634911206e-06,0
Coffee,mcet,6,3,RM-MDE,1,0.3369113999651745,0.3369113999651745,-114675081.59276092,0.0,1
Coffee,mcet,6,3,PSO,1,0.3369113999651745,0.33744420000584796,-114675081.59276092,0.0,1
Coffee,mcet,6,3,PSO,2,0.3369113999651745,0.6738537999917753,-114675081.59276092,0.0,1
Coffee,mcet,6,3,PSO,3,0.3369113999651745,1.0114714999799617,-114675081.59276092,0.0,1
Coffee,mcet,6,3,DE,1,0.3369113999651745,0.33734759996877983,-114675081.59276092,0.0,1
Coffee,mcet,6,3,DE,2,0.3369113999651745,0.6744347999920137,-114675081.59276092,0.0,1
Coffee,mcet,6,3,DE,3,0.3369113999651745,1.0115416999906301,-114675081.59276092,0.0,1
Coffee,mcet,6,4,RM-MDE,1,0.3034752000239678,0.3034752000239678,-114675081.59276092,0.0,1
Coffee,mcet,6,4,PSO,1,0.3034752000239678,0.30374049994861707,-114675081.59276092,0.0,1
Coffee,mcet,6,4,PSO,2,0.3034752000239678,0.6069617999601178,-114675081.59276092,0.0,1
Coffee,mcet,6,4,PSO,3,0.3034752000239678,0.9110725999926217,-114675081.59276092,0.0,1
Coffee,mcet,6,4,DE,1,0.3034752000239678,0.3046049999538809,-114675081.59276092,0.0,1
Coffee,mcet,6,4,DE,2,0.3034752000239678,0.6079561999649741,-114675081.59276092,0.0,1
Coffee,mcet,6,4,DE,3,0.3034752000239678,0.9108753000036813,-114675081.59276092,0.0,1
Coffee,mcet,6,5,RM-MDE,1,0.27619880001293495,0.27619880001293495,-114675081.59276092,0.0,1
Coffee,mcet,6,5,PSO,1,0.27619880001293495,0.2768649999634363,-114675081.59276092,0.0,1
Coffee,mcet,6,5,PSO,2,0.27619880001293495,0.5525201999698766,-114675081.59276092,0.0,1
Coffee,mcet,6,5,PSO,3,0.27619880001293495,0.8289044999983162,-114675081.59276092,0.0,1
Coffee,mcet,6,5,DE,1,0.27619880001293495,0.27639929996803403,-114675081.59276092,0.0,1
Coffee,mcet,6,5,DE,2,0.27619880001293495,0.5529747999971732,-114675081.59276092,0.0,1
Coffee,mcet,6,5,DE,3,0.27619880001293495,0.8287147000082768,-114675081.59276092,0.0,1
Coffee,mcet,6,6,RM-MDE,1,0.2578780999756418,0.2578780999756418,-114675081.59276092,0.0,1
Coffee,mcet,6,6,PSO,1,0.2578780999756418,0.258341999957338,-114675081.59276092,0.0,1
Coffee,mcet,6,6,PSO,2,0.2578780999756418,0.5157635000068694,-114675081.59276092,0.0,1
Coffee,mcet,6,6,PSO,3,0.2578780999756418,0.7739493999979459,-114675081.59276092,0.0,1
Coffee,mcet,6,6,DE,1,0.2578780999756418,0.25883589999284595,-114675036.52794172,3.9297830510261307e-07,0
Coffee,mcet,6,6,DE,2,0.2578780999756418,0.5166795999975875,-114675036.52794172,3.9297830510261307e-07,0
Coffee,mcet,6,6,DE,3,0.2578780999756418,0.773784999968484,-114675036.52794172,3.9297830510261307e-07,0
Coffee,mcet,6,7,RM-MDE,1,0.2823558999807574,0.2823558999807574,-114675081.59276092,0.0,1
Coffee,mcet,6,7,PSO,1,0.2823558999807574,0.282792900048662,-114675081.59276092,0.0,1
Coffee,mcet,6,7,PSO,2,0.2823558999807574,0.5653793000383303,-114675081.59276092,0.0,1
Coffee,mcet,6,7,PSO,3,0.2823558999807574,0.8474869000492617,-114675081.59276092,0.0,1
Coffee,mcet,6,7,DE,1,0.2823558999807574,0.2828904999769293,-114675081.59276092,0.0,1
Coffee,mcet,6,7,DE,2,0.2823558999807574,0.5647730999626219,-114675081.59276092,0.0,1
Coffee,mcet,6,7,DE,3,0.2823558999807574,0.8473397999769077,-114675081.59276092,0.0,1
Coffee,mcet,6,8,RM-MDE,1,0.29498040000908077,0.29498040000908077,-114675081.59276092,0.0,1
Coffee,mcet,6,8,PSO,1,0.29498040000908077,0.2951353000244126,-114675081.59276092,0.0,1
Coffee,mcet,6,8,PSO,2,0.29498040000908077,0.5906222999910824,-114675081.59276092,0.0,1
Coffee,mcet,6,8,PSO,3,0.29498040000908077,0.8856233999831602,-114675081.59276092,0.0,1
Coffee,mcet,6,8,DE,1,0.29498040000908077,0.2957488000392914,-114675081.59276092,0.0,1
Coffee,mcet,6,8,DE,2,0.29498040000908077,0.5904164999956265,-114675081.59276092,0.0,1
Coffee,mcet,6,8,DE,3,0.29498040000908077,0.8857506000204012,-114675081.59276092,0.0,1
Coffee,mcet,6,9,RM-MDE,1,0.28536580002401024,0.28536580002401024,-114675081.59276092,0.0,1
Coffee,mcet,6,9,PSO,1,0.28536580002401024,0.28599820000818,-114675081.59276092,0.0,1
Coffee,mcet,6,9,PSO,2,0.28536580002401024,0.5708771999925375,-114675081.59276092,0.0,1
Coffee,mcet,6,9,PSO,3,0.28536580002401024,0.8567958000348881,-114675081.59276092,0.0,1
Coffee,mcet,6,9,DE,1,0.28536580002401024,0.2857096000225283,-114675081.59276092,0.0,1
Coffee,mcet,6,9,DE,2,0.28536580002401024,0.5710701000061817,-114675081.59276092,0.0,1
Coffee,mcet,6,9,DE,3,0.28536580002401024,0.8569853000226431,-114675081.59276092,0.0,1
Coffee,mcet,7,0,RM-MDE,1,0.2944513999973424,0.2944513999973424,-114707439.88383755,0.0,1
Coffee,mcet,7,0,PSO,1,0.2944513999973424,0.29449790000217035,-114707346.05288544,8.180023214093828e-07,0
Coffee,mcet,7,0,PSO,2,0.2944513999973424,0.5895465000066906,-114707346.05288544,8.180023214093828e-07,0
Coffee,mcet,7,0,PSO,3,0.2944513999973424,0.8838831000030041,-114707346.05288544,8.180023214093828e-07,0
Coffee,mcet,7,0,DE,1,0.2944513999973424,0.2951164999976754,-114703872.81799155,3.109707486810318e-05,0
Coffee,mcet,7,0,DE,2,0.2944513999973424,0.5897485000314191,-114703872.81799155,3.109707486810318e-05,0
Coffee,mcet,7,0,DE,3,0.2944513999973424,0.883702400024049,-114703872.81799155,3.109707486810318e-05,0
Coffee,mcet,7,1,RM-MDE,1,0.291093300038483,0.291093300038483,-114707439.88383755,0.0,1
Coffee,mcet,7,1,PSO,1,0.291093300038483,0.29181700001936406,-114707439.88383755,0.0,1
Coffee,mcet,7,1,PSO,2,0.291093300038483,0.5824030000367202,-114707439.88383755,0.0,1
Coffee,mcet,7,1,PSO,3,0.291093300038483,0.8740319000207819,-114707439.88383755,0.0,1
Coffee,mcet,7,1,DE,1,0.291093300038483,0.29170840000733733,-114707439.88383755,0.0,1
Coffee,mcet,7,1,DE,2,0.291093300038483,0.5830816000234336,-114707439.88383755,0.0,1
Coffee,mcet,7,1,DE,3,0.291093300038483,0.8743708000401966,-114707439.88383755,0.0,1
Coffee,mcet,7,2,RM-MDE,1,0.27215430000796914,0.27215430000796914,-114707439.88383755,0.0,1
Coffee,mcet,7,2,PSO,1,0.27215430000796914,0.27268210001057014,-114707346.05288544,8.180023214093828e-07,0
Coffee,mcet,7,2,PSO,2,0.27215430000796914,0.5448453000281006,-114707346.05288544,8.180023214093828e-07,0
Coffee,mcet,7,2,PSO,3,0.27215430000796914,0.8168156999745406,-114707346.05288544,8.180023214093828e-07,0
Coffee,mcet,7,2,DE,1,0.27215430000796914,0.27216049999697134,-114707103.92310613,2.9288486584406637e-06,0
Coffee,mcet,7,2,DE,2,0.27215430000796914,0.5445463999640197,-114707103.92310613,2.9288486584406637e-06,0
Coffee,mcet,7,2,DE,3,0.27215430000796914,0.8170981999719515,-114707103.92310613,2.9288486584406637e-06,0
Coffee,mcet,7,3,RM-MDE,1,0.28237189998617396,0.28237189998617396,-114707439.88383755,0.0,1
Coffee,mcet,7,3,PSO,1,0.28237189998617396,0.2826144000282511,-114707439.88383755,0.0,1
Coffee,mcet,7,3,PSO,2,0.28237189998617396,0.5654734999989159,-114707439.88383755,0.0,1
Coffee,mcet,7,3,PSO,3,0.28237189998617396,0.8473838000209071,-114707439.88383755,0.0,1
Coffee,mcet,7,3,DE,1,0.28237189998617396,0.2827209000242874,-114707439.88383755,0.0,1
Coffee,mcet,7,3,DE,2,0.28237189998617396,0.5652084000175819,-114707439.88383755,0.0,1
Coffee,mcet,7,3,DE,3,0.28237189998617396,0.847504100005608,-114707439.88383755,0.0,1
Coffee,mcet,7,4,RM-MDE,1,0.2814152000355534,0.2814152000355534,-114707439.88383755,0.0,1
Coffee,mcet,7,4,PSO,1,0.2814152000355534,0.281856500019785,-114707344.81655931,8.287804028441739e-07,0
Coffee,mcet,7,4,PSO,2,0.2814152000355534,0.5632554999901913,-114707403.37567279,3.182719865461375e-07,0
Coffee,mcet,7,4,PSO,3,0.2814152000355534,0.8445731999818236,-114707403.37567279,3.182719865461375e-07,0
Coffee,mcet,7,4,DE,1,0.2814152000355534,0.2818748999852687,-114707439.88383755,0.0,1
Coffee,mcet,7,4,DE,2,0.2814152000355534,0.5637615000014193,-114707439.88383755,0.0,1
Coffee,mcet,7,4,DE,3,0.2814152000355534,0.844388599973172,-114707439.88383755,0.0,1
Coffee,mcet,7,5,RM-MDE,1,0.28190050000557676,0.28190050000557676,-114707439.88383755,0.0,1
Coffee,mcet,7,5,PSO,1,0.28190050000557676,0.282234700047411,-114707439.88383755,0.0,1
Coffee,mcet,7,5,PSO,2,0.28190050000557676,0.5638330000219867,-114707439.88383755,0.0,1
Coffee,mcet,7,5,PSO,3,0.28190050000557676,0.8461921000271104,-114707439.88383755,0.0,1
Coffee,mcet,7,5,DE,1,0.28190050000557676,0.2825690000317991,-114707439.88383755,0.0,1
Coffee,mcet,7,5,DE,2,0.28190050000557676,0.5642019000370055,-114707439.88383755,0.0,1
Coffee,mcet,7,5,DE,3,0.28190050000557676,0.8461629000375979,-114707439.88383755,0.0,1
Coffee,mcet,7,6,RM-MDE,1,0.2877293999772519,0.2877293999772519,-114707439.88383755,0.0,1
Coffee,mcet,7,6,PSO,1,0.2877293999772519,0.2877572000143118,-114707439.88383755,0.0,1
Coffee,mcet,7,6,PSO,2,0.2877293999772519,0.5757748000323772,-114707439.88383755,0.0,1
Coffee,mcet,7,6,PSO,3,0.2877293999772519,0.8636985000339337,-114707439.88383755,0.0,1
Coffee,mcet,7,6,DE,1,0.2877293999772519,0.28819900000235066,-114701116.08786452,5.512978041735325e-05,0
Coffee,mcet,7,6,DE,2,0.2877293999772519,0.5764057000051253,-114701116.08786452,5.512978041735325e-05,0
Coffee,mcet,7,6,DE,3,0.2877293999772519,0.8640975000453182,-114701116.08786452,5.512978041735325e-05,0
Coffee,mcet,7,7,RM-MDE,1,0.25785329996142536,0.25785329996142536,-114707439.88383755,0.0,1
Coffee,mcet,7,7,PSO,1,0.25785329996142536,0.25789979996625334,-114707346.05288544,8.180023214093828e-07,0
Coffee,mcet,7,7,PSO,2,0.25785329996142536,0.5158789999550208,-114707346.05288544,8.180023214093828e-07,0
Coffee,mcet,7,7,PSO,3,0.25785329996142536,0.7736627999693155,-114707369.16190886,6.165417758213639e-07,0
Coffee,mcet,7,7,DE,1,0.25785329996142536,0.2585169000085443,-114703709.97444908,3.25167172438413e-05,0
Coffee,mcet,7,7,DE,2,0.25785329996142536,0.5167823999654502,-114703709.97444908,3.25167172438413e-05,0
Coffee,mcet,7,7,DE,3,0.25785329996142536,0.7747340999776497,-114703709.97444908,3.25167172438413e-05,0
Coffee,mcet,7,8,RM-MDE,1,0.2797499000444077,0.2797499000444077,-114707439.88383755,0.0,1
Coffee,mcet,7,8,PSO,1,0.2797499000444077,0.28040270000929013,-114707439.88383755,0.0,1
Coffee,mcet,7,8,PSO,2,0.2797499000444077,0.559774599969387,-114707439.88383755,0.0,1
Coffee,mcet,7,8,PSO,3,0.2797499000444077,0.8394975999835879,-114707439.88383755,0.0,1
Coffee,mcet,7,8,DE,1,0.2797499000444077,0.2802286999649368,-114707439.88383755,0.0,1
Coffee,mcet,7,8,DE,2,0.2797499000444077,0.5607945999945514,-114707439.88383755,0.0,1
Coffee,mcet,7,8,DE,3,0.2797499000444077,0.8395428999792784,-114707439.88383755,0.0,1
Coffee,mcet,7,9,RM-MDE,1,0.2895424000453204,0.2895424000453204,-114707439.88383755,0.0,1
Coffee,mcet,7,9,PSO,1,0.2895424000453204,0.29011599998921156,-114707439.88383755,0.0,1
Coffee,mcet,7,9,PSO,2,0.2895424000453204,0.5798100000247359,-114707439.88383755,0.0,1
Coffee,mcet,7,9,PSO,3,0.2895424000453204,0.8691360999946482,-114707439.88383755,0.0,1
Coffee,mcet,7,9,DE,1,0.2895424000453204,0.28999910003039986,-114707119.42438087,2.7937111752012733e-06,0
Coffee,mcet,7,9,DE,2,0.2895424000453204,0.5800434999982826,-114707119.42438087,2.7937111752012733e-06,0
Coffee,mcet,7,9,DE,3,0.2895424000453204,0.8686300999834202,-114707119.42438087,2.7937111752012733e-06,0
Coffee,mcet,8,0,RM-MDE,1,0.3159447999787517,0.3159447999787517,-114731361.98594882,0.0,1
Coffee,mcet,8,0,PSO,1,0.3159447999787517,0.3167411999893375,-114731361.98594882,0.0,1
Coffee,mcet,8,0,PSO,2,0.3159447999787517,0.6323383999988437,-114731361.98594882,0.0,1
Coffee,mcet,8,0,PSO,3,0.3159447999787517,0.9479623999795876,-114731361.98594882,0.0,1
Coffee,mcet,8,0,DE,1,0.3159447999787517,0.31817310000769794,-114731279.43117721,7.1954843186002e-07,0
Coffee,mcet,8,0,DE,2,0.3159447999787517,0.6330851999809965,-114731279.43117721,7.1954843186002e-07,0
Coffee,mcet,8,0,DE,3,0.3159447999787517,0.9482741999672726,-114731279.43117721,7.1954843186002e-07,0
Coffee,mcet,8,1,RM-MDE,1,0.28604859998449683,0.28604859998449683,-114731361.98594882,0.0,1
Coffee,mcet,8,1,PSO,1,0.28604859998449683,0.28644190001068637,-114731361.98594882,0.0,1
Coffee,mcet,8,1,PSO,2,0.28604859998449683,0.572485999960918,-114731361.98594882,0.0,1
Coffee,mcet,8,1,PSO,3,0.28604859998449683,0.8587933999951929,-114731361.98594882,0.0,1
Coffee,mcet,8,1,DE,1,0.28604859998449683,0.28710170002887025,-114730479.92368561,7.688065825573255e-06,0
Coffee,mcet,8,1,DE,2,0.28604859998449683,0.5732845999882556,-114730479.92368561,7.688065825573255e-06,0
Coffee,mcet,8,1,DE,3,0.28604859998449683,0.8585105999954976,-114730479.92368561,7.688065825573255e-06,0
Coffee,mcet,8,2,RM-MDE,1,0.31161699997028336,0.31161699997028336,-114731361.98594882,0.0,1
Coffee,mcet,8,2,PSO,1,0.31161699997028336,0.3116571999853477,-114731361.98594882,0.0,1
Coffee,mcet,8,2,PSO,2,0.31161699997028336,0.6237943999585696,-114731361.98594882,0.0,1
Coffee,mcet,8,2,PSO,3,0.31161699997028336,0.9349736999720335,-114731361.98594882,0.0,1
Coffee,mcet,8,2,DE,1,0.31161699997028336,0.31208490004064515,-114731361.98594882,0.0,1
Coffee,mcet,8,2,DE,2,0.31161699997028336,0.6234584000194445,-114731361.98594882,0.0,1
Coffee,mcet,8,2,DE,3,0.31161699997028336,0.9351347000338137,-114731361.98594882,0.0,1
Coffee,mcet,8,3,RM-MDE,1,0.3219513999647461,0.3219513999647461,-114731361.98594882,0.0,1
Coffee,mcet,8,3,PSO,1,0.3219513999647461,0.32252230000449345,-114731361.98594882,0.0,1
Coffee,mcet,8,3,PSO,2,0.3219513999647461,0.6443730999599211,-114731361.98594882,0.0,1
Coffee,mcet,8,3,PSO,3,0.3219513999647461,0.9665656999568455,-114731361.98594882,0.0,1
Coffee,mcet,8,3,DE,1,0.3219513999647461,0.3219995999825187,-114731352.95527154,7.871149716653328e-08,0
Coffee,mcet,8,3,DE,2,0.3219513999647461,0.6444202999700792,-114731352.95527154,7.871149716653328e-08,0
Coffee,mcet,8,3,DE,3,0.3219513999647461,0.9661586000001989,-114731352.95527154,7.871149716653328e-08,0
Coffee,mcet,8,4,RM-MDE,1,0.28101979999337345,0.28101979999337345,-114731361.98594882,0.0,1
Coffee,mcet,8,4,PSO,1,0.28101979999337345,0.28145690000383183,-114731361.98594882,0.0,1
Coffee,mcet,8,4,PSO,2,0.28101979999337345,0.5624557000119239,-114731361.98594882,0.0,1
Coffee,mcet,8,4,PSO,3,0.28101979999337345,0.8432878000312485,-114731361.98594882,0.0,1
Coffee,mcet,8,4,DE,1,0.28101979999337345,0.2817506999708712,-114731352.95527154,7.871149716653328e-08,0
Coffee,mcet,8,4,DE,2,0.28101979999337345,0.5626597999944352,-114731352.95527154,7.871149716653328e-08,0
Coffee,mcet,8,4,DE,3,0.28101979999337345,0.8435503999935463,-114731352.95527154,7.871149716653328e-08,0
Coffee,mcet,8,5,RM-MDE,1,0.3086576999630779,0.3086576999630779,-114731361.98594882,0.0,1
Coffee,mcet,8,5,PSO,1,0.3086576999630779,0.3089542000088841,-114731361.98594882,0.0,1
Coffee,mcet,8,5,PSO,2,0.3086576999630779,0.6180735999951139,-114731361.98594882,0.0,1
Coffee,mcet,8,5,PSO,3,0.3086576999630779,0.926560599997174,-114731361.98594882,0.0,1
Coffee,mcet,8,5,DE,1,0.3086576999630779,0.30975660000694916,-114731352.95527154,7.871149716653328e-08,0
Coffee,mcet,8,5,DE,2,0.3086576999630779,0.6180213000043295,-114731352.95527154,7.871149716653328e-08,0
Coffee,mcet,8,5,DE,3,0.3086576999630779,0.9262426999630406,-114731352.95527154,7.871149716653328e-08,0
Coffee,mcet,8,6,RM-MDE,1,0.301376799994614,0.301376799994614,-114731361.98594882,0.0,1
Coffee,mcet,8,6,PSO,1,0.301376799994614,0.30189629999222234,-114731348.6500561,1.1623580938265043e-07,0
Coffee,mcet,8,6,PSO,2,0.301376799994614,0.60351519996766,-114731348.6500561,1.1623580938265043e-07,0
Coffee,mcet,8,6,PSO,3,0.301376799994614,0.9041418999549933,-114731348.6500561,1.1623580938265043e-07,0
Coffee,mcet,8,6,DE,1,0.301376799994614,0.30185440002242103,-114731361.98594882,0.0,1
Coffee,mcet,8,6,DE,2,0.301376799994614,0.6033870000392199,-114731361.98594882,0.0,1
Coffee,mcet,8,6,DE,3,0.301376799994614,0.9045567000284791,-114731361.98594882,0.0,1
Coffee,mcet,8,7,RM-MDE,1,0.254316300037317,0.254316300037317,-114731338.79526402,2.0213030154928179e-07,0
Coffee,mcet,8,7,PSO,1,0.254316300037317,0.2543482000473887,-114731361.98594882,0.0,1
Coffee,mcet,8,7,PSO,2,0.254316300037317,0.5086790000204928,-114731361.98594882,0.0,1
Coffee,mcet,8,7,PSO,3,0.254316300037317,0.7635473000118509,-114731361.98594882,0.0,1
Coffee,mcet,8,7,DE,1,0.254316300037317,0.2552474999683909,-114731361.98594882,0.0,1
Coffee,mcet,8,7,DE,2,0.254316300037317,0.5087477999622934,-114731361.98594882,0.0,1
Coffee,mcet,8,7,DE,3,0.254316300037317,0.7639043999952264,-114731361.98594882,0.0,1
Coffee,mcet,8,8,RM-MDE,1,0.29219250002643093,0.29219250002643093,-114731361.98594882,0.0,1
Coffee,mcet,8,8,PSO,1,0.29219250002643093,0.29248820000793785,-114731361.98594882,0.0,1
Coffee,mcet,8,8,PSO,2,0.29219250002643093,0.5848734999890439,-114731361.98594882,0.0,1
Coffee,mcet,8,8,PSO,3,0.29219250002643093,0.8773375999880955,-114731361.98594882,0.0,1
Coffee,mcet,8,8,DE,1,0.29219250002643093,0.2932033999823034,-114731208.48105845,1.3379505630394985e-06,0
Coffee,mcet,8,8,DE,2,0.29219250002643093,0.5852651000022888,-114731208.48105845,1.3379505630394985e-06,0
Coffee,mcet,8,8,DE,3,0.29219250002643093,0.8774357999791391,-114731208.48105845,1.3379505630394985e-06,0
Coffee,mcet,8,9,RM-MDE,1,0.3257366999750957,0.3257366999750957,-114731361.98594882,0.0,1
Coffee,mcet,8,9,PSO,1,0.3257366999750957,0.32625739998184144,-114731361.98594882,0.0,1
Coffee,mcet,8,9,PSO,2,0.3257366999750957,0.6519022999564186,-114731361.98594882,0.0,1
Coffee,mcet,8,9,PSO,3,0.3257366999750957,0.977972199965734,-114731361.98594882,0.0,1
Coffee,mcet,8,9,DE,1,0.3257366999750957,0.325778900005389,-114731361.98594882,0.0,1
Coffee,mcet,8,9,DE,2,0.3257366999750957,0.651627000013832,-114731361.98594882,0.0,1
Coffee,mcet,8,9,DE,3,0.3257366999750957,0.9782948000356555,-114731361.98594882,0.0,1
Cat,otsu,6,0,RM-MDE,1,0.1241495999856852,0.1241495999856852,-2029498512.8328743,0.0,1
Cat,otsu,6,0,PSO,1,0.1241495999856852,0.12470420001773164,-2029494583.1919928,1.9362620158086267e-06,0
Cat,otsu,6,0,PSO,2,0.1241495999856852,0.2487525999895297,-2029494583.1919928,1.9362620158086267e-06,0
Cat,otsu,6,0,PSO,3,0.1241495999856852,0.3726166000124067,-2029494583.1919928,1.9362620158086267e-06,0
Cat,otsu,6,0,DE,1,0.1241495999856852,0.12491549999685958,-2029497525.8565125,4.863153904822951e-07,0
Cat,otsu,6,0,DE,2,0.1241495999856852,0.24865339999087155,-2029497525.8565125,4.863153904822951e-07,0
Cat,otsu,6,0,DE,3,0.1241495999856852,0.37316949997330084,-2029497525.8565125,4.863153904822951e-07,0
Cat,otsu,6,1,RM-MDE,1,0.12931029999163002,0.12931029999163002,-2029498512.8328743,0.0,1
Cat,otsu,6,1,PSO,1,0.12931029999163002,0.12944369995966554,-2029498512.8328743,0.0,1
Cat,otsu,6,1,PSO,2,0.12931029999163002,0.25914579996606335,-2029498512.8328743,0.0,1
Cat,otsu,6,1,PSO,3,0.12931029999163002,0.3880275000119582,-2029498512.8328743,0.0,1
Cat,otsu,6,1,DE,1,0.12931029999163002,0.12967230001231655,-2029497525.8565125,4.863153904822951e-07,0
Cat,otsu,6,1,DE,2,0.12931029999163002,0.2594872000045143,-2029497525.8565125,4.863153904822951e-07,0
Cat,otsu,6,1,DE,3,0.12931029999163002,0.38871929998276755,-2029497525.8565125,4.863153904822951e-07,0
Cat,otsu,6,2,RM-MDE,1,0.1266952999867499,0.1266952999867499,-2029498512.8328743,0.0,1
Cat,otsu,6,2,PSO,1,0.1266952999867499,0.12677049997728318,-2029497518.8610387,4.897622882343559e-07,0
Cat,otsu,6,2,PSO,2,0.1266952999867499,0.25349049997748807,-2029498512.8328743,0.0,1
Cat,otsu,6,2,PSO,3,0.1266952999867499,0.3806434999569319,-2029498512.8328743,0.0,1
Cat,otsu,6,2,DE,1,0.1266952999867499,0.12729269999545068,-2029497525.8565125,4.863153904822951e-07,0
Cat,otsu,6,2,DE,2,0.1266952999867499,0.2534176000044681,-2029497525.8565125,4.863153904822951e-07,0
Cat,otsu,6,2,DE,3,0.1266952999867499,0.3801600000006147,-2029497525.8565125,4.863153904822951e-07,0
Cat,otsu,6,3,RM-MDE,1,0.14340100000845268,0.14340100000845268,-2029498512.8328743,0.0,1
Cat,otsu,6,3,PSO,1,0.14340100000845268,0.14348309999331832,-2029496567.5172,9.58520374370511e-07,0
Cat,otsu,6,3,PSO,2,0.14340100000845268,0.2869379000039771,-2029498512.8328743,0.0,1
Cat,otsu,6,3,PSO,3,0.14340100000845268,0.4302898999885656,-2029498512.8328743,0.0,1
Cat,otsu,6,3,DE,1,0.14340100000845268,0.14345089998096228,-2029497525.8565125,4.863153904822951e-07,0
Cat,otsu,6,3,DE,2,0.14340100000845268,0.28774040000280365,-2029497525.8565125,4.863153904822951e-07,0
Cat,otsu,6,3,DE,3,0.14340100000845268,0.4304348999867216,-2029497525.8565125,4.863153904822951e-07,0
Cat,otsu,6,4,RM-MDE,1,0.13301380001939833,0.13301380001939833,-2029498512.8328743,0.0,1
Cat,otsu,6,4,PSO,1,0.13301380001939833,0.13321120000910014,-2029494010.7635674,2.2183161398656175e-06,0
Cat,otsu,6,4,PSO,2,0.13301380001939833,0.26611490000505,-2029494010.7635674,2.2183161398656175e-06,0
Cat,otsu,6,4,PSO,3,0.13301380001939833,0.39950570004293695,-2029494010.7635674,2.2183161398656175e-06,0
Cat,otsu,6,4,DE,1,0.13301380001939833,0.1330681000254117,-2029497525.8565125,4.863153904822951e-07,0
Cat,otsu,6,4,DE,2,0.13301380001939833,0.266130100004375,-2029497525.8565125,4.863153904822951e-07,0
Cat,otsu,6,4,DE,3,0.13301380001939833,0.3995318000088446,-2029497525.8565125,4.863153904822951e-07,0
Cat,otsu,6,5,RM-MDE,1,0.13148819998605177,0.13148819998605177,-2029498512.8328743,0.0,1
Cat,otsu,6,5,PSO,1,0.13148819998605177,0.1318065000232309,-2029497525.8565125,4.863153904822951e-07,0
Cat,otsu,6,5,PSO,2,0.13148819998605177,0.26319700002204627,-2029497525.8565125,4.863153904822951e-07,0
Cat,otsu,6,5,PSO,3,0.13148819998605177,0.3948647999786772,-2029498512.8328743,0.0,1
Cat,otsu,6,5,DE,1,0.13148819998605177,0.1317962000030093,-2029497525.8565125,4.863153904822951e-07,0
Cat,otsu,6,5,DE,2,0.13148819998605177,0.26378789998125285,-2029497525.8565125,4.863153904822951e-07,0
Cat,otsu,6,5,DE,3,0.13148819998605177,0.39512900001136586,-2029497525.8565125,4.863153904822951e-07,0
Cat,otsu,6,6,RM-MDE,1,0.12106509995646775,0.12106509995646775,-2029498512.8328743,0.0,1
Cat,otsu,6,6,PSO,1,0.12106509995646775,0.12148139998316765,-2029498512.8328743,0.0,1
Cat,otsu,6,6,PSO,2,0.12106509995646775,0.24237769999308512,-2029498512.8328743,0.0,1
Cat,otsu,6,6,PSO,3,0.12106509995646775,0.3634332999936305,-2029498512.8328743,0.0,1
Cat,otsu,6,6,DE,1,0.12106509995646775,0.1215261000324972,-2029498512.8328743,0.0,1
Cat,otsu,6,6,DE,2,0.12106509995646775,0.24304500001017004,-2029498512.8328743,0.0,1
Cat,otsu,6,6,DE,3,0.12106509995646775,0.36386270000366494,-2029498512.8328743,0.0,1
Cat,otsu,6,7,RM-MDE,1,0.12734239996643737,0.12734239996643737,-2029498512.8328743,0.0,1
Cat,otsu,6,7,PSO,1,0.12734239996643737,0.1277731999871321,-2029492409.8140292,3.0071561060483037e-06,0
Cat,otsu,6,7,PSO,2,0.12734239996643737,0.25475969997933134,-2029494010.7635674,2.2183161398656175e-06,0
Cat,otsu,6,7,PSO,3,0.12734239996643737,0.3823949999641627,-2029494010.7635674,2.2183161398656175e-06,0
Cat,otsu,6,7,DE,1,0.12734239996643737,0.12740759999724105,-2029497525.8565125,4.863153904822951e-07,0
Cat,otsu,6,7,DE,2,0.12734239996643737,0.2547916999901645,-2029497525.8565125,4.863153904822951e-07,0
Cat,otsu,6,7,DE,3,0.12734239996643737,0.3824505999800749,-2029497525.8565125,4.863153904822951e-07,0
Cat,otsu,6,8,RM-MDE,1,0.1260253000073135,0.1260253000073135,-2029498512.8328743,0.0,1
Cat,otsu,6,8,PSO,1,0.1260253000073135,0.12644379999255762,-2029498512.8328743,0.0,1
Cat,otsu,6,8,PSO,2,0.1260253000073135,0.2522874000133015,-2029498512.8328743,0.0,1
Cat,otsu,6,8,PSO,3,0.1260253000073135,0.3781085000373423,-2029498512.8328743,0.0,1
Cat,otsu,6,8,DE,1,0.1260253000073135,0.1264907000004314,-2029497525.8565125,4.863153904822951e-07,0
Cat,otsu,6,8,DE,2,0.1260253000073135,0.25223270000424236,-2029497525.8565125,4.863153904822951e-07,0
Cat,otsu,6,8,DE,3,0.1260253000073135,0.3789589999942109,-2029497525.8565125,4.863153904822951e-07,0
Cat,otsu,6,9,RM-MDE,1,0.1283953000092879,0.1283953000092879,-2029498512.8328743,0.0,1
Cat,otsu,6,9,PSO,1,0.1283953000092879,0.12873619998572394,-2029497518.8610387,4.897622882343559e-07,0
Cat,otsu,6,9,PSO,2,0.1283953000092879,0.25716530001955107,-2029498512.8328743,0.0,1
Cat,otsu,6,9,PSO,3,0.1283953000092879,0.38576620002277195,-2029498512.8328743,0.0,1
Cat,otsu,6,9,DE,1,0.1283953000092879,0.12922890001209453,-2029498512.8328743,0.0,1
Cat,otsu,6,9,DE,2,0.1283953000092879,0.2573782000108622,-2029498512.8328743,0.0,1
Cat,otsu,6,9,DE,3,0.1283953000092879,0.38535810000030324,-2029498512.8328743,0.0,1
Cat,otsu,7,0,RM-MDE,1,0.11536049999995157,0.11536049999995157,-2030720204.5363243,1.60395717301368e-06,0
Cat,otsu,7,0,PSO,1,0.11536049999995157,0.11551700002746657,-2030674963.421874,2.388228078664817e-05,0
Cat,otsu,7,0,PSO,2,0.11536049999995157,0.2310851999791339,-2030703975.8139243,9.595553619201516e-06,0
Cat,otsu,7,0,PSO,3,0.11536049999995157,0.3466076999902725,-2030703975.8139243,9.595553619201516e-06,0
Cat,otsu,7,0,DE,1,0.11536049999995157,0.11554090003482997,-2030409547.1007242,0.00015458265735281157,0
Cat,otsu,7,0,DE,2,0.11536049999995157,0.23107590002473444,-2030409547.1007242,0.00015458265735281157,0
Cat,otsu,7,0,DE,3,0.11536049999995157,0.3467720000189729,-2030409547.1007242,0.00015458265735281157,0
Cat,otsu,7,1,RM-MDE,1,0.11361120000947267,0.11361120000947267,-2030723461.729787,0.0,1
Cat,otsu,7,1,PSO,1,0.11361120000947267,0.1138494000188075,-2030723461.729787,0.0,1
Cat,otsu,7,1,PSO,2,0.11361120000947267,0.22756560001289472,-2030723461.729787,0.0,1
Cat,otsu,7,1,PSO,3,0.11361120000947267,0.34105330001330003,-2030723461.729787,0.0,1
Cat,otsu,7,1,DE,1,0.11361120000947267,0.11407010001130402,-2030723461.729787,0.0,1
Cat,otsu,7,1,DE,2,0.11361120000947267,0.22759520000545308,-2030723461.729787,0.0,1
Cat,otsu,7,1,DE,3,0.11361120000947267,0.34184150001965463,-2030723461.729787,0.0,1
Cat,otsu,7,2,RM-MDE,1,0.13574070000322536,0.13574070000322536,-2030723461.729787,0.0,1
Cat,otsu,7,2,PSO,1,0.13574070000322536,0.13621189998229966,-2030710056.7146986,6.601103173910097e-06,0
Cat,otsu,7,2,PSO,2,0.13574070000322536,0.27149770001415163,-2030717419.3685675,2.975472206588687e-06,0
Cat,otsu,7,2,PSO,3,0.13574070000322536,0.40768579998984933,-2030717419.3685675,2.975472206588687e-06,0
Cat,otsu,7,2,DE,1,0.13574070000322536,0.1360889000352472,-2030720079.1996942,1.6656773591778806e-06,0
Cat,otsu,7,2,DE,2,0.13574070000322536,0.2723276000469923,-2030720079.1996942,1.6656773591778806e-06,0
Cat,otsu,7,2,DE,3,0.13574070000322536,0.40778680000221357,-2030720079.1996942,1.6656773591778806e-06,0
Cat,otsu,7,3,RM-MDE,1,0.12397909996798262,0.12397909996798262,-2030723461.729787,0.0,1
Cat,otsu,7,3,PSO,1,0.12397909996798262,0.12452439998742193,-2030722399.594111,5.230331436860525e-07,0
Cat,otsu,7,3,PSO,2,0.12397909996798262,0.24819830001797527,-2030723461.729787,0.0,1
Cat,otsu,7,3,PSO,3,0.12397909996798262,0.3723392999963835,-2030723461.729787,0.0,1
Cat,otsu,7,3,DE,1,0.12397909996798262,0.12413960002595559,-2030723461.729787,0.0,1
Cat,otsu,7,3,DE,2,0.12397909996798262,0.24816600000485778,-2030723461.729787,0.0,1
Cat,otsu,7,3,DE,3,0.12397909996798262,0.3725500999717042,-2030723461.729787,0.0,1
Cat,otsu,7,4,RM-MDE,1,0.11947700002929196,0.11947700002929196,-2030723461.729787,0.0,1
Cat,otsu,7,4,PSO,1,0.11947700002929196,0.12005740002496168,-2030715399.6272972,3.97006418741078e-06,0
Cat,otsu,7,4,PSO,2,0.11947700002929196,0.23920309997629374,-2030723461.729787,0.0,1
Cat,otsu,7,4,PSO,3,0.11947700002929196,0.35859469999559224,-2030723461.729787,0.0,1
Cat,otsu,7,4,DE,1,0.11947700002929196,0.12028800003463402,-2030720079.1996942,1.6656773591778806e-06,0
Cat,otsu,7,4,DE,2,0.11947700002929196,0.23909570003161207,-2030720079.1996942,1.6656773591778806e-06,0
Cat,otsu,7,4,DE,3,0.11947700002929196,0.35934930003713816,-2030720079.1996942,1.6656773591778806e-06,0
Cat,otsu,7,5,RM-MDE,1,0.10653259995160624,0.10653259995160624,-2030723461.729787,0.0,1
Cat,otsu,7,5,PSO,1,0.10653259995160624,0.10695069999201223,-2030723461.729787,0.0,1
Cat,otsu,7,5,PSO,2,0.10653259995160624,0.21346249995986,-2030723461.729787,0.0,1
Cat,otsu,7,5,PSO,3,0.10653259995160624,0.3199878999730572,-2030723461.729787,0.0,1
Cat,otsu,7,5,DE,1,0.10653259995160624,0.10712849994888529,-2030702422.5297675,1.0360445632354413e-05,0
Cat,otsu,7,5,DE,2,0.10653259995160624,0.21384779998334125,-2030702422.5297675,1.0360445632354413e-05,0
Cat,otsu,7,5,DE,3,0.10653259995160624,0.319610099948477,-2030702422.5297675,1.0360445632354413e-05,0
Cat,otsu,7,6,RM-MDE,1,0.1248131999745965,0.1248131999745965,-2030722133.9203198,6.538603075894118e-07,0
Cat,otsu,7,6,PSO,1,0.1248131999745965,0.12536219996400177,-2030686058.7245712,1.8418561621395296e-05,0
Cat,otsu,7,6,PSO,2,0.1248131999745965,0.25021669996203855,-2030703810.5809915,9.676920154783504e-06,0
Cat,otsu,7,6,PSO,3,0.1248131999745965,0.3745310999802314,-2030703810.5809915,9.676920154783504e-06,0
Cat,otsu,7,6,DE,1,0.1248131999745965,0.1251533999457024,-2030129722.2946153,0.0002923782811206063,0
Cat,otsu,7,6,DE,2,0.1248131999745965,0.24974789994303137,-2030129722.2946153,0.0002923782811206063,0
Cat,otsu,7,6,DE,3,0.1248131999745965,0.37549659999785945,-2030129722.2946153,0.0002923782811206063,0
Cat,otsu,7,7,RM-MDE,1,0.1083504999987781,0.1083504999987781,-2030723461.729787,0.0,1
Cat,otsu,7,7,PSO,1,0.1083504999987781,0.10897420003311709,-2030704972.7264915,9.10463863942899e-06,0
Cat,otsu,7,7,PSO,2,0.1083504999987781,0.21673540002666414,-2030712128.5298512,5.580868173089098e-06,0
Cat,otsu,7,7,PSO,3,0.1083504999987781,0.32507130003068596,-2030712128.5298512,5.580868173089098e-06,0
Cat,otsu,7,7,DE,1,0.1083504999987781,0.1085869999951683,-2030720079.1996942,1.6656773591778806e-06,0
Cat,otsu,7,7,DE,2,0.1083504999987781,0.2169434999814257,-2030720079.1996942,1.6656773591778806e-06,0
Cat,otsu,7,7,DE,3,0.1083504999987781,0.32514239998999983,-2030720079.1996942,1.6656773591778806e-06,0
Cat,otsu,7,8,RM-MDE,1,0.1092886000405997,0.1092886000405997,-2030723461.729787,0.0,1
Cat,otsu,7,8,PSO,1,0.1092886000405997,0.10993619996588677,-2030723461.729787,0.0,1
Cat,otsu,7,8,PSO,2,0.1092886000405997,0.21902630000840873,-2030723461.729787,0.0,1
Cat,otsu,7,8,PSO,3,0.1092886000405997,0.3283993999939412,-2030723461.729787,0.0,1
Cat,otsu,7,8,DE,1,0.1092886000405997,0.10971350001636893,-2030719614.426354,1.8945481773784651e-06,0
Cat,otsu,7,8,DE,2,0.1092886000405997,0.21922339999582618,-2030719614.426354,1.8945481773784651e-06,0
Cat,otsu,7,8,DE,3,0.1092886000405997,0.3286503999843262,-2030719614.426354,1.8945481773784651e-06,0
Cat,otsu,7,9,RM-MDE,1,0.13103340001543984,0.13103340001543984,-2030723461.729787,0.0,1
Cat,otsu,7,9,PSO,1,0.13103340001543984,0.13148089998867363,-2030715399.6272972,3.97006418741078e-06,0
Cat,otsu,7,9,PSO,2,0.13103340001543984,0.2623375999974087,-2030717160.0832865,3.103153442280944e-06,0
Cat,otsu,7,9,PSO,3,0.13103340001543984,0.393425100017339,-2030717160.0832865,3.103153442280944e-06,0
Cat,otsu,7,9,DE,1,0.13103340001543984,0.13146169995889068,-2030412972.2712846,0.00015289598232053395,0
Cat,otsu,7,9,DE,2,0.13103340001543984,0.2622687999974005,-2030412972.2712846,0.00015289598232053395,0
Cat,otsu,7,9,DE,3,0.13103340001543984,0.39367889997083694,-2030412972.2712846,0.00015289598232053395,0
Cat,otsu,8,0,RM-MDE,1,0.1296126000233926,0.1296126000233926,-2031633346.3915324,0.0,1
Cat,otsu,8,0,PSO,1,0.1296126000233926,0.12962929997593164,-2031627032.545566,3.107768425613506e-06,0
Cat,otsu,8,0,PSO,2,0.1296126000233926,0.25984069996047765,-2031633346.3915324,0.0,1
Cat,otsu,8,0,PSO,3,0.1296126000233926,0.38930889999028295,-2031633346.3915324,0.0,1
Cat,otsu,8,0,DE,1,0.1296126000233926,0.13047809997806326,-2031148257.883044,0.0002387677428853008,0
Cat,otsu,8,0,DE,2,0.1296126000233926,0.2603788999840617,-2031148257.883044,0.0002387677428853008,0
Cat,otsu,8,0,DE,3,0.1296126000233926,0.3892760999733582,-2031148257.883044,0.0002387677428853008,0
Cat,otsu,8,1,RM-MDE,1,0.12531030003447086,0.12531030003447086,-2031633346.3915324,0.0,1
Cat,otsu,8,1,PSO,1,0.12531030003447086,0.12544119998347014,-2031633346.3915324,0.0,1
Cat,otsu,8,1,PSO,2,0.12531030003447086,0.25099590001627803,-2031633346.3915324,0.0,1
Cat,otsu,8,1,PSO,3,0.12531030003447086,0.37601900001754984,-2031633346.3915324,0.0,1
Cat,otsu,8,1,DE,1,0.12531030003447086,0.12560500000836328,-2031631368.333638,9.736293696801234e-07,0
Cat,otsu,8,1,DE,2,0.12531030003447086,0.25113400002010167,-2031631368.333638,9.736293696801234e-07,0
Cat,otsu,8,1,DE,3,0.12531030003447086,0.37631150003289804,-2031631368.333638,9.736293696801234e-07,0
Cat,otsu,8,2,RM-MDE,1,0.10923550004372373,0.10923550004372373,-2031633346.3915324,0.0,1
Cat,otsu,8,2,PSO,1,0.10923550004372373,0.10967589996289462,-2031633346.3915324,0.0,1
Cat,otsu,8,2,PSO,2,0.10923550004372373,0.21903350000502542,-2031633346.3915324,0.0,1
Cat,otsu,8,2,PSO,3,0.10923550004372373,0.328044299967587,-2031633346.3915324,0.0,1
Cat,otsu,8,2,DE,1,0.10923550004372373,0.10963249998167157,-2031624330.7263005,4.4376438533833995e-06,0
Cat,otsu,8,2,DE,2,0.10923550004372373,0.21922339999582618,-2031624330.7263005,4.4376438533833995e-06,0
Cat,otsu,8,2,DE,3,0.10923550004372373,0.3284533999976702,-2031624330.7263005,4.4376438533833995e-06,0
Cat,otsu,8,3,RM-MDE,1,0.1505971999722533,0.1505971999722533,-2031627032.545566,3.107768425613506e-06,0
Cat,otsu,8,3,PSO,1,0.1505971999722533,0.15099829999962822,-2031627032.545566,3.107768425613506e-06,0
Cat,otsu,8,3,PSO,2,0.1505971999722533,0.3017037000390701,-2031627032.545566,3.107768425613506e-06,0
Cat,otsu,8,3,PSO,3,0.1505971999722533,0.4518720000050962,-2031627032.545566,3.107768425613506e-06,0
Cat,otsu,8,3,DE,1,0.1505971999722533,0.15104389999760315,-2031616969.896195,8.060753367025223e-06,0
Cat,otsu,8,3,DE,2,0.1505971999722533,0.3015428999788128,-2031616969.896195,8.060753367025223e-06,0
Cat,otsu,8,3,DE,3,0.1505971999722533,0.4522245000116527,-2031616969.896195,8.060753367025223e-06,0
Cat,otsu,8,4,RM-MDE,1,0.128164800000377,0.128164800000377,-2031633346.3915324,0.0,1
Cat,otsu,8,4,PSO,1,0.128164800000377,0.12842109997291118,-2031631376.13358,9.697901227852762e-07,0
Cat,otsu,8,4,PSO,2,0.128164800000377,0.2568940999917686,-2031631376.13358,9.697901227852762e-07,0
Cat,otsu,8,4,PSO,3,0.128164800000377,0.3847950999625027,-2031631376.13358,9.697901227852762e-07,0
Cat,otsu,8,4,DE,1,0.128164800000377,0.12860350002301857,-2031627024.745624,3.111607672508353e-06,0
Cat,otsu,8,4,DE,2,0.128164800000377,0.2565168999717571,-2031627024.745624,3.111607672508353e-06,0
Cat,otsu,8,4,DE,3,0.128164800000377,0.38468050002120435,-2031627024.745624,3.111607672508353e-06,0
Cat,otsu,8,5,RM-MDE,1,0.12236829998437315,0.12236829998437315,-2031633346.3915324,0.0,1
Cat,otsu,8,5,PSO,1,0.12236829998437315,0.12258369999472052,-2031538538.3122046,4.666593974558168e-05,0
Cat,otsu,8,5,PSO,2,0.12236829998437315,0.2447812000173144,-2031568055.322424,3.213723048228773e-05,0
Cat,otsu,8,5,PSO,3,0.12236829998437315,0.3675099000101909,-2031587531.4067478,2.255081354417469e-05,0
Cat,otsu,8,5,DE,1,0.12236829998437315,0.1229448999511078,-2031398417.4849458,0.00011563548462320425,0
Cat,otsu,8,5,DE,2,0.12236829998437315,0.2452288999920711,-2031398417.4849458,0.00011563548462320425,0
Cat,otsu,8,5,DE,3,0.12236829998437315,0.36771069996757433,-2031398417.4849458,0.00011563548462320425,0
Cat,otsu,8,6,RM-MDE,1,0.12351340003078803,0.12351340003078803,-2031633346.3915324,0.0,1
Cat,otsu,8,6,PSO,1,0.12351340003078803,0.12420319998636842,-2031508323.7349024,6.153800185062777e-05,0
Cat,otsu,8,6,PSO,2,0.12351340003078803,0.24759630003245547,-2031618958.251515,7.082055452114344e-06,0
Cat,otsu,8,6,PSO,3,0.12351340003078803,0.3710512000252493,-2031623724.7937434,4.7358928254148144e-06,0
Cat,otsu,8,6,DE,1,0.12351340003078803,0.12393989996053278,-2031620048.3297849,6.545502795162424e-06,0
Cat,otsu,8,6,DE,2,0.12351340003078803,0.2478094999678433,-2031620048.3297849,6.545502795162424e-06,0
Cat,otsu,8,6,DE,3,0.12351340003078803,0.37057719996664673,-2031620048.3297849,6.545502795162424e-06,0
Cat,otsu,8,7,RM-MDE,1,0.10628990002442151,0.10628990002442151,-2031633346.3915324,0.0,1
Cat,otsu,8,7,PSO,1,0.10628990002442151,0.10669589997269213,-2031575809.3356278,2.8320590428790105e-05,0
Cat,otsu,8,7,PSO,2,0.10628990002442151,0.21284379996359348,-2031597199.220888,1.7792172346808637e-05,0
Cat,otsu,8,7,PSO,3,0.10628990002442151,0.3189408999751322,-2031609255.3987772,1.1857943165760516e-05,0
Cat,otsu,8,7,DE,1,0.10628990002442151,0.10687099996721372,-2031628450.4627967,2.4098485804187517e-06,0
Cat,otsu,8,7,DE,2,0.10628990002442151,0.2135246999678202,-2031628450.4627967,2.4098485804187517e-06,0
Cat,otsu,8,7,DE,3,0.10628990002442151,0.3191998999682255,-2031628450.4627967,2.4098485804187517e-06,0
Cat,otsu,8,8,RM-MDE,1,0.11948509997455403,0.11948509997455403,-2031633346.3915324,0.0,1
Cat,otsu,8,8,PSO,1,0.11948509997455403,0.1198296999791637,-2031624013.4562016,4.59380889147364e-06,0
Cat,otsu,8,8,PSO,2,0.11948509997455403,0.23926200001733378,-2031627136.3397954,3.05667936987745e-06,0
Cat,otsu,8,8,PSO,3,0.11948509997455403,0.3587577000143938,-2031627136.3397954,3.05667936987745e-06,0
Cat,otsu,8,8,DE,1,0.11948509997455403,0.12041690002661198,-2031627188.9519532,3.030782887170517e-06,0
Cat,otsu,8,8,DE,2,0.11948509997455403,0.23967020004056394,-2031627188.9519532,3.030782887170517e-06,0
Cat,otsu,8,8,DE,3,0.11948509997455403,0.358717399998568,-2031627188.9519532,3.030782887170517e-06,0
Cat,otsu,8,9,RM-MDE,1,0.13097159995231777,0.13097159995231777,-2031633346.3915324,0.0,1
Cat,otsu,8,9,PSO,1,0.13097159995231777,0.1312795999692753,-2031631376.13358,9.697901227852762e-07,0
Cat,otsu,8,9,PSO,2,0.13097159995231777,0.2623899999889545,-2031633346.3915324,0.0,1
Cat,otsu,8,9,PSO,3,0.13097159995231777,0.3935036999755539,-2031633346.3915324,0.0,1
Cat,otsu,8,9,DE,1,0.13097159995231777,0.13119530002586544,-2031556829.9193933,3.766253998292761e-05,0
Cat,otsu,8,9,DE,2,0.13097159995231777,0.2627166000311263,-2031556829.9193933,3.766253998292761e-05,0
Cat,otsu,8,9,DE,3,0.13097159995231777,0.3939176000421867,-2031556829.9193933,3.766253998292761e-05,0
Cat,kapur,6,0,RM-MDE,1,0.27943920000689104,0.27943920000689104,-22.57671091874672,0.0,1
Cat,kapur,6,0,PSO,1,0.27943920000689104,0.28016899997601286,-22.57671091874672,0.0,1
Cat,kapur,6,0,PSO,2,0.27943920000689104,0.5593359999475069,-22.57671091874672,0.0,1
Cat,kapur,6,0,PSO,3,0.27943920000689104,0.8386865999782458,-22.57671091874672,0.0,1
Cat,kapur,6,0,DE,1,0.27943920000689104,0.2798753999522887,-22.57671091874672,0.0,1
Cat,kapur,6,0,DE,2,0.27943920000689104,0.5600567999645136,-22.57671091874672,0.0,1
Cat,kapur,6,0,DE,3,0.27943920000689104,0.8388424000004306,-22.57671091874672,0.0,1
Cat,kapur,6,1,RM-MDE,1,0.3126848000101745,0.3126848000101745,-22.57671091874672,0.0,1
Cat,kapur,6,1,PSO,1,0.3126848000101745,0.31292499997653067,-22.57671091874672,0.0,1
Cat,kapur,6,1,PSO,2,0.3126848000101745,0.6258389999857172,-22.57671091874672,0.0,1
Cat,kapur,6,1,PSO,3,0.3126848000101745,0.9384850999922492,-22.57671091874672,0.0,1
Cat,kapur,6,1,DE,1,0.3126848000101745,0.31325180002022535,-22.57671091874672,0.0,1
Cat,kapur,6,1,DE,2,0.3126848000101745,0.6263272000360303,-22.57671091874672,0.0,1
Cat,kapur,6,1,DE,3,0.3126848000101745,0.9384063000325114,-22.57671091874672,0.0,1
Cat,kapur,6,2,RM-MDE,1,0.2732241000048816,0.2732241000048816,-22.57671091874672,0.0,1
Cat,kapur,6,2,PSO,1,0.2732241000048816,0.27326290000928566,-22.57671091874672,0.0,1
Cat,kapur,6,2,PSO,2,0.2732241000048816,0.5470191999920644,-22.57671091874672,0.0,1
Cat,kapur,6,2,PSO,3,0.2732241000048816,0.8201730999862775,-22.57671091874672,0.0,1
Cat,kapur,6,2,DE,1,0.2732241000048816,0.27389459998812526,-22.57671091874672,0.0,1
Cat,kapur,6,2,DE,2,0.2732241000048816,0.5467042000382207,-22.57671091874672,0.0,1
Cat,kapur,6,2,DE,3,0.2732241000048816,0.8203281000023708,-22.57671091874672,0.0,1
Cat,kapur,6,3,RM-MDE,1,0.3110095000010915,0.3110095000010915,-22.57671091874672,0.0,1
Cat,kapur,6,3,PSO,1,0.3110095000010915,0.3114773000124842,-22.57671091874672,0.0,1
Cat,kapur,6,3,PSO,2,0.3110095000010915,0.6227971999906003,-22.57671091874672,0.0,1
Cat,kapur,6,3,PSO,3,0.3110095000010915,0.9335491000092588,-22.57671091874672,0.0,1
Cat,kapur,6,3,DE,1,0.3110095000010915,0.31111159996362403,-22.573927262279334,0.00012329769723342567,0
Cat,kapur,6,3,DE,2,0.3110095000010915,0.6224695999990217,-22.573927262279334,0.00012329769723342567,0
Cat,kapur,6,3,DE,3,0.3110095000010915,0.934057499980554,-22.573927262279334,0.00012329769723342567,0
Cat,kapur,6,4,RM-MDE,1,0.258870699966792,0.258870699966792,-22.57671091874672,0.0,1
Cat,kapur,6,4,PSO,1,0.258870699966792,0.2592782999854535,-22.57671091874672,0.0,1
Cat,kapur,6,4,PSO,2,0.258870699966792,0.5177540999720804,-22.57671091874672,0.0,1
Cat,kapur,6,4,PSO,3,0.258870699966792,0.7778219999745488,-22.57671091874672,0.0,1
Cat,kapur,6,4,DE,1,0.258870699966792,0.25926009996328503,-22.574823949608582,8.35803383818285e-05,0
Cat,kapur,6,4,DE,2,0.258870699966792,0.5185072999447584,-22.574823949608582,8.35803383818285e-05,0
Cat,kapur,6,4,DE,3,0.258870699966792,0.7770228999434039,-22.574823949608582,8.35803383818285e-05,0
Cat,kapur,6,5,RM-MDE,1,0.22808059997623786,0.22808059997623786,-22.57671091874672,0.0,1
Cat,kapur,6,5,PSO,1,0.22808059997623786,0.22883909998927265,-22.57671091874672,0.0,1
Cat,kapur,6,5,PSO,2,0.22808059997623786,0.4567906999727711,-22.57671091874672,0.0,1
Cat,kapur,6,5,PSO,3,0.22808059997623786,0.6850060999859124,-22.57671091874672,0.0,1
Cat,kapur,6,5,DE,1,0.22808059997623786,0.22827069996856153,-22.57671091874672,0.0,1
Cat,kapur,6,5,DE,2,0.22808059997623786,0.45657569996546954,-22.57671091874672,0.0,1
Cat,kapur,6,5,DE,3,0.22808059997623786,0.6853049999917857,-22.57671091874672,0.0,1
Cat,kapur,6,6,RM-MDE,1,0.3193921000347473,0.3193921000347473,-22.572044571372054,0.00020668853808955272,0
Cat,kapur,6,6,PSO,1,0.3193921000347473,0.31955500005278736,-22.57671091874672,0.0,1
Cat,kapur,6,6,PSO,2,0.3193921000347473,0.6387993000098504,-22.57671091874672,0.0,1
Cat,kapur,6,6,PSO,3,0.3193921000347473,0.9586374000064097,-22.57671091874672,0.0,1
Cat,kapur,6,6,DE,1,0.3193921000347473,0.3203125,-22.576451094816193,1.1508493485266767e-05,0
Cat,kapur,6,6,DE,2,0.3193921000347473,0.6391610000282526,-22.576451094816193,1.1508493485266767e-05,0
Cat,kapur,6,6,DE,3,0.3193921000347473,0.9591376000316814,-22.576451094816193,1.1508493485266767e-05,0
Cat,kapur,6,7,RM-MDE,1,0.2748486999771558,0.2748486999771558,-22.57671091874672,0.0,1
Cat,kapur,6,7,PSO,1,0.2748486999771558,0.2754499999573454,-22.571608459726708,0.0002260054194065665,0
Cat,kapur,6,7,PSO,2,0.2748486999771558,0.5499365999712609,-22.571608459726708,0.0002260054194065665,0
Cat,kapur,6,7,PSO,3,0.2748486999771558,0.8248887999798171,-22.571608459726708,0.0002260054194065665,0
Cat,kapur,6,7,DE,1,0.2748486999771558,0.2755977000342682,-22.57671091874672,0.0,1
Cat,kapur,6,7,DE,2,0.2748486999771558,0.550721200008411,-22.57671091874672,0.0,1
Cat,kapur,6,7,DE,3,0.2748486999771558,0.8247410000185482,-22.57671091874672,0.0,1
Cat,kapur,6,8,RM-MDE,1,0.2766579000162892,0.2766579000162892,-22.57671091874672,0.0,1
Cat,kapur,6,8,PSO,1,0.2766579000162892,0.27711949998047203,-22.574823949608582,8.35803383818285e-05,0
Cat,kapur,6,8,PSO,2,0.2766579000162892,0.5533763999701478,-22.57671091874672,0.0,1
Cat,kapur,6,8,PSO,3,0.2766579000162892,0.8300201999954879,-22.57671091874672,0.0,1
Cat,kapur,6,8,DE,1,0.2766579000162892,0.27731840003980324,-22.576451094816193,1.1508493485266767e-05,0
Cat,kapur,6,8,DE,2,0.2766579000162892,0.5536656000185758,-22.576451094816193,1.1508493485266767e-05,0
Cat,kapur,6,8,DE,3,0.2766579000162892,0.830007900018245,-22.576451094816193,1.1508493485266767e-05,0
Cat,kapur,6,9,RM-MDE,1,0.2613553000264801,0.2613553000264801,-22.57671091874672,0.0,1
Cat,kapur,6,9,PSO,1,0.2613553000264801,0.26143539999611676,-22.57671091874672,0.0,1
Cat,kapur,6,9,PSO,2,0.2613553000264801,0.5227321999846026,-22.57671091874672,0.0,1
Cat,kapur,6,9,PSO,3,0.2613553000264801,0.7844616999500431,-22.57671091874672,0.0,1
Cat,kapur,6,9,DE,1,0.2613553000264801,0.26237259997287765,-22.576451094816193,1.1508493485266767e-05,0
Cat,kapur,6,9,DE,2,0.2613553000264801,0.5236863999743946,-22.576451094816193,1.1508493485266767e-05,0
Cat,kapur,6,9,DE,3,0.2613553000264801,0.7844707000185736,-22.576451094816193,1.1508493485266767e-05,0
Cat,kapur,7,0,RM-MDE,1,0.29613390000304207,0.29613390000304207,-24.86903358420533,0.0,1
Cat,kapur,7,0,PSO,1,0.29613390000304207,0.2964674999821,-24.86903358420533,0.0,1
Cat,kapur,7,0,PSO,2,0.29613390000304207,0.5928920999867842,-24.86903358420533,0.0,1
Cat,kapur,7,0,PSO,3,0.29613390000304207,0.8889722999883816,-24.86903358420533,0.0,1
Cat,kapur,7,0,DE,1,0.29613390000304207,0.2971591000095941,-24.687830317782083,0.007286301086437507,0
Cat,kapur,7,0,DE,2,0.29613390000304207,0.592864100006409,-24.687830317782083,0.007286301086437507,0
Cat,kapur,7,0,DE,3,0.29613390000304207,0.889271899999585,-24.687830317782083,0.007286301086437507,0
Cat,kapur,7,1,RM-MDE,1,0.2346154999686405,0.2346154999686405,-24.86877403004557,1.0436841418828404e-05,0
Cat,kapur,7,1,PSO,1,0.2346154999686405,0.23466519999783486,-24.86903358420533,0.0,1
Cat,kapur,7,1,PSO,2,0.2346154999686405,0.46932719997130334,-24.86903358420533,0.0,1
Cat,kapur,7,1,PSO,3,0.2346154999686405,0.7043176000006497,-24.86903358420533,0.0,1
Cat,kapur,7,1,DE,1,0.2346154999686405,0.23564620001707226,-24.86903358420533,0.0,1
Cat,kapur,7,1,DE,2,0.2346154999686405,0.47012830001767725,-24.86903358420533,0.0,1
Cat,kapur,7,1,DE,3,0.2346154999686405,0.7048467000131495,-24.86903358420533,0.0,1
Cat,kapur,7,2,RM-MDE,1,0.2181428999756463,0.2181428999756463,-24.86903358420533,0.0,1
Cat,kapur,7,2,PSO,1,0.2181428999756463,0.21868709998670965,-24.86903358420533,0.0,1
Cat,kapur,7,2,PSO,2,0.2181428999756463,0.43631269998149946,-24.86903358420533,0.0,1
Cat,kapur,7,2,PSO,3,0.2181428999756463,0.6548940999782644,-24.86903358420533,0.0,1
Cat,kapur,7,2,DE,1,0.2181428999756463,0.21924100001342595,-24.86870122556055,1.3364357068983928e-05,0
Cat,kapur,7,2,DE,2,0.2181428999756463,0.4364977999939583,-24.86870122556055,1.3364357068983928e-05,0
Cat,kapur,7,2,DE,3,0.2181428999756463,0.6549147000187077,-24.86870122556055,1.3364357068983928e-05,0
Cat,kapur,7,3,RM-MDE,1,0.2521196000161581,0.2521196000161581,-24.86903358420533,0.0,1
Cat,kapur,7,3,PSO,1,0.2521196000161581,0.2525127000408247,-24.867155526001337,7.551794072066876e-05,0
Cat,kapur,7,3,PSO,2,0.2521196000161581,0.5044656000100076,-24.867415080161095,6.508109930184036e-05,0
Cat,kapur,7,3,PSO,3,0.2521196000161581,0.7569507000152953,-24.867415080161095,6.508109930184036e-05,0
Cat,kapur,7,3,DE,1,0.2521196000161581,0.2526120999827981,-24.867415080161095,6.508109930184036e-05,0
Cat,kapur,7,3,DE,2,0.2521196000161581,0.5048162000020966,-24.867415080161095,6.508109930184036e-05,0
Cat,kapur,7,3,DE,3,0.2521196000161581,0.7570698999916203,-24.867415080161095,6.508109930184036e-05,0
Cat,kapur,7,4,RM-MDE,1,0.2691491000005044,0.2691491000005044,-24.86903358420533,0.0,1
Cat,kapur,7,4,PSO,1,0.2691491000005044,0.2692881999537349,-24.86903358420533,0.0,1
Cat,kapur,7,4,PSO,2,0.2691491000005044,0.5384623999707401,-24.86903358420533,0.0,1
Cat,kapur,7,4,PSO,3,0.2691491000005044,0.8081881999969482,-24.86903358420533,0.0,1
Cat,kapur,7,4,DE,1,0.2691491000005044,0.26974560000235215,-24.865063800520034,0.00015962758150027772,0
Cat,kapur,7,4,DE,2,0.2691491000005044,0.5390672999783419,-24.865063800520034,0.00015962758150027772,0
Cat,kapur,7,4,DE,3,0.2691491000005044,0.8080557999783196,-24.865063800520034,0.00015962758150027772,0
Cat,kapur,7,5,RM-MDE,1,0.3169188000028953,0.3169188000028953,-24.86903358420533,0.0,1
Cat,kapur,7,5,PSO,1,0.3169188000028953,0.31708319997414947,-24.86903358420533,0.0,1
Cat,kapur,7,5,PSO,2,0.3169188000028953,0.6346457999898121,-24.86903358420533,0.0,1
Cat,kapur,7,5,PSO,3,0.3169188000028953,0.950795000011567,-24.86903358420533,0.0,1
Cat,kapur,7,5,DE,1,0.3169188000028953,0.3181903000222519,-24.827157856942563,0.0016838502035464065,0
Cat,kapur,7,5,DE,2,0.3169188000028953,0.6348770000040531,-24.827157856942563,0.0016838502035464065,0
Cat,kapur,7,5,DE,3,0.3169188000028953,0.9509256000164896,-24.827157856942563,0.0016838502035464065,0
Cat,kapur,7,6,RM-MDE,1,0.2655585999600589,0.2655585999600589,-24.86903358420533,0.0,1
Cat,kapur,7,6,PSO,1,0.2655585999600589,0.2658020000089891,-24.86903358420533,0.0,1
Cat,kapur,7,6,PSO,2,0.2655585999600589,0.5314849999849685,-24.86903358420533,0.0,1
Cat,kapur,7,6,PSO,3,0.2655585999600589,0.7969545000232756,-24.86903358420533,0.0,1
Cat,kapur,7,6,DE,1,0.2655585999600589,0.26651019998826087,-24.866826089645826,8.876479063927063e-05,0
Cat,kapur,7,6,DE,2,0.2655585999600589,0.5311587000032887,-24.866826089645826,8.876479063927063e-05,0
Cat,kapur,7,6,DE,3,0.2655585999600589,0.7976691999938339,-24.866826089645826,8.876479063927063e-05,0
Cat,kapur,7,7,RM-MDE,1,0.23592950002057478,0.23592950002057478,-24.86903358420533,0.0,1
Cat,kapur,7,7,PSO,1,0.23592950002057478,0.23637709999457002,-24.86903358420533,0.0,1
Cat,kapur,7,7,PSO,2,0.23592950002057478,0.4724683000240475,-24.86903358420533,0.0,1
Cat,kapur,7,7,PSO,3,0.23592950002057478,0.708333800022956,-24.86903358420533,0.0,1
Cat,kapur,7,7,DE,1,0.23592950002057478,0.23692270001629367,-24.86903358420533,0.0,1
Cat,kapur,7,7,DE,2,0.23592950002057478,0.47221320000244305,-24.86903358420533,0.0,1
Cat,kapur,7,7,DE,3,0.23592950002057478,0.7079925000434741,-24.86903358420533,0.0,1
Cat,kapur,7,8,RM-MDE,1,0.22476340003777295,0.22476340003777295,-24.86903358420533,0.0,1
Cat,kapur,7,8,PSO,1,0.22476340003777295,0.2248422999982722,-24.86903358420533,0.0,1
Cat,kapur,7,8,PSO,2,0.22476340003777295,0.45002150000073016,-24.86903358420533,0.0,1
Cat,kapur,7,8,PSO,3,0.22476340003777295,0.674361500015948,-24.86903358420533,0.0,1
Cat,kapur,7,8,DE,1,0.22476340003777295,0.22602590004680678,-24.86903358420533,0.0,1
Cat,kapur,7,8,DE,2,0.22476340003777295,0.4505697000422515,-24.86903358420533,0.0,1
Cat,kapur,7,8,DE,3,0.22476340003777295,0.6749150000396185,-24.86903358420533,0.0,1
Cat,kapur,7,9,RM-MDE,1,0.33482599997660145,0.33482599997660145,-24.86519568198369,0.0001543245421518061,0
Cat,kapur,7,9,PSO,1,0.33482599997660145,0.3355648999568075,-24.86903358420533,0.0,1
Cat,kapur,7,9,PSO,2,0.33482599997660145,0.6702116999658756,-24.86903358420533,0.0,1
Cat,kapur,7,9,PSO,3,0.33482599997660145,1.0051276999874972,-24.86903358420533,0.0,1
Cat,kapur,7,9,DE,1,0.33482599997660145,0.3352415999979712,-24.867082721516315,7.84454563708243e-05,0
Cat,kapur,7,9,DE,2,0.33482599997660145,0.670054699992761,-24.867082721516315,7.84454563708243e-05,0
Cat,kapur,7,9,DE,3,0.33482599997660145,1.0052984000067227,-24.867082721516315,7.84454563708243e-05,0
Cat,kapur,8,0,RM-MDE,1,0.2693927999935113,0.2693927999935113,-27.043727278194947,0.0,1
Cat,kapur,8,0,PSO,1,0.2693927999935113,0.2701406999840401,-27.043727278194947,0.0,1
Cat,kapur,8,0,PSO,2,0.2693927999935113,0.538929799979087,-27.043727278194947,0.0,1
Cat,kapur,8,0,PSO,3,0.2693927999935113,0.8085933999973349,-27.043727278194947,0.0,1
Cat,kapur,8,0,DE,1,0.2693927999935113,0.27047659998061135,-26.988780785973546,0.002031764765861377,0
Cat,kapur,8,0,DE,2,0.2693927999935113,0.5393255999661051,-26.988780785973546,0.002031764765861377,0
Cat,kapur,8,0,DE,3,0.2693927999935113,0.8082214000169188,-26.988780785973546,0.002031764765861377,0
Cat,kapur,8,1,RM-MDE,1,0.3496714999782853,0.3496714999782853,-27.043727278194947,0.0,1
Cat,kapur,8,1,PSO,1,0.3496714999782853,0.3498784000403248,-27.04281244154916,3.3828053225666064e-05,0
Cat,kapur,8,1,PSO,2,0.3496714999782853,0.6998653000337072,-27.043727278194947,0.0,1
Cat,kapur,8,1,PSO,3,0.3496714999782853,1.0494822000036947,-27.043727278194947,0.0,1
Cat,kapur,8,1,DE,1,0.3496714999782853,0.349710899987258,-27.04191774837905,6.691125810000872e-05,0
Cat,kapur,8,1,DE,2,0.3496714999782853,0.6996538999956101,-27.04191774837905,6.691125810000872e-05,0
Cat,kapur,8,1,DE,3,0.3496714999782853,1.0495571999927051,-27.04191774837905,6.691125810000872e-05,0
Cat,kapur,8,2,RM-MDE,1,0.35083260003011674,0.35083260003011674,-27.043727278194947,0.0,1
Cat,kapur,8,2,PSO,1,0.35083260003011674,0.35151379997842014,-27.040843412868345,0.00010663712501373092,0
Cat,kapur,8,2,PSO,2,0.35083260003011674,0.701820999966003,-27.043727278194947,0.0,1
Cat,kapur,8,2,PSO,3,0.35083260003011674,1.052860800002236,-27.043727278194947,0.0,1
Cat,kapur,8,2,DE,1,0.35083260003011674,0.35090600000694394,-26.98985131195896,0.0019921797643413118,0
Cat,kapur,8,2,DE,2,0.35083260003011674,0.7018495000083931,-26.98985131195896,0.0019921797643413118,0
Cat,kapur,8,2,DE,3,0.35083260003011674,1.0537727000191808,-26.98985131195896,0.0019921797643413118,0
Cat,kapur,8,3,RM-MDE,1,0.3493575999746099,0.3493575999746099,-27.043727278194947,0.0,1
Cat,kapur,8,3,PSO,1,0.3493575999746099,0.3498145999619737,-27.043727278194947,0.0,1
Cat,kapur,8,3,PSO,2,0.3493575999746099,0.6998546999529935,-27.043727278194947,0.0,1
Cat,kapur,8,3,PSO,3,0.3493575999746099,1.0483666000072844,-27.043727278194947,0.0,1
Cat,kapur,8,3,DE,1,0.3493575999746099,0.34988910000538453,-27.043727278194947,0.0,1
Cat,kapur,8,3,DE,2,0.3493575999746099,0.6987628000206314,-27.043727278194947,0.0,1
Cat,kapur,8,3,DE,3,0.3493575999746099,1.048491500027012,-27.043727278194947,0.0,1
Cat,kapur,8,4,RM-MDE,1,0.3196208000299521,0.3196208000299521,-27.043727278194947,0.0,1
Cat,kapur,8,4,PSO,1,0.3196208000299521,0.3198305999976583,-27.04281244154916,3.3828053225666064e-05,0
Cat,kapur,8,4,PSO,2,0.3196208000299521,0.6398209999897517,-27.043727278194947,0.0,1
Cat,kapur,8,4,PSO,3,0.3196208000299521,0.9596200999803841,-27.043727278194947,0.0,1
Cat,kapur,8,4,DE,1,0.3196208000299521,0.3209713000105694,-27.04037616901467,0.00012391447176653695,0
Cat,kapur,8,4,DE,2,0.3196208000299521,0.6404946999973617,-27.04037616901467,0.00012391447176653695,0
Cat,kapur,8,4,DE,3,0.3196208000299521,0.9591179999988526,-27.04037616901467,0.00012391447176653695,0
Cat,kapur,8,5,RM-MDE,1,0.31010439997771755,0.31010439997771755,-27.043727278194947,0.0,1
Cat,kapur,8,5,PSO,1,0.31010439997771755,0.3104917999589816,-27.043727278194947,0.0,1
Cat,kapur,8,5,PSO,2,0.31010439997771755,0.6203928999602795,-27.043727278194947,0.0,1
Cat,kapur,8,5,PSO,3,0.31010439997771755,0.9310416999505833,-27.043727278194947,0.0,1
Cat,kapur,8,5,DE,1,0.31010439997771755,0.3106735000037588,-27.04281244154916,3.3828053225666064e-05,0
Cat,kapur,8,5,DE,2,0.31010439997771755,0.6204238999634981,-27.04281244154916,3.3828053225666064e-05,0
Cat,kapur,8,5,DE,3,0.31010439997771755,0.9315256999689154,-27.04281244154916,3.3828053225666064e-05,0
Cat,kapur,8,6,RM-MDE,1,0.3533486000378616,0.3533486000378616,-27.043727278194947,0.0,1
Cat,kapur,8,6,PSO,1,0.3533486000378616,0.3536083000362851,-27.043727278194947,0.0,1
Cat,kapur,8,6,PSO,2,0.3533486000378616,0.7068616999895312,-27.043727278194947,0.0,1
Cat,kapur,8,6,PSO,3,0.3533486000378616,1.060321800003294,-27.043727278194947,0.0,1
Cat,kapur,8,6,DE,1,0.3533486000378616,0.3546982999541797,-27.040968873955265,0.00010199793139852571,0
Cat,kapur,8,6,DE,2,0.3533486000378616,0.7075945999822579,-27.040968873955265,0.00010199793139852571,0
Cat,kapur,8,6,DE,3,0.3533486000378616,1.0605720999883488,-27.040968873955265,0.00010199793139852571,0
Cat,kapur,8,7,RM-MDE,1,0.3328478999901563,0.3328478999901563,-27.043727278194947,0.0,1
Cat,kapur,8,7,PSO,1,0.3328478999901563,0.33372769999550655,-27.043727278194947,0.0,1
Cat,kapur,8,7,PSO,2,0.3328478999901563,0.666515699995216,-27.043727278194947,0.0,1
Cat,kapur,8,7,PSO,3,0.3328478999901563,0.9988726999727078,-27.043727278194947,0.0,1
Cat,kapur,8,7,DE,1,0.3328478999901563,0.3331171000027098,-26.877906227072234,0.00613159012501994,0
Cat,kapur,8,7,DE,2,0.3328478999901563,0.6660236999741755,-26.877906227072234,0.00613159012501994,0
Cat,kapur,8,7,DE,3,0.3328478999901563,0.9990864000283182,-26.877906227072234,0.00613159012501994,0
Cat,kapur,8,8,RM-MDE,1,0.2958045999985188,0.2958045999985188,-27.043727278194947,0.0,1
Cat,kapur,8,8,PSO,1,0.2958045999985188,0.2958736000000499,-27.043727278194947,0.0,1
Cat,kapur,8,8,PSO,2,0.2958045999985188,0.5916400999994949,-27.043727278194947,0.0,1
Cat,kapur,8,8,PSO,3,0.2958045999985188,0.887631599965971,-27.043727278194947,0.0,1
Cat,kapur,8,8,DE,1,0.2958045999985188,0.29628449998563156,-27.04191774837905,6.691125810000872e-05,0
Cat,kapur,8,8,DE,2,0.2958045999985188,0.5939350000116974,-27.04191774837905,6.691125810000872e-05,0
Cat,kapur,8,8,DE,3,0.2958045999985188,0.887549500039313,-27.04191774837905,6.691125810000872e-05,0
Cat,kapur,8,9,RM-MDE,1,0.33675310004036874,0.33675310004036874,-27.043727278194947,0.0,1
Cat,kapur,8,9,PSO,1,0.33675310004036874,0.3370839999988675,-27.019111703954934,0.0009102138173039471,0
Cat,kapur,8,9,PSO,2,0.33675310004036874,0.6743499000440352,-27.043727278194947,0.0,1
Cat,kapur,8,9,PSO,3,0.33675310004036874,1.0110449999920093,-27.043727278194947,0.0,1
Cat,kapur,8,9,DE,1,0.33675310004036874,0.3376758000231348,-27.043727278194947,0.0,1
Cat,kapur,8,9,DE,2,0.33675310004036874,0.6744870999827981,-27.043727278194947,0.0,1
Cat,kapur,8,9,DE,3,0.33675310004036874,1.0112913000048138,-27.043727278194947,0.0,1
Cat,mcet,6,0,RM-MDE,1,0.23439649998908862,0.23439649998908862,-77069237.36816211,0.0,1
Cat,mcet,6,0,PSO,1,0.23439649998908862,0.2344878999865614,-77069237.36816211,0.0,1
Cat,mcet,6,0,PSO,2,0.23439649998908862,0.4688216000213288,-77069237.36816211,0.0,1
Cat,mcet,6,0,PSO,3,0.23439649998908862,0.7037804999854416,-77069237.36816211,0.0,1
Cat,mcet,6,0,DE,1,0.23439649998908862,0.23508199997013435,-77069237.36816211,0.0,1
Cat,mcet,6,0,DE,2,0.23439649998908862,0.4690584999625571,-77069237.36816211,0.0,1
Cat,mcet,6,0,DE,3,0.23439649998908862,0.7035116999759339,-77069237.36816211,0.0,1
Cat,mcet,6,1,RM-MDE,1,0.22730540001066402,0.22730540001066402,-77069237.36816211,0.0,1
Cat,mcet,6,1,PSO,1,0.22730540001066402,0.2280068999971263,-77069171.24010472,8.580344070949564e-07,0
Cat,mcet,6,1,PSO,2,0.22730540001066402,0.45521970000118017,-77069171.24010472,8.580344070949564e-07,0
Cat,mcet,6,1,PSO,3,0.22730540001066402,0.6822786999982782,-77069171.24010472,8.580344070949564e-07,0
Cat,mcet,6,1,DE,1,0.22730540001066402,0.2279034999664873,-77069187.63303804,6.453304296873452e-07,0
Cat,mcet,6,1,DE,2,0.22730540001066402,0.4548952999757603,-77069187.63303804,6.453304296873452e-07,0
Cat,mcet,6,1,DE,3,0.22730540001066402,0.6830014999723062,-77069187.63303804,6.453304296873452e-07,0
Cat,mcet,6,2,RM-MDE,1,0.278438700013794,0.278438700013794,-77069237.36816211,0.0,1
Cat,mcet,6,2,PSO,1,0.278438700013794,0.2789439999614842,-77069237.36816211,0.0,1
Cat,mcet,6,2,PSO,2,0.278438700013794,0.5569473999785259,-77069237.36816211,0.0,1
Cat,mcet,6,2,PSO,3,0.278438700013794,0.8358898999867961,-77069237.36816211,0.0,1
Cat,mcet,6,2,DE,1,0.278438700013794,0.2791940000024624,-77069225.78529312,1.5029172973323452e-07,0
Cat,mcet,6,2,DE,2,0.278438700013794,0.5572544999886304,-77069225.78529312,1.5029172973323452e-07,0
Cat,mcet,6,2,DE,3,0.278438700013794,0.8358374999952503,-77069225.78529312,1.5029172973323452e-07,0
Cat,mcet,6,3,RM-MDE,1,0.29412560001946986,0.29412560001946986,-77069237.36816211,0.0,1
Cat,mcet,6,3,PSO,1,0.29412560001946986,0.2942711999639869,-77069237.36816211,0.0,1
Cat,mcet,6,3,PSO,2,0.29412560001946986,0.5882790999603458,-77069237.36816211,0.0,1
Cat,mcet,6,3,PSO,3,0.29412560001946986,0.8826086999615654,-77069237.36816211,0.0,1
Cat,mcet,6,3,DE,1,0.29412560001946986,0.2952040999662131,-77069237.36816211,0.0,1
Cat,mcet,6,3,DE,2,0.29412560001946986,0.5891311999876052,-77069237.36816211,0.0,1
Cat,mcet,6,3,DE,3,0.29412560001946986,0.8832739000208676,-77069237.36816211,0.0,1
Cat,mcet,6,4,RM-MDE,1,0.25200340000446886,0.25200340000446886,-77069237.36816211,0.0,1
Cat,mcet,6,4,PSO,1,0.25200340000446886,0.2521514999680221,-77069237.36816211,0.0,1
Cat,mcet,6,4,PSO,2,0.25200340000446886,0.5041084999684244,-77069237.36816211,0.0,1
Cat,mcet,6,4,PSO,3,0.25200340000446886,0.7560990999918431,-77069237.36816211,0.0,1
Cat,mcet,6,4,DE,1,0.25200340000446886,0.2526569000328891,-77069237.36816211,0.0,1
Cat,mcet,6,4,DE,2,0.25200340000446886,0.5045422000112012,-77069237.36816211,0.0,1
Cat,mcet,6,4,DE,3,0.25200340000446886,0.7561263000243343,-77069237.36816211,0.0,1
Cat,mcet,6,5,RM-MDE,1,0.22496560000581667,0.22496560000581667,-77069237.36816211,0.0,1
Cat,mcet,6,5,PSO,1,0.22496560000581667,0.22548070002812892,-77069199.3761658,4.929592870072373e-07,0
Cat,mcet,6,5,PSO,2,0.22496560000581667,0.4499558000243269,-77069212.51495129,3.224790029129681e-07,0
Cat,mcet,6,5,PSO,3,0.22496560000581667,0.6756090000271797,-77069237.36816211,0.0,1
Cat,mcet,6,5,DE,1,0.22496560000581667,0.22528750001220033,-77069237.36816211,0.0,1
Cat,mcet,6,5,DE,2,0.22496560000581667,0.45058599999174476,-77069237.36816211,0.0,1
Cat,mcet,6,5,DE,3,0.22496560000581667,0.6749689999851398,-77069237.36816211,0.0,1
Cat,mcet,6,6,RM-MDE,1,0.21484299999428913,0.21484299999428913,-77069237.36816211,0.0,1
Cat,mcet,6,6,PSO,1,0.21484299999428913,0.2152182999998331,-77069237.36816211,0.0,1
Cat,mcet,6,6,PSO,2,0.21484299999428913,0.4301570999668911,-77069237.36816211,0.0,1
Cat,mcet,6,6,PSO,3,0.21484299999428913,0.6452131999540143,-77069237.36816211,0.0,1
Cat,mcet,6,6,DE,1,0.21484299999428913,0.21505559998331591,-77066614.15207806,3.403713561504402e-05,0
Cat,mcet,6,6,DE,2,0.21484299999428913,0.4299748999765143,-77066614.15207806,3.403713561504402e-05,0
Cat,mcet,6,6,DE,3,0.21484299999428913,0.644885300018359,-77066614.15207806,3.403713561504402e-05,0
Cat,mcet,6,7,RM-MDE,1,0.20872709999093786,0.20872709999093786,-77069237.36816211,0.0,1
Cat,mcet,6,7,PSO,1,0.20872709999093786,0.20942830003332347,-77069227.50122626,1.2802690393905292e-07,0
Cat,mcet,6,7,PSO,2,0.20872709999093786,0.41798349999589846,-77069237.36816211,0.0,1
Cat,mcet,6,7,PSO,3,0.20872709999093786,0.6262722000246868,-77069237.36816211,0.0,1
Cat,mcet,6,7,DE,1,0.20872709999093786,0.2097327999654226,-77069195.18751359,5.473084976706156e-07,0
Cat,mcet,6,7,DE,2,0.20872709999093786,0.4184633999830112,-77069195.18751359,5.473084976706156e-07,0
Cat,mcet,6,7,DE,3,0.20872709999093786,0.626562399964314,-77069195.18751359,5.473084976706156e-07,0
Cat,mcet,6,8,RM-MDE,1,0.21944960003020242,0.21944960003020242,-77069237.36816211,0.0,1
Cat,mcet,6,8,PSO,1,0.21944960003020242,0.2196819999953732,-77069237.36816211,0.0,1
Cat,mcet,6,8,PSO,2,0.21944960003020242,0.43947550002485514,-77069237.36816211,0.0,1
Cat,mcet,6,8,PSO,3,0.21944960003020242,0.6585598000092432,-77069237.36816211,0.0,1
Cat,mcet,6,8,DE,1,0.21944960003020242,0.21993409999413416,-77069237.36816211,0.0,1
Cat,mcet,6,8,DE,2,0.21944960003020242,0.4397039999603294,-77069237.36816211,0.0,1
Cat,mcet,6,8,DE,3,0.21944960003020242,0.6591957999626175,-77069237.36816211,0.0,1
Cat,mcet,6,9,RM-MDE,1,0.21648260002257302,0.21648260002257302,-77069237.36816211,0.0,1
Cat,mcet,6,9,PSO,1,0.21648260002257302,0.21682929998496547,-77069237.36816211,0.0,1
Cat,mcet,6,9,PSO,2,0.21648260002257302,0.4330032999860123,-77069237.36816211,0.0,1
Cat,mcet,6,9,PSO,3,0.21648260002257302,0.6498038999852724,-77069237.36816211,0.0,1
Cat,mcet,6,9,DE,1,0.21648260002257302,0.21756139997160062,-77069095.44226086,1.8415376367494946e-06,0
Cat,mcet,6,9,DE,2,0.21648260002257302,0.43401809997158125,-77069095.44226086,1.8415376367494946e-06,0
Cat,mcet,6,9,DE,3,0.21648260002257302,0.6504537999862805,-77069095.44226086,1.8415376367494946e-06,0
Cat,mcet,7,0,RM-MDE,1,0.16976070002419874,0.16976070002419874,-77075910.25274462,0.0,1
Cat,mcet,7,0,PSO,1,0.16976070002419874,0.1699287000228651,-77075891.29991639,2.458982082251668e-07,0
Cat,mcet,7,0,PSO,2,0.16976070002419874,0.33966210001381114,-77075908.97277586,1.6606599250788488e-08,0
Cat,mcet,7,0,PSO,3,0.16976070002419874,0.509441300004255,-77075908.97277586,1.6606599250788488e-08,0
Cat,mcet,7,0,DE,1,0.16976070002419874,0.17074570001568645,-77073958.05605133,2.5328234034275106e-05,0
Cat,mcet,7,0,DE,2,0.16976070002419874,0.3396466000122018,-77073958.05605133,2.5328234034275106e-05,0
Cat,mcet,7,0,DE,3,0.16976070002419874,0.5096530999871902,-77073958.05605133,2.5328234034275106e-05,0
Cat,mcet,7,1,RM-MDE,1,0.1966227000229992,0.1966227000229992,-77075910.25274462,0.0,1
Cat,mcet,7,1,PSO,1,0.1966227000229992,0.19710039999336004,-77075910.25274462,0.0,1
Cat,mcet,7,1,PSO,2,0.1966227000229992,0.3937852999661118,-77075910.25274462,0.0,1
Cat,mcet,7,1,PSO,3,0.1966227000229992,0.5903066999744624,-77075910.25274462,0.0,1
Cat,mcet,7,1,DE,1,0.1966227000229992,0.19734849996166304,-77075908.97277586,1.6606599250788488e-08,0
Cat,mcet,7,1,DE,2,0.1966227000229992,0.3940835999674164,-77075908.97277586,1.6606599250788488e-08,0
Cat,mcet,7,1,DE,3,0.1966227000229992,0.5906132999807596,-77075908.97277586,1.6606599250788488e-08,0
Cat,mcet,7,2,RM-MDE,1,0.2227712000021711,0.2227712000021711,-77075910.25274462,0.0,1
Cat,mcet,7,2,PSO,1,0.2227712000021711,0.2234588999999687,-77075910.25274462,0.0,1
Cat,mcet,7,2,PSO,2,0.2227712000021711,0.4460851000039838,-77075910.25274462,0.0,1
Cat,mcet,7,2,PSO,3,0.2227712000021711,0.6683174000354484,-77075910.25274462,0.0,1
Cat,mcet,7,2,DE,1,0.2227712000021711,0.2232264000340365,-77075910.25274462,0.0,1
Cat,mcet,7,2,DE,2,0.2227712000021711,0.4456291000242345,-77075910.25274462,0.0,1
Cat,mcet,7,2,DE,3,0.2227712000021711,0.6693919000099413,-77075910.25274462,0.0,1
Cat,mcet,7,3,RM-MDE,1,0.24251370003912598,0.24251370003912598,-77075908.97277586,1.6606599250788488e-08,0
Cat,mcet,7,3,PSO,1,0.24251370003912598,0.24275550001766533,-77075910.25274462,0.0,1
Cat,mcet,7,3,PSO,2,0.24251370003912598,0.48506799997994676,-77075910.25274462,0.0,1
Cat,mcet,7,3,PSO,3,0.24251370003912598,0.7280299999983981,-77075910.25274462,0.0,1
Cat,mcet,7,3,DE,1,0.24251370003912598,0.24263829999836162,-77075903.11354753,9.262553057001642e-08,0
Cat,mcet,7,3,DE,2,0.24251370003912598,0.4859982000198215,-77075903.11354753,9.262553057001642e-08,0
Cat,mcet,7,3,DE,3,0.24251370003912598,0.7282734999898821,-77075903.11354753,9.262553057001642e-08,0
Cat,mcet,7,4,RM-MDE,1,0.2173608000157401,0.2173608000157401,-77075910.25274462,0.0,1
Cat,mcet,7,4,PSO,1,0.2173608000157401,0.21806980000110343,-77075907.85895029,3.1057619950574354e-08,0
Cat,mcet,7,4,PSO,2,0.2173608000157401,0.4347910000360571,-77075907.85895029,3.1057619950574354e-08,0
Cat,mcet,7,4,PSO,3,0.2173608000157401,0.6526764000300318,-77075907.85895029,3.1057619950574354e-08,0
Cat,mcet,7,4,DE,1,0.2173608000157401,0.21840469999006018,-77075910.25274462,0.0,1
Cat,mcet,7,4,DE,2,0.2173608000157401,0.4356777999782935,-77075910.25274462,0.0,1
Cat,mcet,7,4,DE,3,0.2173608000157401,0.6529354999656789,-77075910.25274462,0.0,1
Cat,mcet,7,5,RM-MDE,1,0.24042979994555935,0.24042979994555935,-77075910.25274462,0.0,1
Cat,mcet,7,5,PSO,1,0.24042979994555935,0.24112989997956902,-77075910.12250154,1.6898026562008173e-09,1
Cat,mcet,7,5,PSO,2,0.24042979994555935,0.4808770999661647,-77075910.25274462,0.0,1
Cat,mcet,7,5,PSO,3,0.24042979994555935,0.7216113000176847,-77075910.25274462,0.0,1
Cat,mcet,7,5,DE,1,0.24042979994555935,0.2412017000024207,-77075907.85895029,3.1057619950574354e-08,0
Cat,mcet,7,5,DE,2,0.24042979994555935,0.4810616000322625,-77075907.85895029,3.1057619950574354e-08,0
Cat,mcet,7,5,DE,3,0.24042979994555935,0.7213315999833867,-77075907.85895029,3.1057619950574354e-08,0
Cat,mcet,7,6,RM-MDE,1,0.19806540000718087,0.19806540000718087,-77075910.25274462,0.0,1
Cat,mcet,7,6,PSO,1,0.19806540000718087,0.19853100000182167,-77075908.97277586,1.6606599250788488e-08,0
Cat,mcet,7,6,PSO,2,0.19806540000718087,0.39647879998665303,-77075908.97277586,1.6606599250788488e-08,0
Cat,mcet,7,6,PSO,3,0.19806540000718087,0.5947608000133187,-77075908.97277586,1.6606599250788488e-08,0
Cat,mcet,7,6,DE,1,0.19806540000718087,0.19891620002454147,-77075451.65086229,5.95000280658109e-06,0
Cat,mcet,7,6,DE,2,0.19806540000718087,0.39617449999786913,-77075451.65086229,5.95000280658109e-06,0
Cat,mcet,7,6,DE,3,0.19806540000718087,0.5951956000062637,-77075451.65086229,5.95000280658109e-06,0
Cat,mcet,7,7,RM-MDE,1,0.21299899998120964,0.21299899998120964,-77075908.97277586,1.6606599250788488e-08,0
Cat,mcet,7,7,PSO,1,0.21299899998120964,0.21312000002944842,-77075831.94108398,1.016032900236848e-06,0
Cat,mcet,7,7,PSO,2,0.21299899998120964,0.4266688000061549,-77075868.73721746,5.386316817127341e-07,0
Cat,mcet,7,7,PSO,3,0.21299899998120964,0.6393761000363156,-77075868.73721746,5.386316817127341e-07,0
Cat,mcet,7,7,DE,1,0.21299899998120964,0.21312730002682656,-77075884.16071932,3.385237386018522e-07,0
Cat,mcet,7,7,DE,2,0.21299899998120964,0.42637580004520714,-77075884.16071932,3.385237386018522e-07,0
Cat,mcet,7,7,DE,3,0.21299899998120964,0.6395233000512235,-77075884.16071932,3.385237386018522e-07,0
Cat,mcet,7,8,RM-MDE,1,0.19075420004082844,0.19075420004082844,-77075907.85895029,3.1057619950574354e-08,0
Cat,mcet,7,8,PSO,1,0.19075420004082844,0.19098010001471266,-77075907.85895029,3.1057619950574354e-08,0
Cat,mcet,7,8,PSO,2,0.19075420004082844,0.3819050000165589,-77075907.85895029,3.1057619950574354e-08,0
Cat,mcet,7,8,PSO,3,0.19075420004082844,0.5723090000101365,-77075907.85895029,3.1057619950574354e-08,0
Cat,mcet,7,8,DE,1,0.19075420004082844,0.19087560003390536,-77075907.85895029,3.1057619950574354e-08,0
Cat,mcet,7,8,DE,2,0.19075420004082844,0.38226560002658516,-77075907.85895029,3.1057619950574354e-08,0
Cat,mcet,7,8,DE,3,0.19075420004082844,0.5723618000047281,-77075907.85895029,3.1057619950574354e-08,0
Cat,mcet,7,9,RM-MDE,1,0.2282083000172861,0.2282083000172861,-77075910.25274462,0.0,1
Cat,mcet,7,9,PSO,1,0.2282083000172861,0.22847689996706322,-77075908.97277586,1.6606599250788488e-08,0
Cat,mcet,7,9,PSO,2,0.2282083000172861,0.4567689999821596,-77075910.25274462,0.0,1
Cat,mcet,7,9,PSO,3,0.2282083000172861,0.6851190999732353,-77075910.25274462,0.0,1
Cat,mcet,7,9,DE,1,0.2282083000172861,0.22901790001196787,-77073564.09155361,3.043961703868414e-05,0
Cat,mcet,7,9,DE,2,0.2282083000172861,0.45724260003771633,-77073564.09155361,3.043961703868414e-05,0
Cat,mcet,7,9,DE,3,0.2282083000172861,0.6853631000267342,-77073564.09155361,3.043961703868414e-05,0
Cat,mcet,8,0,RM-MDE,1,0.18203389999689534,0.18203389999689534,-77080271.37209173,0.0,1
Cat,mcet,8,0,PSO,1,0.18203389999689534,0.1828084999579005,-77080164.29378752,1.3891791283980107e-06,0
Cat,mcet,8,0,PSO,2,0.18203389999689534,0.3647925999830477,-77080210.17923355,7.938848305170758e-07,0
Cat,mcet,8,0,PSO,3,0.18203389999689534,0.5465504999738187,-77080210.17923355,7.938848305170758e-07,0
Cat,mcet,8,0,DE,1,0.18203389999689534,0.1822146000340581,-77080252.6413613,2.43002912364856e-07,0
Cat,mcet,8,0,DE,2,0.18203389999689534,0.36480219999793917,-77080252.6413613,2.43002912364856e-07,0
Cat,mcet,8,0,DE,3,0.18203389999689534,0.5465236000018194,-77080252.6413613,2.43002912364856e-07,0
Cat,mcet,8,1,RM-MDE,1,0.17589509999379516,0.17589509999379516,-77080271.37209173,0.0,1
Cat,mcet,8,1,PSO,1,0.17589509999379516,0.17597600002773106,-77075833.87294078,5.756984338476799e-05,0
Cat,mcet,8,1,PSO,2,0.17589509999379516,0.3521856000297703,-77075908.97277586,5.659553655182552e-05,0
Cat,mcet,8,1,PSO,3,0.17589509999379516,0.5283081000088714,-77075908.97277586,5.659553655182552e-05,0
Cat,mcet,8,1,DE,1,0.17589509999379516,0.17700010002590716,-77080229.20062704,5.47111004293821e-07,0
Cat,mcet,8,1,DE,2,0.17589509999379516,0.35229720000643283,-77080229.20062704,5.47111004293821e-07,0
Cat,mcet,8,1,DE,3,0.17589509999379516,0.5282971999840811,-77080229.20062704,5.47111004293821e-07,0
Cat,mcet,8,2,RM-MDE,1,0.16406019998248667,0.16406019998248667,-77080271.37209173,0.0,1
Cat,mcet,8,2,PSO,1,0.16406019998248667,0.1648064000182785,-77080115.44277701,2.0229471425305254e-06,0
Cat,mcet,8,2,PSO,2,0.16406019998248667,0.3288278999971226,-77080200.22707656,9.22999022950626e-07,0
Cat,mcet,8,2,PSO,3,0.16406019998248667,0.4926698000053875,-77080200.22707656,9.22999022950626e-07,0
Cat,mcet,8,2,DE,1,0.16406019998248667,0.1648921999731101,-77080252.6413613,2.43002912364856e-07,0
Cat,mcet,8,2,DE,2,0.16406019998248667,0.3288468000246212,-77080252.6413613,2.43002912364856e-07,0
Cat,mcet,8,2,DE,3,0.16406019998248667,0.49236969999037683,-77080252.6413613,2.43002912364856e-07,0
Cat,mcet,8,3,RM-MDE,1,0.21856599999591708,0.21856599999591708,-77080271.37209173,0.0,1
Cat,mcet,8,3,PSO,1,0.21856599999591708,0.21888339996803552,-77080230.78116183,5.266059547156198e-07,0
Cat,mcet,8,3,PSO,2,0.21856599999591708,0.4378372000064701,-77080230.88788413,5.252213942647479e-07,0
Cat,mcet,8,3,PSO,3,0.21856599999591708,0.6557361999875866,-77080230.88788413,5.252213942647479e-07,0
Cat,mcet,8,3,DE,1,0.21856599999591708,0.21874069998739287,-77080230.78116183,5.266059547156198e-07,0
Cat,mcet,8,3,DE,2,0.21856599999591708,0.4375459000002593,-77080230.78116183,5.266059547156198e-07,0
Cat,mcet,8,3,DE,3,0.21856599999591708,0.6557047999813221,-77080230.78116183,5.266059547156198e-07,0
Cat,mcet,8,4,RM-MDE,1,0.17045449995202944,0.17045449995202944,-77080271.37209173,0.0,1
Cat,mcet,8,4,PSO,1,0.17045449995202944,0.17082860000664368,-77080135.56119029,1.7619411428590557e-06,0
Cat,mcet,8,4,PSO,2,0.17045449995202944,0.3414960000081919,-77080242.77873273,3.7095560880294206e-07,0
Cat,mcet,8,4,PSO,3,0.17045449995202944,0.5119858999969438,-77080242.77873273,3.7095560880294206e-07,0
Cat,mcet,8,4,DE,1,0.17045449995202944,0.17097039998043329,-77080252.74808359,2.4161835191398414e-07,0
Cat,mcet,8,4,DE,2,0.17045449995202944,0.34145949996309355,-77080252.74808359,2.4161835191398414e-07,0
Cat,mcet,8,4,DE,3,0.17045449995202944,0.5116472999798134,-77080252.74808359,2.4161835191398414e-07,0
Cat,mcet,8,5,RM-MDE,1,0.17902109998976812,0.17902109998976812,-77080270.377294,1.2905996616215199e-08,0
Cat,mcet,8,5,PSO,1,0.17902109998976812,0.17928599996957928,-77080239.89293444,4.083944792039193e-07,0
Cat,mcet,8,5,PSO,2,0.17902109998976812,0.35859760001767427,-77080239.89293444,4.083944792039193e-07,0
Cat,mcet,8,5,PSO,3,0.17902109998976812,0.5372353999991901,-77080239.89293444,4.083944792039193e-07,0
Cat,mcet,8,5,DE,1,0.17902109998976812,0.1797247999929823,-77080271.37209173,0.0,1
Cat,mcet,8,5,DE,2,0.17902109998976812,0.3593311000149697,-77080271.37209173,0.0,1
Cat,mcet,8,5,DE,3,0.17902109998976812,0.5371238999650814,-77080271.37209173,0.0,1
Cat,mcet,8,6,RM-MDE,1,0.1889960000407882,0.1889960000407882,-77080253.881063,2.2691965680382722e-07,0
Cat,mcet,8,6,PSO,1,0.1889960000407882,0.18948960001580417,-77080221.54341795,6.464517170603242e-07,0
Cat,mcet,8,6,PSO,2,0.1889960000407882,0.37852819997351617,-77080230.88788413,5.252213942647479e-07,0
Cat,mcet,8,6,PSO,3,0.1889960000407882,0.5674111999687739,-77080230.88788413,5.252213942647479e-07,0
Cat,mcet,8,6,DE,1,0.1889960000407882,0.18908949999604374,-77080160.5303269,1.4380043407934146e-06,0
Cat,mcet,8,6,DE,2,0.1889960000407882,0.37823740002932027,-77080160.5303269,1.4380043407934146e-06,0
Cat,mcet,8,6,DE,3,0.1889960000407882,0.5670328999985941,-77080160.5303269,1.4380043407934146e-06,0
Cat,mcet,8,7,RM-MDE,1,0.1948289999854751,0.1948289999854751,-77080271.37209173,0.0,1
Cat,mcet,8,7,PSO,1,0.1948289999854751,0.19498590001603588,-77080211.10248531,7.819070345577265e-07,0
Cat,mcet,8,7,PSO,2,0.1948289999854751,0.3900382000138052,-77080224.32709602,6.10337702148869e-07,0
Cat,mcet,8,7,PSO,3,0.1948289999854751,0.5846467000083067,-77080224.32709602,6.10337702148869e-07,0
Cat,mcet,8,7,DE,1,0.1948289999854751,0.19515590002993122,-77079272.06603499,1.2964485450679358e-05,0
Cat,mcet,8,7,DE,2,0.1948289999854751,0.39001630002167076,-77079272.06603499,1.2964485450679358e-05,0
Cat,mcet,8,7,DE,3,0.1948289999854751,0.5855343000148423,-77079272.06603499,1.2964485450679358e-05,0
Cat,mcet,8,8,RM-MDE,1,0.16304010001476854,0.16304010001476854,-77080270.377294,1.2905996616215199e-08,0
Cat,mcet,8,8,PSO,1,0.16304010001476854,0.1637400999898091,-77080216.03114365,7.179651432194262e-07,0
Cat,mcet,8,8,PSO,2,0.16304010001476854,0.32657999999355525,-77080244.5090154,3.485078068751781e-07,0
Cat,mcet,8,8,PSO,3,0.16304010001476854,0.4897519000223838,-77080257.45372172,1.8056981067542037e-07,0
Cat,mcet,8,8,DE,1,0.16304010001476854,0.1631869000266306,-77079344.87268531,1.2019929223390089e-05,0
Cat,mcet,8,8,DE,2,0.16304010001476854,0.32670990005135536,-77079344.87268531,1.2019929223390089e-05,0
Cat,mcet,8,8,DE,3,0.16304010001476854,0.48932540003443137,-77079344.87268531,1.2019929223390089e-05,0
Cat,mcet,8,9,RM-MDE,1,0.21536910004215315,0.21536910004215315,-77080270.377294,1.2905996616215199e-08,0
Cat,mcet,8,9,PSO,1,0.21536910004215315,0.2155989999882877,-77080197.13475673,9.631171981491077e-07,0
Cat,mcet,8,9,PSO,2,0.21536910004215315,0.4313384999986738,-77080204.60537402,8.661972319719208e-07,0
Cat,mcet,8,9,PSO,3,0.21536910004215315,0.646528999961447,-77080204.60537402,8.661972319719208e-07,0
Cat,mcet,8,9,DE,1,0.21536910004215315,0.21625349996611476,-77080248.49820799,2.9675406341908265e-07,0
Cat,mcet,8,9,DE,2,0.21536910004215315,0.43150649999734014,-77080248.49820799,2.9675406341908265e-07,0
Cat,mcet,8,9,DE,3,0.21536910004215315,0.6472963999840431,-77080248.49820799,2.9675406341908265e-07,0
Clock,otsu,6,0,RM-MDE,1,0.13302559999283403,0.13302559999283403,-2655549383.929816,0.0,1
Clock,otsu,6,0,PSO,1,0.13302559999283403,0.1334064999828115,-2655546862.518522,9.494876311628399e-07,0
Clock,otsu,6,0,PSO,2,0.13302559999283403,0.26666819996898994,-2655546862.518522,9.494876311628399e-07,0
Clock,otsu,6,0,PSO,3,0.13302559999283403,0.3991088999900967,-2655546862.518522,9.494876311628399e-07,0
Clock,otsu,6,0,DE,1,0.13302559999283403,0.13398520002374426,-2655549383.929816,0.0,1
Clock,otsu,6,0,DE,2,0.13302559999283403,0.2668142000329681,-2655549383.929816,0.0,1
Clock,otsu,6,0,DE,3,0.13302559999283403,0.3994755999883637,-2655549383.929816,0.0,1
Clock,otsu,6,1,RM-MDE,1,0.12785270001040772,0.12785270001040772,-2655549383.929816,0.0,1
Clock,otsu,6,1,PSO,1,0.12785270001040772,0.12791899999137968,-2655549383.929816,0.0,1
Clock,otsu,6,1,PSO,2,0.12785270001040772,0.25629140000091866,-2655549383.929816,0.0,1
Clock,otsu,6,1,PSO,3,0.12785270001040772,0.3836709000170231,-2655549383.929816,0.0,1
Clock,otsu,6,1,DE,1,0.12785270001040772,0.12853799998993054,-2655543813.497772,2.0976571090193746e-06,0
Clock,otsu,6,1,DE,2,0.12785270001040772,0.2565296000102535,-2655543813.497772,2.0976571090193746e-06,0
Clock,otsu,6,1,DE,3,0.12785270001040772,0.3840341999894008,-2655543813.497772,2.0976571090193746e-06,0
Clock,otsu,6,2,RM-MDE,1,0.12821399996755645,0.12821399996755645,-2655549383.929816,0.0,1
Clock,otsu,6,2,PSO,1,0.12821399996755645,0.12841119995573536,-2655549383.929816,0.0,1
Clock,otsu,6,2,PSO,2,0.12821399996755645,0.2568129999563098,-2655549383.929816,0.0,1
Clock,otsu,6,2,PSO,3,0.12821399996755645,0.38517189997946844,-2655549383.929816,0.0,1
Clock,otsu,6,2,DE,1,0.12821399996755645,0.1284487000084482,-2655546456.039371,1.1025554495329003e-06,0
Clock,otsu,6,2,DE,2,0.12821399996755645,0.25643040001159534,-2655546456.039371,1.1025554495329003e-06,0
Clock,otsu,6,2,DE,3,0.12821399996755645,0.3846967999706976,-2655546456.039371,1.1025554495329003e-06,0
Clock,otsu,6,3,RM-MDE,1,0.13063149998197332,0.13063149998197332,-2655549383.929816,0.0,1
Clock,otsu,6,3,PSO,1,0.13063149998197332,0.13063480000710115,-2655546456.039371,1.1025554495329003e-06,0
Clock,otsu,6,3,PSO,2,0.13063149998197332,0.2614447000087239,-2655546862.518522,9.494876311628399e-07,0
Clock,otsu,6,3,PSO,3,0.13063149998197332,0.3921900000423193,-2655549383.929816,0.0,1
Clock,otsu,6,3,DE,1,0.13063149998197332,0.1309764999896288,-2655548626.957479,2.850530068655316e-07,0
Clock,otsu,6,3,DE,2,0.13063149998197332,0.261911700014025,-2655548626.957479,2.850530068655316e-07,0
Clock,otsu,6,3,DE,3,0.13063149998197332,0.3926696000271477,-2655548626.957479,2.850530068655316e-07,0
Clock,otsu,6,4,RM-MDE,1,0.12022949999663979,0.12022949999663979,-2655549383.929816,0.0,1
Clock,otsu,6,4,PSO,1,0.12022949999663979,0.12032210000324994,-2655331526.399047,8.203859136917076e-05,0
Clock,otsu,6,4,PSO,2,0.12022949999663979,0.2405927999643609,-2655537049.240295,4.6448729575431135e-06,0
Clock,otsu,6,4,PSO,3,0.12022949999663979,0.36092109995661303,-2655537049.240295,4.6448729575431135e-06,0
Clock,otsu,6,4,DE,1,0.12022949999663979,0.12062780000269413,-2655546456.039371,1.1025554495329003e-06,0
Clock,otsu,6,4,DE,2,0.12022949999663979,0.2407971000066027,-2655546456.039371,1.1025554495329003e-06,0
Clock,otsu,6,4,DE,3,0.12022949999663979,0.36139320000074804,-2655546456.039371,1.1025554495329003e-06,0
Clock,otsu,6,5,RM-MDE,1,0.1270055000204593,0.1270055000204593,-2655549383.929816,0.0,1
Clock,otsu,6,5,PSO,1,0.1270055000204593,0.1271913999808021,-2655497536.136834,1.952431888308461e-05,0
Clock,otsu,6,5,PSO,2,0.1270055000204593,0.2542533000232652,-2655497536.136834,1.952431888308461e-05,0
Clock,otsu,6,5,PSO,3,0.1270055000204593,0.3813936000224203,-2655497536.136834,1.952431888308461e-05,0
Clock,otsu,6,5,DE,1,0.1270055000204593,0.127382300037425,-2655549383.929816,0.0,1
Clock,otsu,6,5,DE,2,0.1270055000204593,0.2547605000436306,-2655549383.929816,0.0,1
Clock,otsu,6,5,DE,3,0.1270055000204593,0.381852800026536,-2655549383.929816,0.0,1
Clock,otsu,6,6,RM-MDE,1,0.12205679999897256,0.12205679999897256,-2655549383.929816,0.0,1
Clock,otsu,6,6,PSO,1,0.12205679999897256,0.12242470000637695,-2655007325.5808554,0.00020412286521225766,0
Clock,otsu,6,6,PSO,2,0.12205679999897256,0.24413150001782924,-2655007325.5808554,0.00020412286521225766,0
Clock,otsu,6,6,PSO,3,0.12205679999897256,0.3667183999787085,-2655007325.5808554,0.00020412286521225766,0
Clock,otsu,6,6,DE,1,0.12205679999897256,0.12298260000534356,-2655521761.952218,1.0401605695932145e-05,0
Clock,otsu,6,6,DE,2,0.12205679999897256,0.2442731999908574,-2655521761.952218,1.0401605695932145e-05,0
Clock,otsu,6,6,DE,3,0.12205679999897256,0.3668764000176452,-2655521761.952218,1.0401605695932145e-05,0
Clock,otsu,6,7,RM-MDE,1,0.12453199998708442,0.12453199998708442,-2655549383.929816,0.0,1
Clock,otsu,6,7,PSO,1,0.12453199998708442,0.12493409996386617,-2655549383.929816,0.0,1
Clock,otsu,6,7,PSO,2,0.12453199998708442,0.24944339995272458,-2655549383.929816,0.0,1
Clock,otsu,6,7,PSO,3,0.12453199998708442,0.37385859998175874,-2655549383.929816,0.0,1
Clock,otsu,6,7,DE,1,0.12453199998708442,0.12535460002254695,-2655546862.518522,9.494876311628399e-07,0
Clock,otsu,6,7,DE,2,0.12453199998708442,0.24996819999068975,-2655546862.518522,9.494876311628399e-07,0
Clock,otsu,6,7,DE,3,0.12453199998708442,0.37397620000410825,-2655546862.518522,9.494876311628399e-07,0
Clock,otsu,6,8,RM-MDE,1,0.11400409997440875,0.11400409997440875,-2655546456.039371,1.1025554495329003e-06,0
Clock,otsu,6,8,PSO,1,0.11400409997440875,0.11439919995609671,-2655430900.1146083,4.46174399634561e-05,0
Clock,otsu,6,8,PSO,2,0.11400409997440875,0.228584399970714,-2655430900.1146083,4.46174399634561e-05,0
Clock,otsu,6,8,PSO,3,0.11400409997440875,0.3423936999752186,-2655430900.1146083,4.46174399634561e-05,0
Clock,otsu,6,8,DE,1,0.11400409997440875,0.11482040002010763,-2655538212.481,4.206831506665686e-06,0
Clock,otsu,6,8,DE,2,0.11400409997440875,0.22850099997594953,-2655538212.481,4.206831506665686e-06,0
Clock,otsu,6,8,DE,3,0.11400409997440875,0.3429811000241898,-2655538212.481,4.206831506665686e-06,0
Clock,otsu,6,9,RM-MDE,1,0.12505899998359382,0.12505899998359382,-2655549383.929816,0.0,1
Clock,otsu,6,9,PSO,1,0.12505899998359382,0.12565539998468012,-2655549383.929816,0.0,1
Clock,otsu,6,9,PSO,2,0.12505899998359382,0.25043700000969693,-2655549383.929816,0.0,1
Clock,otsu,6,9,PSO,3,0.12505899998359382,0.3756188999977894,-2655549383.929816,0.0,1
Clock,otsu,6,9,DE,1,0.12505899998359382,0.1257993999752216,-2655546456.039371,1.1025554495329003e-06,0
Clock,otsu,6,9,DE,2,0.12505899998359382,0.2501820999896154,-2655546456.039371,1.1025554495329003e-06,0
Clock,otsu,6,9,DE,3,0.12505899998359382,0.37583420000737533,-2655546456.039371,1.1025554495329003e-06,0
Clock,otsu,7,0,RM-MDE,1,0.0979327000095509,0.0979327000095509,-2655873624.9204025,0.0,1
Clock,otsu,7,0,PSO,1,0.0979327000095509,0.09811230003833771,-2655870569.406141,1.1504742669426296e-06,0
Clock,otsu,7,0,PSO,2,0.0979327000095509,0.19630930002313107,-2655871826.3064923,6.772211950604829e-07,0
Clock,otsu,7,0,PSO,3,0.0979327000095509,0.2941494000260718,-2655871826.3064923,6.772211950604829e-07,0
Clock,otsu,7,0,DE,1,0.0979327000095509,0.09886900003766641,-2655871741.9284663,7.08991541818279e-07,0
Clock,otsu,7,0,DE,2,0.0979327000095509,0.19608020002488047,-2655871741.9284663,7.08991541818279e-07,0
Clock,otsu,7,0,DE,3,0.0979327000095509,0.29445840005064383,-2655871741.9284663,7.08991541818279e-07,0
Clock,otsu,7,1,RM-MDE,1,0.10840180004015565,0.10840180004015565,-2655873624.9204025,0.0,1
Clock,otsu,7,1,PSO,1,0.10840180004015565,0.1085812000092119,-2655679306.5116644,7.316553277039305e-05,0
Clock,otsu,7,1,PSO,2,0.10840180004015565,0.21687980002025142,-2655858273.4324074,5.780202736720124e-06,0
Clock,otsu,7,1,PSO,3,0.10840180004015565,0.32556860003387555,-2655861207.723838,4.675371767753642e-06,0
Clock,otsu,7,1,DE,1,0.10840180004015565,0.1090517999837175,-2655873031.6280417,2.2338877694167564e-07,0
Clock,otsu,7,1,DE,2,0.10840180004015565,0.21770469995681196,-2655873031.6280417,2.2338877694167564e-07,0
Clock,otsu,7,1,DE,3,0.10840180004015565,0.32521079998696223,-2655873031.6280417,2.2338877694167564e-07,0
Clock,otsu,7,2,RM-MDE,1,0.10361789999296889,0.10361789999296889,-2655873624.9204025,0.0,1
Clock,otsu,7,2,PSO,1,0.10361789999296889,0.10389339999528602,-2655851121.8352356,8.472950277370813e-06,0
Clock,otsu,7,2,PSO,2,0.10361789999296889,0.2072702000150457,-2655855271.620202,6.910456893826187e-06,0
Clock,otsu,7,2,PSO,3,0.10361789999296889,0.31085609999718145,-2655855271.620202,6.910456893826187e-06,0
Clock,otsu,7,2,DE,1,0.10361789999296889,0.10424039995996282,-2655821893.236475,1.947821742801728e-05,0
Clock,otsu,7,2,DE,2,0.10361789999296889,0.20792839996283874,-2655821893.236475,1.947821742801728e-05,0
Clock,otsu,7,2,DE,3,0.10361789999296889,0.31089259998407215,-2655821893.236475,1.947821742801728e-05,0
Clock,otsu,7,3,RM-MDE,1,0.10845930001232773,0.10845930001232773,-2655873624.9204025,0.0,1
Clock,otsu,7,3,PSO,1,0.10845930001232773,0.10902229999192059,-2655866322.5528455,2.7495162000668055e-06,0
Clock,otsu,7,3,PSO,2,0.10845930001232773,0.2169269000296481,-2655871541.403926,7.844938317400581e-07,0
Clock,otsu,7,3,PSO,3,0.10845930001232773,0.32564100000308827,-2655871541.403926,7.844938317400581e-07,0
Clock,otsu,7,3,DE,1,0.10845930001232773,0.10894220002228394,-2655873624.9204025,0.0,1
Clock,otsu,7,3,DE,2,0.10845930001232773,0.21789390000049025,-2655873624.9204025,0.0,1
Clock,otsu,7,3,DE,3,0.10845930001232773,0.3259274000301957,-2655873624.9204025,0.0,1
Clock,otsu,7,4,RM-MDE,1,0.10018690000288188,0.10018690000288188,-2655873031.6280417,2.2338877694167564e-07,0
Clock,otsu,7,4,PSO,1,0.10018690000288188,0.1003910000436008,-2655864016.5080676,3.6177972644338237e-06,0
Clock,otsu,7,4,PSO,2,0.10018690000288188,0.20078940002713352,-2655864016.5080676,3.6177972644338237e-06,0
Clock,otsu,7,4,PSO,3,0.10018690000288188,0.3007093000342138,-2655864016.5080676,3.6177972644338237e-06,0
Clock,otsu,7,4,DE,1,0.10018690000288188,0.10087429999839514,-2655873624.9204025,0.0,1
Clock,otsu,7,4,DE,2,0.10018690000288188,0.20068849995732307,-2655873624.9204025,0.0,1
Clock,otsu,7,4,DE,3,0.10018690000288188,0.3009425000054762,-2655873624.9204025,0.0,1
Clock,otsu,7,5,RM-MDE,1,0.11092460004147142,0.11092460004147142,-2655873031.6280417,2.2338877694167564e-07,0
Clock,otsu,7,5,PSO,1,0.11092460004147142,0.11127389996545389,-2655855271.620202,6.910456893826187e-06,0
Clock,otsu,7,5,PSO,2,0.11092460004147142,0.2224102999898605,-2655855271.620202,6.910456893826187e-06,0
Clock,otsu,7,5,PSO,3,0.11092460004147142,0.33301900001242757,-2655855271.620202,6.910456893826187e-06,0
Clock,otsu,7,5,DE,1,0.11092460004147142,0.11157469998579472,-2655850231.333537,8.808245484996005e-06,0
Clock,otsu,7,5,DE,2,0.11092460004147142,0.22197710000909865,-2655850231.333537,8.808245484996005e-06,0
Clock,otsu,7,5,DE,3,0.11092460004147142,0.3329557999968529,-2655850231.333537,8.808245484996005e-06,0
Clock,otsu,7,6,RM-MDE,1,0.1300289000500925,0.1300289000500925,-2655855271.620202,6.910456893826187e-06,0
Clock,otsu,7,6,PSO,1,0.1300289000500925,0.1301025000284426,-2655852934.668936,7.790374990967875e-06,0
Clock,otsu,7,6,PSO,2,0.1300289000500925,0.26012880000052974,-2655855271.620202,6.910456893826187e-06,0
Clock,otsu,7,6,PSO,3,0.1300289000500925,0.39065319998189807,-2655855271.620202,6.910456893826187e-06,0
Clock,otsu,7,6,DE,1,0.1300289000500925,0.13061350001953542,-2655845934.212467,1.042621443863435e-05,0
Clock,otsu,7,6,DE,2,0.1300289000500925,0.2609832999878563,-2655845934.212467,1.042621443863435e-05,0
Clock,otsu,7,6,DE,3,0.1300289000500925,0.3908034000196494,-2655845934.212467,1.042621443863435e-05,0
Clock,otsu,7,7,RM-MDE,1,0.11275590001605451,0.11275590001605451,-2655873031.6280417,2.2338877694167564e-07,0
Clock,otsu,7,7,PSO,1,0.11275590001605451,0.1128189000301063,-2655871741.9284663,7.08991541818279e-07,0
Clock,otsu,7,7,PSO,2,0.11275590001605451,0.22575800004415214,-2655871741.9284663,7.08991541818279e-07,0
Clock,otsu,7,7,PSO,3,0.11275590001605451,0.33846310002263635,-2655871741.9284663,7.08991541818279e-07,0
Clock,otsu,7,7,DE,1,0.11275590001605451,0.11301520001143217,-2655873624.9204025,0.0,1
Clock,otsu,7,7,DE,2,0.11275590001605451,0.22560999996494502,-2655873624.9204025,0.0,1
Clock,otsu,7,7,DE,3,0.11275590001605451,0.33922789996722713,-2655873624.9204025,0.0,1
Clock,otsu,7,8,RM-MDE,1,0.11518459999933839,0.11518459999933839,-2655873031.6280417,2.2338877694167564e-07,0
Clock,otsu,7,8,PSO,1,0.11518459999933839,0.11578739999094978,-2655546862.518522,0.00012303386682810795,0
Clock,otsu,7,8,PSO,2,0.11518459999933839,0.23061229998711497,-2655549383.929816,0.00012208449511466317,0
Clock,otsu,7,8,PSO,3,0.11518459999933839,0.34579009999288246,-2655549383.929816,0.00012208449511466317,0
Clock,otsu,7,8,DE,1,0.11518459999933839,0.11575630004517734,-2655872274.655705,5.084069832547832e-07,0
Clock,otsu,7,8,DE,2,0.11518459999933839,0.2312785000540316,-2655872274.655705,5.084069832547832e-07,0
Clock,otsu,7,8,DE,3,0.11518459999933839,0.3456781000131741,-2655872274.655705,5.084069832547832e-07,0
Clock,otsu,7,9,RM-MDE,1,0.11025440000230446,0.11025440000230446,-2655873624.9204025,0.0,1
Clock,otsu,7,9,PSO,1,0.11025440000230446,0.11084219999611378,-2655866868.0212417,2.5441342906760013e-06,0
Clock,otsu,7,9,PSO,2,0.11025440000230446,0.22104380000382662,-2655873031.6280417,2.2338877694167564e-07,0
Clock,otsu,7,9,PSO,3,0.11025440000230446,0.3308254000148736,-2655873031.6280417,2.2338877694167564e-07,0
Clock,otsu,7,9,DE,1,0.11025440000230446,0.1108263999922201,-2655852750.208908,7.85982860727096e-06,0
Clock,otsu,7,9,DE,2,0.11025440000230446,0.22074259998044,-2655852750.208908,7.85982860727096e-06,0
Clock,otsu,7,9,DE,3,0.11025440000230446,0.3308020999538712,-2655852750.208908,7.85982860727096e-06,0
Clock,otsu,8,0,RM-MDE,1,0.12564590002875775,0.12564590002875775,-2656172146.9623146,0.0,1
Clock,otsu,8,0,PSO,1,0.12564590002875775,0.12606060004327446,-2656170315.0418067,6.896844054339293e-07,0
Clock,otsu,8,0,PSO,2,0.12564590002875775,0.25164140004199,-2656172146.9623146,0.0,1
Clock,otsu,8,0,PSO,3,0.12564590002875775,0.37707919999957085,-2656172146.9623146,0.0,1
Clock,otsu,8,0,DE,1,0.12564590002875775,0.12586520001059398,-2656166123.833115,2.2675974546277433e-06,0
Clock,otsu,8,0,DE,2,0.12564590002875775,0.25188820000039414,-2656166123.833115,2.2675974546277433e-06,0
Clock,otsu,8,0,DE,3,0.12564590002875775,0.37765100004617125,-2656166123.833115,2.2675974546277433e-06,0
Clock,otsu,8,1,RM-MDE,1,0.12266989995259792,0.12266989995259792,-2656172146.9623146,0.0,1
Clock,otsu,8,1,PSO,1,0.12266989995259792,0.1230329999816604,-2655871541.403926,0.00011317246840815358,0
Clock,otsu,8,1,PSO,2,0.12266989995259792,0.24591359996702522,-2655873624.9204025,0.0001123880627441555,0
Clock,otsu,8,1,PSO,3,0.12266989995259792,0.36857619998045266,-2655873624.9204025,0.0001123880627441555,0
Clock,otsu,8,1,DE,1,0.12266989995259792,0.12319680000655353,-2656082579.1109605,3.372065001756565e-05,0
Clock,otsu,8,1,DE,2,0.12266989995259792,0.24622759997146204,-2656082579.1109605,3.372065001756565e-05,0
Clock,otsu,8,1,DE,3,0.12266989995259792,0.3687359999748878,-2656082579.1109605,3.372065001756565e-05,0
Clock,otsu,8,2,RM-MDE,1,0.1307746999664232,0.1307746999664232,-2656171738.507435,1.537757559229979e-07,0
Clock,otsu,8,2,PSO,1,0.1307746999664232,0.1310249000089243,-2656171553.669954,2.2336367070979636e-07,0
Clock,otsu,8,2,PSO,2,0.1307746999664232,0.26181440002983436,-2656172146.9623146,0.0,1
Clock,otsu,8,2,PSO,3,0.1307746999664232,0.3928518000175245,-2656172146.9623146,0.0,1
Clock,otsu,8,2,DE,1,0.1307746999664232,0.13162239996017888,-2656074242.9609985,3.6859057282125624e-05,0
Clock,otsu,8,2,DE,2,0.1307746999664232,0.2623030999675393,-2656074242.9609985,3.6859057282125624e-05,0
Clock,otsu,8,2,DE,3,0.1307746999664232,0.39241609995951876,-2656074242.9609985,3.6859057282125624e-05,0
Clock,otsu,8,3,RM-MDE,1,0.11794339999323711,0.11794339999323711,-2656172146.9623146,0.0,1
Clock,otsu,8,3,PSO,1,0.11794339999323711,0.11848569998983294,-2655867034.4663143,0.00011486924759346888,0
Clock,otsu,8,3,PSO,2,0.11794339999323711,0.23632689996156842,-2655873031.6280417,0.0001126114264148653,0
Clock,otsu,8,3,PSO,3,0.11794339999323711,0.35442170000169426,-2655873031.6280417,0.0001126114264148653,0
Clock,otsu,8,3,DE,1,0.11794339999323711,0.11866079998435453,-2656169928.9291887,8.350487103834726e-07,0
Clock,otsu,8,3,DE,2,0.11794339999323711,0.23631529998965561,-2656169928.9291887,8.350487103834726e-07,0
Clock,otsu,8,3,DE,3,0.11794339999323711,0.3542042000335641,-2656169928.9291887,8.350487103834726e-07,0
Clock,otsu,8,4,RM-MDE,1,0.10914860002230853,0.10914860002230853,-2656172146.9623146,0.0,1
Clock,otsu,8,4,PSO,1,0.10914860002230853,0.10916829999769107,-2656166712.5637684,2.0459511829584645e-06,0
Clock,otsu,8,4,PSO,2,0.10914860002230853,0.21841989998938516,-2656171264.3746142,3.3227804958964354e-07,0
Clock,otsu,8,4,PSO,3,0.10914860002230853,0.3279465999803506,-2656171935.976557,7.94322604689041e-08,0
Clock,otsu,8,4,DE,1,0.10914860002230853,0.109755200042855,-2656164664.446129,2.8170298353281615e-06,0
Clock,otsu,8,4,DE,2,0.10914860002230853,0.21904650004580617,-2656164664.446129,2.8170298353281615e-06,0
Clock,otsu,8,4,DE,3,0.10914860002230853,0.32793680002214387,-2656164664.446129,2.8170298353281615e-06,0
Clock,otsu,8,5,RM-MDE,1,0.10579519998282194,0.10579519998282194,-2656172146.9623146,0.0,1
Clock,otsu,8,5,PSO,1,0.10579519998282194,0.105818799987901,-2656172146.9623146,0.0,1
Clock,otsu,8,5,PSO,2,0.10579519998282194,0.21173390001058578,-2656172146.9623146,0.0,1
Clock,otsu,8,5,PSO,3,0.10579519998282194,0.3175228000036441,-2656172146.9623146,0.0,1
Clock,otsu,8,5,DE,1,0.10579519998282194,0.10674209997523576,-2656171935.976557,7.94322604689041e-08,0
Clock,otsu,8,5,DE,2,0.10579519998282194,0.211881099967286,-2656171935.976557,7.94322604689041e-08,0
Clock,otsu,8,5,DE,3,0.10579519998282194,0.31786700000520796,-2656171935.976557,7.94322604689041e-08,0
Clock,otsu,8,6,RM-MDE,1,0.12636070000007749,0.12636070000007749,-2656172146.9623146,0.0,1
Clock,otsu,8,6,PSO,1,0.12636070000007749,0.12672830000519753,-2655846944.486978,0.00012243275561354857,0
Clock,otsu,8,6,PSO,2,0.12636070000007749,0.2530581000028178,-2655846944.486978,0.00012243275561354857,0
Clock,otsu,8,6,PSO,3,0.12636070000007749,0.3794080000370741,-2656120566.338498,1.9419156953166408e-05,0
Clock,otsu,8,6,DE,1,0.12636070000007749,0.12686479999683797,-2656041573.010894,4.915869311035154e-05,0
Clock,otsu,8,6,DE,2,0.12636070000007749,0.25374319998081774,-2656078130.8502192,3.53953384395194e-05,0
Clock,otsu,8,6,DE,3,0.12636070000007749,0.37980239995522425,-2656078130.8502192,3.53953384395194e-05,0
Clock,otsu,8,7,RM-MDE,1,0.11169589997734874,0.11169589997734874,-2656172146.9623146,0.0,1
Clock,otsu,8,7,PSO,1,0.11169589997734874,0.11218100000405684,-2656171145.215074,3.7713942663279426e-07,0
Clock,otsu,8,7,PSO,2,0.11169589997734874,0.22394100000383332,-2656171553.669954,2.2336367070979636e-07,0
Clock,otsu,8,7,PSO,3,0.11169589997734874,0.3351734000025317,-2656171553.669954,2.2336367070979636e-07,0
Clock,otsu,8,7,DE,1,0.11169589997734874,0.11225649999687448,-2656166656.5603533,2.0670354395537213e-06,0
Clock,otsu,8,7,DE,2,0.11169589997734874,0.22362269996665418,-2656166656.5603533,2.0670354395537213e-06,0
Clock,otsu,8,7,DE,3,0.11169589997734874,0.3356478000059724,-2656166656.5603533,2.0670354395537213e-06,0
Clock,otsu,8,8,RM-MDE,1,0.11874430003808811,0.11874430003808811,-2656172146.9623146,0.0,1
Clock,otsu,8,8,PSO,1,0.11874430003808811,0.11895620002178475,-2655871826.3064923,0.00011306520782763783,0
Clock,otsu,8,8,PSO,2,0.11874430003808811,0.2380739999935031,-2655871826.3064923,0.00011306520782763783,0
Clock,otsu,8,8,PSO,3,0.11874430003808811,0.35639309999533,-2655871826.3064923,0.00011306520782763783,0
Clock,otsu,8,8,DE,1,0.11874430003808811,0.11958030000096187,-2656076496.898516,3.601049122806898e-05,0
Clock,otsu,8,8,DE,2,0.11874430003808811,0.23851649998687208,-2656077187.373561,3.5750540062811497e-05,0
Clock,otsu,8,8,DE,3,0.11874430003808811,0.3567280999850482,-2656077187.373561,3.5750540062811497e-05,0
Clock,otsu,8,9,RM-MDE,1,0.13162859994918108,0.13162859994918108,-2656172146.9623146,0.0,1
Clock,otsu,8,9,PSO,1,0.13162859994918108,0.13188319996697828,-2656171020.942715,4.239256859633388e-07,0
Clock,otsu,8,9,PSO,2,0.13162859994918108,0.2634493999648839,-2656171553.669954,2.2336367070979636e-07,0
Clock,otsu,8,9,PSO,3,0.13162859994918108,0.39585029997397214,-2656171553.669954,2.2336367070979636e-07,0
Clock,otsu,8,9,DE,1,0.13162859994918108,0.13215339998714626,-2656170809.9569573,5.03357946432243e-07,0
Clock,otsu,8,9,DE,2,0.13162859994918108,0.2633732999674976,-2656170809.9569573,5.03357946432243e-07,0
Clock,otsu,8,9,DE,3,0.13162859994918108,0.3958305999985896,-2656170809.9569573,5.03357946432243e-07,0
Clock,kapur,6,0,RM-MDE,1,0.254641100007575,0.254641100007575,-20.319597016332654,0.0,1
Clock,kapur,6,0,PSO,1,0.254641100007575,0.25510040001245216,-20.319597016332654,0.0,1
Clock,kapur,6,0,PSO,2,0.254641100007575,0.5093037000042386,-20.319597016332654,0.0,1
Clock,kapur,6,0,PSO,3,0.254641100007575,0.7644161999924108,-20.319597016332654,0.0,1
Clock,kapur,6,0,DE,1,0.254641100007575,0.25539059995207936,-20.247375343290106,0.0035542866812022767,0
Clock,kapur,6,0,DE,2,0.254641100007575,0.5093097999924794,-20.247375343290106,0.0035542866812022767,0
Clock,kapur,6,0,DE,3,0.254641100007575,0.7644857999985106,-20.247375343290106,0.0035542866812022767,0
Clock,kapur,6,1,RM-MDE,1,0.22721789998468012,0.22721789998468012,-20.319597016332654,0.0,1
Clock,kapur,6,1,PSO,1,0.22721789998468012,0.22777689999202266,-18.215253209977774,0.10356228052472856,0
Clock,kapur,6,1,PSO,2,0.22721789998468012,0.4544558000052348,-18.215253209977774,0.10356228052472856,0
Clock,kapur,6,1,PSO,3,0.22721789998468012,0.6820331999915652,-18.215253209977774,0.10356228052472856,0
Clock,kapur,6,1,DE,1,0.22721789998468012,0.22821570001542568,-20.31474575546495,0.00023874788775601931,0
Clock,kapur,6,1,DE,2,0.22721789998468012,0.45464790001278743,-20.31474575546495,0.00023874788775601931,0
Clock,kapur,6,1,DE,3,0.22721789998468012,0.6819493999937549,-20.31474575546495,0.00023874788775601931,0
Clock,kapur,6,2,RM-MDE,1,0.24745879997499287,0.24745879997499287,-20.161731301864606,0.0077691360877461205,0
Clock,kapur,6,2,PSO,1,0.24745879997499287,0.2476164999534376,-20.319597016332654,0.0,1
Clock,kapur,6,2,PSO,2,0.24745879997499287,0.4954966999939643,-20.319597016332654,0.0,1
Clock,kapur,6,2,PSO,3,0.24745879997499287,0.7427165999542922,-20.319597016332654,0.0,1
Clock,kapur,6,2,DE,1,0.24745879997499287,0.24802660004934296,-20.31127756989727,0.0004094296963023429,0
Clock,kapur,6,2,DE,2,0.24745879997499287,0.49520540004596114,-20.31127756989727,0.0004094296963023429,0
Clock,kapur,6,2,DE,3,0.24745879997499287,0.7434216000256129,-20.31127756989727,0.0004094296963023429,0
Clock,kapur,6,3,RM-MDE,1,0.2650046999915503,0.2650046999915503,-20.319597016332654,0.0,1
Clock,kapur,6,3,PSO,1,0.2650046999915503,0.2652181999874301,-20.319597016332654,0.0,1
Clock,kapur,6,3,PSO,2,0.2650046999915503,0.5303936999989673,-20.319597016332654,0.0,1
Clock,kapur,6,3,PSO,3,0.2650046999915503,0.7952664000331424,-20.319597016332654,0.0,1
Clock,kapur,6,3,DE,1,0.2650046999915503,0.26590509997913614,-20.319597016332654,0.0,1
Clock,kapur,6,3,DE,2,0.2650046999915503,0.5308742999914102,-20.319597016332654,0.0,1
Clock,kapur,6,3,DE,3,0.2650046999915503,0.7960355000104755,-20.319597016332654,0.0,1
Clock,kapur,6,4,RM-MDE,1,0.23506069998256862,0.23506069998256862,-20.319597016332654,0.0,1
Clock,kapur,6,4,PSO,1,0.23506069998256862,0.2351807999657467,-20.319597016332654,0.0,1
Clock,kapur,6,4,PSO,2,0.23506069998256862,0.4701525999698788,-20.319597016332654,0.0,1
Clock,kapur,6,4,PSO,3,0.23506069998256862,0.7055737999617122,-20.319597016332654,0.0,1
Clock,kapur,6,4,DE,1,0.23506069998256862,0.23543939995579422,-20.161731301864606,0.0077691360877461205,0
Clock,kapur,6,4,DE,2,0.23506069998256862,0.47023039998020977,-20.161731301864606,0.0077691360877461205,0
Clock,kapur,6,4,DE,3,0.23506069998256862,0.7054052999592386,-20.161731301864606,0.0077691360877461205,0
Clock,kapur,6,5,RM-MDE,1,0.2614953000447713,0.2614953000447713,-20.319597016332654,0.0,1
Clock,kapur,6,5,PSO,1,0.2614953000447713,0.2617988999700174,-20.319597016332654,0.0,1
Clock,kapur,6,5,PSO,2,0.2614953000447713,0.5235833999468014,-20.319597016332654,0.0,1
Clock,kapur,6,5,PSO,3,0.2614953000447713,0.7850273999501951,-20.319597016332654,0.0,1
Clock,kapur,6,5,DE,1,0.2614953000447713,0.26208680000854656,-20.319597016332654,0.0,1
Clock,kapur,6,5,DE,2,0.2614953000447713,0.5232579000294209,-20.319597016332654,0.0,1
Clock,kapur,6,5,DE,3,0.2614953000447713,0.7853874000138603,-20.319597016332654,0.0,1
Clock,kapur,6,6,RM-MDE,1,0.27046860003611073,0.27046860003611073,-20.319597016332654,0.0,1
Clock,kapur,6,6,PSO,1,0.27046860003611073,0.2711721999803558,-20.319597016332654,0.0,1
Clock,kapur,6,6,PSO,2,0.27046860003611073,0.5410785999847576,-20.319597016332654,0.0,1
Clock,kapur,6,6,PSO,3,0.27046860003611073,0.811662400024943,-20.319597016332654,0.0,1
Clock,kapur,6,6,DE,1,0.27046860003611073,0.27118360000895336,-20.319597016332654,0.0,1
Clock,kapur,6,6,DE,2,0.27046860003611073,0.5413643000065349,-20.319597016332654,0.0,1
Clock,kapur,6,6,DE,3,0.27046860003611073,0.8119791999924928,-20.319597016332654,0.0,1
Clock,kapur,6,7,RM-MDE,1,0.2640104999882169,0.2640104999882169,-20.319597016332654,0.0,1
Clock,kapur,6,7,PSO,1,0.2640104999882169,0.2646643000189215,-20.223195029584645,0.0047442863493071695,0
Clock,kapur,6,7,PSO,2,0.2640104999882169,0.5282242000102997,-20.319597016332654,0.0,1
Clock,kapur,6,7,PSO,3,0.2640104999882169,0.7923532000277191,-20.319597016332654,0.0,1
Clock,kapur,6,7,DE,1,0.2640104999882169,0.2645424000220373,-20.063559541202395,0.012600519337290977,0
Clock,kapur,6,7,DE,2,0.2640104999882169,0.5284988000057638,-20.063559541202395,0.012600519337290977,0
Clock,kapur,6,7,DE,3,0.2640104999882169,0.7931547000189312,-20.063559541202395,0.012600519337290977,0
Clock,kapur,6,8,RM-MDE,1,0.2547591999755241,0.2547591999755241,-20.319597016332654,0.0,1
Clock,kapur,6,8,PSO,1,0.2547591999755241,0.2554221000173129,-20.064075577806438,0.012575123331473108,0
Clock,kapur,6,8,PSO,2,0.2547591999755241,0.5102026000386104,-20.064075577806438,0.012575123331473108,0
Clock,kapur,6,8,PSO,3,0.2547591999755241,0.7649497000384144,-20.064075577806438,0.012575123331473108,0
Clock,kapur,6,8,DE,1,0.2547591999755241,0.2550869000260718,-20.319597016332654,0.0,1
Clock,kapur,6,8,DE,2,0.2547591999755241,0.509753400052432,-20.319597016332654,0.0,1
Clock,kapur,6,8,DE,3,0.2547591999755241,0.7653621000354178,-20.319597016332654,0.0,1
Clock,kapur,6,9,RM-MDE,1,0.30264220002572984,0.30264220002572984,-20.319597016332654,0.0,1
Clock,kapur,6,9,PSO,1,0.30264220002572984,0.3033294000197202,-20.319597016332654,0.0,1
Clock,kapur,6,9,PSO,2,0.30264220002572984,0.6056752000004053,-20.319597016332654,0.0,1
Clock,kapur,6,9,PSO,3,0.30264220002572984,0.9086119999992661,-20.319597016332654,0.0,1
Clock,kapur,6,9,DE,1,0.30264220002572984,0.30301960004726425,-20.064075577806438,0.012575123331473108,0
Clock,kapur,6,9,DE,2,0.30264220002572984,0.6059091000352055,-20.064075577806438,0.012575123331473108,0
Clock,kapur,6,9,DE,3,0.30264220002572984,0.9079710000078194,-20.064075577806438,0.012575123331473108,0
Clock,kapur,7,0,RM-MDE,1,0.24571479996666312,0.24571479996666312,-22.266075108219486,0.0,1
Clock,kapur,7,0,PSO,1,0.24571479996666312,0.24613739998312667,-22.24901848128127,0.0007660365311496076,0
Clock,kapur,7,0,PSO,2,0.24571479996666312,0.49216189997969195,-22.25491835806473,0.0005010649654476168,0
Clock,kapur,7,0,PSO,3,0.24571479996666312,0.7374687999836169,-22.25491835806473,0.0005010649654476168,0
Clock,kapur,7,0,DE,1,0.24571479996666312,0.24581400002352893,-22.263483512095437,0.00011639213967673607,0
Clock,kapur,7,0,DE,2,0.24571479996666312,0.4922020000522025,-22.263483512095437,0.00011639213967673607,0
Clock,kapur,7,0,DE,3,0.24571479996666312,0.7378548000124283,-22.263483512095437,0.00011639213967673607,0
Clock,kapur,7,1,RM-MDE,1,0.207560500013642,0.207560500013642,-22.266075108219486,0.0,1
Clock,kapur,7,1,PSO,1,0.207560500013642,0.2078800000017509,-22.266075108219486,0.0,1
Clock,kapur,7,1,PSO,2,0.207560500013642,0.41586850001476705,-22.266075108219486,0.0,1
Clock,kapur,7,1,PSO,3,0.207560500013642,0.6244432000094093,-22.266075108219486,0.0,1
Clock,kapur,7,1,DE,1,0.207560500013642,0.20821210002759472,-22.158648376630442,0.004824681991187006,0
Clock,kapur,7,1,DE,2,0.207560500013642,0.41562829999020323,-22.158648376630442,0.004824681991187006,0
Clock,kapur,7,1,DE,3,0.207560500013642,0.6231666000094265,-22.158648376630442,0.004824681991187006,0
Clock,kapur,7,2,RM-MDE,1,0.2687463000183925,0.2687463000183925,-22.266075108219486,0.0,1
Clock,kapur,7,2,PSO,1,0.2687463000183925,0.2690594000159763,-22.266075108219486,0.0,1
Clock,kapur,7,2,PSO,2,0.2687463000183925,0.538055400014855,-22.266075108219486,0.0,1
Clock,kapur,7,2,PSO,3,0.2687463000183925,0.806368299992755,-22.266075108219486,0.0,1
Clock,kapur,7,2,DE,1,0.2687463000183925,0.269404900027439,-22.255466334528204,0.000476454590210423,0
Clock,kapur,7,2,DE,2,0.2687463000183925,0.5386364000150934,-22.255466334528204,0.000476454590210423,0
Clock,kapur,7,2,DE,3,0.2687463000183925,0.8072310000425205,-22.255466334528204,0.000476454590210423,0
Clock,kapur,7,3,RM-MDE,1,0.29775900003733113,0.29775900003733113,-22.266075108219486,0.0,1
Clock,kapur,7,3,PSO,1,0.29775900003733113,0.29807820002315566,-22.266075108219486,0.0,1
Clock,kapur,7,3,PSO,2,0.29775900003733113,0.5956321000121534,-22.266075108219486,0.0,1
Clock,kapur,7,3,PSO,3,0.29775900003733113,0.8933728000265546,-22.266075108219486,0.0,1
Clock,kapur,7,3,DE,1,0.29775900003733113,0.2987328000017442,-21.97817127041815,0.012930156590330321,0
Clock,kapur,7,3,DE,2,0.29775900003733113,0.5962967000086792,-21.97817127041815,0.012930156590330321,0
Clock,kapur,7,3,DE,3,0.29775900003733113,0.8935494999750517,-21.97817127041815,0.012930156590330321,0
Clock,kapur,7,4,RM-MDE,1,0.28358349995687604,0.28358349995687604,-22.266075108219486,0.0,1
Clock,kapur,7,4,PSO,1,0.28358349995687604,0.2836716999881901,-22.168419384161314,0.004385852629326746,0
Clock,kapur,7,4,PSO,2,0.28358349995687604,0.5675722999731079,-22.168419384161314,0.004385852629326746,0
Clock,kapur,7,4,PSO,3,0.28358349995687604,0.8514904999756254,-22.168419384161314,0.004385852629326746,0
Clock,kapur,7,4,DE,1,0.28358349995687604,0.2838441000203602,-22.161089602076462,0.004715043205089539,0
Clock,kapur,7,4,DE,2,0.28358349995687604,0.5683261000085622,-22.161089602076462,0.004715043205089539,0
Clock,kapur,7,4,DE,3,0.28358349995687604,0.8511620999779552,-22.161089602076462,0.004715043205089539,0
Clock,kapur,7,5,RM-MDE,1,0.24964390002423897,0.24964390002423897,-22.266075108219486,0.0,1
Clock,kapur,7,5,PSO,1,0.24964390002423897,0.24993600003654137,-22.266075108219486,0.0,1
Clock,kapur,7,5,PSO,2,0.24964390002423897,0.4995073000318371,-22.266075108219486,0.0,1
Clock,kapur,7,5,PSO,3,0.24964390002423897,0.7491786000318825,-22.266075108219486,0.0,1
Clock,kapur,7,5,DE,1,0.24964390002423897,0.25003160000778735,-22.266075108219486,0.0,1
Clock,kapur,7,5,DE,2,0.24964390002423897,0.4996437000227161,-22.266075108219486,0.0,1
Clock,kapur,7,5,DE,3,0.24964390002423897,0.7491855000262149,-22.266075108219486,0.0,1
Clock,kapur,7,6,RM-MDE,1,0.23615270003210753,0.23615270003210753,-22.266075108219486,0.0,1
Clock,kapur,7,6,PSO,1,0.23615270003210753,0.23694989999057725,-22.266075108219486,0.0,1
Clock,kapur,7,6,PSO,2,0.23615270003210753,0.4730417999671772,-22.266075108219486,0.0,1
Clock,kapur,7,6,PSO,3,0.23615270003210753,0.7086509999935515,-22.266075108219486,0.0,1
Clock,kapur,7,6,DE,1,0.23615270003210753,0.23733899998478591,-22.13882168008384,0.005715126151203463,0
Clock,kapur,7,6,DE,2,0.23615270003210753,0.47285049996571615,-22.13882168008384,0.005715126151203463,0
Clock,kapur,7,6,DE,3,0.23615270003210753,0.7089124999474734,-22.13882168008384,0.005715126151203463,0
Clock,kapur,7,7,RM-MDE,1,0.27411019999999553,0.27411019999999553,-22.266075108219486,0.0,1
Clock,kapur,7,7,PSO,1,0.27411019999999553,0.2741946000023745,-22.168419384161314,0.004385852629326746,0
Clock,kapur,7,7,PSO,2,0.27411019999999553,0.5482839000178501,-22.168419384161314,0.004385852629326746,0
Clock,kapur,7,7,PSO,3,0.27411019999999553,0.8224296999978833,-22.168419384161314,0.004385852629326746,0
Clock,kapur,7,7,DE,1,0.27411019999999553,0.27461700001731515,-22.167903347557274,0.004409028541629741,0
Clock,kapur,7,7,DE,2,0.27411019999999553,0.5490749999880791,-22.167903347557274,0.004409028541629741,0
Clock,kapur,7,7,DE,3,0.27411019999999553,0.8227571999887004,-22.167903347557274,0.004409028541629741,0
Clock,kapur,7,8,RM-MDE,1,0.23699130001477897,0.23699130001477897,-22.266075108219486,0.0,1
Clock,kapur,7,8,PSO,1,0.23699130001477897,0.2373710999963805,-22.266075108219486,0.0,1
Clock,kapur,7,8,PSO,2,0.23699130001477897,0.4741502999677323,-22.266075108219486,0.0,1
Clock,kapur,7,8,PSO,3,0.23699130001477897,0.711026499979198,-22.266075108219486,0.0,1
Clock,kapur,7,8,DE,1,0.23699130001477897,0.23721809999551624,-22.266075108219486,0.0,1
Clock,kapur,7,8,DE,2,0.23699130001477897,0.4739850999903865,-22.266075108219486,0.0,1
Clock,kapur,7,8,DE,3,0.23699130001477897,0.7119126999750733,-22.266075108219486,0.0,1
Clock,kapur,7,9,RM-MDE,1,0.2621124999714084,0.2621124999714084,-22.266075108219486,0.0,1
Clock,kapur,7,9,PSO,1,0.2621124999714084,0.2627051000017673,-22.168419384161314,0.004385852629326746,0
Clock,kapur,7,9,PSO,2,0.2621124999714084,0.5246559000224806,-22.168419384161314,0.004385852629326746,0
Clock,kapur,7,9,PSO,3,0.2621124999714084,0.7866011000005528,-22.168419384161314,0.004385852629326746,0
Clock,kapur,7,9,DE,1,0.2621124999714084,0.26267209998331964,-22.158648376630442,0.004824681991187006,0
Clock,kapur,7,9,DE,2,0.2621124999714084,0.5250437000067905,-22.158648376630442,0.004824681991187006,0
Clock,kapur,7,9,DE,3,0.2621124999714084,0.7873383999685757,-22.158648376630442,0.004824681991187006,0
Clock,kapur,8,0,RM-MDE,1,0.23248599999351427,0.23248599999351427,-24.114897476048146,0.0,1
Clock,kapur,8,0,PSO,1,0.23248599999351427,0.2332695999648422,-24.007470744459102,0.004454786991972254,0
Clock,kapur,8,0,PSO,2,0.23248599999351427,0.4654986999812536,-24.096512081702816,0.0007624081488876795,0
Clock,kapur,8,0,PSO,3,0.23248599999351427,0.6980089999851771,-24.096512081702816,0.0007624081488876795,0
Clock,kapur,8,0,DE,1,0.23248599999351427,0.23324450000654906,-24.091538793219275,0.0009686411834042223,0
Clock,kapur,8,0,DE,2,0.23248599999351427,0.4651164000388235,-24.091538793219275,0.0009686411834042223,0
Clock,kapur,8,0,DE,3,0.23248599999351427,0.6980119000072591,-24.091538793219275,0.0009686411834042223,0
Clock,kapur,8,1,RM-MDE,1,0.2787868000450544,0.2787868000450544,-24.114897476048146,0.0,1
Clock,kapur,8,1,PSO,1,0.2787868000450544,0.2790267000091262,-24.114472140478522,1.7637875924871813e-05,0
Clock,kapur,8,1,PSO,2,0.2787868000450544,0.5581062000128441,-24.114897476048146,0.0,1
Clock,kapur,8,1,PSO,3,0.2787868000450544,0.8367656000191346,-24.114897476048146,0.0,1
Clock,kapur,8,1,DE,1,0.2787868000450544,0.27908710000338033,-24.014045458025873,0.004182145834227299,0
Clock,kapur,8,1,DE,2,0.2787868000450544,0.5579307000152767,-24.014045458025873,0.004182145834227299,0
Clock,kapur,8,1,DE,3,0.2787868000450544,0.8366239000461064,-24.014045458025873,0.004182145834227299,0
Clock,kapur,8,2,RM-MDE,1,0.19928050000453368,0.19928050000453368,-24.114897476048146,0.0,1
Clock,kapur,8,2,PSO,1,0.19928050000453368,0.19936779997078702,-24.114897476048146,0.0,1
Clock,kapur,8,2,PSO,2,0.19928050000453368,0.39909839996835217,-24.114897476048146,0.0,1
Clock,kapur,8,2,PSO,3,0.19928050000453368,0.5979924999992363,-24.114897476048146,0.0,1
Clock,kapur,8,2,DE,1,0.19928050000453368,0.2005446000257507,-23.999130929871527,0.004800623610015474,0
Clock,kapur,8,2,DE,2,0.19928050000453368,0.3986134000006132,-23.999130929871527,0.004800623610015474,0
Clock,kapur,8,2,DE,3,0.19928050000453368,0.5986785999848507,-23.999130929871527,0.004800623610015474,0
Clock,kapur,8,3,RM-MDE,1,0.26218819996574894,0.26218819996574894,-24.114897476048146,0.0,1
Clock,kapur,8,3,PSO,1,0.26218819996574894,0.2624167000176385,-24.114472140478522,1.7637875924871813e-05,0
Clock,kapur,8,3,PSO,2,0.26218819996574894,0.5250800999929197,-24.114472140478522,1.7637875924871813e-05,0
Clock,kapur,8,3,PSO,3,0.26218819996574894,0.7868199999793433,-24.114472140478522,1.7637875924871813e-05,0
Clock,kapur,8,3,DE,1,0.26218819996574894,0.26298330002464354,-24.114897476048146,0.0,1
Clock,kapur,8,3,DE,2,0.26218819996574894,0.5252656000084244,-24.114897476048146,0.0,1
Clock,kapur,8,3,DE,3,0.26218819996574894,0.787445200025104,-24.114897476048146,0.0,1
Clock,kapur,8,4,RM-MDE,1,0.25035119999665767,0.25035119999665767,-24.114897476048146,0.0,1
Clock,kapur,8,4,PSO,1,0.25035119999665767,0.2511333000147715,-24.114897476048146,0.0,1
Clock,kapur,8,4,PSO,2,0.25035119999665767,0.5010997000499628,-24.114897476048146,0.0,1
Clock,kapur,8,4,PSO,3,0.25035119999665767,0.7511609000503086,-24.114897476048146,0.0,1
Clock,kapur,8,4,DE,1,0.25035119999665767,0.25044299999717623,-24.08563400898318,0.0012135016163361406,0
Clock,kapur,8,4,DE,2,0.25035119999665767,0.5012085000053048,-24.08563400898318,0.0012135016163361406,0
Clock,kapur,8,4,DE,3,0.25035119999665767,0.751295999973081,-24.08563400898318,0.0012135016163361406,0
Clock,kapur,8,5,RM-MDE,1,0.22646149998763576,0.22646149998763576,-24.114897476048146,0.0,1
Clock,kapur,8,5,PSO,1,0.22646149998763576,0.2269156000111252,-24.114897476048146,0.0,1
Clock,kapur,8,5,PSO,2,0.22646149998763576,0.45299900003010407,-24.114897476048146,0.0,1
Clock,kapur,8,5,PSO,3,0.22646149998763576,0.6794610000215471,-24.114897476048146,0.0,1
Clock,kapur,8,5,DE,1,0.22646149998763576,0.22658429999137297,-23.999130929871527,0.004800623610015474,0
Clock,kapur,8,5,DE,2,0.22646149998763576,0.45415819995105267,-23.999130929871527,0.004800623610015474,0
Clock,kapur,8,5,DE,3,0.22646149998763576,0.6804968999931589,-23.999130929871527,0.004800623610015474,0
Clock,kapur,8,6,RM-MDE,1,0.2608614999917336,0.2608614999917336,-24.114897476048146,0.0,1
Clock,kapur,8,6,PSO,1,0.2608614999917336,0.2616818000096828,-24.105126468517273,0.0004051855306694756,0
Clock,kapur,8,6,PSO,2,0.2608614999917336,0.5225947999861091,-24.105126468517273,0.0004051855306694756,0
Clock,kapur,8,6,PSO,3,0.2608614999917336,0.7827981000300497,-24.105126468517273,0.0004051855306694756,0
Clock,kapur,8,6,DE,1,0.2608614999917336,0.26097129995469004,-24.10420518676814,0.00044338937333758034,0
Clock,kapur,8,6,DE,2,0.2608614999917336,0.5223755000042729,-24.10420518676814,0.00044338937333758034,0
Clock,kapur,8,6,DE,3,0.2608614999917336,0.7828696999931708,-24.10420518676814,0.00044338937333758034,0
Clock,kapur,8,7,RM-MDE,1,0.16891389997908846,0.16891389997908846,-24.114897476048146,0.0,1
Clock,kapur,8,7,PSO,1,0.16891389997908846,0.16930409998167306,-24.007470744459102,0.004454786991972254,0
Clock,kapur,8,7,PSO,2,0.16891389997908846,0.33800869999686256,-24.007470744459102,0.004454786991972254,0
Clock,kapur,8,7,PSO,3,0.16891389997908846,0.50846460001776,-24.007470744459102,0.004454786991972254,0
Clock,kapur,8,7,DE,1,0.16891389997908846,0.17017840000335127,-24.00014096237425,0.004758739438468556,0
Clock,kapur,8,7,DE,2,0.16891389997908846,0.3380432999692857,-24.00014096237425,0.004758739438468556,0
Clock,kapur,8,7,DE,3,0.16891389997908846,0.5069217999698594,-24.00014096237425,0.004758739438468556,0
Clock,kapur,8,8,RM-MDE,1,0.25740340002812445,0.25740340002812445,-24.114897476048146,0.0,1
Clock,kapur,8,8,PSO,1,0.25740340002812445,0.2579602000187151,-22.266075108219486,0.07666722902989666,0
Clock,kapur,8,8,PSO,2,0.25740340002812445,0.5148953000316396,-22.266075108219486,0.07666722902989666,0
Clock,kapur,8,8,PSO,3,0.25740340002812445,0.7728397999890149,-22.266075108219486,0.07666722902989666,0
Clock,kapur,8,8,DE,1,0.25740340002812445,0.2583536999882199,-24.114897476048146,0.0,1
Clock,kapur,8,8,DE,2,0.25740340002812445,0.5151018999749795,-24.114897476048146,0.0,1
Clock,kapur,8,8,DE,3,0.25740340002812445,0.7733272999757901,-24.114897476048146,0.0,1
Clock,kapur,8,9,RM-MDE,1,0.1850171000114642,0.1850171000114642,-24.114897476048146,0.0,1
Clock,kapur,8,9,PSO,1,0.1850171000114642,0.1853265999816358,-24.114897476048146,0.0,1
Clock,kapur,8,9,PSO,2,0.1850171000114642,0.3706137000117451,-24.114897476048146,0.0,1
Clock,kapur,8,9,PSO,3,0.1850171000114642,0.5556547000305727,-24.114897476048146,0.0,1
Clock,kapur,8,9,DE,1,0.1850171000114642,0.1854211000027135,-24.006954707855062,0.004476186071298738,0
Clock,kapur,8,9,DE,2,0.1850171000114642,0.3707767999731004,-24.006954707855062,0.004476186071298738,0
Clock,kapur,8,9,DE,3,0.1850171000114642,0.5558334999950603,-24.006954707855062,0.004476186071298738,0
Clock,mcet,6,0,RM-MDE,1,0.22146500000962988,0.22146500000962988,-88431004.5215968,0.0,1
Clock,mcet,6,0,PSO,1,0.22146500000962988,0.22188440000172704,-88431004.5215968,0.0,1
Clock,mcet,6,0,PSO,2,0.22146500000962988,0.443015499971807,-88431004.5215968,0.0,1
Clock,mcet,6,0,PSO,3,0.22146500000962988,0.6648853999795392,-88431004.5215968,0.0,1
Clock,mcet,6,0,DE,1,0.22146500000962988,0.22204760002205148,-88431002.64013867,2.1276000918881314e-08,0
Clock,mcet,6,0,DE,2,0.22146500000962988,0.4436359000392258,-88431002.64013867,2.1276000918881314e-08,0
Clock,mcet,6,0,DE,3,0.22146500000962988,0.6653943000128493,-88431002.64013867,2.1276000918881314e-08,0
Clock,mcet,6,1,RM-MDE,1,0.2260340999928303,0.2260340999928303,-88431004.5215968,0.0,1
Clock,mcet,6,1,PSO,1,0.2260340999928303,0.22619509999640286,-88430982.54276718,2.485421232199275e-07,0
Clock,mcet,6,1,PSO,2,0.2260340999928303,0.4521587999770418,-88430982.54276718,2.485421232199275e-07,0
Clock,mcet,6,1,PSO,3,0.2260340999928303,0.6787952999584377,-88430982.54276718,2.485421232199275e-07,0
Clock,mcet,6,1,DE,1,0.2260340999928303,0.22709679999388754,-88431002.64013867,2.1276000918881314e-08,0
Clock,mcet,6,1,DE,2,0.2260340999928303,0.45240969996666536,-88431002.64013867,2.1276000918881314e-08,0
Clock,mcet,6,1,DE,3,0.2260340999928303,0.6785105000017211,-88431002.64013867,2.1276000918881314e-08,0
Clock,mcet,6,2,RM-MDE,1,0.17316930001834407,0.17316930001834407,-88431004.27159494,2.8270838265112463e-09,1
Clock,mcet,6,2,PSO,1,0.17316930001834407,0.17327899998053908,-88431002.64013867,2.1276000918881314e-08,0
Clock,mcet,6,2,PSO,2,0.17316930001834407,0.34657230001175776,-88431002.64013867,2.1276000918881314e-08,0
Clock,mcet,6,2,PSO,3,0.17316930001834407,0.5195164000033401,-88431002.64013867,2.1276000918881314e-08,0
Clock,mcet,6,2,DE,1,0.17316930001834407,0.17382499994710088,-88430852.28857741,1.7214892018950665e-06,0
Clock,mcet,6,2,DE,2,0.17316930001834407,0.3471014999668114,-88430852.28857741,1.7214892018950665e-06,0
Clock,mcet,6,2,DE,3,0.17316930001834407,0.5210127999889664,-88430852.28857741,1.7214892018950665e-06,0
Clock,mcet,6,3,RM-MDE,1,0.19628149998607114,0.19628149998607114,-88431004.5215968,0.0,1
Clock,mcet,6,3,PSO,1,0.19628149998607114,0.1967935999855399,-88431004.5215968,0.0,1
Clock,mcet,6,3,PSO,2,0.19628149998607114,0.39346609998028725,-88431004.5215968,0.0,1
Clock,mcet,6,3,PSO,3,0.19628149998607114,0.5892071999842301,-88431004.5215968,0.0,1
Clock,mcet,6,3,DE,1,0.19628149998607114,0.19719530001748353,-88431002.64013867,2.1276000918881314e-08,0
Clock,mcet,6,3,DE,2,0.19628149998607114,0.3930547999916598,-88431002.64013867,2.1276000918881314e-08,0
Clock,mcet,6,3,DE,3,0.19628149998607114,0.5897939000278711,-88431002.64013867,2.1276000918881314e-08,0
Clock,mcet,6,4,RM-MDE,1,0.2174966000020504,0.2174966000020504,-88431002.64013867,2.1276000918881314e-08,0
Clock,mcet,6,4,PSO,1,0.2174966000020504,0.21787510003196076,-88431001.46198322,3.459887854971592e-08,0
Clock,mcet,6,4,PSO,2,0.2174966000020504,0.4352031000307761,-88431001.46198322,3.459887854971592e-08,0
Clock,mcet,6,4,PSO,3,0.2174966000020504,0.6531445999862626,-88431001.46198322,3.459887854971592e-08,0
Clock,mcet,6,4,DE,1,0.2174966000020504,0.2186216000118293,-88430971.30245906,3.756503493636395e-07,0
Clock,mcet,6,4,DE,2,0.2174966000020504,0.4353949000360444,-88430971.30245906,3.756503493636395e-07,0
Clock,mcet,6,4,DE,3,0.2174966000020504,0.6526774000376463,-88430971.30245906,3.756503493636395e-07,0
Clock,mcet,6,5,RM-MDE,1,0.19853489997331053,0.19853489997331053,-88431004.5215968,0.0,1
Clock,mcet,6,5,PSO,1,0.19853489997331053,0.19918520003557205,-88429016.93492621,2.2476129060673677e-05,0
Clock,mcet,6,5,PSO,2,0.19853489997331053,0.39716620004037395,-88429016.93492621,2.2476129060673677e-05,0
Clock,mcet,6,5,PSO,3,0.19853489997331053,0.5957292000530288,-88429016.93492621,2.2476129060673677e-05,0
Clock,mcet,6,5,DE,1,0.19853489997331053,0.19952300004661083,-88431002.64013867,2.1276000918881314e-08,0
Clock,mcet,6,5,DE,2,0.19853489997331053,0.39742250001290813,-88431002.64013867,2.1276000918881314e-08,0
Clock,mcet,6,5,DE,3,0.19853489997331053,0.5956379999988712,-88431002.64013867,2.1276000918881314e-08,0
Clock,mcet,6,6,RM-MDE,1,0.17470090003916994,0.17470090003916994,-88431004.5215968,0.0,1
Clock,mcet,6,6,PSO,1,0.17470090003916994,0.1751211999799125,-88429016.93492621,2.2476129060673677e-05,0
Clock,mcet,6,6,PSO,2,0.17470090003916994,0.3500933999894187,-88431004.27159494,2.8270838265112463e-09,1
Clock,mcet,6,6,PSO,3,0.17470090003916994,0.524355600005947,-88431004.27159494,2.8270838265112463e-09,1
Clock,mcet,6,6,DE,1,0.17470090003916994,0.17500599997583777,-88430962.19389491,4.786522795417494e-07,0
Clock,mcet,6,6,DE,2,0.17470090003916994,0.3501113000093028,-88430962.19389491,4.786522795417494e-07,0
Clock,mcet,6,6,DE,3,0.17470090003916994,0.5249265999882482,-88430962.19389491,4.786522795417494e-07,0
Clock,mcet,6,7,RM-MDE,1,0.2106260000145994,0.2106260000145994,-88431004.5215968,0.0,1
Clock,mcet,6,7,PSO,1,0.2106260000145994,0.2109546999563463,-88431002.39013681,2.4103084745392558e-08,0
Clock,mcet,6,7,PSO,2,0.2106260000145994,0.42166939994785935,-88431002.39013681,2.4103084745392558e-08,0
Clock,mcet,6,7,PSO,3,0.2106260000145994,0.6324771999497898,-88431002.39013681,2.4103084745392558e-08,0
Clock,mcet,6,7,DE,1,0.2106260000145994,0.21105820004595444,-88431002.64013867,2.1276000918881314e-08,0
Clock,mcet,6,7,DE,2,0.2106260000145994,0.42220070003531873,-88431002.64013867,2.1276000918881314e-08,0
Clock,mcet,6,7,DE,3,0.2106260000145994,0.6325952000333928,-88431002.64013867,2.1276000918881314e-08,0
Clock,mcet,6,8,RM-MDE,1,0.19293520000064746,0.19293520000064746,-88431004.27159494,2.8270838265112463e-09,1
Clock,mcet,6,8,PSO,1,0.19293520000064746,0.19315740000456572,-88431001.46198322,3.459887854971592e-08,0
Clock,mcet,6,8,PSO,2,0.19293520000064746,0.38654989999486133,-88431001.46198322,3.459887854971592e-08,0
Clock,mcet,6,8,PSO,3,0.19293520000064746,0.5795750999823213,-88431004.5215968,0.0,1
Clock,mcet,6,8,DE,1,0.19293520000064746,0.19343450001906604,-88431002.64013867,2.1276000918881314e-08,0
Clock,mcet,6,8,DE,2,0.19293520000064746,0.3861561000230722,-88431002.64013867,2.1276000918881314e-08,0
Clock,mcet,6,8,DE,3,0.19293520000064746,0.5793465999886394,-88431002.64013867,2.1276000918881314e-08,0
Clock,mcet,6,9,RM-MDE,1,0.2310604999656789,0.2310604999656789,-88431004.5215968,0.0,1
Clock,mcet,6,9,PSO,1,0.2310604999656789,0.23132919997442514,-88431004.5215968,0.0,1
Clock,mcet,6,9,PSO,2,0.2310604999656789,0.4627611999749206,-88431004.5215968,0.0,1
Clock,mcet,6,9,PSO,3,0.2310604999656789,0.6933374999789521,-88431004.5215968,0.0,1
Clock,mcet,6,9,DE,1,0.2310604999656789,0.23152209998806939,-88431002.64013867,2.1276000918881314e-08,0
Clock,mcet,6,9,DE,2,0.2310604999656789,0.463222999998834,-88431002.64013867,2.1276000918881314e-08,0
Clock,mcet,6,9,DE,3,0.2310604999656789,0.6942357000079937,-88431002.64013867,2.1276000918881314e-08,0
Clock,mcet,7,0,RM-MDE,1,0.20890399999916553,0.20890399999916553,-88432150.48043002,0.0,1
Clock,mcet,7,0,PSO,1,0.20890399999916553,0.20973699999740347,-88431748.95211528,4.5405241482657785e-06,0
Clock,mcet,7,0,PSO,2,0.20890399999916553,0.41781740001169965,-88431770.9309449,4.29198524580934e-06,0
Clock,mcet,7,0,PSO,3,0.20890399999916553,0.6268508000066504,-88431772.03835502,4.2794625364557e-06,0
Clock,mcet,7,0,DE,1,0.20890399999916553,0.20924170000944287,-88431578.68596382,6.465911584090997e-06,0
Clock,mcet,7,0,DE,2,0.20890399999916553,0.41787360003218055,-88431578.68596382,6.465911584090997e-06,0
Clock,mcet,7,0,DE,3,0.20890399999916553,0.6274043000303209,-88431578.68596382,6.465911584090997e-06,0
Clock,mcet,7,1,RM-MDE,1,0.20087310002418235,0.20087310002418235,-88432150.48043002,0.0,1
Clock,mcet,7,1,PSO,1,0.20087310002418235,0.2013687000144273,-88432100.6818951,5.631270374440523e-07,0
Clock,mcet,7,1,PSO,2,0.20087310002418235,0.4024892000015825,-88432150.48043002,0.0,1
Clock,mcet,7,1,PSO,3,0.20087310002418235,0.6032141000032425,-88432150.48043002,0.0,1
Clock,mcet,7,1,DE,1,0.20087310002418235,0.20175559999188408,-88432150.48043002,0.0,1
Clock,mcet,7,1,DE,2,0.20087310002418235,0.4022016000235453,-88432150.48043002,0.0,1
Clock,mcet,7,1,DE,3,0.20087310002418235,0.6027471999987029,-88432150.48043002,0.0,1
Clock,mcet,7,2,RM-MDE,1,0.23199989995919168,0.23199989995919168,-88432150.48043002,0.0,1
Clock,mcet,7,2,PSO,1,0.23199989995919168,0.23218990000896156,-88432150.48043002,0.0,1
Clock,mcet,7,2,PSO,2,0.23199989995919168,0.4641008000471629,-88432150.48043002,0.0,1
Clock,mcet,7,2,PSO,3,0.23199989995919168,0.6960182000184432,-88432150.48043002,0.0,1
Clock,mcet,7,2,DE,1,0.23199989995919168,0.23293800000101328,-88432142.07216594,9.508152905894998e-08,0
Clock,mcet,7,2,DE,2,0.23199989995919168,0.46470680000493303,-88432142.07216594,9.508152905894998e-08,0
Clock,mcet,7,2,DE,3,0.23199989995919168,0.6967455999692902,-88432142.07216594,9.508152905894998e-08,0
Clock,mcet,7,3,RM-MDE,1,0.2253789000096731,0.2253789000096731,-88432150.48043002,0.0,1
Clock,mcet,7,3,PSO,1,0.2253789000096731,0.22583459998713806,-88431970.28178135,2.037705152450794e-06,0
Clock,mcet,7,3,PSO,2,0.2253789000096731,0.4510061999899335,-88431970.28178135,2.037705152450794e-06,0
Clock,mcet,7,3,PSO,3,0.2253789000096731,0.6763997999951243,-88431970.28178135,2.037705152450794e-06,0
Clock,mcet,7,3,DE,1,0.2253789000096731,0.2262504999525845,-88432150.48043002,0.0,1
Clock,mcet,7,3,DE,2,0.2253789000096731,0.4509148999932222,-88432150.48043002,0.0,1
Clock,mcet,7,3,DE,3,0.2253789000096731,0.6771699999808334,-88432150.48043002,0.0,1
Clock,mcet,7,4,RM-MDE,1,0.23673000000417233,0.23673000000417233,-88432150.48043002,0.0,1
Clock,mcet,7,4,PSO,1,0.23673000000417233,0.2370552999782376,-88431772.03835502,4.2794625364557e-06,0
Clock,mcet,7,4,PSO,2,0.23673000000417233,0.4735932999756187,-88431772.03835502,4.2794625364557e-06,0
Clock,mcet,7,4,PSO,3,0.23673000000417233,0.7109711999655701,-88431772.03835502,4.2794625364557e-06,0
Clock,mcet,7,4,DE,1,0.23673000000417233,0.23702070000581443,-88432150.48043002,0.0,1
Clock,mcet,7,4,DE,2,0.23673000000417233,0.4746140000061132,-88432150.48043002,0.0,1
Clock,mcet,7,4,DE,3,0.23673000000417233,0.711117499973625,-88432150.48043002,0.0,1
Clock,mcet,7,5,RM-MDE,1,0.21307830000296235,0.21307830000296235,-88432150.48043002,0.0,1
Clock,mcet,7,5,PSO,1,0.21307830000296235,0.21368260000599548,-88432146.30753133,4.718757456651827e-08,0
Clock,mcet,7,5,PSO,2,0.21307830000296235,0.42641569999977946,-88432146.30753133,4.718757456651827e-08,0
Clock,mcet,7,5,PSO,3,0.21307830000296235,0.6393903999705799,-88432146.30753133,4.718757456651827e-08,0
Clock,mcet,7,5,DE,1,0.21307830000296235,0.21437359997071326,-88432098.78996766,5.8452115079103e-07,0
Clock,mcet,7,5,DE,2,0.21307830000296235,0.4263288999791257,-88432098.78996766,5.8452115079103e-07,0
Clock,mcet,7,5,DE,3,0.21307830000296235,0.6396004999987781,-88432098.78996766,5.8452115079103e-07,0
Clock,mcet,7,6,RM-MDE,1,0.2300325999967754,0.2300325999967754,-88432150.48043002,0.0,1
Clock,mcet,7,6,PSO,1,0.2300325999967754,0.23038500000257045,-88432150.48043002,0.0,1
Clock,mcet,7,6,PSO,2,0.2300325999967754,0.46031489997403696,-88432150.48043002,0.0,1
Clock,mcet,7,6,PSO,3,0.2300325999967754,0.6901894999900833,-88432150.48043002,0.0,1
Clock,mcet,7,6,DE,1,0.2300325999967754,0.23048089997610077,-88432150.48043002,0.0,1
Clock,mcet,7,6,DE,2,0.2300325999967754,0.4605018000002019,-88432150.48043002,0.0,1
Clock,mcet,7,6,DE,3,0.2300325999967754,0.6904512999462895,-88432150.48043002,0.0,1
Clock,mcet,7,7,RM-MDE,1,0.19705010001780465,0.19705010001780465,-88432150.48043002,0.0,1
Clock,mcet,7,7,PSO,1,0.19705010001780465,0.19754900003317744,-88432139.74752393,1.2136882378098653e-07,0
Clock,mcet,7,7,PSO,2,0.19705010001780465,0.3943616000469774,-88432139.74752393,1.2136882378098653e-07,0
Clock,mcet,7,7,PSO,3,0.19705010001780465,0.5913702000398189,-88432139.74752393,1.2136882378098653e-07,0
Clock,mcet,7,7,DE,1,0.19705010001780465,0.1978775000316091,-88432150.48043002,0.0,1
Clock,mcet,7,7,DE,2,0.19705010001780465,0.3941958000068553,-88432150.48043002,0.0,1
Clock,mcet,7,7,DE,3,0.19705010001780465,0.5911704000318423,-88432150.48043002,0.0,1
Clock,mcet,7,8,RM-MDE,1,0.22563620004802942,0.22563620004802942,-88432150.48043002,0.0,1
Clock,mcet,7,8,PSO,1,0.22563620004802942,0.2256797999725677,-88431484.60561727,7.529781975610399e-06,0
Clock,mcet,7,8,PSO,2,0.22563620004802942,0.4516054000123404,-88432112.44925138,4.300605428198347e-07,0
Clock,mcet,7,8,PSO,3,0.22563620004802942,0.6769305999623612,-88432112.44925138,4.300605428198347e-07,0
Clock,mcet,7,8,DE,1,0.22563620004802942,0.22621330001857132,-88432150.48043002,0.0,1
Clock,mcet,7,8,DE,2,0.22563620004802942,0.4517090999870561,-88432150.48043002,0.0,1
Clock,mcet,7,8,DE,3,0.22563620004802942,0.6771563999936916,-88432150.48043002,0.0,1
Clock,mcet,7,9,RM-MDE,1,0.18726059998152778,0.18726059998152778,-88432150.48043002,0.0,1
Clock,mcet,7,9,PSO,1,0.18726059998152778,0.18792299996130168,-88431772.03835502,4.2794625364557e-06,0
Clock,mcet,7,9,PSO,2,0.18726059998152778,0.37470559997018427,-88431772.03835502,4.2794625364557e-06,0
Clock,mcet,7,9,PSO,3,0.18726059998152778,0.5618471999769099,-88431772.03835502,4.2794625364557e-06,0
Clock,mcet,7,9,DE,1,0.18726059998152778,0.1879635999794118,-88431770.1568969,4.300738261498419e-06,0
Clock,mcet,7,9,DE,2,0.18726059998152778,0.37484619999304414,-88431770.1568969,4.300738261498419e-06,0
Clock,mcet,7,9,DE,3,0.18726059998152778,0.5618208000087179,-88431770.1568969,4.300738261498419e-06,0
Clock,mcet,8,0,RM-MDE,1,0.21775989996967837,0.21775989996967837,-88432893.50852865,7.310899372769339e-08,0
Clock,mcet,8,0,PSO,1,0.21775989996967837,0.21800290001556277,-88432150.48043002,8.475277178287087e-06,0
Clock,mcet,8,0,PSO,2,0.21775989996967837,0.4356769000296481,-88432899.97376898,0.0,1
Clock,mcet,8,0,PSO,3,0.21775989996967837,0.6538924999767914,-88432899.97376898,0.0,1
Clock,mcet,8,0,DE,1,0.21775989996967837,0.21862460003467277,-88432874.58064418,2.871456755509866e-07,0
Clock,mcet,8,0,DE,2,0.21775989996967837,0.4357120000058785,-88432874.58064418,2.871456755509866e-07,0
Clock,mcet,8,0,DE,3,0.21775989996967837,0.6540998000418767,-88432874.58064418,2.871456755509866e-07,0
Clock,mcet,8,1,RM-MDE,1,0.14903069997671992,0.14903069997671992,-88432899.97376898,0.0,1
Clock,mcet,8,1,PSO,1,0.14903069997671992,0.14949589996831492,-88432149.069805,8.491228538313146e-06,0
Clock,mcet,8,1,PSO,2,0.14903069997671992,0.29831909999484196,-88432663.3431085,2.6758215612570652e-06,0
Clock,mcet,8,1,PSO,3,0.14903069997671992,0.44753249996574596,-88432815.38329798,9.565497798282152e-07,0
Clock,mcet,8,1,DE,1,0.14903069997671992,0.14966870000353083,-88432830.88249835,7.812846875550295e-07,0
Clock,mcet,8,1,DE,2,0.14903069997671992,0.29903910000575706,-88432840.09854361,6.77069567807028e-07,0
Clock,mcet,8,1,DE,3,0.14903069997671992,0.4483307999907993,-88432840.09854361,6.77069567807028e-07,0
Clock,mcet,8,2,RM-MDE,1,0.14169789996230975,0.14169789996230975,-88432893.50852865,7.310899372769339e-08,0
Clock,mcet,8,2,PSO,1,0.14169789996230975,0.14221730001736432,-88432891.07428586,1.006354322556508e-07,0
Clock,mcet,8,2,PSO,2,0.14169789996230975,0.2837085000355728,-88432893.50852865,7.310899372769339e-08,0
Clock,mcet,8,2,PSO,3,0.14169789996230975,0.4256238000234589,-88432893.50852865,7.310899372769339e-08,0
Clock,mcet,8,2,DE,1,0.14169789996230975,0.1419818999711424,-88432890.6867497,1.0501769460612671e-07,0
Clock,mcet,8,2,DE,2,0.14169789996230975,0.2837827999610454,-88432890.6867497,1.0501769460612671e-07,0
Clock,mcet,8,2,DE,3,0.14169789996230975,0.42531189997680485,-88432890.6867497,1.0501769460612671e-07,0
Clock,mcet,8,3,RM-MDE,1,0.21842380001908168,0.21842380001908168,-88432893.50852865,7.310899372769339e-08,0
Clock,mcet,8,3,PSO,1,0.21842380001908168,0.21881009999196976,-88432150.48043002,8.475277178287087e-06,0
Clock,mcet,8,3,PSO,2,0.21842380001908168,0.43686680000973865,-88432150.48043002,8.475277178287087e-06,0
Clock,mcet,8,3,PSO,3,0.21842380001908168,0.6557904999936,-88432150.48043002,8.475277178287087e-06,0
Clock,mcet,8,3,DE,1,0.21842380001908168,0.21912859997246414,-88432823.16422348,8.685630068091164e-07,0
Clock,mcet,8,3,DE,2,0.21842380001908168,0.43692929996177554,-88432823.16422348,8.685630068091164e-07,0
Clock,mcet,8,3,DE,3,0.21842380001908168,0.656395900005009,-88432823.16422348,8.685630068091164e-07,0
Clock,mcet,8,4,RM-MDE,1,0.16768800001591444,0.16768800001591444,-88432899.97376898,0.0,1
Clock,mcet,8,4,PSO,1,0.16768800001591444,0.16836559999501333,-88432888.44585681,1.303577308118847e-07,0
Clock,mcet,8,4,PSO,2,0.16768800001591444,0.33564889995614067,-88432888.44585681,1.303577308118847e-07,0
Clock,mcet,8,4,PSO,3,0.16768800001591444,0.5030968999490142,-88432888.44585681,1.303577308118847e-07,0
Clock,mcet,8,4,DE,1,0.16768800001591444,0.16841199999907985,-88432892.56744438,8.37507827676103e-08,0
Clock,mcet,8,4,DE,2,0.16768800001591444,0.33652900002198294,-88432892.56744438,8.37507827676103e-08,0
Clock,mcet,8,4,DE,3,0.16768800001591444,0.503182000014931,-88432892.56744438,8.37507827676103e-08,0
Clock,mcet,8,5,RM-MDE,1,0.1555365999811329,0.1555365999811329,-88432899.97376898,0.0,1
Clock,mcet,8,5,PSO,1,0.1555365999811329,0.15600049996282905,-88432888.44585681,1.303577308118847e-07,0
Clock,mcet,8,5,PSO,2,0.1555365999811329,0.31168280000565574,-88432891.24388933,9.871755477975759e-08,0
Clock,mcet,8,5,PSO,3,0.1555365999811329,0.46670190000440925,-88432891.24388933,9.871755477975759e-08,0
Clock,mcet,8,5,DE,1,0.1555365999811329,0.15655939996941015,-88432899.97376898,0.0,1
Clock,mcet,8,5,DE,2,0.1555365999811329,0.311618699983228,-88432899.97376898,0.0,1
Clock,mcet,8,5,DE,3,0.1555365999811329,0.46681339998031035,-88432899.97376898,0.0,1
Clock,mcet,8,6,RM-MDE,1,0.15912730002310127,0.15912730002310127,-88432899.97376898,0.0,1
Clock,mcet,8,6,PSO,1,0.15912730002310127,0.15927649999503046,-88432094.76612544,9.105295017776808e-06,0
Clock,mcet,8,6,PSO,2,0.15912730002310127,0.31866329995682463,-88432891.07428586,1.006354322556508e-07,0
Clock,mcet,8,6,PSO,3,0.15912730002310127,0.4781135999946855,-88432891.07428586,1.006354322556508e-07,0
Clock,mcet,8,6,DE,1,0.15912730002310127,0.15983000001870096,-88432887.54154134,1.4058373800962906e-07,0
Clock,mcet,8,6,DE,2,0.15912730002310127,0.31942090002121404,-88432887.54154134,1.4058373800962906e-07,0
Clock,mcet,8,6,DE,3,0.15912730002310127,0.47740420000627637,-88432887.54154134,1.4058373800962906e-07,0
Clock,mcet,8,7,RM-MDE,1,0.15734110004268587,0.15734110004268587,-88432899.97376898,0.0,1
Clock,mcet,8,7,PSO,1,0.15734110004268587,0.1577135999687016,-88432864.53991075,4.0068637623803405e-07,0
Clock,mcet,8,7,PSO,2,0.15734110004268587,0.3147730999626219,-88432892.3730199,8.594933647621292e-08,0
Clock,mcet,8,7,PSO,3,0.15734110004268587,0.47233869996853173,-88432893.50852865,7.310899372769339e-08,0
Clock,mcet,8,7,DE,1,0.15734110004268587,0.15769530000397936,-88432887.42737268,1.4187475819427123e-07,0
Clock,mcet,8,7,DE,2,0.15734110004268587,0.3153710999758914,-88432887.42737268,1.4187475819427123e-07,0
Clock,mcet,8,7,DE,3,0.15734110004268587,0.4724459999706596,-88432887.42737268,1.4187475819427123e-07,0
Clock,mcet,8,8,RM-MDE,1,0.13539380003931,0.13539380003931,-88432893.50852865,7.310899372769339e-08,0
Clock,mcet,8,8,PSO,1,0.13539380003931,0.13553369999863207,-88431772.03835502,1.2754703445111616e-05,0
Clock,mcet,8,8,PSO,2,0.13539380003931,0.2715532000293024,-88432882.48587039,1.9775330893104053e-07,0
Clock,mcet,8,8,PSO,3,0.13539380003931,0.40657470002770424,-88432882.48587039,1.9775330893104053e-07,0
Clock,mcet,8,8,DE,1,0.13539380003931,0.13639739999780431,-88432555.3810197,3.896657798002e-06,0
Clock,mcet,8,8,DE,2,0.13539380003931,0.2717601000331342,-88432555.3810197,3.896657798002e-06,0
Clock,mcet,8,8,DE,3,0.13539380003931,0.40673180000158027,-88432555.3810197,3.896657798002e-06,0
Clock,mcet,8,9,RM-MDE,1,0.1974115000339225,0.1974115000339225,-88432899.97376898,0.0,1
Clock,mcet,8,9,PSO,1,0.1974115000339225,0.19760120002320036,-88432784.57338682,1.3049485224997774e-06,0
Clock,mcet,8,9,PSO,2,0.1974115000339225,0.3954418000066653,-88432784.57338682,1.3049485224997774e-06,0
Clock,mcet,8,9,PSO,3,0.1974115000339225,0.5929200000246055,-88432784.57338682,1.3049485224997774e-06,0
Clock,mcet,8,9,DE,1,0.1974115000339225,0.19851249997736886,-88432893.50852865,7.310899372769339e-08,0
Clock,mcet,8,9,DE,2,0.1974115000339225,0.3952667000121437,-88432893.50852865,7.310899372769339e-08,0
Clock,mcet,8,9,DE,3,0.1974115000339225,0.5933482999680564,-88432893.50852865,7.310899372769339e-08,0
Histology,otsu,6,0,RM-MDE,1,0.12038679997203872,0.12038679997203872,-7583534210.299128,0.0,1
Histology,otsu,6,0,PSO,1,0.12038679997203872,0.12045930000022054,-7583526843.177482,9.714628353521778e-07,0
Histology,otsu,6,0,PSO,2,0.12038679997203872,0.24094819999299943,-7583534210.299128,0.0,1
Histology,otsu,6,0,PSO,3,0.12038679997203872,0.3615136999869719,-7583534210.299128,0.0,1
Histology,otsu,6,0,DE,1,0.12038679997203872,0.12077559996396303,-7583532900.588187,1.727045601749006e-07,0
Histology,otsu,6,0,DE,2,0.12038679997203872,0.2410632999963127,-7583532900.588187,1.727045601749006e-07,0
Histology,otsu,6,0,DE,3,0.12038679997203872,0.3614253999548964,-7583532900.588187,1.727045601749006e-07,0
Histology,otsu,6,1,RM-MDE,1,0.13012510002590716,0.13012510002590716,-7583534210.299128,0.0,1
Histology,otsu,6,1,PSO,1,0.13012510002590716,0.13017120002768934,-7583534210.299128,0.0,1
Histology,otsu,6,1,PSO,2,0.13012510002590716,0.26059110002825037,-7583534210.299128,0.0,1
Histology,otsu,6,1,PSO,3,0.13012510002590716,0.3909097000141628,-7583534210.299128,0.0,1
Histology,otsu,6,1,DE,1,0.13012510002590716,0.1306267000036314,-7583534210.299128,0.0,1
Histology,otsu,6,1,DE,2,0.13012510002590716,0.260726300009992,-7583534210.299128,0.0,1
Histology,otsu,6,1,DE,3,0.13012510002590716,0.39040250005200505,-7583534210.299128,0.0,1
Histology,otsu,6,2,RM-MDE,1,0.12274659995455295,0.12274659995455295,-7583534210.299128,0.0,1
Histology,otsu,6,2,PSO,1,0.12274659995455295,0.12292659998638555,-7583528105.947878,8.049480730771361e-07,0
Histology,otsu,6,2,PSO,2,0.12274659995455295,0.2458498000050895,-7583528105.947878,8.049480730771361e-07,0
Histology,otsu,6,2,PSO,3,0.12274659995455295,0.3685222999774851,-7583528105.947878,8.049480730771361e-07,0
Histology,otsu,6,2,DE,1,0.12274659995455295,0.12323960004141554,-7583534210.299128,0.0,1
Histology,otsu,6,2,DE,2,0.12274659995455295,0.2464308000053279,-7583534210.299128,0.0,1
Histology,otsu,6,2,DE,3,0.12274659995455295,0.3684050000156276,-7583534210.299128,0.0,1
Histology,otsu,6,3,RM-MDE,1,0.13139850000152364,0.13139850000152364,-7583534210.299128,0.0,1
Histology,otsu,6,3,PSO,1,0.13139850000152364,0.1314731999882497,-7583525971.560057,1.0863983523280449e-06,0
Histology,otsu,6,3,PSO,2,0.13139850000152364,0.2633399000042118,-7583534210.299128,0.0,1
Histology,otsu,6,3,PSO,3,0.13139850000152364,0.39476190001005307,-7583534210.299128,0.0,1
Histology,otsu,6,3,DE,1,0.13139850000152364,0.1315844999626279,-7583534210.299128,0.0,1
Histology,otsu,6,3,DE,2,0.13139850000152364,0.2629838999710046,-7583534210.299128,0.0,1
Histology,otsu,6,3,DE,3,0.13139850000152364,0.394270199991297,-7583534210.299128,0.0,1
Histology,otsu,6,4,RM-MDE,1,0.13893499999539927,0.13893499999539927,-7583534210.299128,0.0,1
Histology,otsu,6,4,PSO,1,0.13893499999539927,0.1394529999815859,-7583521239.242543,1.7104236922597835e-06,0
Histology,otsu,6,4,PSO,2,0.13893499999539927,0.2784106999752112,-7583521239.242543,1.7104236922597835e-06,0
Histology,otsu,6,4,PSO,3,0.13893499999539927,0.417104099993594,-7583521239.242543,1.7104236922597835e-06,0
Histology,otsu,6,4,DE,1,0.13893499999539927,0.1396583000314422,-7583457548.049505,1.0109039861418529e-05,0
Histology,otsu,6,4,DE,2,0.13893499999539927,0.2787079000263475,-7583457548.049505,1.0109039861418529e-05,0
Histology,otsu,6,4,DE,3,0.13893499999539927,0.4174722000025213,-7583457548.049505,1.0109039861418529e-05,0
Histology,otsu,6,5,RM-MDE,1,0.11550890002399683,0.11550890002399683,-7583534210.299128,0.0,1
Histology,otsu,6,5,PSO,1,0.11550890002399683,0.11597559996880591,-7583529235.293075,6.560273765514734e-07,0
Histology,otsu,6,5,PSO,2,0.11550890002399683,0.23126939998473972,-7583534210.299128,0.0,1
Histology,otsu,6,5,PSO,3,0.11550890002399683,0.3470396000193432,-7583534210.299128,0.0,1
Histology,otsu,6,5,DE,1,0.11550890002399683,0.11589299998013303,-7583529235.293075,6.560273765514734e-07,0
Histology,otsu,6,5,DE,2,0.11550890002399683,0.23183599999174476,-7583529235.293075,6.560273765514734e-07,0
Histology,otsu,6,5,DE,3,0.11550890002399683,0.34667329996591434,-7583529235.293075,6.560273765514734e-07,0
Histology,otsu,6,6,RM-MDE,1,0.14465269999345765,0.14465269999345765,-7583532900.588187,1.727045601749006e-07,0
Histology,otsu,6,6,PSO,1,0.14465269999345765,0.14518110000062734,-7583532900.588187,1.727045601749006e-07,0
Histology,otsu,6,6,PSO,2,0.14465269999345765,0.28931419999571517,-7583532900.588187,1.727045601749006e-07,0
Histology,otsu,6,6,PSO,3,0.14465269999345765,0.4340550999622792,-7583532900.588187,1.727045601749006e-07,0
Histology,otsu,6,6,DE,1,0.14465269999345765,0.1455714000039734,-7583532900.588187,1.727045601749006e-07,0
Histology,otsu,6,6,DE,2,0.14465269999345765,0.2893622000119649,-7583532900.588187,1.727045601749006e-07,0
Histology,otsu,6,6,DE,3,0.14465269999345765,0.43434109998634085,-7583532900.588187,1.727045601749006e-07,0
Histology,otsu,6,7,RM-MDE,1,0.11897870001848787,0.11897870001848787,-7583534210.299128,0.0,1
Histology,otsu,6,7,PSO,1,0.11897870001848787,0.11958930001128465,-7583532900.588187,1.727045601749006e-07,0
Histology,otsu,6,7,PSO,2,0.11897870001848787,0.2382987000164576,-7583534210.299128,0.0,1
Histology,otsu,6,7,PSO,3,0.11897870001848787,0.3571088000317104,-7583534210.299128,0.0,1
Histology,otsu,6,7,DE,1,0.11897870001848787,0.1196125999558717,-7583532900.588187,1.727045601749006e-07,0
Histology,otsu,6,7,DE,2,0.11897870001848787,0.23798739997437224,-7583532900.588187,1.727045601749006e-07,0
Histology,otsu,6,7,DE,3,0.11897870001848787,0.35741070000221953,-7583532900.588187,1.727045601749006e-07,0
Histology,otsu,6,8,RM-MDE,1,0.11683769995579496,0.11683769995579496,-7583534210.299128,0.0,1
Histology,otsu,6,8,PSO,1,0.11683769995579496,0.11738379998132586,-7583521239.242543,1.7104236922597835e-06,0
Histology,otsu,6,8,PSO,2,0.11683769995579496,0.23407939996104687,-7583521239.242543,1.7104236922597835e-06,0
Histology,otsu,6,8,PSO,3,0.11683769995579496,0.3506927999551408,-7583521239.242543,1.7104236922597835e-06,0
Histology,otsu,6,8,DE,1,0.11683769995579496,0.11717380001209676,-7583521734.793395,1.6450780581425276e-06,0
Histology,otsu,6,8,DE,2,0.11683769995579496,0.2339157999958843,-7583521734.793395,1.6450780581425276e-06,0
Histology,otsu,6,8,DE,3,0.11683769995579496,0.3509990000165999,-7583521734.793395,1.6450780581425276e-06,0
Histology,otsu,6,9,RM-MDE,1,0.1215253000264056,0.1215253000264056,-7583534210.299128,0.0,1
Histology,otsu,6,9,PSO,1,0.1215253000264056,0.1216240000212565,-7583534210.299128,0.0,1
Histology,otsu,6,9,PSO,2,0.1215253000264056,0.2435789000010118,-7583534210.299128,0.0,1
Histology,otsu,6,9,PSO,3,0.1215253000264056,0.36477570002898574,-7583534210.299128,0.0,1
Histology,otsu,6,9,DE,1,0.1215253000264056,0.12167319998843595,-7583521577.974476,1.6657569282884353e-06,0
Histology,otsu,6,9,DE,2,0.1215253000264056,0.2436578000197187,-7583521577.974476,1.6657569282884353e-06,0
Histology,otsu,6,9,DE,3,0.1215253000264056,0.3647957000066526,-7583521577.974476,1.6657569282884353e-06,0
Histology,otsu,7,0,RM-MDE,1,0.11982690001605079,0.11982690001605079,-7586690229.677359,0.0,1
Histology,otsu,7,0,PSO,1,0.11982690001605079,0.12025520001770929,-7586657553.634808,4.3070221086949894e-06,0
Histology,otsu,7,0,PSO,2,0.11982690001605079,0.23965469998074695,-7586688623.816701,2.1166814632950269e-07,0
Histology,otsu,7,0,PSO,3,0.11982690001605079,0.3597990999696776,-7586689659.832498,7.511112801224949e-08,0
Histology,otsu,7,0,DE,1,0.11982690001605079,0.11984330002451316,-7586689659.832498,7.511112801224949e-08,0
Histology,otsu,7,0,DE,2,0.11982690001605079,0.24045929999556392,-7586689659.832498,7.511112801224949e-08,0
Histology,otsu,7,0,DE,3,0.11982690001605079,0.3595235000248067,-7586689659.832498,7.511112801224949e-08,0
Histology,otsu,7,1,RM-MDE,1,0.10957269999198616,0.10957269999198616,-7586690229.677359,0.0,1
Histology,otsu,7,1,PSO,1,0.10957269999198616,0.10963679995620623,-7586690229.677359,0.0,1
Histology,otsu,7,1,PSO,2,0.10957269999198616,0.2194430999807082,-7586690229.677359,0.0,1
Histology,otsu,7,1,PSO,3,0.10957269999198616,0.32902239996474236,-7586690229.677359,0.0,1
Histology,otsu,7,1,DE,1,0.10957269999198616,0.11040109995519742,-7586689659.832498,7.511112801224949e-08,0
Histology,otsu,7,1,DE,2,0.10957269999198616,0.21944649994838983,-7586689659.832498,7.511112801224949e-08,0
Histology,otsu,7,1,DE,3,0.10957269999198616,0.3295405999524519,-7586689659.832498,7.511112801224949e-08,0
Histology,otsu,7,2,RM-MDE,1,0.13587490003556013,0.13587490003556013,-7586690229.677359,0.0,1
Histology,otsu,7,2,PSO,1,0.13587490003556013,0.1365164999733679,-7586686803.46182,4.516087299275806e-07,0
Histology,otsu,7,2,PSO,2,0.13587490003556013,0.27226339996559545,-7586690229.677359,0.0,1
Histology,otsu,7,2,PSO,3,0.13587490003556013,0.40773899998748675,-7586690229.677359,0.0,1
Histology,otsu,7,2,DE,1,0.13587490003556013,0.13673529995139688,-7586689659.832498,7.511112801224949e-08,0
Histology,otsu,7,2,DE,2,0.13587490003556013,0.27271639998070896,-7586689659.832498,7.511112801224949e-08,0
Histology,otsu,7,2,DE,3,0.13587490003556013,0.40777649998199195,-7586689659.832498,7.511112801224949e-08,0
Histology,otsu,7,3,RM-MDE,1,0.1339911000104621,0.1339911000104621,-7586690229.677359,0.0,1
Histology,otsu,7,3,PSO,1,0.1339911000104621,0.13433470000745729,-7586690229.677359,0.0,1
Histology,otsu,7,3,PSO,2,0.1339911000104621,0.26848129997961223,-7586690229.677359,0.0,1
Histology,otsu,7,3,PSO,3,0.1339911000104621,0.40256329998373985,-7586690229.677359,0.0,1
Histology,otsu,7,3,DE,1,0.1339911000104621,0.13476680003805086,-7585957511.196251,9.6579464684282e-05,0
Histology,otsu,7,3,DE,2,0.1339911000104621,0.2681894000270404,-7585957511.196251,9.6579464684282e-05,0
Histology,otsu,7,3,DE,3,0.1339911000104621,0.4019861000124365,-7585957511.196251,9.6579464684282e-05,0
Histology,otsu,7,4,RM-MDE,1,0.13565279997419566,0.13565279997419566,-7586690229.677359,0.0,1
Histology,otsu,7,4,PSO,1,0.13565279997419566,0.13569660001667216,-7586690229.677359,0.0,1
Histology,otsu,7,4,PSO,2,0.13565279997419566,0.27185950003331527,-7586690229.677359,0.0,1
Histology,otsu,7,4,PSO,3,0.13565279997419566,0.40718909999122843,-7586690229.677359,0.0,1
Histology,otsu,7,4,DE,1,0.13565279997419566,0.13591259997338057,-7586689659.832498,7.511112801224949e-08,0
Histology,otsu,7,4,DE,2,0.13565279997419566,0.2715639999951236,-7586689659.832498,7.511112801224949e-08,0
Histology,otsu,7,4,DE,3,0.13565279997419566,0.4075023999903351,-7586689659.832498,7.511112801224949e-08,0
Histology,otsu,7,5,RM-MDE,1,0.12384980003116652,0.12384980003116652,-7586690229.677359,0.0,1
Histology,otsu,7,5,PSO,1,0.12384980003116652,0.12422759999753907,-7586689659.832498,7.511112801224949e-08,0
Histology,otsu,7,5,PSO,2,0.12384980003116652,0.24830569996265694,-7586689659.832498,7.511112801224949e-08,0
Histology,otsu,7,5,PSO,3,0.12384980003116652,0.37165649997768924,-7586689659.832498,7.511112801224949e-08,0
Histology,otsu,7,5,DE,1,0.12384980003116652,0.12455670000053942,-7586688232.971502,2.631853675154148e-07,0
Histology,otsu,7,5,DE,2,0.12384980003116652,0.24832960002822801,-7586688232.971502,2.631853675154148e-07,0
Histology,otsu,7,5,DE,3,0.12384980003116652,0.37158080004155636,-7586688232.971502,2.631853675154148e-07,0
Histology,otsu,7,6,RM-MDE,1,0.14079710002988577,0.14079710002988577,-7586690229.677359,0.0,1
Histology,otsu,7,6,PSO,1,0.14079710002988577,0.1409464000025764,-7586674321.546958,2.096847231013699e-06,0
Histology,otsu,7,6,PSO,2,0.14079710002988577,0.28168479999294505,-7586680776.822768,1.2459787211870859e-06,0
Histology,otsu,7,6,PSO,3,0.14079710002988577,0.42247529997257516,-7586680776.822768,1.2459787211870859e-06,0
Histology,otsu,7,6,DE,1,0.14079710002988577,0.1411515999934636,-7586680582.611833,1.2715776226465055e-06,0
Histology,otsu,7,6,DE,2,0.14079710002988577,0.28170609998051077,-7586680582.611833,1.2715776226465055e-06,0
Histology,otsu,7,6,DE,3,0.14079710002988577,0.42257470003096387,-7586680582.611833,1.2715776226465055e-06,0
Histology,otsu,7,7,RM-MDE,1,0.13634679996175691,0.13634679996175691,-7586689659.832498,7.511112801224949e-08,0
Histology,otsu,7,7,PSO,1,0.13634679996175691,0.13675459998194128,-7586689659.832498,7.511112801224949e-08,0
Histology,otsu,7,7,PSO,2,0.13634679996175691,0.27293849998386577,-7586689659.832498,7.511112801224949e-08,0
Histology,otsu,7,7,PSO,3,0.13634679996175691,0.4096002000151202,-7586689659.832498,7.511112801224949e-08,0
Histology,otsu,7,7,DE,1,0.13634679996175691,0.13672910002060235,-7586672703.040141,2.3101822648513524e-06,0
Histology,otsu,7,7,DE,2,0.13634679996175691,0.272827300010249,-7586672703.040141,2.3101822648513524e-06,0
Histology,otsu,7,7,DE,3,0.13634679996175691,0.4093437999836169,-7586672703.040141,2.3101822648513524e-06,0
Histology,otsu,7,8,RM-MDE,1,0.12920830002985895,0.12920830002985895,-7586690229.677359,0.0,1
Histology,otsu,7,8,PSO,1,0.12920830002985895,0.1296658999635838,-7586689659.832498,7.511112801224949e-08,0
Histology,otsu,7,8,PSO,2,0.12920830002985895,0.25894420000258833,-7586689659.832498,7.511112801224949e-08,0
Histology,otsu,7,8,PSO,3,0.12920830002985895,0.3881883999565616,-7586689659.832498,7.511112801224949e-08,0
Histology,otsu,7,8,DE,1,0.12920830002985895,0.13020189997041598,-7586602877.60807,1.1513857379671693e-05,0
Histology,otsu,7,8,DE,2,0.12920830002985895,0.2592920999741182,-7586602877.60807,1.1513857379671693e-05,0
Histology,otsu,7,8,DE,3,0.12920830002985895,0.38798190001398325,-7586602877.60807,1.1513857379671693e-05,0
Histology,otsu,7,9,RM-MDE,1,0.1335815999773331,0.1335815999773331,-7586690229.677359,0.0,1
Histology,otsu,7,9,PSO,1,0.1335815999773331,0.13362890004646033,-7586688623.816701,2.1166814632950269e-07,0
Histology,otsu,7,9,PSO,2,0.1335815999773331,0.2672990999999456,-7586690229.677359,0.0,1
Histology,otsu,7,9,PSO,3,0.1335815999773331,0.40100300003541633,-7586690229.677359,0.0,1
Histology,otsu,7,9,DE,1,0.1335815999773331,0.1340848000254482,-7586689659.832498,7.511112801224949e-08,0
Histology,otsu,7,9,DE,2,0.1335815999773331,0.26753670000471175,-7586689659.832498,7.511112801224949e-08,0
Histology,otsu,7,9,DE,3,0.1335815999773331,0.40149870002642274,-7586689659.832498,7.511112801224949e-08,0
Histology,otsu,8,0,RM-MDE,1,0.13562840002123266,0.13562840002123266,-7588917602.357721,0.0,1
Histology,otsu,8,0,PSO,1,0.13562840002123266,0.1361336000263691,-7588874173.498845,5.722668389855212e-06,0
Histology,otsu,8,0,PSO,2,0.13562840002123266,0.2716453000321053,-7588874173.498845,5.722668389855212e-06,0
Histology,otsu,8,0,PSO,3,0.13562840002123266,0.4069123000372201,-7588908627.844536,1.1825814504446459e-06,0
Histology,otsu,8,0,DE,1,0.13562840002123266,0.13637299998663366,-7587729437.096622,0.00015656584026287531,0
Histology,otsu,8,0,DE,2,0.13562840002123266,0.27203009999357164,-7587729437.096622,0.00015656584026287531,0
Histology,otsu,8,0,DE,3,0.13562840002123266,0.40753580001182854,-7587729437.096622,0.00015656584026287531,0
Histology,otsu,8,1,RM-MDE,1,0.15317539998795837,0.15317539998795837,-7588914390.031424,4.232917612337767e-07,0
Histology,otsu,8,1,PSO,1,0.15317539998795837,0.15360469999723136,-7588914390.031424,4.232917612337767e-07,0
Histology,otsu,8,1,PSO,2,0.15317539998795837,0.30675889999838546,-7588914390.031424,4.232917612337767e-07,0
Histology,otsu,8,1,PSO,3,0.15317539998795837,0.46015780000016093,-7588917602.357721,0.0,1
Histology,otsu,8,1,DE,1,0.15317539998795837,0.1536199999973178,-7588733219.7844305,2.4296294010827182e-05,0
Histology,otsu,8,1,DE,2,0.15317539998795837,0.30712780001340434,-7588733219.7844305,2.4296294010827182e-05,0
Histology,otsu,8,1,DE,3,0.15317539998795837,0.46043030003784224,-7588733219.7844305,2.4296294010827182e-05,0
Histology,otsu,8,2,RM-MDE,1,0.11673599999630824,0.11673599999630824,-7588917602.357721,0.0,1
Histology,otsu,8,2,PSO,1,0.11673599999630824,0.11723239999264479,-7588888333.682736,3.8567654201224644e-06,0
Histology,otsu,8,2,PSO,2,0.11673599999630824,0.2336625999887474,-7588908627.844536,1.1825814504446459e-06,0
Histology,otsu,8,2,PSO,3,0.11673599999630824,0.3506465000100434,-7588908627.844536,1.1825814504446459e-06,0
Histology,otsu,8,2,DE,1,0.11673599999630824,0.11686339997686446,-7588898140.431552,2.5645193674719865e-06,0
Histology,otsu,8,2,DE,2,0.11673599999630824,0.23347819998161867,-7588898140.431552,2.5645193674719865e-06,0
Histology,otsu,8,2,DE,3,0.11673599999630824,0.3502532999846153,-7588898140.431552,2.5645193674719865e-06,0
Histology,otsu,8,3,RM-MDE,1,0.11327380000147969,0.11327380000147969,-7588917602.357721,0.0,1
Histology,otsu,8,3,PSO,1,0.11327380000147969,0.11379000003216788,-7586680776.822768,0.00029474895527369826,0
Histology,otsu,8,3,PSO,2,0.11327380000147969,0.22667780000483617,-7586680776.822768,0.00029474895527369826,0
Histology,otsu,8,3,PSO,3,0.11327380000147969,0.3402418000041507,-7586680776.822768,0.00029474895527369826,0
Histology,otsu,8,3,DE,1,0.11327380000147969,0.11409260000800714,-7588091958.719089,0.000108795968265127,0
Histology,otsu,8,3,DE,2,0.11327380000147969,0.2266671999823302,-7588091958.719089,0.000108795968265127,0
Histology,otsu,8,3,DE,3,0.11327380000147969,0.33985570003278553,-7588091958.719089,0.000108795968265127,0
Histology,otsu,8,4,RM-MDE,1,0.14446799998404458,0.14446799998404458,-7588917602.357721,0.0,1
Histology,otsu,8,4,PSO,1,0.14446799998404458,0.14464329998008907,-7588913864.605919,4.925276565505488e-07,0
Histology,otsu,8,4,PSO,2,0.14446799998404458,0.2894257999723777,-7588917602.357721,0.0,1
Histology,otsu,8,4,PSO,3,0.14446799998404458,0.43379290000302717,-7588917602.357721,0.0,1
Histology,otsu,8,4,DE,1,0.14446799998404458,0.14522449998185039,-7588907655.832577,1.3106645329087305e-06,0
Histology,otsu,8,4,DE,2,0.14446799998404458,0.2895105999778025,-7588907655.832577,1.3106645329087305e-06,0
Histology,otsu,8,4,DE,3,0.14446799998404458,0.43383960000937805,-7588907655.832577,1.3106645329087305e-06,0
Histology,otsu,8,5,RM-MDE,1,0.13325249997433275,0.13325249997433275,-7588917602.357721,0.0,1
Histology,otsu,8,5,PSO,1,0.13325249997433275,0.13367110001854599,-7588913502.179869,5.402849348840965e-07,0
Histology,otsu,8,5,PSO,2,0.13325249997433275,0.2666861999896355,-7588913642.297411,5.218214925845894e-07,0
Histology,otsu,8,5,PSO,3,0.13325249997433275,0.4003596000256948,-7588913642.297411,5.218214925845894e-07,0
Histology,otsu,8,5,DE,1,0.13325249997433275,0.1340842000208795,-7588901138.392566,2.169474754935603e-06,0
Histology,otsu,8,5,DE,2,0.13325249997433275,0.2674360999953933,-7588901138.392566,2.169474754935603e-06,0
Histology,otsu,8,5,DE,3,0.13325249997433275,0.4005248000030406,-7588901138.392566,2.169474754935603e-06,0
Histology,otsu,8,6,RM-MDE,1,0.12275390001013875,0.12275390001013875,-7588917602.357721,0.0,1
Histology,otsu,8,6,PSO,1,0.12275390001013875,0.12340299994684756,-7588542992.914582,4.936269739214098e-05,0
Histology,otsu,8,6,PSO,2,0.12275390001013875,0.24571269995067269,-7588838211.043685,1.0461480568942278e-05,0
Histology,otsu,8,6,PSO,3,0.12275390001013875,0.3685858999961056,-7588841169.860854,1.0071593983763094e-05,0
Histology,otsu,8,6,DE,1,0.12275390001013875,0.1235177000053227,-7588917602.357721,0.0,1
Histology,otsu,8,6,DE,2,0.12275390001013875,0.24651510000694543,-7588917602.357721,0.0,1
Histology,otsu,8,6,DE,3,0.12275390001013875,0.36891099996864796,-7588917602.357721,0.0,1
Histology,otsu,8,7,RM-MDE,1,0.14006060000974685,0.14006060000974685,-7588917602.357721,0.0,1
Histology,otsu,8,7,PSO,1,0.14006060000974685,0.14066519995685667,-7588914318.097607,4.3277055922302377e-07,0
Histology,otsu,8,7,PSO,2,0.14006060000974685,0.2801280999556184,-7588917602.357721,0.0,1
Histology,otsu,8,7,PSO,3,0.14006060000974685,0.4203735999763012,-7588917602.357721,0.0,1
Histology,otsu,8,7,DE,1,0.14006060000974685,0.14070069999434054,-7588907491.16576,1.3323628600404241e-06,0
Histology,otsu,8,7,DE,2,0.14006060000974685,0.28023679996840656,-7588907491.16576,1.3323628600404241e-06,0
Histology,otsu,8,7,DE,3,0.14006060000974685,0.420743599999696,-7588907491.16576,1.3323628600404241e-06,0
Histology,otsu,8,8,RM-MDE,1,0.13285680004628375,0.13285680004628375,-7588917602.357721,0.0,1
Histology,otsu,8,8,PSO,1,0.13285680004628375,0.13311509997583926,-7588834463.260836,1.0955330027545896e-05,0
Histology,otsu,8,8,PSO,2,0.13285680004628375,0.26644839998334646,-7588838407.92298,1.0435537568152818e-05,0
Histology,otsu,8,8,PSO,3,0.13285680004628375,0.39871819998370484,-7588838407.92298,1.0435537568152818e-05,0
Histology,otsu,8,8,DE,1,0.13285680004628375,0.13293249998241663,-7588798522.462327,1.5691288485900752e-05,0
Histology,otsu,8,8,DE,2,0.13285680004628375,0.2662861999706365,-7588798522.462327,1.5691288485900752e-05,0
Histology,otsu,8,8,DE,3,0.13285680004628375,0.3987712999805808,-7588798522.462327,1.5691288485900752e-05,0
Histology,otsu,8,9,RM-MDE,1,0.1401113999891095,0.1401113999891095,-7588917602.357721,0.0,1
Histology,otsu,8,9,PSO,1,0.1401113999891095,0.14049730001715943,-7588917602.357721,0.0,1
Histology,otsu,8,9,PSO,2,0.1401113999891095,0.2807304000016302,-7588917602.357721,0.0,1
Histology,otsu,8,9,PSO,3,0.1401113999891095,0.42040450003696606,-7588917602.357721,0.0,1
Histology,otsu,8,9,DE,1,0.1401113999891095,0.14036700001452118,-7588902104.26597,2.042200556543623e-06,0
Histology,otsu,8,9,DE,2,0.1401113999891095,0.2803700999938883,-7588902104.26597,2.042200556543623e-06,0
Histology,otsu,8,9,DE,3,0.1401113999891095,0.42086439998820424,-7588902104.26597,2.042200556543623e-06,0
Histology,kapur,6,0,RM-MDE,1,0.26399940002011135,0.26399940002011135,-23.13103256725914,0.0,1
Histology,kapur,6,0,PSO,1,0.26399940002011135,0.26425549999112263,-23.13103256725914,0.0,1
Histology,kapur,6,0,PSO,2,0.26399940002011135,0.5280083999969065,-23.13103256725914,0.0,1
Histology,kapur,6,0,PSO,3,0.26399940002011135,0.7924715999979526,-23.13103256725914,0.0,1
Histology,kapur,6,0,DE,1,0.26399940002011135,0.2640665999497287,-23.129759187023893,5.505073029249693e-05,0
Histology,kapur,6,0,DE,2,0.26399940002011135,0.528172199963592,-23.129759187023893,5.505073029249693e-05,0
Histology,kapur,6,0,DE,3,0.26399940002011135,0.792513299966231,-23.129759187023893,5.505073029249693e-05,0
Histology,kapur,6,1,RM-MDE,1,0.37923369999043643,0.37923369999043643,-23.13103256725914,0.0,1
Histology,kapur,6,1,PSO,1,0.37923369999043643,0.3799005000037141,-23.13103256725914,0.0,1
Histology,kapur,6,1,PSO,2,0.37923369999043643,0.7588680000044405,-23.13103256725914,0.0,1
Histology,kapur,6,1,PSO,3,0.37923369999043643,1.138979899988044,-23.13103256725914,0.0,1
Histology,kapur,6,1,DE,1,0.37923369999043643,0.38034510001307353,-23.1304454939929,2.538033114309478e-05,0
Histology,kapur,6,1,DE,2,0.37923369999043643,0.7589404999744147,-23.1304454939929,2.538033114309478e-05,0
Histology,kapur,6,1,DE,3,0.37923369999043643,1.1386385000078008,-23.1304454939929,2.538033114309478e-05,0
Histology,kapur,6,2,RM-MDE,1,0.26807369996095076,0.26807369996095076,-23.13103256725914,0.0,1
Histology,kapur,6,2,PSO,1,0.26807369996095076,0.2685074999462813,-23.1304454939929,2.538033114309478e-05,0
Histology,kapur,6,2,PSO,2,0.26807369996095076,0.5365438999724574,-23.1304454939929,2.538033114309478e-05,0
Histology,kapur,6,2,PSO,3,0.26807369996095076,0.8043454999569803,-23.1304454939929,2.538033114309478e-05,0
Histology,kapur,6,2,DE,1,0.26807369996095076,0.2684805000317283,-23.1304454939929,2.538033114309478e-05,0
Histology,kapur,6,2,DE,2,0.26807369996095076,0.5370232000132091,-23.1304454939929,2.538033114309478e-05,0
Histology,kapur,6,2,DE,3,0.26807369996095076,0.8050225999904796,-23.1304454939929,2.538033114309478e-05,0
Histology,kapur,6,3,RM-MDE,1,0.30655750003643334,0.30655750003643334,-23.1304454939929,2.538033114309478e-05,0
Histology,kapur,6,3,PSO,1,0.30655750003643334,0.3070339999976568,-23.1304454939929,2.538033114309478e-05,0
Histology,kapur,6,3,PSO,2,0.30655750003643334,0.6132140000117943,-23.1304454939929,2.538033114309478e-05,0
Histology,kapur,6,3,PSO,3,0.30655750003643334,0.920001599995885,-23.1304454939929,2.538033114309478e-05,0
Histology,kapur,6,3,DE,1,0.30655750003643334,0.30719930003397167,-23.130316466139234,3.0958458850624316e-05,0
Histology,kapur,6,3,DE,2,0.30655750003643334,0.6135123000130989,-23.130316466139234,3.0958458850624316e-05,0
Histology,kapur,6,3,DE,3,0.30655750003643334,0.920051000022795,-23.130316466139234,3.0958458850624316e-05,0
Histology,kapur,6,4,RM-MDE,1,0.31431759998667985,0.31431759998667985,-23.13103256725914,0.0,1
Histology,kapur,6,4,PSO,1,0.31431759998667985,0.31439670000690967,-23.13103256725914,0.0,1
Histology,kapur,6,4,PSO,2,0.31431759998667985,0.6287889000377618,-23.13103256725914,0.0,1
Histology,kapur,6,4,PSO,3,0.31431759998667985,0.9434252000064589,-23.13103256725914,0.0,1
Histology,kapur,6,4,DE,1,0.31431759998667985,0.3153955999878235,-23.127986119445428,0.0001317039265261664,0
Histology,kapur,6,4,DE,2,0.31431759998667985,0.6286748999846168,-23.127986119445428,0.0001317039265261664,0
Histology,kapur,6,4,DE,3,0.31431759998667985,0.9436641000211239,-23.127986119445428,0.0001317039265261664,0
Histology,kapur,6,5,RM-MDE,1,0.2895412999787368,0.2895412999787368,-23.13103256725914,0.0,1
Histology,kapur,6,5,PSO,1,0.2895412999787368,0.2895530999521725,-23.130300714138997,3.1639448780136086e-05,0
Histology,kapur,6,5,PSO,2,0.2895412999787368,0.5793990999809466,-23.130300714138997,3.1639448780136086e-05,0
Histology,kapur,6,5,PSO,3,0.2895412999787368,0.8694646999938414,-23.130300714138997,3.1639448780136086e-05,0
Histology,kapur,6,5,DE,1,0.2895412999787368,0.29016729997238144,-23.130300714138997,3.1639448780136086e-05,0
Histology,kapur,6,5,DE,2,0.2895412999787368,0.5791724000009708,-23.130300714138997,3.1639448780136086e-05,0
Histology,kapur,6,5,DE,3,0.2895412999787368,0.8692314999643713,-23.130300714138997,3.1639448780136086e-05,0
Histology,kapur,6,6,RM-MDE,1,0.28154220001306385,0.28154220001306385,-23.13103256725914,0.0,1
Histology,kapur,6,6,PSO,1,0.28154220001306385,0.2817446999833919,-23.127528592231748,0.00015148372720516254,0
Histology,kapur,6,6,PSO,2,0.28154220001306385,0.5635443999781273,-23.127528592231748,0.00015148372720516254,0
Histology,kapur,6,6,PSO,3,0.28154220001306385,0.8448429999989457,-23.1304454939929,2.538033114309478e-05,0
Histology,kapur,6,6,DE,1,0.28154220001306385,0.2818527999916114,-23.1304454939929,2.538033114309478e-05,0
Histology,kapur,6,6,DE,2,0.28154220001306385,0.5631491999956779,-23.1304454939929,2.538033114309478e-05,0
Histology,kapur,6,6,DE,3,0.28154220001306385,0.845716799958609,-23.1304454939929,2.538033114309478e-05,0
Histology,kapur,6,7,RM-MDE,1,0.30068450001999736,0.30068450001999736,-23.13103256725914,0.0,1
Histology,kapur,6,7,PSO,1,0.30068450001999736,0.3009033999987878,-23.13103256725914,0.0,1
Histology,kapur,6,7,PSO,2,0.30068450001999736,0.6016123000299558,-23.13103256725914,0.0,1
Histology,kapur,6,7,PSO,3,0.30068450001999736,0.9023318000254221,-23.13103256725914,0.0,1
Histology,kapur,6,7,DE,1,0.30068450001999736,0.30126579996431246,-23.127999372265485,0.00013113098106777243,0
Histology,kapur,6,7,DE,2,0.30068450001999736,0.6018201999831945,-23.127999372265485,0.00013113098106777243,0
Histology,kapur,6,7,DE,3,0.30068450001999736,0.9032578999758698,-23.127999372265485,0.00013113098106777243,0
Histology,kapur,6,8,RM-MDE,1,0.2846404999727383,0.2846404999727383,-23.13103256725914,0.0,1
Histology,kapur,6,8,PSO,1,0.2846404999727383,0.285137599974405,-23.13103256725914,0.0,1
Histology,kapur,6,8,PSO,2,0.2846404999727383,0.5695460999850184,-23.13103256725914,0.0,1
Histology,kapur,6,8,PSO,3,0.2846404999727383,0.8546157999662682,-23.13103256725914,0.0,1
Histology,kapur,6,8,DE,1,0.2846404999727383,0.28557950002141297,-23.13103256725914,0.0,1
Histology,kapur,6,8,DE,2,0.2846404999727383,0.5699291999917477,-23.13103256725914,0.0,1
Histology,kapur,6,8,DE,3,0.2846404999727383,0.8544453000067733,-23.13103256725914,0.0,1
Histology,kapur,6,9,RM-MDE,1,0.3276528000133112,0.3276528000133112,-23.13103256725914,0.0,1
Histology,kapur,6,9,PSO,1,0.3276528000133112,0.32826700003352016,-23.13103256725914,0.0,1
Histology,kapur,6,9,PSO,2,0.3276528000133112,0.6555888000293635,-23.13103256725914,0.0,1
Histology,kapur,6,9,PSO,3,0.3276528000133112,0.9829879000317305,-23.13103256725914,0.0,1
Histology,kapur,6,9,DE,1,0.3276528000133112,0.3285399000160396,-23.13103256725914,0.0,1
Histology,kapur,6,9,DE,2,0.3276528000133112,0.6556042999727651,-23.13103256725914,0.0,1
Histology,kapur,6,9,DE,3,0.3276528000133112,0.9840403000125661,-23.13103256725914,0.0,1
Histology,kapur,7,0,RM-MDE,1,0.27203589997952804,0.27203589997952804,-25.435300603095893,0.0,1
Histology,kapur,7,0,PSO,1,0.27203589997952804,0.2727045999490656,-25.4170831290933,0.0007162279812166318,0
Histology,kapur,7,0,PSO,2,0.27203589997952804,0.5447092999820597,-25.4170831290933,0.0007162279812166318,0
Histology,kapur,7,0,PSO,3,0.27203589997952804,0.8168138999608345,-25.4170831290933,0.0007162279812166318,0
Histology,kapur,7,0,DE,1,0.27203589997952804,0.27236589998938143,-25.414295255185813,0.0008258344667459257,0
Histology,kapur,7,0,DE,2,0.27203589997952804,0.5445074000163004,-25.414295255185813,0.0008258344667459257,0
Histology,kapur,7,0,DE,3,0.27203589997952804,0.8167797999922186,-25.414295255185813,0.0008258344667459257,0
Histology,kapur,7,1,RM-MDE,1,0.28241090005030856,0.28241090005030856,-25.435300603095893,0.0,1
Histology,kapur,7,1,PSO,1,0.28241090005030856,0.2828361000283621,-25.431816180244855,0.0001369916127751167,0
Histology,kapur,7,1,PSO,2,0.28241090005030856,0.5652514999965206,-25.4337766305268,5.991565002015518e-05,0
Histology,kapur,7,1,PSO,3,0.28241090005030856,0.8478292999789119,-25.4337766305268,5.991565002015518e-05,0
Histology,kapur,7,1,DE,1,0.28241090005030856,0.2832912000012584,-25.43432199765222,3.847430226771817e-05,0
Histology,kapur,7,1,DE,2,0.28241090005030856,0.5659891999675892,-25.43432199765222,3.847430226771817e-05,0
Histology,kapur,7,1,DE,3,0.28241090005030856,0.8481657999800518,-25.43432199765222,3.847430226771817e-05,0
Histology,kapur,7,2,RM-MDE,1,0.19726360001368448,0.19726360001368448,-25.435300603095893,0.0,1
Histology,kapur,7,2,PSO,1,0.19726360001368448,0.19773169996915385,-25.433811032133615,5.8563135758515386e-05,0
Histology,kapur,7,2,PSO,2,0.19726360001368448,0.3951193999964744,-25.433811032133615,5.8563135758515386e-05,0
Histology,kapur,7,2,PSO,3,0.19726360001368448,0.5920700000133365,-25.435300603095893,0.0,1
Histology,kapur,7,2,DE,1,0.19726360001368448,0.19793380005285144,-25.4170831290933,0.0007162279812166318,0
Histology,kapur,7,2,DE,2,0.19726360001368448,0.3948536000098102,-25.4170831290933,0.0007162279812166318,0
Histology,kapur,7,2,DE,3,0.19726360001368448,0.5930274000274949,-25.4170831290933,0.0007162279812166318,0
Histology,kapur,7,3,RM-MDE,1,0.3095489999977872,0.3095489999977872,-25.435300603095893,0.0,1
Histology,kapur,7,3,PSO,1,0.3095489999977872,0.3097475999966264,-25.426749754583827,0.00033618035994529503,0
Histology,kapur,7,3,PSO,2,0.3095489999977872,0.6195852999808267,-25.426749754583827,0.00033618035994529503,0
Histology,kapur,7,3,PSO,3,0.3095489999977872,0.9290876999730244,-25.426749754583827,0.00033618035994529503,0
Histology,kapur,7,3,DE,1,0.3095489999977872,0.30970550002530217,-25.43408341017122,4.7854473735839605e-05,0
Histology,kapur,7,3,DE,2,0.3095489999977872,0.6200849000015296,-25.43408341017122,4.7854473735839605e-05,0
Histology,kapur,7,3,DE,3,0.3095489999977872,0.9289488000213169,-25.43408341017122,4.7854473735839605e-05,0
Histology,kapur,7,4,RM-MDE,1,0.3437322999816388,0.3437322999816388,-25.4170831290933,0.0007162279812166318,0
Histology,kapur,7,4,PSO,1,0.3437322999816388,0.3444395000115037,-25.435300603095893,0.0,1
Histology,kapur,7,4,PSO,2,0.3437322999816388,0.688155599986203,-25.435300603095893,0.0,1
Histology,kapur,7,4,PSO,3,0.3437322999816388,1.032033599971328,-25.435300603095893,0.0,1
Histology,kapur,7,4,DE,1,0.3437322999816388,0.34470499999588355,-25.432923771487978,9.344617722448342e-05,0
Histology,kapur,7,4,DE,2,0.3437322999816388,0.6881226999685168,-25.432923771487978,9.344617722448342e-05,0
Histology,kapur,7,4,DE,3,0.3437322999816388,1.0319733999785967,-25.432923771487978,9.344617722448342e-05,0
Histology,kapur,7,5,RM-MDE,1,0.21795189997646958,0.21795189997646958,-25.435300603095893,0.0,1
Histology,kapur,7,5,PSO,1,0.21795189997646958,0.2180301999906078,-25.434567361880937,2.8827699990564868e-05,0
Histology,kapur,7,5,PSO,2,0.21795189997646958,0.4376577999792062,-25.434567361880937,2.8827699990564868e-05,0
Histology,kapur,7,5,PSO,3,0.21795189997646958,0.654316000000108,-25.434567361880937,2.8827699990564868e-05,0
Histology,kapur,7,5,DE,1,0.21795189997646958,0.21861379995243624,-25.433939976095207,5.349364734932422e-05,0
Histology,kapur,7,5,DE,2,0.21795189997646958,0.43595339998137206,-25.433939976095207,5.349364734932422e-05,0
Histology,kapur,7,5,DE,3,0.21795189997646958,0.654549999977462,-25.433939976095207,5.349364734932422e-05,0
Histology,kapur,7,6,RM-MDE,1,0.2373051000176929,0.2373051000176929,-25.435300603095893,0.0,1
Histology,kapur,7,6,PSO,1,0.2373051000176929,0.2376774000003934,-25.42577581230782,0.00037447132773082607,0
Histology,kapur,7,6,PSO,2,0.2373051000176929,0.47486130002653226,-25.43109639980974,0.0001652900963019114,0
Histology,kapur,7,6,PSO,3,0.2373051000176929,0.7120483000180684,-25.4337766305268,5.991565002015518e-05,0
Histology,kapur,7,6,DE,1,0.2373051000176929,0.23776980000548065,-25.41412543130481,0.0008325111671180653,0
Histology,kapur,7,6,DE,2,0.2373051000176929,0.47546809999039397,-25.41412543130481,0.0008325111671180653,0
Histology,kapur,7,6,DE,3,0.2373051000176929,0.7129434999660589,-25.41412543130481,0.0008325111671180653,0
Histology,kapur,7,7,RM-MDE,1,0.27780949999578297,0.27780949999578297,-25.435300603095893,0.0,1
Histology,kapur,7,7,PSO,1,0.27780949999578297,0.27781339996727183,-25.4170831290933,0.0007162279812166318,0
Histology,kapur,7,7,PSO,2,0.27780949999578297,0.556083099974785,-25.4170831290933,0.0007162279812166318,0
Histology,kapur,7,7,PSO,3,0.27780949999578297,0.8341954999486916,-25.4170831290933,0.0007162279812166318,0
Histology,kapur,7,7,DE,1,0.27780949999578297,0.27800499997101724,-25.43432199765222,3.847430226771817e-05,0
Histology,kapur,7,7,DE,2,0.27780949999578297,0.556981600006111,-25.43432199765222,3.847430226771817e-05,0
Histology,kapur,7,7,DE,3,0.27780949999578297,0.8345063999877311,-25.43432199765222,3.847430226771817e-05,0
Histology,kapur,7,8,RM-MDE,1,0.2634031000197865,0.2634031000197865,-25.435300603095893,0.0,1
Histology,kapur,7,8,PSO,1,0.2634031000197865,0.26408120000269264,-25.433811032133615,5.8563135758515386e-05,0
Histology,kapur,7,8,PSO,2,0.2634031000197865,0.5269647000241093,-25.433811032133615,5.8563135758515386e-05,0
Histology,kapur,7,8,PSO,3,0.2634031000197865,0.7905744999879971,-25.433811032133615,5.8563135758515386e-05,0
Histology,kapur,7,8,DE,1,0.2634031000197865,0.2636400999617763,-25.433596937385616,6.698036468536062e-05,0
Histology,kapur,7,8,DE,2,0.2634031000197865,0.5273183999815956,-25.433596937385616,6.698036468536062e-05,0
Histology,kapur,7,8,DE,3,0.2634031000197865,0.7909730999963358,-25.433596937385616,6.698036468536062e-05,0
Histology,kapur,7,9,RM-MDE,1,0.22296310000820085,0.22296310000820085,-25.435300603095893,0.0,1
Histology,kapur,7,9,PSO,1,0.22296310000820085,0.2231177000212483,-25.416125636055718,0.0007538722399782296,0
Histology,kapur,7,9,PSO,2,0.22296310000820085,0.44654370000353083,-25.4170831290933,0.0007162279812166318,0
Histology,kapur,7,9,PSO,3,0.22296310000820085,0.6695101999794133,-25.433939976095207,5.349364734932422e-05,0
Histology,kapur,7,9,DE,1,0.22296310000820085,0.22391620004782453,-25.433939976095207,5.349364734932422e-05,0
Histology,kapur,7,9,DE,2,0.22296310000820085,0.4461045000352897,-25.433939976095207,5.349364734932422e-05,0
Histology,kapur,7,9,DE,3,0.22296310000820085,0.6690188000211492,-25.433939976095207,5.349364734932422e-05,0
Histology,kapur,8,0,RM-MDE,1,0.30409879999933764,0.30409879999933764,-27.70867575636882,0.0,1
Histology,kapur,8,0,PSO,1,0.30409879999933764,0.30453949997900054,-27.706495844167087,7.867255082486923e-05,0
Histology,kapur,8,0,PSO,2,0.30409879999933764,0.6087316999910399,-27.706495844167087,7.867255082486923e-05,0
Histology,kapur,8,0,PSO,3,0.30409879999933764,0.912633600004483,-27.706495844167087,7.867255082486923e-05,0
Histology,kapur,8,0,DE,1,0.30409879999933764,0.3043134000035934,-27.704375898446784,0.00015518092455381685,0
Histology,kapur,8,0,DE,2,0.30409879999933764,0.6082624000264332,-27.704375898446784,0.00015518092455381685,0
Histology,kapur,8,0,DE,3,0.30409879999933764,0.9135492999921553,-27.704375898446784,0.00015518092455381685,0
Histology,kapur,8,1,RM-MDE,1,0.23944839998148382,0.23944839998148382,-27.70867575636882,0.0,1
Histology,kapur,8,1,PSO,1,0.23944839998148382,0.23946640000212938,-27.692715882821453,0.0005759883181605362,0
Histology,kapur,8,1,PSO,2,0.23944839998148382,0.4792423999751918,-27.692715882821453,0.0005759883181605362,0
Histology,kapur,8,1,PSO,3,0.23944839998148382,0.7185825000051409,-27.692715882821453,0.0005759883181605362,0
Histology,kapur,8,1,DE,1,0.23944839998148382,0.23985890002222732,-27.70867575636882,0.0,1
Histology,kapur,8,1,DE,2,0.23944839998148382,0.4801322999992408,-27.70867575636882,0.0,1
Histology,kapur,8,1,DE,3,0.23944839998148382,0.719707100011874,-27.70867575636882,0.0,1
Histology,kapur,8,2,RM-MDE,1,0.2509260000078939,0.2509260000078939,-27.70867575636882,0.0,1
Histology,kapur,8,2,PSO,1,0.2509260000078939,0.2511977000394836,-27.70851028648081,5.971771782425111e-06,0
Histology,kapur,8,2,PSO,2,0.2509260000078939,0.5019702999852598,-27.70867575636882,0.0,1
Histology,kapur,8,2,PSO,3,0.2509260000078939,0.7535417000181042,-27.70867575636882,0.0,1
Histology,kapur,8,2,DE,1,0.2509260000078939,0.25160640000831336,-27.70867575636882,0.0,1
Histology,kapur,8,2,DE,2,0.2509260000078939,0.5028493999852799,-27.70867575636882,0.0,1
Histology,kapur,8,2,DE,3,0.2509260000078939,0.7530916999676265,-27.70867575636882,0.0,1
Histology,kapur,8,3,RM-MDE,1,0.32874959998298436,0.32874959998298436,-27.70867575636882,0.0,1
Histology,kapur,8,3,PSO,1,0.32874959998298436,0.3293505000183359,-27.622291057326926,0.0031176047459445274,0
Histology,kapur,8,3,PSO,2,0.32874959998298436,0.6576910000294447,-27.622291057326926,0.0031176047459445274,0
Histology,kapur,8,3,PSO,3,0.32874959998298436,0.9869079000200145,-27.622291057326926,0.0031176047459445274,0
Histology,kapur,8,3,DE,1,0.32874959998298436,0.32932949997484684,-27.618846512888027,0.003241917595435632,0
Histology,kapur,8,3,DE,2,0.32874959998298436,0.6580552000086755,-27.618846512888027,0.003241917595435632,0
Histology,kapur,8,3,DE,3,0.32874959998298436,0.9869124999968335,-27.618846512888027,0.003241917595435632,0
Histology,kapur,8,4,RM-MDE,1,0.2916006000014022,0.2916006000014022,-27.70867575636882,0.0,1
Histology,kapur,8,4,PSO,1,0.2916006000014022,0.2923226000275463,-27.678677567775125,0.0010826280136032609,0
Histology,kapur,8,4,PSO,2,0.2916006000014022,0.5833082000026479,-27.701238010345598,0.000268426614415587,0
Histology,kapur,8,4,PSO,3,0.2916006000014022,0.8750831999932416,-27.70867575636882,0.0,1
Histology,kapur,8,4,DE,1,0.2916006000014022,0.2921457000193186,-27.704895214802967,0.00013643891173628343,0
Histology,kapur,8,4,DE,2,0.2916006000014022,0.5840665000141598,-27.704895214802967,0.00013643891173628343,0
Histology,kapur,8,4,DE,3,0.2916006000014022,0.8757149000302888,-27.704895214802967,0.00013643891173628343,0
Histology,kapur,8,5,RM-MDE,1,0.23757429997203872,0.23757429997203872,-27.70867575636882,0.0,1
Histology,kapur,8,5,PSO,1,0.23757429997203872,0.23757759999716654,-27.70850308554104,6.23165211135593e-06,0
Histology,kapur,8,5,PSO,2,0.23757429997203872,0.4754911999916658,-27.70867575636882,0.0,1
Histology,kapur,8,5,PSO,3,0.23757429997203872,0.712914899981115,-27.70867575636882,0.0,1
Histology,kapur,8,5,DE,1,0.23757429997203872,0.23857290000887588,-27.70867575636882,0.0,1
Histology,kapur,8,5,DE,2,0.23757429997203872,0.4760977000114508,-27.70867575636882,0.0,1
Histology,kapur,8,5,DE,3,0.23757429997203872,0.713465399981942,-27.70867575636882,0.0,1
Histology,kapur,8,6,RM-MDE,1,0.266890799975954,0.266890799975954,-27.70867575636882,0.0,1
Histology,kapur,8,6,PSO,1,0.266890799975954,0.26757480000378564,-27.70562806132481,0.00010999064231028281,0
Histology,kapur,8,6,PSO,2,0.266890799975954,0.534511600038968,-27.70562806132481,0.00010999064231028281,0
Histology,kapur,8,6,PSO,3,0.266890799975954,0.8006815999979153,-27.70562806132481,0.00010999064231028281,0
Histology,kapur,8,6,DE,1,0.266890799975954,0.26738870004191995,-27.622866184276315,0.0030968485411209524,0
Histology,kapur,8,6,DE,2,0.266890799975954,0.5339361000224017,-27.622866184276315,0.0030968485411209524,0
Histology,kapur,8,6,DE,3,0.266890799975954,0.8015499000321142,-27.622866184276315,0.0030968485411209524,0
Histology,kapur,8,7,RM-MDE,1,0.31784289999632165,0.31784289999632165,-27.70867575636882,0.0,1
Histology,kapur,8,7,PSO,1,0.31784289999632165,0.31856169999809936,-27.70821823508536,1.6511842264888668e-05,0
Histology,kapur,8,7,PSO,2,0.31784289999632165,0.6360055000404827,-27.70821823508536,1.6511842264888668e-05,0
Histology,kapur,8,7,PSO,3,0.31784289999632165,0.9540524000185542,-27.70821823508536,1.6511842264888668e-05,0
Histology,kapur,8,7,DE,1,0.31784289999632165,0.31886040000244975,-27.689918531854417,0.0006769440979181837,0
Histology,kapur,8,7,DE,2,0.31784289999632165,0.6359648999641649,-27.689918531854417,0.0006769440979181837,0
Histology,kapur,8,7,DE,3,0.31784289999632165,0.9539959999965504,-27.689918531854417,0.0006769440979181837,0
Histology,kapur,8,8,RM-MDE,1,0.3150531999999657,0.3150531999999657,-27.70867575636882,0.0,1
Histology,kapur,8,8,PSO,1,0.3150531999999657,0.31564799998886883,-27.64613596091108,0.0022570474319171785,0
Histology,kapur,8,8,PSO,2,0.3150531999999657,0.6309650000184774,-27.64613596091108,0.0022570474319171785,0
Histology,kapur,8,8,PSO,3,0.3150531999999657,0.9457567000063136,-27.64613596091108,0.0022570474319171785,0
Histology,kapur,8,8,DE,1,0.3150531999999657,0.31599749997258186,-27.70867575636882,0.0,1
Histology,kapur,8,8,DE,2,0.3150531999999657,0.6305429000058211,-27.70867575636882,0.0,1
Histology,kapur,8,8,DE,3,0.3150531999999657,0.9455047000083141,-27.70867575636882,0.0,1
Histology,kapur,8,9,RM-MDE,1,0.3058720999979414,0.3058720999979414,-27.70867575636882,0.0,1
Histology,kapur,8,9,PSO,1,0.3058720999979414,0.30588990001706406,-27.705105355260862,0.00012885498893380756,0
Histology,kapur,8,9,PSO,2,0.3058720999979414,0.6127172000124119,-27.70867575636882,0.0,1
Histology,kapur,8,9,PSO,3,0.3058720999979414,0.9184474999783561,-27.70867575636882,0.0,1
Histology,kapur,8,9,DE,1,0.3058720999979414,0.30641830002423376,-27.6227332816057,0.0031016449692066197,0
Histology,kapur,8,9,DE,2,0.3058720999979414,0.6127696000039577,-27.6227332816057,0.0031016449692066197,0
Histology,kapur,8,9,DE,3,0.3058720999979414,0.9186835999717005,-27.6227332816057,0.0031016449692066197,0
Histology,mcet,6,0,RM-MDE,1,0.2433790999930352,0.2433790999930352,-220062384.78685242,6.388360130957405e-09,1
Histology,mcet,6,0,PSO,1,0.2433790999930352,0.24374250002438203,-220062386.1926902,0.0,1
Histology,mcet,6,0,PSO,2,0.2433790999930352,0.48727089999010786,-220062386.1926902,0.0,1
Histology,mcet,6,0,PSO,3,0.2433790999930352,0.7305648000328802,-220062386.1926902,0.0,1
Histology,mcet,6,0,DE,1,0.2433790999930352,0.24442949995864183,-220062386.1926902,0.0,1
Histology,mcet,6,0,DE,2,0.2433790999930352,0.4868323999689892,-220062386.1926902,0.0,1
Histology,mcet,6,0,DE,3,0.2433790999930352,0.7308861999772489,-220062386.1926902,0.0,1
Histology,mcet,6,1,RM-MDE,1,0.2474627000046894,0.2474627000046894,-220062386.1926902,0.0,1
Histology,mcet,6,1,PSO,1,0.2474627000046894,0.24776910000946373,-220062384.78685242,6.388360130957405e-09,1
Histology,mcet,6,1,PSO,2,0.2474627000046894,0.4951261999667622,-220062384.78685242,6.388360130957405e-09,1
Histology,mcet,6,1,PSO,3,0.2474627000046894,0.743086599977687,-220062384.78685242,6.388360130957405e-09,1
Histology,mcet,6,1,DE,1,0.2474627000046894,0.2480010999715887,-220062384.78685242,6.388360130957405e-09,1
Histology,mcet,6,1,DE,2,0.2474627000046894,0.4950568999629468,-220062384.78685242,6.388360130957405e-09,1
Histology,mcet,6,1,DE,3,0.2474627000046894,0.7434562999987975,-220062384.78685242,6.388360130957405e-09,1
Histology,mcet,6,2,RM-MDE,1,0.21471199998632073,0.21471199998632073,-220062386.1926902,0.0,1
Histology,mcet,6,2,PSO,1,0.21471199998632073,0.21531599998706952,-220062386.1926902,0.0,1
Histology,mcet,6,2,PSO,2,0.21471199998632073,0.42984789999900386,-220062386.1926902,0.0,1
Histology,mcet,6,2,PSO,3,0.21471199998632073,0.6442086999886669,-220062386.1926902,0.0,1
Histology,mcet,6,2,DE,1,0.21471199998632073,0.21517889999086037,-220062377.86320406,3.7850567176776216e-08,0
Histology,mcet,6,2,DE,2,0.21471199998632073,0.4304353999905288,-220062377.86320406,3.7850567176776216e-08,0
Histology,mcet,6,2,DE,3,0.21471199998632073,0.6444224999868311,-220062377.86320406,3.7850567176776216e-08,0
Histology,mcet,6,3,RM-MDE,1,0.2446388999815099,0.2446388999815099,-220062386.1926902,0.0,1
Histology,mcet,6,3,PSO,1,0.2446388999815099,0.24530670000240207,-220062386.1926902,0.0,1
Histology,mcet,6,3,PSO,2,0.2446388999815099,0.48957370000425726,-220062386.1926902,0.0,1
Histology,mcet,6,3,PSO,3,0.2446388999815099,0.7345054000033997,-220062386.1926902,0.0,1
Histology,mcet,6,3,DE,1,0.2446388999815099,0.24542270001256838,-220062329.9454199,2.5559692984893926e-07,0
Histology,mcet,6,3,DE,2,0.2446388999815099,0.4900270999642089,-220062329.9454199,2.5559692984893926e-07,0
Histology,mcet,6,3,DE,3,0.2446388999815099,0.7346076999674551,-220062329.9454199,2.5559692984893926e-07,0
Histology,mcet,6,4,RM-MDE,1,0.20844660000875592,0.20844660000875592,-220062386.1926902,0.0,1
Histology,mcet,6,4,PSO,1,0.20844660000875592,0.20864170003915206,-220062386.1926902,0.0,1
Histology,mcet,6,4,PSO,2,0.20844660000875592,0.4172007000306621,-220062386.1926902,0.0,1
Histology,mcet,6,4,PSO,3,0.20844660000875592,0.6259187000105157,-220062386.1926902,0.0,1
Histology,mcet,6,4,DE,1,0.20844660000875592,0.20946269994601607,-220062384.78685242,6.388360130957405e-09,1
Histology,mcet,6,4,DE,2,0.20844660000875592,0.4177658999687992,-220062384.78685242,6.388360130957405e-09,1
Histology,mcet,6,4,DE,3,0.20844660000875592,0.6261502999695949,-220062384.78685242,6.388360130957405e-09,1
Histology,mcet,6,5,RM-MDE,1,0.2460234999889508,0.2460234999889508,-220062386.1926902,0.0,1
Histology,mcet,6,5,PSO,1,0.2460234999889508,0.2464752999949269,-220062386.1926902,0.0,1
Histology,mcet,6,5,PSO,2,0.2460234999889508,0.49240379995899275,-220062386.1926902,0.0,1
Histology,mcet,6,5,PSO,3,0.2460234999889508,0.7385270999511704,-220062386.1926902,0.0,1
Histology,mcet,6,5,DE,1,0.2460234999889508,0.24644100002478808,-220062386.1926902,0.0,1
Histology,mcet,6,5,DE,2,0.2460234999889508,0.4925576000241563,-220062386.1926902,0.0,1
Histology,mcet,6,5,DE,3,0.2460234999889508,0.7390138999908231,-220062386.1926902,0.0,1
Histology,mcet,6,6,RM-MDE,1,0.24948260001838207,0.24948260001838207,-220062386.1926902,0.0,1
Histology,mcet,6,6,PSO,1,0.24948260001838207,0.24970670003676787,-220062384.78685242,6.388360130957405e-09,1
Histology,mcet,6,6,PSO,2,0.24948260001838207,0.4990277000470087,-220062384.78685242,6.388360130957405e-09,1
Histology,mcet,6,6,PSO,3,0.24948260001838207,0.7488250000169501,-220062384.78685242,6.388360130957405e-09,1
Histology,mcet,6,6,DE,1,0.24948260001838207,0.24990369996521622,-220062384.78685242,6.388360130957405e-09,1
Histology,mcet,6,6,DE,2,0.24948260001838207,0.49936169997090474,-220062384.78685242,6.388360130957405e-09,1
Histology,mcet,6,6,DE,3,0.24948260001838207,0.7495486999978311,-220062384.78685242,6.388360130957405e-09,1
Histology,mcet,6,7,RM-MDE,1,0.22914939996553585,0.22914939996553585,-220062386.1926902,0.0,1
Histology,mcet,6,7,PSO,1,0.22914939996553585,0.22933280002325773,-220062384.78685242,6.388360130957405e-09,1
Histology,mcet,6,7,PSO,2,0.22914939996553585,0.4585277000442147,-220062384.78685242,6.388360130957405e-09,1
Histology,mcet,6,7,PSO,3,0.22914939996553585,0.6880563000449911,-220062384.78685242,6.388360130957405e-09,1
Histology,mcet,6,7,DE,1,0.22914939996553585,0.22978110000258312,-220062384.78685242,6.388360130957405e-09,1
Histology,mcet,6,7,DE,2,0.22914939996553585,0.45883790001971647,-220062384.78685242,6.388360130957405e-09,1
Histology,mcet,6,7,DE,3,0.22914939996553585,0.6879715999821201,-220062384.78685242,6.388360130957405e-09,1
Histology,mcet,6,8,RM-MDE,1,0.2426817999803461,0.2426817999803461,-220062386.1926902,0.0,1
Histology,mcet,6,8,PSO,1,0.2426817999803461,0.24336740002036095,-220062386.1926902,0.0,1
Histology,mcet,6,8,PSO,2,0.2426817999803461,0.4855569999781437,-220062386.1926902,0.0,1
Histology,mcet,6,8,PSO,3,0.2426817999803461,0.7285074000246823,-220062386.1926902,0.0,1
Histology,mcet,6,8,DE,1,0.2426817999803461,0.2430494000436738,-220062377.86320406,3.7850567176776216e-08,0
Histology,mcet,6,8,DE,2,0.2426817999803461,0.48536760004935786,-220062377.86320406,3.7850567176776216e-08,0
Histology,mcet,6,8,DE,3,0.2426817999803461,0.7283671000041068,-220062377.86320406,3.7850567176776216e-08,0
Histology,mcet,6,9,RM-MDE,1,0.21857140003703535,0.21857140003703535,-220062386.1926902,0.0,1
Histology,mcet,6,9,PSO,1,0.21857140003703535,0.21885200001997873,-220062386.1926902,0.0,1
Histology,mcet,6,9,PSO,2,0.21857140003703535,0.4373275000252761,-220062386.1926902,0.0,1
Histology,mcet,6,9,PSO,3,0.21857140003703535,0.6562794999917969,-220062386.1926902,0.0,1
Histology,mcet,6,9,DE,1,0.21857140003703535,0.21942959999432787,-220062377.86320406,3.7850567176776216e-08,0
Histology,mcet,6,9,DE,2,0.21857140003703535,0.43814929999643937,-220062377.86320406,3.7850567176776216e-08,0
Histology,mcet,6,9,DE,3,0.21857140003703535,0.6566209999728017,-220062377.86320406,3.7850567176776216e-08,0
Histology,mcet,7,0,RM-MDE,1,0.2321906000142917,0.2321906000142917,-220073370.7810644,0.0,1
Histology,mcet,7,0,PSO,1,0.2321906000142917,0.23238210001727566,-220073369.90253395,3.991988851702915e-09,1
Histology,mcet,7,0,PSO,2,0.2321906000142917,0.46476379997329786,-220073369.90253395,3.991988851702915e-09,1
Histology,mcet,7,0,PSO,3,0.2321906000142917,0.6965864999801852,-220073370.7810644,0.0,1
Histology,mcet,7,0,DE,1,0.2321906000142917,0.23264070000732318,-220073370.7810644,0.0,1
Histology,mcet,7,0,DE,2,0.2321906000142917,0.46507580002071336,-220073370.7810644,0.0,1
Histology,mcet,7,0,DE,3,0.2321906000142917,0.696798300021328,-220073370.7810644,0.0,1
Histology,mcet,7,1,RM-MDE,1,0.1816973999957554,0.1816973999957554,-220073370.7810644,0.0,1
Histology,mcet,7,1,PSO,1,0.1816973999957554,0.18198329996084794,-220073345.8581426,1.1324823938633456e-07,0
Histology,mcet,7,1,PSO,2,0.1816973999957554,0.3637307999888435,-220073349.33320013,9.745778959139396e-08,0
Histology,mcet,7,1,PSO,3,0.1816973999957554,0.5453648999682628,-220073370.7810644,0.0,1
Histology,mcet,7,1,DE,1,0.1816973999957554,0.18269360001431778,-220073369.90253395,3.991988851702915e-09,1
Histology,mcet,7,1,DE,2,0.1816973999957554,0.36395640001865104,-220073369.90253395,3.991988851702915e-09,1
Histology,mcet,7,1,DE,3,0.1816973999957554,0.5459150000242516,-220073369.90253395,3.991988851702915e-09,1
Histology,mcet,7,2,RM-MDE,1,0.21344859997043386,0.21344859997043386,-220073370.7810644,0.0,1
Histology,mcet,7,2,PSO,1,0.21344859997043386,0.2138035999960266,-220073350.9300928,9.020160644197176e-08,0
Histology,mcet,7,2,PSO,2,0.21344859997043386,0.4274891000241041,-220073350.9300928,9.020160644197176e-08,0
Histology,mcet,7,2,PSO,3,0.21344859997043386,0.6408777000033297,-220073350.9300928,9.020160644197176e-08,0
Histology,mcet,7,2,DE,1,0.21344859997043386,0.21454559999983758,-220073370.7810644,0.0,1
Histology,mcet,7,2,DE,2,0.21344859997043386,0.42783540004165843,-220073370.7810644,0.0,1
Histology,mcet,7,2,DE,3,0.21344859997043386,0.6411424000398256,-220073370.7810644,0.0,1
Histology,mcet,7,3,RM-MDE,1,0.26761949999490753,0.26761949999490753,-220073370.7810644,0.0,1
Histology,mcet,7,3,PSO,1,0.26761949999490753,0.26766150002367795,-220073369.63925344,5.188319466206586e-09,1
Histology,mcet,7,3,PSO,2,0.26761949999490753,0.5353307999903336,-220073370.7810644,0.0,1
Histology,mcet,7,3,PSO,3,0.26761949999490753,0.8029730999842286,-220073370.7810644,0.0,1
Histology,mcet,7,3,DE,1,0.26761949999490753,0.2677543999743648,-220073370.7810644,0.0,1
Histology,mcet,7,3,DE,2,0.26761949999490753,0.5363245999906212,-220073370.7810644,0.0,1
Histology,mcet,7,3,DE,3,0.26761949999490753,0.8038048999733292,-220073370.7810644,0.0,1
Histology,mcet,7,4,RM-MDE,1,0.24710909998975694,0.24710909998975694,-220073370.7810644,0.0,1
Histology,mcet,7,4,PSO,1,0.24710909998975694,0.2474495000205934,-220073253.8250487,5.314410156084325e-07,0
Histology,mcet,7,4,PSO,2,0.24710909998975694,0.4947222000337206,-220073253.8250487,5.314410156084325e-07,0
Histology,mcet,7,4,PSO,3,0.24710909998975694,0.7420831000199541,-220073253.8250487,5.314410156084325e-07,0
Histology,mcet,7,4,DE,1,0.24710909998975694,0.24814909999258816,-220073369.90253395,3.991988851702915e-09,1
Histology,mcet,7,4,DE,2,0.24710909998975694,0.495091000047978,-220073369.90253395,3.991988851702915e-09,1
Histology,mcet,7,4,DE,3,0.24710909998975694,0.7423559000017121,-220073369.90253395,3.991988851702915e-09,1
Histology,mcet,7,5,RM-MDE,1,0.26290490000974387,0.26290490000974387,-220073370.7810644,0.0,1
Histology,mcet,7,5,PSO,1,0.26290490000974387,0.2633693999960087,-220073260.36820906,5.017092932927874e-07,0
Histology,mcet,7,5,PSO,2,0.26290490000974387,0.5263998999726027,-220073369.63925344,5.188319466206586e-09,1
Histology,mcet,7,5,PSO,3,0.26290490000974387,0.7893241999554448,-220073369.90253395,3.991988851702915e-09,1
Histology,mcet,7,5,DE,1,0.26290490000974387,0.26362240000162274,-220073343.22267562,1.252236409694589e-07,0
Histology,mcet,7,5,DE,2,0.26290490000974387,0.5261622999678366,-220073343.22267562,1.252236409694589e-07,0
Histology,mcet,7,5,DE,3,0.26290490000974387,0.7887833999702707,-220073343.22267562,1.252236409694589e-07,0
Histology,mcet,7,6,RM-MDE,1,0.2075928999693133,0.2075928999693133,-220073370.7810644,0.0,1
Histology,mcet,7,6,PSO,1,0.2075928999693133,0.2081344000180252,-220073369.90253395,3.991988851702915e-09,1
Histology,mcet,7,6,PSO,2,0.2075928999693133,0.4155970000429079,-220073369.90253395,3.991988851702915e-09,1
Histology,mcet,7,6,PSO,3,0.2075928999693133,0.6231999000301585,-220073369.90253395,3.991988851702915e-09,1
Histology,mcet,7,6,DE,1,0.2075928999693133,0.20763689995510504,-220073370.7810644,0.0,1
Histology,mcet,7,6,DE,2,0.2075928999693133,0.4156337999738753,-220073370.7810644,0.0,1
Histology,mcet,7,6,DE,3,0.2075928999693133,0.6232255999930203,-220073370.7810644,0.0,1
Histology,mcet,7,7,RM-MDE,1,0.21536469995044172,0.21536469995044172,-220073370.7810644,0.0,1
Histology,mcet,7,7,PSO,1,0.21536469995044172,0.21559769997838885,-220073284.87274957,3.903621529456578e-07,0
Histology,mcet,7,7,PSO,2,0.21536469995044172,0.43110029998933896,-220073304.56344572,3.008888282986092e-07,0
Histology,mcet,7,7,PSO,3,0.21536469995044172,0.6467381999827921,-220073304.56344572,3.008888282986092e-07,0
Histology,mcet,7,7,DE,1,0.21536469995044172,0.21585709997452796,-220073328.16787988,1.936317163699665e-07,0
Histology,mcet,7,7,DE,2,0.21536469995044172,0.4311244999989867,-220073328.16787988,1.936317163699665e-07,0
Histology,mcet,7,7,DE,3,0.21536469995044172,0.6465269000036642,-220073328.16787988,1.936317163699665e-07,0
Histology,mcet,7,8,RM-MDE,1,0.23516409995499998,0.23516409995499998,-220073370.7810644,0.0,1
Histology,mcet,7,8,PSO,1,0.23516409995499998,0.2355905000003986,-220073348.34049487,1.0196858184319445e-07,0
Histology,mcet,7,8,PSO,2,0.23516409995499998,0.4709138000034727,-220073348.34049487,1.0196858184319445e-07,0
Histology,mcet,7,8,PSO,3,0.23516409995499998,0.7056791000068188,-220073370.7810644,0.0,1
Histology,mcet,7,8,DE,1,0.23516409995499998,0.23609989997930825,-220073369.90253395,3.991988851702915e-09,1
Histology,mcet,7,8,DE,2,0.23516409995499998,0.47101859998656437,-220073369.90253395,3.991988851702915e-09,1
Histology,mcet,7,8,DE,3,0.23516409995499998,0.7059831999940798,-220073369.90253395,3.991988851702915e-09,1
Histology,mcet,7,9,RM-MDE,1,0.21688080002786592,0.21688080002786592,-220073370.7810644,0.0,1
Histology,mcet,7,9,PSO,1,0.21688080002786592,0.21700900001451373,-220073370.7810644,0.0,1
Histology,mcet,7,9,PSO,2,0.21688080002786592,0.43414969998411834,-220073370.7810644,0.0,1
Histology,mcet,7,9,PSO,3,0.21688080002786592,0.6512569999904372,-220073370.7810644,0.0,1
Histology,mcet,7,9,DE,1,0.21688080002786592,0.21696990000782534,-220073356.3223787,6.569938763972024e-08,0
Histology,mcet,7,9,DE,2,0.21688080002786592,0.43434330000309274,-220073356.3223787,6.569938763972024e-08,0
Histology,mcet,7,9,DE,3,0.21688080002786592,0.6511078999610618,-220073356.3223787,6.569938763972024e-08,0
Histology,mcet,8,0,RM-MDE,1,0.2015378000214696,0.2015378000214696,-220081234.15263566,0.0,1
Histology,mcet,8,0,PSO,1,0.2015378000214696,0.2019950000103563,-220081198.37017524,1.6258751255687308e-07,0
Histology,mcet,8,0,PSO,2,0.2015378000214696,0.4032373999943957,-220081198.37017524,1.6258751255687308e-07,0
Histology,mcet,8,0,PSO,3,0.2015378000214696,0.6046697000274435,-220081198.37017524,1.6258751255687308e-07,0
Histology,mcet,8,0,DE,1,0.2015378000214696,0.20266840001568198,-220077146.17289174,1.857486741051502e-05,0
Histology,mcet,8,0,DE,2,0.2015378000214696,0.40347970003494993,-220077146.17289174,1.857486741051502e-05,0
Histology,mcet,8,0,DE,3,0.2015378000214696,0.6048308000317775,-220077146.17289174,1.857486741051502e-05,0
Histology,mcet,8,1,RM-MDE,1,0.16777699999511242,0.16777699999511242,-220081234.15263566,0.0,1
Histology,mcet,8,1,PSO,1,0.16777699999511242,0.16832140000769868,-220081198.01796383,1.6418788260715823e-07,0
Histology,mcet,8,1,PSO,2,0.16777699999511242,0.33556750003481284,-220081234.15263566,0.0,1
Histology,mcet,8,1,PSO,3,0.16777699999511242,0.503414300037548,-220081234.15263566,0.0,1
Histology,mcet,8,1,DE,1,0.16777699999511242,0.16872590000275522,-220078722.05796373,1.1414397422874315e-05,0
Histology,mcet,8,1,DE,2,0.16777699999511242,0.3363159999717027,-220078722.05796373,1.1414397422874315e-05,0
Histology,mcet,8,1,DE,3,0.16777699999511242,0.5033411999465898,-220078722.05796373,1.1414397422874315e-05,0
Histology,mcet,8,2,RM-MDE,1,0.22390360001008958,0.22390360001008958,-220081234.15263566,0.0,1
Histology,mcet,8,2,PSO,1,0.22390360001008958,0.22439039999153465,-220081160.1774244,3.361268467414991e-07,0
Histology,mcet,8,2,PSO,2,0.22390360001008958,0.4485780000104569,-220081160.1774244,3.361268467414991e-07,0
Histology,mcet,8,2,PSO,3,0.22390360001008958,0.6718893999932334,-220081160.1774244,3.361268467414991e-07,0
Histology,mcet,8,2,DE,1,0.22390360001008958,0.22448649996658787,-220081234.15263566,0.0,1
Histology,mcet,8,2,DE,2,0.22390360001008958,0.4482461999868974,-220081234.15263566,0.0,1
Histology,mcet,8,2,DE,3,0.22390360001008958,0.6718627999653108,-220081234.15263566,0.0,1
Histology,mcet,8,3,RM-MDE,1,0.19841680000536144,0.19841680000536144,-220081234.15263566,0.0,1
Histology,mcet,8,3,PSO,1,0.19841680000536144,0.19878470001276582,-220081045.4714969,8.573249758452037e-07,0
Histology,mcet,8,3,PSO,2,0.19841680000536144,0.39683720003813505,-220081083.72211763,6.835226938376325e-07,0
Histology,mcet,8,3,PSO,3,0.19841680000536144,0.5958814000478014,-220081083.72211763,6.835226938376325e-07,0
Histology,mcet,8,3,DE,1,0.19841680000536144,0.1998421999742277,-220081214.50924477,8.925518329433137e-08,0
Histology,mcet,8,3,DE,2,0.19841680000536144,0.39762920001521707,-220081214.50924477,8.925518329433137e-08,0
Histology,mcet,8,3,DE,3,0.19841680000536144,0.5953957000165246,-220081214.50924477,8.925518329433137e-08,0
Histology,mcet,8,4,RM-MDE,1,0.27014870004495606,0.27014870004495606,-220081234.15263566,0.0,1
Histology,mcet,8,4,PSO,1,0.27014870004495606,0.2706421999610029,-220081077.23564088,7.129957962316472e-07,0
Histology,mcet,8,4,PSO,2,0.27014870004495606,0.5407941999728791,-220081115.19020176,5.405387440798515e-07,0
Histology,mcet,8,4,PSO,3,0.27014870004495606,0.810602999990806,-220081115.19020176,5.405387440798515e-07,0
Histology,mcet,8,4,DE,1,0.27014870004495606,0.2709950999706052,-220081150.62747383,3.7951969032781227e-07,0
Histology,mcet,8,4,DE,2,0.27014870004495606,0.5405354999820702,-220081150.62747383,3.7951969032781227e-07,0
Histology,mcet,8,4,DE,3,0.27014870004495606,0.8110043000197038,-220081150.62747383,3.7951969032781227e-07,0
Histology,mcet,8,5,RM-MDE,1,0.21220790001098067,0.21220790001098067,-220081234.15263566,0.0,1
Histology,mcet,8,5,PSO,1,0.21220790001098067,0.21229260001564398,-220081150.82282412,3.7863206222041397e-07,0
Histology,mcet,8,5,PSO,2,0.21220790001098067,0.42456730001140386,-220081150.82282412,3.7863206222041397e-07,0
Histology,mcet,8,5,PSO,3,0.21220790001098067,0.6370369999785908,-220081150.82282412,3.7863206222041397e-07,0
Histology,mcet,8,5,DE,1,0.21220790001098067,0.21287330001359805,-220081183.4479863,2.3039060805984933e-07,0
Histology,mcet,8,5,DE,2,0.21220790001098067,0.4250340999569744,-220081183.4479863,2.3039060805984933e-07,0
Histology,mcet,8,5,DE,3,0.21220790001098067,0.6369791000033729,-220081183.4479863,2.3039060805984933e-07,0
Histology,mcet,8,6,RM-MDE,1,0.20600530004594475,0.20600530004594475,-220081219.0117161,6.87969586523384e-08,0
Histology,mcet,8,6,PSO,1,0.20600530004594475,0.206616599985864,-220081192.30872697,1.901293804466136e-07,0
Histology,mcet,8,6,PSO,2,0.20600530004594475,0.41271030000643805,-220081192.30872697,1.901293804466136e-07,0
Histology,mcet,8,6,PSO,3,0.20600530004594475,0.6182512000086717,-220081198.37017524,1.6258751255687308e-07,0
Histology,mcet,8,6,DE,1,0.20600530004594475,0.20675860001938418,-220081207.05777174,1.2311301336402198e-07,0
Histology,mcet,8,6,DE,2,0.20600530004594475,0.4126926999888383,-220081207.05777174,1.2311301336402198e-07,0
Histology,mcet,8,6,DE,3,0.20600530004594475,0.6189607999986038,-220081207.05777174,1.2311301336402198e-07,0
Histology,mcet,8,7,RM-MDE,1,0.19984549999935552,0.19984549999935552,-220081234.15263566,0.0,1
Histology,mcet,8,7,PSO,1,0.19984549999935552,0.1999350000405684,-220081219.0117161,6.87969586523384e-08,0
Histology,mcet,8,7,PSO,2,0.19984549999935552,0.40035000001080334,-220081219.0117161,6.87969586523384e-08,0
Histology,mcet,8,7,PSO,3,0.19984549999935552,0.5999575000023469,-220081219.0117161,6.87969586523384e-08,0
Histology,mcet,8,7,DE,1,0.19984549999935552,0.20044750004308298,-220081150.82282412,3.7863206222041397e-07,0
Histology,mcet,8,7,DE,2,0.19984549999935552,0.3998274999903515,-220081150.82282412,3.7863206222041397e-07,0
Histology,mcet,8,7,DE,3,0.19984549999935552,0.6007396000204608,-220081150.82282412,3.7863206222041397e-07,0
Histology,mcet,8,8,RM-MDE,1,0.19544280000263825,0.19544280000263825,-220081234.15263566,0.0,1
Histology,mcet,8,8,PSO,1,0.19544280000263825,0.1961134999874048,-220081083.35419846,6.851944364477352e-07,0
Histology,mcet,8,8,PSO,2,0.19544280000263825,0.39102530002128333,-220081150.62747383,3.7951969032781227e-07,0
Histology,mcet,8,8,PSO,3,0.19544280000263825,0.5866411000024527,-220081207.82551947,1.1962453906055527e-07,0
Histology,mcet,8,8,DE,1,0.19544280000263825,0.19676850002724677,-220081137.73917806,4.3808122929461434e-07,0
Histology,mcet,8,8,DE,2,0.19544280000263825,0.3910694000078365,-220081137.73917806,4.3808122929461434e-07,0
Histology,mcet,8,8,DE,3,0.19544280000263825,0.5863422999973409,-220081137.73917806,4.3808122929461434e-07,0
Histology,mcet,8,9,RM-MDE,1,0.27165120001882315,0.27165120001882315,-220081234.15263566,0.0,1
Histology,mcet,8,9,PSO,1,0.27165120001882315,0.2717259000055492,-220081198.37017524,1.6258751255687308e-07,0
Histology,mcet,8,9,PSO,2,0.27165120001882315,0.5436780999880284,-220081198.37017524,1.6258751255687308e-07,0
Histology,mcet,8,9,PSO,3,0.27165120001882315,0.8155524000176229,-220081198.37017524,1.6258751255687308e-07,0
Histology,mcet,8,9,DE,1,0.27165120001882315,0.27204140002140775,-220081127.67742807,4.83799575220358e-07,0
Histology,mcet,8,9,DE,2,0.27165120001882315,0.5439451000420377,-220081127.67742807,4.83799575220358e-07,0
Histology,mcet,8,9,DE,3,0.27165120001882315,0.8152704000240192,-220081127.67742807,4.83799575220358e-07,0
